Matrix 1:
1.000000 1.000000 5.000000 0.500000
1.000000 1.000000 0.166667 1.000000
0.200000 6.000000 1.000000 0.125000
2.000000 1.000000 8.000000 1.000000

Matrix 2:
1.000000 0.333333 0.200000 6.000000
3.000000 1.000000 0.250000 5.000000
5.000000 4.000000 1.000000 8.000000
0.166667 0.200000 0.125000 1.000000

Matrix 3:
1.000000 0.333333 0.333333 6.000000
3.000000 1.000000 0.500000 1.000000
3.000000 2.000000 1.000000 6.000000
0.166667 1.000000 0.166667 1.000000

Matrix 4:
1.000000 3.000000 6.000000 0.125000
0.333333 1.000000 2.000000 1.000000
0.166667 0.500000 1.000000 0.111111
8.000000 1.000000 9.000000 1.000000

Matrix 5:
1.000000 0.125000 1.000000 0.111111
8.000000 1.000000 2.000000 8.000000
1.000000 0.500000 1.000000 1.000000
9.000000 0.125000 1.000000 1.000000

Matrix 6:
1.000000 0.125000 2.000000 3.000000
8.000000 1.000000 4.000000 0.333333
0.500000 0.250000 1.000000 0.200000
0.333333 3.000000 5.000000 1.000000

Matrix 7:
1.000000 4.000000 7.000000 9.000000
0.250000 1.000000 0.250000 0.166667
0.142857 4.000000 1.000000 9.000000
0.111111 6.000000 0.111111 1.000000

Matrix 8:
1.000000 0.500000 0.111111 1.000000
2.000000 1.000000 0.500000 9.000000
9.000000 2.000000 1.000000 0.500000
1.000000 0.111111 2.000000 1.000000

Matrix 9:
1.000000 1.000000 8.000000 0.142857
1.000000 1.000000 9.000000 0.125000
0.125000 0.111111 1.000000 0.250000
7.000000 8.000000 4.000000 1.000000

Matrix 10:
1.000000 0.200000 2.000000 1.000000
5.000000 1.000000 4.000000 3.000000
0.500000 0.250000 1.000000 7.000000
1.000000 0.333333 0.142857 1.000000

Matrix 11:
1.000000 0.200000 1.000000 0.125000
5.000000 1.000000 9.000000 3.000000
1.000000 0.111111 1.000000 1.000000
8.000000 0.333333 1.000000 1.000000

Matrix 12:
1.000000 0.333333 0.250000 0.500000
3.000000 1.000000 1.000000 7.000000
4.000000 1.000000 1.000000 0.250000
2.000000 0.142857 4.000000 1.000000

Matrix 13:
1.000000 0.125000 0.500000 0.125000
8.000000 1.000000 1.000000 2.000000
2.000000 1.000000 1.000000 1.000000
8.000000 0.500000 1.000000 1.000000

Matrix 14:
1.000000 2.000000 2.000000 5.000000
0.500000 1.000000 0.166667 0.200000
0.500000 6.000000 1.000000 7.000000
0.200000 5.000000 0.142857 1.000000

Matrix 15:
1.000000 8.000000 0.111111 6.000000
0.125000 1.000000 0.200000 6.000000
9.000000 5.000000 1.000000 4.000000
0.166667 0.166667 0.250000 1.000000

Matrix 16:
1.000000 6.000000 8.000000 8.000000
0.166667 1.000000 5.000000 0.125000
0.125000 0.200000 1.000000 0.166667
0.125000 8.000000 6.000000 1.000000

Matrix 17:
1.000000 0.166667 0.200000 3.000000
6.000000 1.000000 0.200000 1.000000
5.000000 5.000000 1.000000 8.000000
0.333333 1.000000 0.125000 1.000000

Matrix 18:
1.000000 0.200000 0.166667 6.000000
5.000000 1.000000 0.333333 3.000000
6.000000 3.000000 1.000000 1.000000
0.166667 0.333333 1.000000 1.000000

Matrix 19:
1.000000 0.125000 0.125000 0.250000
8.000000 1.000000 2.000000 0.500000
8.000000 0.500000 1.000000 0.333333
4.000000 2.000000 3.000000 1.000000

Matrix 20:
1.000000 5.000000 0.142857 0.500000
0.200000 1.000000 0.250000 0.200000
7.000000 4.000000 1.000000 6.000000
2.000000 5.000000 0.166667 1.000000

Matrix 21:
1.000000 0.333333 5.000000 9.000000
3.000000 1.000000 3.000000 3.000000
0.200000 0.333333 1.000000 7.000000
0.111111 0.333333 0.142857 1.000000

Matrix 22:
1.000000 5.000000 9.000000 3.000000
0.200000 1.000000 0.142857 4.000000
0.111111 7.000000 1.000000 4.000000
0.333333 0.250000 0.250000 1.000000

Matrix 23:
1.000000 0.333333 7.000000 0.111111
3.000000 1.000000 6.000000 6.000000
0.142857 0.166667 1.000000 0.500000
9.000000 0.166667 2.000000 1.000000

Matrix 24:
1.000000 0.166667 2.000000 2.000000
6.000000 1.000000 1.000000 7.000000
0.500000 1.000000 1.000000 0.125000
0.500000 0.142857 8.000000 1.000000

Matrix 25:
1.000000 1.000000 6.000000 8.000000
1.000000 1.000000 2.000000 4.000000
0.166667 0.500000 1.000000 0.166667
0.125000 0.250000 6.000000 1.000000

Matrix 26:
1.000000 2.000000 9.000000 1.000000
0.500000 1.000000 1.000000 0.142857
0.111111 1.000000 1.000000 0.200000
1.000000 7.000000 5.000000 1.000000

Matrix 27:
1.000000 5.000000 1.000000 0.111111
0.200000 1.000000 0.333333 0.250000
1.000000 3.000000 1.000000 3.000000
9.000000 4.000000 0.333333 1.000000

Matrix 28:
1.000000 1.000000 0.500000 0.142857
1.000000 1.000000 0.142857 3.000000
2.000000 7.000000 1.000000 4.000000
7.000000 0.333333 0.250000 1.000000

Matrix 29:
1.000000 0.166667 0.250000 1.000000
6.000000 1.000000 0.333333 0.500000
4.000000 3.000000 1.000000 7.000000
1.000000 2.000000 0.142857 1.000000

Matrix 30:
1.000000 3.000000 0.333333 0.250000
0.333333 1.000000 1.000000 0.250000
3.000000 1.000000 1.000000 0.333333
4.000000 4.000000 3.000000 1.000000

Matrix 31:
1.000000 9.000000 0.142857 0.200000
0.111111 1.000000 0.125000 0.142857
7.000000 8.000000 1.000000 1.000000
5.000000 7.000000 1.000000 1.000000

Matrix 32:
1.000000 3.000000 0.166667 0.111111
0.333333 1.000000 0.166667 0.500000
6.000000 6.000000 1.000000 8.000000
9.000000 2.000000 0.125000 1.000000

Matrix 33:
1.000000 0.125000 6.000000 0.125000
8.000000 1.000000 4.000000 2.000000
0.166667 0.250000 1.000000 0.142857
8.000000 0.500000 7.000000 1.000000

Matrix 34:
1.000000 3.000000 4.000000 0.333333
0.333333 1.000000 0.333333 4.000000
0.250000 3.000000 1.000000 1.000000
3.000000 0.250000 1.000000 1.000000

Matrix 35:
1.000000 1.000000 5.000000 1.000000
1.000000 1.000000 1.000000 3.000000
0.200000 1.000000 1.000000 7.000000
1.000000 0.333333 0.142857 1.000000

Matrix 36:
1.000000 1.000000 6.000000 8.000000
1.000000 1.000000 3.000000 8.000000
0.166667 0.333333 1.000000 7.000000
0.125000 0.125000 0.142857 1.000000

Matrix 37:
1.000000 9.000000 2.000000 0.500000
0.111111 1.000000 0.142857 0.500000
0.500000 7.000000 1.000000 0.500000
2.000000 2.000000 2.000000 1.000000

Matrix 38:
1.000000 7.000000 1.000000 7.000000
0.142857 1.000000 0.250000 0.500000
1.000000 4.000000 1.000000 0.125000
0.142857 2.000000 8.000000 1.000000

Matrix 39:
1.000000 0.142857 3.000000 2.000000
7.000000 1.000000 2.000000 2.000000
0.333333 0.500000 1.000000 0.166667
0.500000 0.500000 6.000000 1.000000

Matrix 40:
1.000000 9.000000 4.000000 0.500000
0.111111 1.000000 1.000000 3.000000
0.250000 1.000000 1.000000 0.125000
2.000000 0.333333 8.000000 1.000000

Matrix 41:
1.000000 0.125000 0.111111 0.111111
8.000000 1.000000 0.125000 9.000000
9.000000 8.000000 1.000000 4.000000
9.000000 0.111111 0.250000 1.000000

Matrix 42:
1.000000 5.000000 0.500000 0.166667
0.200000 1.000000 0.250000 0.142857
2.000000 4.000000 1.000000 2.000000
6.000000 7.000000 0.500000 1.000000

Matrix 43:
1.000000 6.000000 5.000000 9.000000
0.166667 1.000000 3.000000 7.000000
0.200000 0.333333 1.000000 0.142857
0.111111 0.142857 7.000000 1.000000

Matrix 44:
1.000000 2.000000 3.000000 7.000000
0.500000 1.000000 1.000000 1.000000
0.333333 1.000000 1.000000 0.125000
0.142857 1.000000 8.000000 1.000000

Matrix 45:
1.000000 0.111111 0.250000 0.333333
9.000000 1.000000 1.000000 0.500000
4.000000 1.000000 1.000000 0.111111
3.000000 2.000000 9.000000 1.000000

Matrix 46:
1.000000 0.142857 1.000000 1.000000
7.000000 1.000000 0.250000 0.200000
1.000000 4.000000 1.000000 0.333333
1.000000 5.000000 3.000000 1.000000

Matrix 47:
1.000000 2.000000 0.200000 2.000000
0.500000 1.000000 0.125000 0.125000
5.000000 8.000000 1.000000 7.000000
0.500000 8.000000 0.142857 1.000000

Matrix 48:
1.000000 4.000000 6.000000 9.000000
0.250000 1.000000 0.125000 0.142857
0.166667 8.000000 1.000000 0.250000
0.111111 7.000000 4.000000 1.000000

Matrix 49:
1.000000 0.166667 6.000000 5.000000
6.000000 1.000000 6.000000 4.000000
0.166667 0.166667 1.000000 0.500000
0.200000 0.250000 2.000000 1.000000

Matrix 50:
1.000000 1.000000 0.333333 0.111111
1.000000 1.000000 2.000000 2.000000
3.000000 0.500000 1.000000 3.000000
9.000000 0.500000 0.333333 1.000000

Matrix 51:
1.000000 6.000000 0.125000 0.111111
0.166667 1.000000 0.166667 0.250000
8.000000 6.000000 1.000000 0.111111
9.000000 4.000000 9.000000 1.000000

Matrix 52:
1.000000 0.166667 0.142857 0.166667
6.000000 1.000000 0.166667 0.166667
7.000000 6.000000 1.000000 4.000000
6.000000 6.000000 0.250000 1.000000

Matrix 53:
1.000000 1.000000 0.125000 6.000000
1.000000 1.000000 0.125000 1.000000
8.000000 8.000000 1.000000 9.000000
0.166667 1.000000 0.111111 1.000000

Matrix 54:
1.000000 7.000000 0.200000 2.000000
0.142857 1.000000 0.200000 1.000000
5.000000 5.000000 1.000000 8.000000
0.500000 1.000000 0.125000 1.000000

Matrix 55:
1.000000 7.000000 3.000000 0.200000
0.142857 1.000000 8.000000 1.000000
0.333333 0.125000 1.000000 0.333333
5.000000 1.000000 3.000000 1.000000

Matrix 56:
1.000000 0.166667 0.125000 0.125000
6.000000 1.000000 0.250000 0.250000
8.000000 4.000000 1.000000 0.111111
8.000000 4.000000 9.000000 1.000000

Matrix 57:
1.000000 1.000000 0.200000 0.250000
1.000000 1.000000 3.000000 0.333333
5.000000 0.333333 1.000000 6.000000
4.000000 3.000000 0.166667 1.000000

Matrix 58:
1.000000 9.000000 0.166667 3.000000
0.111111 1.000000 0.200000 3.000000
6.000000 5.000000 1.000000 4.000000
0.333333 0.333333 0.250000 1.000000

Matrix 59:
1.000000 9.000000 8.000000 0.200000
0.111111 1.000000 7.000000 0.142857
0.125000 0.142857 1.000000 0.111111
5.000000 7.000000 9.000000 1.000000

Matrix 60:
1.000000 0.142857 1.000000 0.125000
7.000000 1.000000 3.000000 0.333333
1.000000 0.333333 1.000000 3.000000
8.000000 3.000000 0.333333 1.000000

Matrix 61:
1.000000 0.125000 0.166667 0.333333
8.000000 1.000000 2.000000 7.000000
6.000000 0.500000 1.000000 9.000000
3.000000 0.142857 0.111111 1.000000

Matrix 62:
1.000000 0.125000 1.000000 0.125000
8.000000 1.000000 2.000000 6.000000
1.000000 0.500000 1.000000 1.000000
8.000000 0.166667 1.000000 1.000000

Matrix 63:
1.000000 3.000000 5.000000 2.000000
0.333333 1.000000 0.200000 0.166667
0.200000 5.000000 1.000000 2.000000
0.500000 6.000000 0.500000 1.000000

Matrix 64:
1.000000 2.000000 3.000000 3.000000
0.500000 1.000000 0.200000 0.333333
0.333333 5.000000 1.000000 0.200000
0.333333 3.000000 5.000000 1.000000

Matrix 65:
1.000000 0.250000 0.333333 5.000000
4.000000 1.000000 0.166667 8.000000
3.000000 6.000000 1.000000 6.000000
0.200000 0.125000 0.166667 1.000000

Matrix 66:
1.000000 0.111111 5.000000 3.000000
9.000000 1.000000 6.000000 1.000000
0.200000 0.166667 1.000000 0.166667
0.333333 1.000000 6.000000 1.000000

Matrix 67:
1.000000 7.000000 0.200000 0.333333
0.142857 1.000000 0.166667 0.125000
5.000000 6.000000 1.000000 1.000000
3.000000 8.000000 1.000000 1.000000

Matrix 68:
1.000000 0.200000 4.000000 0.250000
5.000000 1.000000 2.000000 0.500000
0.250000 0.500000 1.000000 0.250000
4.000000 2.000000 4.000000 1.000000

Matrix 69:
1.000000 3.000000 5.000000 0.500000
0.333333 1.000000 0.250000 0.166667
0.200000 4.000000 1.000000 0.250000
2.000000 6.000000 4.000000 1.000000

Matrix 70:
1.000000 4.000000 0.500000 0.333333
0.250000 1.000000 0.125000 0.200000
2.000000 8.000000 1.000000 9.000000
3.000000 5.000000 0.111111 1.000000

Matrix 71:
1.000000 9.000000 2.000000 6.000000
0.111111 1.000000 2.000000 9.000000
0.500000 0.500000 1.000000 7.000000
0.166667 0.111111 0.142857 1.000000

Matrix 72:
1.000000 0.166667 0.250000 0.125000
6.000000 1.000000 0.166667 0.333333
4.000000 6.000000 1.000000 0.166667
8.000000 3.000000 6.000000 1.000000

Matrix 73:
1.000000 0.200000 1.000000 9.000000
5.000000 1.000000 0.333333 2.000000
1.000000 3.000000 1.000000 3.000000
0.111111 0.500000 0.333333 1.000000

Matrix 74:
1.000000 9.000000 1.000000 0.500000
0.111111 1.000000 0.200000 0.333333
1.000000 5.000000 1.000000 4.000000
2.000000 3.000000 0.250000 1.000000

Matrix 75:
1.000000 0.250000 8.000000 0.125000
4.000000 1.000000 3.000000 6.000000
0.125000 0.333333 1.000000 0.250000
8.000000 0.166667 4.000000 1.000000

Matrix 76:
1.000000 0.500000 1.000000 0.111111
2.000000 1.000000 1.000000 5.000000
1.000000 1.000000 1.000000 0.250000
9.000000 0.200000 4.000000 1.000000

Matrix 77:
1.000000 1.000000 0.333333 0.142857
1.000000 1.000000 9.000000 0.200000
3.000000 0.111111 1.000000 0.500000
7.000000 5.000000 2.000000 1.000000

Matrix 78:
1.000000 0.166667 0.250000 0.333333
6.000000 1.000000 3.000000 9.000000
4.000000 0.333333 1.000000 6.000000
3.000000 0.111111 0.166667 1.000000

Matrix 79:
1.000000 0.125000 0.111111 1.000000
8.000000 1.000000 0.333333 0.125000
9.000000 3.000000 1.000000 5.000000
1.000000 8.000000 0.200000 1.000000

Matrix 80:
1.000000 0.111111 6.000000 0.125000
9.000000 1.000000 8.000000 8.000000
0.166667 0.125000 1.000000 0.200000
8.000000 0.125000 5.000000 1.000000

Matrix 81:
1.000000 0.111111 4.000000 0.200000
9.000000 1.000000 1.000000 0.125000
0.250000 1.000000 1.000000 0.200000
5.000000 8.000000 5.000000 1.000000

Matrix 82:
1.000000 1.000000 0.166667 0.500000
1.000000 1.000000 0.111111 4.000000
6.000000 9.000000 1.000000 4.000000
2.000000 0.250000 0.250000 1.000000

Matrix 83:
1.000000 3.000000 0.166667 1.000000
0.333333 1.000000 0.166667 0.500000
6.000000 6.000000 1.000000 0.111111
1.000000 2.000000 9.000000 1.000000

Matrix 84:
1.000000 8.000000 2.000000 0.333333
0.125000 1.000000 3.000000 1.000000
0.500000 0.333333 1.000000 0.333333
3.000000 1.000000 3.000000 1.000000

Matrix 85:
1.000000 8.000000 8.000000 0.125000
0.125000 1.000000 2.000000 0.142857
0.125000 0.500000 1.000000 0.142857
8.000000 7.000000 7.000000 1.000000

Matrix 86:
1.000000 0.500000 2.000000 2.000000
2.000000 1.000000 0.142857 0.166667
0.500000 7.000000 1.000000 3.000000
0.500000 6.000000 0.333333 1.000000

Matrix 87:
1.000000 0.142857 5.000000 1.000000
7.000000 1.000000 0.500000 5.000000
0.200000 2.000000 1.000000 2.000000
1.000000 0.200000 0.500000 1.000000

Matrix 88:
1.000000 8.000000 0.200000 4.000000
0.125000 1.000000 0.200000 9.000000
5.000000 5.000000 1.000000 2.000000
0.250000 0.111111 0.500000 1.000000

Matrix 89:
1.000000 9.000000 0.111111 0.142857
0.111111 1.000000 0.250000 0.333333
9.000000 4.000000 1.000000 0.333333
7.000000 3.000000 3.000000 1.000000

Matrix 90:
1.000000 0.500000 1.000000 0.250000
2.000000 1.000000 0.142857 3.000000
1.000000 7.000000 1.000000 3.000000
4.000000 0.333333 0.333333 1.000000

Matrix 91:
1.000000 0.250000 6.000000 4.000000
4.000000 1.000000 0.333333 7.000000
0.166667 3.000000 1.000000 4.000000
0.250000 0.142857 0.250000 1.000000

Matrix 92:
1.000000 3.000000 6.000000 0.500000
0.333333 1.000000 0.250000 0.166667
0.166667 4.000000 1.000000 0.500000
2.000000 6.000000 2.000000 1.000000

Matrix 93:
1.000000 1.000000 8.000000 0.250000
1.000000 1.000000 7.000000 0.125000
0.125000 0.142857 1.000000 0.333333
4.000000 8.000000 3.000000 1.000000

Matrix 94:
1.000000 1.000000 1.000000 5.000000
1.000000 1.000000 0.250000 1.000000
1.000000 4.000000 1.000000 4.000000
0.200000 1.000000 0.250000 1.000000

Matrix 95:
1.000000 0.250000 0.500000 1.000000
4.000000 1.000000 0.250000 0.333333
2.000000 4.000000 1.000000 2.000000
1.000000 3.000000 0.500000 1.000000

Matrix 96:
1.000000 0.166667 6.000000 1.000000
6.000000 1.000000 9.000000 5.000000
0.166667 0.111111 1.000000 1.000000
1.000000 0.200000 1.000000 1.000000

Matrix 97:
1.000000 1.000000 3.000000 7.000000
1.000000 1.000000 3.000000 0.142857
0.333333 0.333333 1.000000 0.500000
0.142857 7.000000 2.000000 1.000000

Matrix 98:
1.000000 0.250000 2.000000 0.333333
4.000000 1.000000 0.333333 7.000000
0.500000 3.000000 1.000000 6.000000
3.000000 0.142857 0.166667 1.000000

Matrix 99:
1.000000 0.142857 0.250000 6.000000
7.000000 1.000000 3.000000 7.000000
4.000000 0.333333 1.000000 0.500000
0.166667 0.142857 2.000000 1.000000

Matrix 100:
1.000000 1.000000 0.200000 1.000000
1.000000 1.000000 0.333333 9.000000
5.000000 3.000000 1.000000 5.000000
1.000000 0.111111 0.200000 1.000000

Matrix 101:
1.000000 0.200000 0.333333 0.125000
5.000000 1.000000 5.000000 7.000000
3.000000 0.200000 1.000000 1.000000
8.000000 0.142857 1.000000 1.000000

Matrix 102:
1.000000 0.500000 0.125000 0.250000
2.000000 1.000000 0.250000 0.142857
8.000000 4.000000 1.000000 3.000000
4.000000 7.000000 0.333333 1.000000

Matrix 103:
1.000000 0.142857 0.500000 0.111111
7.000000 1.000000 0.333333 2.000000
2.000000 3.000000 1.000000 4.000000
9.000000 0.500000 0.250000 1.000000

Matrix 104:
1.000000 0.125000 6.000000 1.000000
8.000000 1.000000 9.000000 1.000000
0.166667 0.111111 1.000000 0.142857
1.000000 1.000000 7.000000 1.000000

Matrix 105:
1.000000 4.000000 7.000000 7.000000
0.250000 1.000000 0.142857 0.333333
0.142857 7.000000 1.000000 4.000000
0.142857 3.000000 0.250000 1.000000

Matrix 106:
1.000000 8.000000 1.000000 0.142857
0.125000 1.000000 0.142857 1.000000
1.000000 7.000000 1.000000 2.000000
7.000000 1.000000 0.500000 1.000000

Matrix 107:
1.000000 0.111111 0.500000 0.111111
9.000000 1.000000 2.000000 0.125000
2.000000 0.500000 1.000000 0.250000
9.000000 8.000000 4.000000 1.000000

Matrix 108:
1.000000 0.166667 3.000000 0.500000
6.000000 1.000000 0.500000 8.000000
0.333333 2.000000 1.000000 0.500000
2.000000 0.125000 2.000000 1.000000

Matrix 109:
1.000000 8.000000 6.000000 3.000000
0.125000 1.000000 7.000000 7.000000
0.166667 0.142857 1.000000 0.111111
0.333333 0.142857 9.000000 1.000000

Matrix 110:
1.000000 0.166667 5.000000 9.000000
6.000000 1.000000 5.000000 7.000000
0.200000 0.200000 1.000000 0.500000
0.111111 0.142857 2.000000 1.000000

Matrix 111:
1.000000 7.000000 0.200000 0.200000
0.142857 1.000000 0.111111 0.200000
5.000000 9.000000 1.000000 8.000000
5.000000 5.000000 0.125000 1.000000

Matrix 112:
1.000000 9.000000 7.000000 9.000000
0.111111 1.000000 0.111111 0.333333
0.142857 9.000000 1.000000 0.166667
0.111111 3.000000 6.000000 1.000000

Matrix 113:
1.000000 0.250000 1.000000 2.000000
4.000000 1.000000 7.000000 7.000000
1.000000 0.142857 1.000000 0.250000
0.500000 0.142857 4.000000 1.000000

Matrix 114:
1.000000 0.500000 0.333333 9.000000
2.000000 1.000000 0.111111 0.250000
3.000000 9.000000 1.000000 5.000000
0.111111 4.000000 0.200000 1.000000

Matrix 115:
1.000000 2.000000 4.000000 9.000000
0.500000 1.000000 0.333333 9.000000
0.250000 3.000000 1.000000 2.000000
0.111111 0.111111 0.500000 1.000000

Matrix 116:
1.000000 5.000000 0.111111 7.000000
0.200000 1.000000 0.111111 8.000000
9.000000 9.000000 1.000000 8.000000
0.142857 0.125000 0.125000 1.000000

Matrix 117:
1.000000 6.000000 0.200000 0.142857
0.166667 1.000000 2.000000 0.125000
5.000000 0.500000 1.000000 0.125000
7.000000 8.000000 8.000000 1.000000

Matrix 118:
1.000000 0.200000 2.000000 0.500000
5.000000 1.000000 0.250000 1.000000
0.500000 4.000000 1.000000 2.000000
2.000000 1.000000 0.500000 1.000000

Matrix 119:
1.000000 5.000000 1.000000 1.000000
0.200000 1.000000 4.000000 4.000000
1.000000 0.250000 1.000000 1.000000
1.000000 0.250000 1.000000 1.000000

Matrix 120:
1.000000 7.000000 4.000000 1.000000
0.142857 1.000000 1.000000 0.125000
0.250000 1.000000 1.000000 7.000000
1.000000 8.000000 0.142857 1.000000

Matrix 121:
1.000000 9.000000 1.000000 3.000000
0.111111 1.000000 0.333333 5.000000
1.000000 3.000000 1.000000 5.000000
0.333333 0.200000 0.200000 1.000000

Matrix 122:
1.000000 0.111111 0.111111 2.000000
9.000000 1.000000 9.000000 5.000000
9.000000 0.111111 1.000000 8.000000
0.500000 0.200000 0.125000 1.000000

Matrix 123:
1.000000 9.000000 5.000000 7.000000
0.111111 1.000000 0.166667 0.166667
0.200000 6.000000 1.000000 0.111111
0.142857 6.000000 9.000000 1.000000

Matrix 124:
1.000000 0.250000 9.000000 0.333333
4.000000 1.000000 6.000000 0.250000
0.111111 0.166667 1.000000 0.166667
3.000000 4.000000 6.000000 1.000000

Matrix 125:
1.000000 4.000000 1.000000 1.000000
0.250000 1.000000 0.142857 0.125000
1.000000 7.000000 1.000000 6.000000
1.000000 8.000000 0.166667 1.000000

Matrix 126:
1.000000 5.000000 5.000000 2.000000
0.200000 1.000000 0.142857 8.000000
0.200000 7.000000 1.000000 3.000000
0.500000 0.125000 0.333333 1.000000

Matrix 127:
1.000000 6.000000 6.000000 7.000000
0.166667 1.000000 3.000000 0.166667
0.166667 0.333333 1.000000 0.142857
0.142857 6.000000 7.000000 1.000000

Matrix 128:
1.000000 1.000000 0.142857 1.000000
1.000000 1.000000 0.142857 0.111111
7.000000 7.000000 1.000000 0.333333
1.000000 9.000000 3.000000 1.000000

Matrix 129:
1.000000 1.000000 0.166667 0.250000
1.000000 1.000000 6.000000 0.333333
6.000000 0.166667 1.000000 1.000000
4.000000 3.000000 1.000000 1.000000

Matrix 130:
1.000000 0.200000 3.000000 0.111111
5.000000 1.000000 0.250000 0.125000
0.333333 4.000000 1.000000 0.333333
9.000000 8.000000 3.000000 1.000000

Matrix 131:
1.000000 1.000000 2.000000 1.000000
1.000000 1.000000 8.000000 9.000000
0.500000 0.125000 1.000000 3.000000
1.000000 0.111111 0.333333 1.000000

Matrix 132:
1.000000 0.125000 2.000000 1.000000
8.000000 1.000000 2.000000 5.000000
0.500000 0.500000 1.000000 1.000000
1.000000 0.200000 1.000000 1.000000

Matrix 133:
1.000000 0.125000 9.000000 4.000000
8.000000 1.000000 3.000000 6.000000
0.111111 0.333333 1.000000 8.000000
0.250000 0.166667 0.125000 1.000000

Matrix 134:
1.000000 0.111111 7.000000 0.166667
9.000000 1.000000 5.000000 0.166667
0.142857 0.200000 1.000000 0.250000
6.000000 6.000000 4.000000 1.000000

Matrix 135:
1.000000 5.000000 3.000000 8.000000
0.200000 1.000000 6.000000 1.000000
0.333333 0.166667 1.000000 8.000000
0.125000 1.000000 0.125000 1.000000

Matrix 136:
1.000000 8.000000 5.000000 4.000000
0.125000 1.000000 1.000000 5.000000
0.200000 1.000000 1.000000 5.000000
0.250000 0.200000 0.200000 1.000000

Matrix 137:
1.000000 0.166667 3.000000 0.142857
6.000000 1.000000 1.000000 0.142857
0.333333 1.000000 1.000000 1.000000
7.000000 7.000000 1.000000 1.000000

Matrix 138:
1.000000 0.111111 0.500000 0.500000
9.000000 1.000000 0.166667 0.125000
2.000000 6.000000 1.000000 0.250000
2.000000 8.000000 4.000000 1.000000

Matrix 139:
1.000000 0.125000 0.250000 0.125000
8.000000 1.000000 7.000000 0.200000
4.000000 0.142857 1.000000 1.000000
8.000000 5.000000 1.000000 1.000000

Matrix 140:
1.000000 0.166667 0.111111 0.200000
6.000000 1.000000 8.000000 8.000000
9.000000 0.125000 1.000000 0.166667
5.000000 0.125000 6.000000 1.000000

Matrix 141:
1.000000 0.333333 0.250000 0.250000
3.000000 1.000000 1.000000 3.000000
4.000000 1.000000 1.000000 7.000000
4.000000 0.333333 0.142857 1.000000

Matrix 142:
1.000000 0.200000 0.111111 9.000000
5.000000 1.000000 0.200000 7.000000
9.000000 5.000000 1.000000 6.000000
0.111111 0.142857 0.166667 1.000000

Matrix 143:
1.000000 1.000000 0.500000 0.200000
1.000000 1.000000 9.000000 4.000000
2.000000 0.111111 1.000000 3.000000
5.000000 0.250000 0.333333 1.000000

Matrix 144:
1.000000 0.200000 0.250000 0.500000
5.000000 1.000000 0.200000 0.125000
4.000000 5.000000 1.000000 0.333333
2.000000 8.000000 3.000000 1.000000

Matrix 145:
1.000000 1.000000 0.333333 0.200000
1.000000 1.000000 3.000000 1.000000
3.000000 0.333333 1.000000 2.000000
5.000000 1.000000 0.500000 1.000000

Matrix 146:
1.000000 0.200000 0.500000 0.125000
5.000000 1.000000 3.000000 8.000000
2.000000 0.333333 1.000000 9.000000
8.000000 0.125000 0.111111 1.000000

Matrix 147:
1.000000 0.500000 0.166667 3.000000
2.000000 1.000000 3.000000 2.000000
6.000000 0.333333 1.000000 0.500000
0.333333 0.500000 2.000000 1.000000

Matrix 148:
1.000000 0.125000 1.000000 1.000000
8.000000 1.000000 0.125000 6.000000
1.000000 8.000000 1.000000 8.000000
1.000000 0.166667 0.125000 1.000000

Matrix 149:
1.000000 5.000000 9.000000 3.000000
0.200000 1.000000 7.000000 0.500000
0.111111 0.142857 1.000000 1.000000
0.333333 2.000000 1.000000 1.000000

Matrix 150:
1.000000 0.125000 4.000000 0.166667
8.000000 1.000000 1.000000 0.250000
0.250000 1.000000 1.000000 1.000000
6.000000 4.000000 1.000000 1.000000

Matrix 151:
1.000000 0.333333 0.200000 3.000000
3.000000 1.000000 0.333333 1.000000
5.000000 3.000000 1.000000 6.000000
0.333333 1.000000 0.166667 1.000000

Matrix 152:
1.000000 6.000000 3.000000 6.000000
0.166667 1.000000 5.000000 3.000000
0.333333 0.200000 1.000000 0.500000
0.166667 0.333333 2.000000 1.000000

Matrix 153:
1.000000 1.000000 7.000000 1.000000
1.000000 1.000000 0.200000 3.000000
0.142857 5.000000 1.000000 1.000000
1.000000 0.333333 1.000000 1.000000

Matrix 154:
1.000000 0.200000 0.111111 2.000000
5.000000 1.000000 0.125000 8.000000
9.000000 8.000000 1.000000 3.000000
0.500000 0.125000 0.333333 1.000000

Matrix 155:
1.000000 0.200000 0.166667 0.333333
5.000000 1.000000 4.000000 2.000000
6.000000 0.250000 1.000000 8.000000
3.000000 0.500000 0.125000 1.000000

Matrix 156:
1.000000 8.000000 0.333333 2.000000
0.125000 1.000000 2.000000 6.000000
3.000000 0.500000 1.000000 5.000000
0.500000 0.166667 0.200000 1.000000

Matrix 157:
1.000000 6.000000 1.000000 1.000000
0.166667 1.000000 0.333333 3.000000
1.000000 3.000000 1.000000 0.200000
1.000000 0.333333 5.000000 1.000000

Matrix 158:
1.000000 4.000000 5.000000 1.000000
0.250000 1.000000 9.000000 1.000000
0.200000 0.111111 1.000000 0.125000
1.000000 1.000000 8.000000 1.000000

Matrix 159:
1.000000 1.000000 0.166667 1.000000
1.000000 1.000000 7.000000 4.000000
6.000000 0.142857 1.000000 2.000000
1.000000 0.250000 0.500000 1.000000

Matrix 160:
1.000000 5.000000 6.000000 7.000000
0.200000 1.000000 8.000000 0.125000
0.166667 0.125000 1.000000 0.500000
0.142857 8.000000 2.000000 1.000000

Matrix 161:
1.000000 0.125000 1.000000 0.333333
8.000000 1.000000 2.000000 9.000000
1.000000 0.500000 1.000000 0.166667
3.000000 0.111111 6.000000 1.000000

Matrix 162:
1.000000 0.250000 4.000000 0.166667
4.000000 1.000000 7.000000 1.000000
0.250000 0.142857 1.000000 0.250000
6.000000 1.000000 4.000000 1.000000

Matrix 163:
1.000000 0.200000 0.125000 0.200000
5.000000 1.000000 9.000000 6.000000
8.000000 0.111111 1.000000 5.000000
5.000000 0.166667 0.200000 1.000000

Matrix 164:
1.000000 4.000000 1.000000 0.111111
0.250000 1.000000 6.000000 0.333333
1.000000 0.166667 1.000000 0.142857
9.000000 3.000000 7.000000 1.000000

Matrix 165:
1.000000 9.000000 3.000000 7.000000
0.111111 1.000000 4.000000 0.142857
0.333333 0.250000 1.000000 0.111111
0.142857 7.000000 9.000000 1.000000

Matrix 166:
1.000000 0.500000 3.000000 0.200000
2.000000 1.000000 0.166667 0.125000
0.333333 6.000000 1.000000 0.142857
5.000000 8.000000 7.000000 1.000000

Matrix 167:
1.000000 0.111111 2.000000 5.000000
9.000000 1.000000 7.000000 4.000000
0.500000 0.142857 1.000000 3.000000
0.200000 0.250000 0.333333 1.000000

Matrix 168:
1.000000 0.200000 0.500000 0.200000
5.000000 1.000000 0.333333 0.333333
2.000000 3.000000 1.000000 1.000000
5.000000 3.000000 1.000000 1.000000

Matrix 169:
1.000000 0.250000 0.125000 8.000000
4.000000 1.000000 0.500000 9.000000
8.000000 2.000000 1.000000 3.000000
0.125000 0.111111 0.333333 1.000000

Matrix 170:
1.000000 9.000000 8.000000 7.000000
0.111111 1.000000 9.000000 0.333333
0.125000 0.111111 1.000000 0.166667
0.142857 3.000000 6.000000 1.000000

Matrix 171:
1.000000 9.000000 1.000000 1.000000
0.111111 1.000000 5.000000 0.111111
1.000000 0.200000 1.000000 0.200000
1.000000 9.000000 5.000000 1.000000

Matrix 172:
1.000000 7.000000 8.000000 9.000000
0.142857 1.000000 0.500000 9.000000
0.125000 2.000000 1.000000 2.000000
0.111111 0.111111 0.500000 1.000000

Matrix 173:
1.000000 2.000000 0.333333 0.200000
0.500000 1.000000 2.000000 2.000000
3.000000 0.500000 1.000000 0.166667
5.000000 0.500000 6.000000 1.000000

Matrix 174:
1.000000 8.000000 0.166667 0.111111
0.125000 1.000000 0.500000 0.142857
6.000000 2.000000 1.000000 0.166667
9.000000 7.000000 6.000000 1.000000

Matrix 175:
1.000000 4.000000 0.333333 5.000000
0.250000 1.000000 2.000000 1.000000
3.000000 0.500000 1.000000 1.000000
0.200000 1.000000 1.000000 1.000000

Matrix 176:
1.000000 6.000000 0.500000 3.000000
0.166667 1.000000 0.333333 7.000000
2.000000 3.000000 1.000000 0.500000
0.333333 0.142857 2.000000 1.000000

Matrix 177:
1.000000 8.000000 0.142857 6.000000
0.125000 1.000000 0.111111 9.000000
7.000000 9.000000 1.000000 3.000000
0.166667 0.111111 0.333333 1.000000

Matrix 178:
1.000000 6.000000 8.000000 0.333333
0.166667 1.000000 0.500000 0.166667
0.125000 2.000000 1.000000 1.000000
3.000000 6.000000 1.000000 1.000000

Matrix 179:
1.000000 0.200000 1.000000 6.000000
5.000000 1.000000 0.125000 3.000000
1.000000 8.000000 1.000000 5.000000
0.166667 0.333333 0.200000 1.000000

Matrix 180:
1.000000 0.166667 3.000000 8.000000
6.000000 1.000000 7.000000 7.000000
0.333333 0.142857 1.000000 0.166667
0.125000 0.142857 6.000000 1.000000

Matrix 181:
1.000000 1.000000 6.000000 7.000000
1.000000 1.000000 3.000000 8.000000
0.166667 0.333333 1.000000 9.000000
0.142857 0.125000 0.111111 1.000000

Matrix 182:
1.000000 2.000000 6.000000 5.000000
0.500000 1.000000 0.142857 7.000000
0.166667 7.000000 1.000000 5.000000
0.200000 0.142857 0.200000 1.000000

Matrix 183:
1.000000 0.166667 0.125000 3.000000
6.000000 1.000000 0.250000 1.000000
8.000000 4.000000 1.000000 4.000000
0.333333 1.000000 0.250000 1.000000

Matrix 184:
1.000000 5.000000 2.000000 7.000000
0.200000 1.000000 5.000000 0.500000
0.500000 0.200000 1.000000 0.166667
0.142857 2.000000 6.000000 1.000000

Matrix 185:
1.000000 2.000000 6.000000 0.111111
0.500000 1.000000 0.142857 0.166667
0.166667 7.000000 1.000000 0.125000
9.000000 6.000000 8.000000 1.000000

Matrix 186:
1.000000 0.500000 0.250000 8.000000
2.000000 1.000000 1.000000 1.000000
4.000000 1.000000 1.000000 5.000000
0.125000 1.000000 0.200000 1.000000

Matrix 187:
1.000000 5.000000 3.000000 0.333333
0.200000 1.000000 0.500000 0.125000
0.333333 2.000000 1.000000 5.000000
3.000000 8.000000 0.200000 1.000000

Matrix 188:
1.000000 0.142857 0.111111 0.125000
7.000000 1.000000 0.166667 0.142857
9.000000 6.000000 1.000000 0.166667
8.000000 7.000000 6.000000 1.000000

Matrix 189:
1.000000 2.000000 3.000000 3.000000
0.500000 1.000000 0.166667 0.500000
0.333333 6.000000 1.000000 0.200000
0.333333 2.000000 5.000000 1.000000

Matrix 190:
1.000000 2.000000 2.000000 0.333333
0.500000 1.000000 1.000000 0.200000
0.500000 1.000000 1.000000 6.000000
3.000000 5.000000 0.166667 1.000000

Matrix 191:
1.000000 0.125000 0.111111 3.000000
8.000000 1.000000 0.250000 0.500000
9.000000 4.000000 1.000000 1.000000
0.333333 2.000000 1.000000 1.000000

Matrix 192:
1.000000 0.333333 0.500000 6.000000
3.000000 1.000000 1.000000 8.000000
2.000000 1.000000 1.000000 0.500000
0.166667 0.125000 2.000000 1.000000

Matrix 193:
1.000000 0.200000 1.000000 1.000000
5.000000 1.000000 4.000000 2.000000
1.000000 0.250000 1.000000 0.125000
1.000000 0.500000 8.000000 1.000000

Matrix 194:
1.000000 6.000000 7.000000 9.000000
0.166667 1.000000 1.000000 5.000000
0.142857 1.000000 1.000000 0.142857
0.111111 0.200000 7.000000 1.000000

Matrix 195:
1.000000 0.200000 1.000000 0.500000
5.000000 1.000000 8.000000 9.000000
1.000000 0.125000 1.000000 0.125000
2.000000 0.111111 8.000000 1.000000

Matrix 196:
1.000000 8.000000 2.000000 4.000000
0.125000 1.000000 0.500000 0.166667
0.500000 2.000000 1.000000 0.166667
0.250000 6.000000 6.000000 1.000000

Matrix 197:
1.000000 0.500000 1.000000 0.250000
2.000000 1.000000 0.500000 8.000000
1.000000 2.000000 1.000000 1.000000
4.000000 0.125000 1.000000 1.000000

Matrix 198:
1.000000 1.000000 5.000000 2.000000
1.000000 1.000000 0.333333 4.000000
0.200000 3.000000 1.000000 4.000000
0.500000 0.250000 0.250000 1.000000

Matrix 199:
1.000000 8.000000 6.000000 1.000000
0.125000 1.000000 0.250000 4.000000
0.166667 4.000000 1.000000 4.000000
1.000000 0.250000 0.250000 1.000000

Matrix 200:
1.000000 2.000000 9.000000 2.000000
0.500000 1.000000 3.000000 7.000000
0.111111 0.333333 1.000000 1.000000
0.500000 0.142857 1.000000 1.000000

Matrix 201:
1.000000 0.250000 0.200000 9.000000
4.000000 1.000000 7.000000 8.000000
5.000000 0.142857 1.000000 1.000000
0.111111 0.125000 1.000000 1.000000

Matrix 202:
1.000000 1.000000 0.333333 0.250000
1.000000 1.000000 0.166667 0.500000
3.000000 6.000000 1.000000 0.500000
4.000000 2.000000 2.000000 1.000000

Matrix 203:
1.000000 8.000000 4.000000 7.000000
0.125000 1.000000 1.000000 1.000000
0.250000 1.000000 1.000000 7.000000
0.142857 1.000000 0.142857 1.000000

Matrix 204:
1.000000 8.000000 9.000000 5.000000
0.125000 1.000000 0.111111 0.166667
0.111111 9.000000 1.000000 0.500000
0.200000 6.000000 2.000000 1.000000

Matrix 205:
1.000000 0.142857 0.200000 0.200000
7.000000 1.000000 2.000000 8.000000
5.000000 0.500000 1.000000 6.000000
5.000000 0.125000 0.166667 1.000000

Matrix 206:
1.000000 3.000000 8.000000 2.000000
0.333333 1.000000 3.000000 0.500000
0.125000 0.333333 1.000000 4.000000
0.500000 2.000000 0.250000 1.000000

Matrix 207:
1.000000 7.000000 0.250000 6.000000
0.142857 1.000000 0.333333 4.000000
4.000000 3.000000 1.000000 4.000000
0.166667 0.250000 0.250000 1.000000

Matrix 208:
1.000000 2.000000 1.000000 8.000000
0.500000 1.000000 9.000000 0.500000
1.000000 0.111111 1.000000 1.000000
0.125000 2.000000 1.000000 1.000000

Matrix 209:
1.000000 1.000000 1.000000 0.250000
1.000000 1.000000 0.166667 0.125000
1.000000 6.000000 1.000000 2.000000
4.000000 8.000000 0.500000 1.000000

Matrix 210:
1.000000 0.250000 0.142857 0.200000
4.000000 1.000000 3.000000 9.000000
7.000000 0.333333 1.000000 0.142857
5.000000 0.111111 7.000000 1.000000

Matrix 211:
1.000000 0.200000 0.250000 1.000000
5.000000 1.000000 6.000000 1.000000
4.000000 0.166667 1.000000 0.250000
1.000000 1.000000 4.000000 1.000000

Matrix 212:
1.000000 0.333333 5.000000 6.000000
3.000000 1.000000 3.000000 1.000000
0.200000 0.333333 1.000000 7.000000
0.166667 1.000000 0.142857 1.000000

Matrix 213:
1.000000 0.250000 0.111111 0.166667
4.000000 1.000000 1.000000 0.500000
9.000000 1.000000 1.000000 0.142857
6.000000 2.000000 7.000000 1.000000

Matrix 214:
1.000000 2.000000 2.000000 3.000000
0.500000 1.000000 0.111111 0.250000
0.500000 9.000000 1.000000 0.125000
0.333333 4.000000 8.000000 1.000000

Matrix 215:
1.000000 0.142857 0.200000 0.111111
7.000000 1.000000 0.111111 0.111111
5.000000 9.000000 1.000000 0.200000
9.000000 9.000000 5.000000 1.000000

Matrix 216:
1.000000 0.500000 1.000000 3.000000
2.000000 1.000000 1.000000 8.000000
1.000000 1.000000 1.000000 0.500000
0.333333 0.125000 2.000000 1.000000

Matrix 217:
1.000000 0.166667 0.250000 8.000000
6.000000 1.000000 0.166667 6.000000
4.000000 6.000000 1.000000 5.000000
0.125000 0.166667 0.200000 1.000000

Matrix 218:
1.000000 3.000000 1.000000 0.125000
0.333333 1.000000 1.000000 3.000000
1.000000 1.000000 1.000000 1.000000
8.000000 0.333333 1.000000 1.000000

Matrix 219:
1.000000 8.000000 8.000000 0.200000
0.125000 1.000000 7.000000 0.200000
0.125000 0.142857 1.000000 0.142857
5.000000 5.000000 7.000000 1.000000

Matrix 220:
1.000000 7.000000 0.142857 1.000000
0.142857 1.000000 0.166667 6.000000
7.000000 6.000000 1.000000 7.000000
1.000000 0.166667 0.142857 1.000000

Matrix 221:
1.000000 5.000000 5.000000 0.500000
0.200000 1.000000 7.000000 1.000000
0.200000 0.142857 1.000000 0.111111
2.000000 1.000000 9.000000 1.000000

Matrix 222:
1.000000 0.111111 0.333333 1.000000
9.000000 1.000000 5.000000 9.000000
3.000000 0.200000 1.000000 0.250000
1.000000 0.111111 4.000000 1.000000

Matrix 223:
1.000000 5.000000 0.111111 0.125000
0.200000 1.000000 1.000000 0.500000
9.000000 1.000000 1.000000 0.250000
8.000000 2.000000 4.000000 1.000000

Matrix 224:
1.000000 9.000000 0.250000 0.111111
0.111111 1.000000 0.142857 0.166667
4.000000 7.000000 1.000000 1.000000
9.000000 6.000000 1.000000 1.000000

Matrix 225:
1.000000 9.000000 0.200000 1.000000
0.111111 1.000000 0.500000 0.111111
5.000000 2.000000 1.000000 5.000000
1.000000 9.000000 0.200000 1.000000

Matrix 226:
1.000000 7.000000 5.000000 6.000000
0.142857 1.000000 0.166667 1.000000
0.200000 6.000000 1.000000 0.333333
0.166667 1.000000 3.000000 1.000000

Matrix 227:
1.000000 1.000000 0.200000 0.125000
1.000000 1.000000 1.000000 2.000000
5.000000 1.000000 1.000000 0.111111
8.000000 0.500000 9.000000 1.000000

Matrix 228:
1.000000 5.000000 1.000000 0.250000
0.200000 1.000000 0.125000 0.500000
1.000000 8.000000 1.000000 0.333333
4.000000 2.000000 3.000000 1.000000

Matrix 229:
1.000000 0.166667 0.200000 1.000000
6.000000 1.000000 6.000000 1.000000
5.000000 0.166667 1.000000 9.000000
1.000000 1.000000 0.111111 1.000000

Matrix 230:
1.000000 2.000000 0.200000 1.000000
0.500000 1.000000 3.000000 0.200000
5.000000 0.333333 1.000000 2.000000
1.000000 5.000000 0.500000 1.000000

Matrix 231:
1.000000 9.000000 0.111111 1.000000
0.111111 1.000000 0.142857 1.000000
9.000000 7.000000 1.000000 6.000000
1.000000 1.000000 0.166667 1.000000

Matrix 232:
1.000000 8.000000 0.166667 3.000000
0.125000 1.000000 0.166667 0.125000
6.000000 6.000000 1.000000 5.000000
0.333333 8.000000 0.200000 1.000000

Matrix 233:
1.000000 8.000000 6.000000 7.000000
0.125000 1.000000 0.500000 0.166667
0.166667 2.000000 1.000000 2.000000
0.142857 6.000000 0.500000 1.000000

Matrix 234:
1.000000 2.000000 0.500000 0.333333
0.500000 1.000000 1.000000 4.000000
2.000000 1.000000 1.000000 7.000000
3.000000 0.250000 0.142857 1.000000

Matrix 235:
1.000000 4.000000 4.000000 2.000000
0.250000 1.000000 0.166667 3.000000
0.250000 6.000000 1.000000 1.000000
0.500000 0.333333 1.000000 1.000000

Matrix 236:
1.000000 0.200000 9.000000 1.000000
5.000000 1.000000 7.000000 0.250000
0.111111 0.142857 1.000000 0.200000
1.000000 4.000000 5.000000 1.000000

Matrix 237:
1.000000 8.000000 7.000000 8.000000
0.125000 1.000000 0.111111 7.000000
0.142857 9.000000 1.000000 2.000000
0.125000 0.142857 0.500000 1.000000

Matrix 238:
1.000000 5.000000 0.111111 0.142857
0.200000 1.000000 0.111111 0.250000
9.000000 9.000000 1.000000 0.142857
7.000000 4.000000 7.000000 1.000000

Matrix 239:
1.000000 0.166667 0.500000 9.000000
6.000000 1.000000 0.166667 2.000000
2.000000 6.000000 1.000000 2.000000
0.111111 0.500000 0.500000 1.000000

Matrix 240:
1.000000 1.000000 5.000000 1.000000
1.000000 1.000000 0.333333 0.250000
0.200000 3.000000 1.000000 1.000000
1.000000 4.000000 1.000000 1.000000

Matrix 241:
1.000000 6.000000 2.000000 3.000000
0.166667 1.000000 0.111111 8.000000
0.500000 9.000000 1.000000 4.000000
0.333333 0.125000 0.250000 1.000000

Matrix 242:
1.000000 0.166667 0.166667 0.333333
6.000000 1.000000 0.125000 0.125000
6.000000 8.000000 1.000000 3.000000
3.000000 8.000000 0.333333 1.000000

Matrix 243:
1.000000 0.111111 0.200000 0.500000
9.000000 1.000000 3.000000 7.000000
5.000000 0.333333 1.000000 0.200000
2.000000 0.142857 5.000000 1.000000

Matrix 244:
1.000000 3.000000 1.000000 0.111111
0.333333 1.000000 0.250000 0.333333
1.000000 4.000000 1.000000 0.200000
9.000000 3.000000 5.000000 1.000000

Matrix 245:
1.000000 0.500000 0.125000 3.000000
2.000000 1.000000 0.250000 0.125000
8.000000 4.000000 1.000000 7.000000
0.333333 8.000000 0.142857 1.000000

Matrix 246:
1.000000 1.000000 0.200000 2.000000
1.000000 1.000000 2.000000 2.000000
5.000000 0.500000 1.000000 2.000000
0.500000 0.500000 0.500000 1.000000

Matrix 247:
1.000000 0.200000 8.000000 0.111111
5.000000 1.000000 5.000000 2.000000
0.125000 0.200000 1.000000 1.000000
9.000000 0.500000 1.000000 1.000000

Matrix 248:
1.000000 1.000000 8.000000 7.000000
1.000000 1.000000 0.111111 1.000000
0.125000 9.000000 1.000000 7.000000
0.142857 1.000000 0.142857 1.000000

Matrix 249:
1.000000 0.200000 4.000000 0.166667
5.000000 1.000000 8.000000 5.000000
0.250000 0.125000 1.000000 1.000000
6.000000 0.200000 1.000000 1.000000

Matrix 250:
1.000000 1.000000 3.000000 4.000000
1.000000 1.000000 9.000000 0.111111
0.333333 0.111111 1.000000 0.142857
0.250000 9.000000 7.000000 1.000000

Matrix 251:
1.000000 0.333333 1.000000 1.000000
3.000000 1.000000 6.000000 0.166667
1.000000 0.166667 1.000000 0.111111
1.000000 6.000000 9.000000 1.000000

Matrix 252:
1.000000 0.500000 0.166667 3.000000
2.000000 1.000000 0.250000 0.250000
6.000000 4.000000 1.000000 6.000000
0.333333 4.000000 0.166667 1.000000

Matrix 253:
1.000000 0.166667 0.125000 0.142857
6.000000 1.000000 0.333333 7.000000
8.000000 3.000000 1.000000 0.500000
7.000000 0.142857 2.000000 1.000000

Matrix 254:
1.000000 4.000000 0.333333 0.250000
0.250000 1.000000 0.111111 0.500000
3.000000 9.000000 1.000000 6.000000
4.000000 2.000000 0.166667 1.000000

Matrix 255:
1.000000 4.000000 0.500000 0.250000
0.250000 1.000000 0.333333 1.000000
2.000000 3.000000 1.000000 0.200000
4.000000 1.000000 5.000000 1.000000

Matrix 256:
1.000000 1.000000 8.000000 1.000000
1.000000 1.000000 6.000000 6.000000
0.125000 0.166667 1.000000 0.166667
1.000000 0.166667 6.000000 1.000000

Matrix 257:
1.000000 3.000000 9.000000 3.000000
0.333333 1.000000 1.000000 8.000000
0.111111 1.000000 1.000000 0.142857
0.333333 0.125000 7.000000 1.000000

Matrix 258:
1.000000 0.500000 1.000000 4.000000
2.000000 1.000000 4.000000 7.000000
1.000000 0.250000 1.000000 0.111111
0.250000 0.142857 9.000000 1.000000

Matrix 259:
1.000000 0.142857 4.000000 4.000000
7.000000 1.000000 3.000000 1.000000
0.250000 0.333333 1.000000 0.111111
0.250000 1.000000 9.000000 1.000000

Matrix 260:
1.000000 1.000000 0.200000 0.142857
1.000000 1.000000 5.000000 2.000000
5.000000 0.200000 1.000000 3.000000
7.000000 0.500000 0.333333 1.000000

Matrix 261:
1.000000 7.000000 5.000000 0.111111
0.142857 1.000000 0.111111 0.125000
0.200000 9.000000 1.000000 0.166667
9.000000 8.000000 6.000000 1.000000

Matrix 262:
1.000000 0.125000 0.142857 5.000000
8.000000 1.000000 0.500000 8.000000
7.000000 2.000000 1.000000 1.000000
0.200000 0.125000 1.000000 1.000000

Matrix 263:
1.000000 1.000000 0.500000 0.200000
1.000000 1.000000 1.000000 6.000000
2.000000 1.000000 1.000000 5.000000
5.000000 0.166667 0.200000 1.000000

Matrix 264:
1.000000 0.125000 0.142857 0.250000
8.000000 1.000000 2.000000 0.142857
7.000000 0.500000 1.000000 0.125000
4.000000 7.000000 8.000000 1.000000

Matrix 265:
1.000000 6.000000 9.000000 1.000000
0.166667 1.000000 7.000000 4.000000
0.111111 0.142857 1.000000 0.142857
1.000000 0.250000 7.000000 1.000000

Matrix 266:
1.000000 1.000000 7.000000 8.000000
1.000000 1.000000 1.000000 8.000000
0.142857 1.000000 1.000000 0.200000
0.125000 0.125000 5.000000 1.000000

Matrix 267:
1.000000 0.250000 5.000000 9.000000
4.000000 1.000000 8.000000 9.000000
0.200000 0.125000 1.000000 0.200000
0.111111 0.111111 5.000000 1.000000

Matrix 268:
1.000000 0.250000 6.000000 0.500000
4.000000 1.000000 7.000000 1.000000
0.166667 0.142857 1.000000 0.500000
2.000000 1.000000 2.000000 1.000000

Matrix 269:
1.000000 0.142857 3.000000 0.111111
7.000000 1.000000 2.000000 8.000000
0.333333 0.500000 1.000000 1.000000
9.000000 0.125000 1.000000 1.000000

Matrix 270:
1.000000 0.125000 8.000000 0.125000
8.000000 1.000000 9.000000 0.111111
0.125000 0.111111 1.000000 0.200000
8.000000 9.000000 5.000000 1.000000

Matrix 271:
1.000000 3.000000 2.000000 6.000000
0.333333 1.000000 0.166667 0.200000
0.500000 6.000000 1.000000 0.125000
0.166667 5.000000 8.000000 1.000000

Matrix 272:
1.000000 0.142857 7.000000 9.000000
7.000000 1.000000 4.000000 2.000000
0.142857 0.250000 1.000000 0.250000
0.111111 0.500000 4.000000 1.000000

Matrix 273:
1.000000 0.250000 0.125000 0.500000
4.000000 1.000000 5.000000 9.000000
8.000000 0.200000 1.000000 5.000000
2.000000 0.111111 0.200000 1.000000

Matrix 274:
1.000000 0.142857 0.333333 0.250000
7.000000 1.000000 3.000000 1.000000
3.000000 0.333333 1.000000 9.000000
4.000000 1.000000 0.111111 1.000000

Matrix 275:
1.000000 6.000000 1.000000 0.200000
0.166667 1.000000 0.200000 0.125000
1.000000 5.000000 1.000000 1.000000
5.000000 8.000000 1.000000 1.000000

Matrix 276:
1.000000 1.000000 0.333333 5.000000
1.000000 1.000000 0.200000 0.333333
3.000000 5.000000 1.000000 2.000000
0.200000 3.000000 0.500000 1.000000

Matrix 277:
1.000000 0.111111 0.500000 5.000000
9.000000 1.000000 0.333333 1.000000
2.000000 3.000000 1.000000 3.000000
0.200000 1.000000 0.333333 1.000000

Matrix 278:
1.000000 0.250000 8.000000 0.500000
4.000000 1.000000 4.000000 1.000000
0.125000 0.250000 1.000000 0.200000
2.000000 1.000000 5.000000 1.000000

Matrix 279:
1.000000 4.000000 0.500000 0.200000
0.250000 1.000000 0.333333 0.125000
2.000000 3.000000 1.000000 6.000000
5.000000 8.000000 0.166667 1.000000

Matrix 280:
1.000000 3.000000 2.000000 0.200000
0.333333 1.000000 8.000000 0.200000
0.500000 0.125000 1.000000 0.142857
5.000000 5.000000 7.000000 1.000000

Matrix 281:
1.000000 5.000000 4.000000 7.000000
0.200000 1.000000 8.000000 9.000000
0.250000 0.125000 1.000000 0.125000
0.142857 0.111111 8.000000 1.000000

Matrix 282:
1.000000 6.000000 9.000000 7.000000
0.166667 1.000000 0.250000 2.000000
0.111111 4.000000 1.000000 0.250000
0.142857 0.500000 4.000000 1.000000

Matrix 283:
1.000000 0.142857 2.000000 0.125000
7.000000 1.000000 0.250000 0.125000
0.500000 4.000000 1.000000 0.500000
8.000000 8.000000 2.000000 1.000000

Matrix 284:
1.000000 5.000000 0.142857 5.000000
0.200000 1.000000 0.166667 0.333333
7.000000 6.000000 1.000000 9.000000
0.200000 3.000000 0.111111 1.000000

Matrix 285:
1.000000 5.000000 2.000000 0.166667
0.200000 1.000000 0.166667 0.333333
0.500000 6.000000 1.000000 0.166667
6.000000 3.000000 6.000000 1.000000

Matrix 286:
1.000000 0.250000 0.500000 4.000000
4.000000 1.000000 0.200000 6.000000
2.000000 5.000000 1.000000 2.000000
0.250000 0.166667 0.500000 1.000000

Matrix 287:
1.000000 3.000000 6.000000 1.000000
0.333333 1.000000 1.000000 2.000000
0.166667 1.000000 1.000000 7.000000
1.000000 0.500000 0.142857 1.000000

Matrix 288:
1.000000 0.166667 0.333333 0.500000
6.000000 1.000000 4.000000 1.000000
3.000000 0.250000 1.000000 0.200000
2.000000 1.000000 5.000000 1.000000

Matrix 289:
1.000000 0.250000 0.142857 9.000000
4.000000 1.000000 0.250000 1.000000
7.000000 4.000000 1.000000 2.000000
0.111111 1.000000 0.500000 1.000000

Matrix 290:
1.000000 2.000000 9.000000 5.000000
0.500000 1.000000 0.125000 7.000000
0.111111 8.000000 1.000000 5.000000
0.200000 0.142857 0.200000 1.000000

Matrix 291:
1.000000 9.000000 7.000000 0.111111
0.111111 1.000000 5.000000 0.142857
0.142857 0.200000 1.000000 0.166667
9.000000 7.000000 6.000000 1.000000

Matrix 292:
1.000000 7.000000 5.000000 0.333333
0.142857 1.000000 8.000000 0.333333
0.200000 0.125000 1.000000 0.333333
3.000000 3.000000 3.000000 1.000000

Matrix 293:
1.000000 0.333333 0.111111 0.500000
3.000000 1.000000 2.000000 7.000000
9.000000 0.500000 1.000000 1.000000
2.000000 0.142857 1.000000 1.000000

Matrix 294:
1.000000 0.166667 9.000000 1.000000
6.000000 1.000000 4.000000 7.000000
0.111111 0.250000 1.000000 0.500000
1.000000 0.142857 2.000000 1.000000

Matrix 295:
1.000000 0.142857 0.333333 6.000000
7.000000 1.000000 5.000000 2.000000
3.000000 0.200000 1.000000 1.000000
0.166667 0.500000 1.000000 1.000000

Matrix 296:
1.000000 0.142857 1.000000 3.000000
7.000000 1.000000 0.333333 7.000000
1.000000 3.000000 1.000000 1.000000
0.333333 0.142857 1.000000 1.000000

Matrix 297:
1.000000 0.333333 6.000000 1.000000
3.000000 1.000000 0.250000 0.333333
0.166667 4.000000 1.000000 0.200000
1.000000 3.000000 5.000000 1.000000

Matrix 298:
1.000000 1.000000 8.000000 1.000000
1.000000 1.000000 0.500000 0.333333
0.125000 2.000000 1.000000 4.000000
1.000000 3.000000 0.250000 1.000000

Matrix 299:
1.000000 8.000000 0.166667 2.000000
0.125000 1.000000 0.500000 0.250000
6.000000 2.000000 1.000000 9.000000
0.500000 4.000000 0.111111 1.000000

Matrix 300:
1.000000 4.000000 9.000000 0.200000
0.250000 1.000000 0.111111 0.111111
0.111111 9.000000 1.000000 0.125000
5.000000 9.000000 8.000000 1.000000

Matrix 301:
1.000000 3.000000 0.125000 0.333333
0.333333 1.000000 0.111111 0.142857
8.000000 9.000000 1.000000 0.250000
3.000000 7.000000 4.000000 1.000000

Matrix 302:
1.000000 0.166667 5.000000 0.166667
6.000000 1.000000 2.000000 0.250000
0.200000 0.500000 1.000000 0.166667
6.000000 4.000000 6.000000 1.000000

Matrix 303:
1.000000 0.166667 1.000000 8.000000
6.000000 1.000000 1.000000 8.000000
1.000000 1.000000 1.000000 9.000000
0.125000 0.125000 0.111111 1.000000

Matrix 304:
1.000000 0.333333 0.166667 0.250000
3.000000 1.000000 9.000000 5.000000
6.000000 0.111111 1.000000 0.500000
4.000000 0.200000 2.000000 1.000000

Matrix 305:
1.000000 1.000000 4.000000 0.333333
1.000000 1.000000 0.333333 0.111111
0.250000 3.000000 1.000000 0.125000
3.000000 9.000000 8.000000 1.000000

Matrix 306:
1.000000 1.000000 0.333333 6.000000
1.000000 1.000000 0.250000 0.111111
3.000000 4.000000 1.000000 6.000000
0.166667 9.000000 0.166667 1.000000

Matrix 307:
1.000000 0.500000 3.000000 4.000000
2.000000 1.000000 1.000000 0.333333
0.333333 1.000000 1.000000 7.000000
0.250000 3.000000 0.142857 1.000000

Matrix 308:
1.000000 1.000000 0.500000 6.000000
1.000000 1.000000 1.000000 9.000000
2.000000 1.000000 1.000000 2.000000
0.166667 0.111111 0.500000 1.000000

Matrix 309:
1.000000 2.000000 9.000000 4.000000
0.500000 1.000000 8.000000 0.111111
0.111111 0.125000 1.000000 0.111111
0.250000 9.000000 9.000000 1.000000

Matrix 310:
1.000000 3.000000 1.000000 8.000000
0.333333 1.000000 0.142857 0.142857
1.000000 7.000000 1.000000 1.000000
0.125000 7.000000 1.000000 1.000000

Matrix 311:
1.000000 3.000000 0.500000 0.333333
0.333333 1.000000 8.000000 2.000000
2.000000 0.125000 1.000000 1.000000
3.000000 0.500000 1.000000 1.000000

Matrix 312:
1.000000 2.000000 0.200000 0.333333
0.500000 1.000000 4.000000 0.250000
5.000000 0.250000 1.000000 0.166667
3.000000 4.000000 6.000000 1.000000

Matrix 313:
1.000000 0.333333 0.333333 1.000000
3.000000 1.000000 5.000000 2.000000
3.000000 0.200000 1.000000 3.000000
1.000000 0.500000 0.333333 1.000000

Matrix 314:
1.000000 0.333333 1.000000 0.125000
3.000000 1.000000 0.200000 3.000000
1.000000 5.000000 1.000000 5.000000
8.000000 0.333333 0.200000 1.000000

Matrix 315:
1.000000 4.000000 1.000000 3.000000
0.250000 1.000000 6.000000 9.000000
1.000000 0.166667 1.000000 6.000000
0.333333 0.111111 0.166667 1.000000

Matrix 316:
1.000000 0.142857 0.200000 0.166667
7.000000 1.000000 4.000000 4.000000
5.000000 0.250000 1.000000 3.000000
6.000000 0.250000 0.333333 1.000000

Matrix 317:
1.000000 5.000000 0.166667 9.000000
0.200000 1.000000 0.142857 8.000000
6.000000 7.000000 1.000000 9.000000
0.111111 0.125000 0.111111 1.000000

Matrix 318:
1.000000 3.000000 4.000000 9.000000
0.333333 1.000000 5.000000 6.000000
0.250000 0.200000 1.000000 0.111111
0.111111 0.166667 9.000000 1.000000

Matrix 319:
1.000000 0.166667 0.500000 7.000000
6.000000 1.000000 0.125000 9.000000
2.000000 8.000000 1.000000 7.000000
0.142857 0.111111 0.142857 1.000000

Matrix 320:
1.000000 0.111111 0.333333 0.500000
9.000000 1.000000 3.000000 0.125000
3.000000 0.333333 1.000000 0.142857
2.000000 8.000000 7.000000 1.000000

Matrix 321:
1.000000 1.000000 3.000000 0.166667
1.000000 1.000000 6.000000 3.000000
0.333333 0.166667 1.000000 0.166667
6.000000 0.333333 6.000000 1.000000

Matrix 322:
1.000000 5.000000 0.250000 4.000000
0.200000 1.000000 0.200000 0.142857
4.000000 5.000000 1.000000 1.000000
0.250000 7.000000 1.000000 1.000000

Matrix 323:
1.000000 2.000000 1.000000 3.000000
0.500000 1.000000 0.500000 0.142857
1.000000 2.000000 1.000000 9.000000
0.333333 7.000000 0.111111 1.000000

Matrix 324:
1.000000 1.000000 0.125000 4.000000
1.000000 1.000000 0.111111 1.000000
8.000000 9.000000 1.000000 0.500000
0.250000 1.000000 2.000000 1.000000

Matrix 325:
1.000000 9.000000 3.000000 1.000000
0.111111 1.000000 0.166667 1.000000
0.333333 6.000000 1.000000 2.000000
1.000000 1.000000 0.500000 1.000000

Matrix 326:
1.000000 2.000000 0.125000 3.000000
0.500000 1.000000 0.125000 9.000000
8.000000 8.000000 1.000000 7.000000
0.333333 0.111111 0.142857 1.000000

Matrix 327:
1.000000 1.000000 0.142857 0.200000
1.000000 1.000000 4.000000 0.500000
7.000000 0.250000 1.000000 1.000000
5.000000 2.000000 1.000000 1.000000

Matrix 328:
1.000000 0.250000 3.000000 0.250000
4.000000 1.000000 1.000000 0.200000
0.333333 1.000000 1.000000 0.166667
4.000000 5.000000 6.000000 1.000000

Matrix 329:
1.000000 0.250000 0.125000 0.250000
4.000000 1.000000 0.125000 0.125000
8.000000 8.000000 1.000000 0.142857
4.000000 8.000000 7.000000 1.000000

Matrix 330:
1.000000 7.000000 3.000000 1.000000
0.142857 1.000000 2.000000 6.000000
0.333333 0.500000 1.000000 0.125000
1.000000 0.166667 8.000000 1.000000

Matrix 331:
1.000000 0.142857 0.333333 0.166667
7.000000 1.000000 2.000000 0.200000
3.000000 0.500000 1.000000 6.000000
6.000000 5.000000 0.166667 1.000000

Matrix 332:
1.000000 6.000000 0.166667 4.000000
0.166667 1.000000 0.500000 0.500000
6.000000 2.000000 1.000000 3.000000
0.250000 2.000000 0.333333 1.000000

Matrix 333:
1.000000 4.000000 0.111111 0.250000
0.250000 1.000000 0.142857 0.250000
9.000000 7.000000 1.000000 0.333333
4.000000 4.000000 3.000000 1.000000

Matrix 334:
1.000000 0.500000 0.200000 5.000000
2.000000 1.000000 0.111111 1.000000
5.000000 9.000000 1.000000 5.000000
0.200000 1.000000 0.200000 1.000000

Matrix 335:
1.000000 9.000000 8.000000 1.000000
0.111111 1.000000 6.000000 1.000000
0.125000 0.166667 1.000000 2.000000
1.000000 1.000000 0.500000 1.000000

Matrix 336:
1.000000 0.142857 0.200000 0.142857
7.000000 1.000000 5.000000 1.000000
5.000000 0.200000 1.000000 2.000000
7.000000 1.000000 0.500000 1.000000

Matrix 337:
1.000000 0.166667 0.166667 0.200000
6.000000 1.000000 5.000000 1.000000
6.000000 0.200000 1.000000 7.000000
5.000000 1.000000 0.142857 1.000000

Matrix 338:
1.000000 0.125000 2.000000 4.000000
8.000000 1.000000 8.000000 1.000000
0.500000 0.125000 1.000000 5.000000
0.250000 1.000000 0.200000 1.000000

Matrix 339:
1.000000 9.000000 4.000000 7.000000
0.111111 1.000000 8.000000 0.111111
0.250000 0.125000 1.000000 0.500000
0.142857 9.000000 2.000000 1.000000

Matrix 340:
1.000000 0.500000 0.200000 0.500000
2.000000 1.000000 5.000000 7.000000
5.000000 0.200000 1.000000 7.000000
2.000000 0.142857 0.142857 1.000000

Matrix 341:
1.000000 1.000000 4.000000 0.125000
1.000000 1.000000 4.000000 1.000000
0.250000 0.250000 1.000000 0.250000
8.000000 1.000000 4.000000 1.000000

Matrix 342:
1.000000 5.000000 7.000000 9.000000
0.200000 1.000000 0.333333 0.200000
0.142857 3.000000 1.000000 5.000000
0.111111 5.000000 0.200000 1.000000

Matrix 343:
1.000000 1.000000 0.333333 8.000000
1.000000 1.000000 0.200000 1.000000
3.000000 5.000000 1.000000 8.000000
0.125000 1.000000 0.125000 1.000000

Matrix 344:
1.000000 2.000000 9.000000 2.000000
0.500000 1.000000 5.000000 0.250000
0.111111 0.200000 1.000000 0.333333
0.500000 4.000000 3.000000 1.000000

Matrix 345:
1.000000 9.000000 8.000000 6.000000
0.111111 1.000000 5.000000 0.500000
0.125000 0.200000 1.000000 2.000000
0.166667 2.000000 0.500000 1.000000

Matrix 346:
1.000000 0.166667 0.500000 0.142857
6.000000 1.000000 3.000000 0.333333
2.000000 0.333333 1.000000 4.000000
7.000000 3.000000 0.250000 1.000000

Matrix 347:
1.000000 6.000000 6.000000 7.000000
0.166667 1.000000 7.000000 3.000000
0.166667 0.142857 1.000000 0.200000
0.142857 0.333333 5.000000 1.000000

Matrix 348:
1.000000 0.500000 1.000000 1.000000
2.000000 1.000000 0.250000 0.111111
1.000000 4.000000 1.000000 0.333333
1.000000 9.000000 3.000000 1.000000

Matrix 349:
1.000000 0.200000 9.000000 7.000000
5.000000 1.000000 8.000000 3.000000
0.111111 0.125000 1.000000 4.000000
0.142857 0.333333 0.250000 1.000000

Matrix 350:
1.000000 0.500000 0.250000 0.111111
2.000000 1.000000 0.250000 0.142857
4.000000 4.000000 1.000000 5.000000
9.000000 7.000000 0.200000 1.000000

Matrix 351:
1.000000 0.125000 1.000000 0.500000
8.000000 1.000000 4.000000 0.500000
1.000000 0.250000 1.000000 0.125000
2.000000 2.000000 8.000000 1.000000

Matrix 352:
1.000000 0.111111 0.142857 9.000000
9.000000 1.000000 0.333333 7.000000
7.000000 3.000000 1.000000 9.000000
0.111111 0.142857 0.111111 1.000000

Matrix 353:
1.000000 0.125000 0.500000 5.000000
8.000000 1.000000 0.500000 6.000000
2.000000 2.000000 1.000000 9.000000
0.200000 0.166667 0.111111 1.000000

Matrix 354:
1.000000 2.000000 0.500000 0.500000
0.500000 1.000000 0.142857 9.000000
2.000000 7.000000 1.000000 8.000000
2.000000 0.111111 0.125000 1.000000

Matrix 355:
1.000000 8.000000 9.000000 0.250000
0.125000 1.000000 8.000000 1.000000
0.111111 0.125000 1.000000 0.166667
4.000000 1.000000 6.000000 1.000000

Matrix 356:
1.000000 4.000000 3.000000 1.000000
0.250000 1.000000 0.142857 0.500000
0.333333 7.000000 1.000000 0.250000
1.000000 2.000000 4.000000 1.000000

Matrix 357:
1.000000 0.111111 0.250000 0.142857
9.000000 1.000000 0.125000 0.125000
4.000000 8.000000 1.000000 1.000000
7.000000 8.000000 1.000000 1.000000

Matrix 358:
1.000000 1.000000 0.200000 3.000000
1.000000 1.000000 8.000000 9.000000
5.000000 0.125000 1.000000 5.000000
0.333333 0.111111 0.200000 1.000000

Matrix 359:
1.000000 0.500000 2.000000 1.000000
2.000000 1.000000 6.000000 0.166667
0.500000 0.166667 1.000000 0.166667
1.000000 6.000000 6.000000 1.000000

Matrix 360:
1.000000 0.142857 9.000000 7.000000
7.000000 1.000000 5.000000 7.000000
0.111111 0.200000 1.000000 1.000000
0.142857 0.142857 1.000000 1.000000

Matrix 361:
1.000000 0.200000 9.000000 7.000000
5.000000 1.000000 4.000000 9.000000
0.111111 0.250000 1.000000 0.333333
0.142857 0.111111 3.000000 1.000000

Matrix 362:
1.000000 9.000000 7.000000 2.000000
0.111111 1.000000 0.250000 1.000000
0.142857 4.000000 1.000000 0.200000
0.500000 1.000000 5.000000 1.000000

Matrix 363:
1.000000 7.000000 9.000000 6.000000
0.142857 1.000000 0.166667 0.333333
0.111111 6.000000 1.000000 0.500000
0.166667 3.000000 2.000000 1.000000

Matrix 364:
1.000000 1.000000 0.125000 0.250000
1.000000 1.000000 4.000000 6.000000
8.000000 0.250000 1.000000 1.000000
4.000000 0.166667 1.000000 1.000000

Matrix 365:
1.000000 8.000000 3.000000 4.000000
0.125000 1.000000 0.250000 3.000000
0.333333 4.000000 1.000000 5.000000
0.250000 0.333333 0.200000 1.000000

Matrix 366:
1.000000 2.000000 0.166667 5.000000
0.500000 1.000000 0.200000 1.000000
6.000000 5.000000 1.000000 0.500000
0.200000 1.000000 2.000000 1.000000

Matrix 367:
1.000000 6.000000 0.166667 0.500000
0.166667 1.000000 1.000000 0.111111
6.000000 1.000000 1.000000 0.250000
2.000000 9.000000 4.000000 1.000000

Matrix 368:
1.000000 2.000000 2.000000 0.111111
0.500000 1.000000 0.125000 0.200000
0.500000 8.000000 1.000000 4.000000
9.000000 5.000000 0.250000 1.000000

Matrix 369:
1.000000 0.166667 0.250000 4.000000
6.000000 1.000000 9.000000 5.000000
4.000000 0.111111 1.000000 0.500000
0.250000 0.200000 2.000000 1.000000

Matrix 370:
1.000000 2.000000 1.000000 0.333333
0.500000 1.000000 9.000000 0.125000
1.000000 0.111111 1.000000 0.500000
3.000000 8.000000 2.000000 1.000000

Matrix 371:
1.000000 2.000000 0.250000 0.500000
0.500000 1.000000 8.000000 0.333333
4.000000 0.125000 1.000000 0.333333
2.000000 3.000000 3.000000 1.000000

Matrix 372:
1.000000 0.333333 0.200000 0.142857
3.000000 1.000000 0.200000 0.125000
5.000000 5.000000 1.000000 0.125000
7.000000 8.000000 8.000000 1.000000

Matrix 373:
1.000000 5.000000 1.000000 1.000000
0.200000 1.000000 9.000000 4.000000
1.000000 0.111111 1.000000 0.250000
1.000000 0.250000 4.000000 1.000000

Matrix 374:
1.000000 2.000000 0.166667 5.000000
0.500000 1.000000 0.500000 2.000000
6.000000 2.000000 1.000000 0.500000
0.200000 0.500000 2.000000 1.000000

Matrix 375:
1.000000 0.142857 4.000000 0.250000
7.000000 1.000000 6.000000 6.000000
0.250000 0.166667 1.000000 4.000000
4.000000 0.166667 0.250000 1.000000

Matrix 376:
1.000000 0.333333 8.000000 1.000000
3.000000 1.000000 5.000000 7.000000
0.125000 0.200000 1.000000 8.000000
1.000000 0.142857 0.125000 1.000000

Matrix 377:
1.000000 1.000000 0.250000 1.000000
1.000000 1.000000 6.000000 0.166667
4.000000 0.166667 1.000000 0.166667
1.000000 6.000000 6.000000 1.000000

Matrix 378:
1.000000 4.000000 0.500000 9.000000
0.250000 1.000000 2.000000 3.000000
2.000000 0.500000 1.000000 9.000000
0.111111 0.333333 0.111111 1.000000

Matrix 379:
1.000000 0.333333 1.000000 0.250000
3.000000 1.000000 0.166667 0.500000
1.000000 6.000000 1.000000 2.000000
4.000000 2.000000 0.500000 1.000000

Matrix 380:
1.000000 4.000000 4.000000 0.142857
0.250000 1.000000 0.500000 1.000000
0.250000 2.000000 1.000000 0.500000
7.000000 1.000000 2.000000 1.000000

Matrix 381:
1.000000 3.000000 7.000000 4.000000
0.333333 1.000000 4.000000 0.200000
0.142857 0.250000 1.000000 0.200000
0.250000 5.000000 5.000000 1.000000

Matrix 382:
1.000000 4.000000 5.000000 0.125000
0.250000 1.000000 3.000000 0.200000
0.200000 0.333333 1.000000 0.333333
8.000000 5.000000 3.000000 1.000000

Matrix 383:
1.000000 2.000000 0.250000 7.000000
0.500000 1.000000 7.000000 9.000000
4.000000 0.142857 1.000000 8.000000
0.142857 0.111111 0.125000 1.000000

Matrix 384:
1.000000 3.000000 5.000000 5.000000
0.333333 1.000000 0.111111 0.250000
0.200000 9.000000 1.000000 9.000000
0.200000 4.000000 0.111111 1.000000

Matrix 385:
1.000000 1.000000 1.000000 0.250000
1.000000 1.000000 0.111111 0.125000
1.000000 9.000000 1.000000 0.111111
4.000000 8.000000 9.000000 1.000000

Matrix 386:
1.000000 0.166667 0.333333 2.000000
6.000000 1.000000 9.000000 6.000000
3.000000 0.111111 1.000000 0.125000
0.500000 0.166667 8.000000 1.000000

Matrix 387:
1.000000 1.000000 7.000000 5.000000
1.000000 1.000000 1.000000 0.250000
0.142857 1.000000 1.000000 0.111111
0.200000 4.000000 9.000000 1.000000

Matrix 388:
1.000000 0.200000 0.166667 0.166667
5.000000 1.000000 8.000000 7.000000
6.000000 0.125000 1.000000 0.142857
6.000000 0.142857 7.000000 1.000000

Matrix 389:
1.000000 0.142857 1.000000 7.000000
7.000000 1.000000 1.000000 1.000000
1.000000 1.000000 1.000000 7.000000
0.142857 1.000000 0.142857 1.000000

Matrix 390:
1.000000 6.000000 3.000000 0.250000
0.166667 1.000000 9.000000 0.125000
0.333333 0.111111 1.000000 0.250000
4.000000 8.000000 4.000000 1.000000

Matrix 391:
1.000000 1.000000 0.125000 0.250000
1.000000 1.000000 0.200000 0.200000
8.000000 5.000000 1.000000 0.200000
4.000000 5.000000 5.000000 1.000000

Matrix 392:
1.000000 4.000000 7.000000 0.500000
0.250000 1.000000 9.000000 9.000000
0.142857 0.111111 1.000000 0.142857
2.000000 0.111111 7.000000 1.000000

Matrix 393:
1.000000 5.000000 9.000000 4.000000
0.200000 1.000000 8.000000 5.000000
0.111111 0.125000 1.000000 0.142857
0.250000 0.200000 7.000000 1.000000

Matrix 394:
1.000000 3.000000 2.000000 0.125000
0.333333 1.000000 0.333333 0.500000
0.500000 3.000000 1.000000 1.000000
8.000000 2.000000 1.000000 1.000000

Matrix 395:
1.000000 0.250000 4.000000 0.333333
4.000000 1.000000 0.250000 0.125000
0.250000 4.000000 1.000000 0.333333
3.000000 8.000000 3.000000 1.000000

Matrix 396:
1.000000 6.000000 5.000000 7.000000
0.166667 1.000000 6.000000 1.000000
0.200000 0.166667 1.000000 4.000000
0.142857 1.000000 0.250000 1.000000

Matrix 397:
1.000000 0.200000 0.200000 0.111111
5.000000 1.000000 0.250000 5.000000
5.000000 4.000000 1.000000 8.000000
9.000000 0.200000 0.125000 1.000000

Matrix 398:
1.000000 0.333333 1.000000 5.000000
3.000000 1.000000 0.142857 1.000000
1.000000 7.000000 1.000000 1.000000
0.200000 1.000000 1.000000 1.000000

Matrix 399:
1.000000 0.111111 0.142857 1.000000
9.000000 1.000000 0.166667 0.142857
7.000000 6.000000 1.000000 3.000000
1.000000 7.000000 0.333333 1.000000

Matrix 400:
1.000000 4.000000 5.000000 0.125000
0.250000 1.000000 7.000000 1.000000
0.200000 0.142857 1.000000 0.250000
8.000000 1.000000 4.000000 1.000000

Matrix 401:
1.000000 6.000000 2.000000 0.200000
0.166667 1.000000 0.500000 0.125000
0.500000 2.000000 1.000000 1.000000
5.000000 8.000000 1.000000 1.000000

Matrix 402:
1.000000 7.000000 0.333333 0.500000
0.142857 1.000000 1.000000 0.125000
3.000000 1.000000 1.000000 7.000000
2.000000 8.000000 0.142857 1.000000

Matrix 403:
1.000000 9.000000 0.250000 8.000000
0.111111 1.000000 0.333333 0.200000
4.000000 3.000000 1.000000 8.000000
0.125000 5.000000 0.125000 1.000000

Matrix 404:
1.000000 0.250000 0.125000 0.333333
4.000000 1.000000 9.000000 0.125000
8.000000 0.111111 1.000000 0.111111
3.000000 8.000000 9.000000 1.000000

Matrix 405:
1.000000 6.000000 1.000000 2.000000
0.166667 1.000000 1.000000 1.000000
1.000000 1.000000 1.000000 1.000000
0.500000 1.000000 1.000000 1.000000

Matrix 406:
1.000000 0.250000 0.200000 0.500000
4.000000 1.000000 0.200000 0.111111
5.000000 5.000000 1.000000 0.142857
2.000000 9.000000 7.000000 1.000000

Matrix 407:
1.000000 1.000000 8.000000 0.125000
1.000000 1.000000 6.000000 0.111111
0.125000 0.166667 1.000000 0.111111
8.000000 9.000000 9.000000 1.000000

Matrix 408:
1.000000 0.333333 3.000000 5.000000
3.000000 1.000000 5.000000 9.000000
0.333333 0.200000 1.000000 0.200000
0.200000 0.111111 5.000000 1.000000

Matrix 409:
1.000000 1.000000 9.000000 6.000000
1.000000 1.000000 0.200000 7.000000
0.111111 5.000000 1.000000 5.000000
0.166667 0.142857 0.200000 1.000000

Matrix 410:
1.000000 0.250000 0.500000 8.000000
4.000000 1.000000 0.111111 6.000000
2.000000 9.000000 1.000000 9.000000
0.125000 0.166667 0.111111 1.000000

Matrix 411:
1.000000 8.000000 5.000000 6.000000
0.125000 1.000000 9.000000 0.166667
0.200000 0.111111 1.000000 0.333333
0.166667 6.000000 3.000000 1.000000

Matrix 412:
1.000000 0.333333 0.333333 7.000000
3.000000 1.000000 0.111111 1.000000
3.000000 9.000000 1.000000 3.000000
0.142857 1.000000 0.333333 1.000000

Matrix 413:
1.000000 1.000000 0.500000 0.200000
1.000000 1.000000 0.200000 7.000000
2.000000 5.000000 1.000000 4.000000
5.000000 0.142857 0.250000 1.000000

Matrix 414:
1.000000 0.166667 9.000000 0.111111
6.000000 1.000000 2.000000 2.000000
0.111111 0.500000 1.000000 0.250000
9.000000 0.500000 4.000000 1.000000

Matrix 415:
1.000000 4.000000 0.250000 0.142857
0.250000 1.000000 0.166667 0.125000
4.000000 6.000000 1.000000 6.000000
7.000000 8.000000 0.166667 1.000000

Matrix 416:
1.000000 8.000000 0.500000 0.142857
0.125000 1.000000 0.166667 0.250000
2.000000 6.000000 1.000000 0.333333
7.000000 4.000000 3.000000 1.000000

Matrix 417:
1.000000 9.000000 2.000000 0.142857
0.111111 1.000000 0.111111 0.250000
0.500000 9.000000 1.000000 0.250000
7.000000 4.000000 4.000000 1.000000

Matrix 418:
1.000000 0.166667 5.000000 4.000000
6.000000 1.000000 8.000000 7.000000
0.200000 0.125000 1.000000 0.142857
0.250000 0.142857 7.000000 1.000000

Matrix 419:
1.000000 0.250000 0.500000 0.200000
4.000000 1.000000 7.000000 5.000000
2.000000 0.142857 1.000000 8.000000
5.000000 0.200000 0.125000 1.000000

Matrix 420:
1.000000 2.000000 5.000000 7.000000
0.500000 1.000000 0.333333 5.000000
0.200000 3.000000 1.000000 7.000000
0.142857 0.200000 0.142857 1.000000

Matrix 421:
1.000000 3.000000 8.000000 0.250000
0.333333 1.000000 6.000000 0.142857
0.125000 0.166667 1.000000 0.142857
4.000000 7.000000 7.000000 1.000000

Matrix 422:
1.000000 7.000000 0.250000 5.000000
0.142857 1.000000 2.000000 6.000000
4.000000 0.500000 1.000000 6.000000
0.200000 0.166667 0.166667 1.000000

Matrix 423:
1.000000 0.333333 0.200000 0.200000
3.000000 1.000000 7.000000 5.000000
5.000000 0.142857 1.000000 7.000000
5.000000 0.200000 0.142857 1.000000

Matrix 424:
1.000000 5.000000 7.000000 7.000000
0.200000 1.000000 0.142857 0.250000
0.142857 7.000000 1.000000 4.000000
0.142857 4.000000 0.250000 1.000000

Matrix 425:
1.000000 3.000000 6.000000 9.000000
0.333333 1.000000 0.166667 0.500000
0.166667 6.000000 1.000000 1.000000
0.111111 2.000000 1.000000 1.000000

Matrix 426:
1.000000 1.000000 1.000000 0.142857
1.000000 1.000000 4.000000 7.000000
1.000000 0.250000 1.000000 0.125000
7.000000 0.142857 8.000000 1.000000

Matrix 427:
1.000000 3.000000 0.125000 0.111111
0.333333 1.000000 0.125000 0.125000
8.000000 8.000000 1.000000 9.000000
9.000000 8.000000 0.111111 1.000000

Matrix 428:
1.000000 0.500000 1.000000 0.111111
2.000000 1.000000 3.000000 0.125000
1.000000 0.333333 1.000000 0.250000
9.000000 8.000000 4.000000 1.000000

Matrix 429:
1.000000 4.000000 2.000000 5.000000
0.250000 1.000000 2.000000 6.000000
0.500000 0.500000 1.000000 1.000000
0.200000 0.166667 1.000000 1.000000

Matrix 430:
1.000000 1.000000 3.000000 5.000000
1.000000 1.000000 2.000000 0.333333
0.333333 0.500000 1.000000 0.333333
0.200000 3.000000 3.000000 1.000000

Matrix 431:
1.000000 6.000000 5.000000 5.000000
0.166667 1.000000 9.000000 1.000000
0.200000 0.111111 1.000000 0.200000
0.200000 1.000000 5.000000 1.000000

Matrix 432:
1.000000 0.250000 0.333333 6.000000
4.000000 1.000000 4.000000 3.000000
3.000000 0.250000 1.000000 0.500000
0.166667 0.333333 2.000000 1.000000

Matrix 433:
1.000000 4.000000 4.000000 0.125000
0.250000 1.000000 0.200000 0.200000
0.250000 5.000000 1.000000 2.000000
8.000000 5.000000 0.500000 1.000000

Matrix 434:
1.000000 8.000000 5.000000 6.000000
0.125000 1.000000 3.000000 0.111111
0.200000 0.333333 1.000000 0.200000
0.166667 9.000000 5.000000 1.000000

Matrix 435:
1.000000 0.142857 5.000000 0.166667
7.000000 1.000000 3.000000 0.166667
0.200000 0.333333 1.000000 0.166667
6.000000 6.000000 6.000000 1.000000

Matrix 436:
1.000000 1.000000 3.000000 9.000000
1.000000 1.000000 0.142857 9.000000
0.333333 7.000000 1.000000 8.000000
0.111111 0.111111 0.125000 1.000000

Matrix 437:
1.000000 0.166667 1.000000 1.000000
6.000000 1.000000 1.000000 1.000000
1.000000 1.000000 1.000000 6.000000
1.000000 1.000000 0.166667 1.000000

Matrix 438:
1.000000 0.111111 1.000000 0.142857
9.000000 1.000000 8.000000 7.000000
1.000000 0.125000 1.000000 9.000000
7.000000 0.142857 0.111111 1.000000

Matrix 439:
1.000000 7.000000 1.000000 0.125000
0.142857 1.000000 0.111111 0.125000
1.000000 9.000000 1.000000 1.000000
8.000000 8.000000 1.000000 1.000000

Matrix 440:
1.000000 0.333333 5.000000 5.000000
3.000000 1.000000 3.000000 0.500000
0.200000 0.333333 1.000000 4.000000
0.200000 2.000000 0.250000 1.000000

Matrix 441:
1.000000 1.000000 0.142857 3.000000
1.000000 1.000000 0.111111 5.000000
7.000000 9.000000 1.000000 4.000000
0.333333 0.200000 0.250000 1.000000

Matrix 442:
1.000000 0.500000 0.111111 9.000000
2.000000 1.000000 1.000000 9.000000
9.000000 1.000000 1.000000 8.000000
0.111111 0.111111 0.125000 1.000000

Matrix 443:
1.000000 0.166667 0.142857 0.250000
6.000000 1.000000 0.166667 0.142857
7.000000 6.000000 1.000000 1.000000
4.000000 7.000000 1.000000 1.000000

Matrix 444:
1.000000 0.500000 0.333333 1.000000
2.000000 1.000000 0.111111 6.000000
3.000000 9.000000 1.000000 2.000000
1.000000 0.166667 0.500000 1.000000

Matrix 445:
1.000000 2.000000 1.000000 6.000000
0.500000 1.000000 0.166667 8.000000
1.000000 6.000000 1.000000 3.000000
0.166667 0.125000 0.333333 1.000000

Matrix 446:
1.000000 0.333333 0.250000 0.333333
3.000000 1.000000 6.000000 0.166667
4.000000 0.166667 1.000000 0.166667
3.000000 6.000000 6.000000 1.000000

Matrix 447:
1.000000 9.000000 0.166667 0.500000
0.111111 1.000000 0.111111 0.125000
6.000000 9.000000 1.000000 0.142857
2.000000 8.000000 7.000000 1.000000

Matrix 448:
1.000000 0.142857 0.200000 0.250000
7.000000 1.000000 0.166667 3.000000
5.000000 6.000000 1.000000 5.000000
4.000000 0.333333 0.200000 1.000000

Matrix 449:
1.000000 1.000000 0.111111 0.125000
1.000000 1.000000 0.200000 0.333333
9.000000 5.000000 1.000000 0.250000
8.000000 3.000000 4.000000 1.000000

Matrix 450:
1.000000 2.000000 3.000000 3.000000
0.500000 1.000000 0.125000 0.500000
0.333333 8.000000 1.000000 0.111111
0.333333 2.000000 9.000000 1.000000

Matrix 451:
1.000000 0.250000 5.000000 7.000000
4.000000 1.000000 0.333333 3.000000
0.200000 3.000000 1.000000 1.000000
0.142857 0.333333 1.000000 1.000000

Matrix 452:
1.000000 0.250000 5.000000 0.111111
4.000000 1.000000 1.000000 0.500000
0.200000 1.000000 1.000000 0.166667
9.000000 2.000000 6.000000 1.000000

Matrix 453:
1.000000 5.000000 0.250000 0.200000
0.200000 1.000000 1.000000 0.500000
4.000000 1.000000 1.000000 3.000000
5.000000 2.000000 0.333333 1.000000

Matrix 454:
1.000000 1.000000 1.000000 0.500000
1.000000 1.000000 0.166667 8.000000
1.000000 6.000000 1.000000 1.000000
2.000000 0.125000 1.000000 1.000000

Matrix 455:
1.000000 4.000000 9.000000 2.000000
0.250000 1.000000 0.142857 0.142857
0.111111 7.000000 1.000000 0.500000
0.500000 7.000000 2.000000 1.000000

Matrix 456:
1.000000 7.000000 2.000000 9.000000
0.142857 1.000000 0.333333 0.142857
0.500000 3.000000 1.000000 4.000000
0.111111 7.000000 0.250000 1.000000

Matrix 457:
1.000000 1.000000 2.000000 0.125000
1.000000 1.000000 2.000000 0.166667
0.500000 0.500000 1.000000 1.000000
8.000000 6.000000 1.000000 1.000000

Matrix 458:
1.000000 0.142857 0.333333 0.250000
7.000000 1.000000 7.000000 1.000000
3.000000 0.142857 1.000000 3.000000
4.000000 1.000000 0.333333 1.000000

Matrix 459:
1.000000 0.500000 0.166667 0.125000
2.000000 1.000000 0.111111 1.000000
6.000000 9.000000 1.000000 6.000000
8.000000 1.000000 0.166667 1.000000

Matrix 460:
1.000000 2.000000 9.000000 5.000000
0.500000 1.000000 0.500000 6.000000
0.111111 2.000000 1.000000 8.000000
0.200000 0.166667 0.125000 1.000000

Matrix 461:
1.000000 0.500000 0.142857 8.000000
2.000000 1.000000 8.000000 9.000000
7.000000 0.125000 1.000000 5.000000
0.125000 0.111111 0.200000 1.000000

Matrix 462:
1.000000 0.200000 0.111111 0.111111
5.000000 1.000000 0.166667 0.125000
9.000000 6.000000 1.000000 6.000000
9.000000 8.000000 0.166667 1.000000

Matrix 463:
1.000000 0.500000 0.166667 0.200000
2.000000 1.000000 8.000000 6.000000
6.000000 0.125000 1.000000 0.166667
5.000000 0.166667 6.000000 1.000000

Matrix 464:
1.000000 0.142857 0.142857 0.166667
7.000000 1.000000 0.500000 0.333333
7.000000 2.000000 1.000000 0.142857
6.000000 3.000000 7.000000 1.000000

Matrix 465:
1.000000 4.000000 4.000000 7.000000
0.250000 1.000000 3.000000 0.333333
0.250000 0.333333 1.000000 0.500000
0.142857 3.000000 2.000000 1.000000

Matrix 466:
1.000000 1.000000 0.125000 0.333333
1.000000 1.000000 0.166667 0.333333
8.000000 6.000000 1.000000 0.250000
3.000000 3.000000 4.000000 1.000000

Matrix 467:
1.000000 0.333333 0.166667 0.333333
3.000000 1.000000 2.000000 0.200000
6.000000 0.500000 1.000000 4.000000
3.000000 5.000000 0.250000 1.000000

Matrix 468:
1.000000 0.250000 9.000000 0.333333
4.000000 1.000000 2.000000 4.000000
0.111111 0.500000 1.000000 0.166667
3.000000 0.250000 6.000000 1.000000

Matrix 469:
1.000000 5.000000 0.111111 0.125000
0.200000 1.000000 0.142857 0.200000
9.000000 7.000000 1.000000 1.000000
8.000000 5.000000 1.000000 1.000000

Matrix 470:
1.000000 1.000000 7.000000 6.000000
1.000000 1.000000 8.000000 4.000000
0.142857 0.125000 1.000000 3.000000
0.166667 0.250000 0.333333 1.000000

Matrix 471:
1.000000 3.000000 0.200000 6.000000
0.333333 1.000000 0.250000 7.000000
5.000000 4.000000 1.000000 1.000000
0.166667 0.142857 1.000000 1.000000

Matrix 472:
1.000000 2.000000 8.000000 6.000000
0.500000 1.000000 6.000000 1.000000
0.125000 0.166667 1.000000 4.000000
0.166667 1.000000 0.250000 1.000000

Matrix 473:
1.000000 3.000000 4.000000 0.125000
0.333333 1.000000 9.000000 0.111111
0.250000 0.111111 1.000000 0.333333
8.000000 9.000000 3.000000 1.000000

Matrix 474:
1.000000 4.000000 1.000000 8.000000
0.250000 1.000000 0.250000 4.000000
1.000000 4.000000 1.000000 3.000000
0.125000 0.250000 0.333333 1.000000

Matrix 475:
1.000000 3.000000 2.000000 2.000000
0.333333 1.000000 2.000000 0.250000
0.500000 0.500000 1.000000 0.111111
0.500000 4.000000 9.000000 1.000000

Matrix 476:
1.000000 2.000000 0.111111 1.000000
0.500000 1.000000 0.142857 0.200000
9.000000 7.000000 1.000000 0.166667
1.000000 5.000000 6.000000 1.000000

Matrix 477:
1.000000 0.200000 0.333333 2.000000
5.000000 1.000000 8.000000 8.000000
3.000000 0.125000 1.000000 1.000000
0.500000 0.125000 1.000000 1.000000

Matrix 478:
1.000000 6.000000 8.000000 0.500000
0.166667 1.000000 0.142857 0.250000
0.125000 7.000000 1.000000 0.500000
2.000000 4.000000 2.000000 1.000000

Matrix 479:
1.000000 7.000000 5.000000 0.142857
0.142857 1.000000 0.250000 0.166667
0.200000 4.000000 1.000000 1.000000
7.000000 6.000000 1.000000 1.000000

Matrix 480:
1.000000 4.000000 4.000000 0.333333
0.250000 1.000000 5.000000 0.166667
0.250000 0.200000 1.000000 0.200000
3.000000 6.000000 5.000000 1.000000

Matrix 481:
1.000000 1.000000 0.200000 1.000000
1.000000 1.000000 1.000000 0.250000
5.000000 1.000000 1.000000 7.000000
1.000000 4.000000 0.142857 1.000000

Matrix 482:
1.000000 0.500000 0.142857 0.125000
2.000000 1.000000 0.142857 5.000000
7.000000 7.000000 1.000000 1.000000
8.000000 0.200000 1.000000 1.000000

Matrix 483:
1.000000 1.000000 0.111111 0.142857
1.000000 1.000000 7.000000 2.000000
9.000000 0.142857 1.000000 1.000000
7.000000 0.500000 1.000000 1.000000

Matrix 484:
1.000000 0.125000 1.000000 0.166667
8.000000 1.000000 9.000000 0.166667
1.000000 0.111111 1.000000 0.250000
6.000000 6.000000 4.000000 1.000000

Matrix 485:
1.000000 1.000000 0.200000 0.500000
1.000000 1.000000 6.000000 1.000000
5.000000 0.166667 1.000000 0.125000
2.000000 1.000000 8.000000 1.000000

Matrix 486:
1.000000 0.500000 6.000000 1.000000
2.000000 1.000000 0.333333 1.000000
0.166667 3.000000 1.000000 0.333333
1.000000 1.000000 3.000000 1.000000

Matrix 487:
1.000000 1.000000 9.000000 9.000000
1.000000 1.000000 0.142857 3.000000
0.111111 7.000000 1.000000 1.000000
0.111111 0.333333 1.000000 1.000000

Matrix 488:
1.000000 8.000000 0.200000 0.125000
0.125000 1.000000 0.250000 0.125000
5.000000 4.000000 1.000000 0.125000
8.000000 8.000000 8.000000 1.000000

Matrix 489:
1.000000 1.000000 5.000000 9.000000
1.000000 1.000000 0.125000 8.000000
0.200000 8.000000 1.000000 7.000000
0.111111 0.125000 0.142857 1.000000

Matrix 490:
1.000000 9.000000 6.000000 6.000000
0.111111 1.000000 7.000000 5.000000
0.166667 0.142857 1.000000 2.000000
0.166667 0.200000 0.500000 1.000000

Matrix 491:
1.000000 6.000000 8.000000 0.200000
0.166667 1.000000 0.333333 0.200000
0.125000 3.000000 1.000000 0.111111
5.000000 5.000000 9.000000 1.000000

Matrix 492:
1.000000 1.000000 9.000000 3.000000
1.000000 1.000000 8.000000 5.000000
0.111111 0.125000 1.000000 0.111111
0.333333 0.200000 9.000000 1.000000

Matrix 493:
1.000000 4.000000 2.000000 1.000000
0.250000 1.000000 0.250000 7.000000
0.500000 4.000000 1.000000 7.000000
1.000000 0.142857 0.142857 1.000000

Matrix 494:
1.000000 0.166667 0.500000 7.000000
6.000000 1.000000 1.000000 1.000000
2.000000 1.000000 1.000000 1.000000
0.142857 1.000000 1.000000 1.000000

Matrix 495:
1.000000 1.000000 2.000000 7.000000
1.000000 1.000000 0.142857 0.166667
0.500000 7.000000 1.000000 0.500000
0.142857 6.000000 2.000000 1.000000

Matrix 496:
1.000000 4.000000 2.000000 0.333333
0.250000 1.000000 0.125000 0.500000
0.500000 8.000000 1.000000 1.000000
3.000000 2.000000 1.000000 1.000000

Matrix 497:
1.000000 0.166667 8.000000 1.000000
6.000000 1.000000 2.000000 2.000000
0.125000 0.500000 1.000000 0.142857
1.000000 0.500000 7.000000 1.000000

Matrix 498:
1.000000 0.250000 0.111111 0.500000
4.000000 1.000000 4.000000 6.000000
9.000000 0.250000 1.000000 0.500000
2.000000 0.166667 2.000000 1.000000

Matrix 499:
1.000000 0.142857 0.250000 5.000000
7.000000 1.000000 4.000000 6.000000
4.000000 0.250000 1.000000 1.000000
0.200000 0.166667 1.000000 1.000000

Matrix 500:
1.000000 1.000000 3.000000 0.250000
1.000000 1.000000 0.200000 0.333333
0.333333 5.000000 1.000000 0.500000
4.000000 3.000000 2.000000 1.000000

Matrix 501:
1.000000 3.000000 4.000000 0.333333
0.333333 1.000000 7.000000 8.000000
0.250000 0.142857 1.000000 0.125000
3.000000 0.125000 8.000000 1.000000

Matrix 502:
1.000000 7.000000 3.000000 1.000000
0.142857 1.000000 2.000000 4.000000
0.333333 0.500000 1.000000 4.000000
1.000000 0.250000 0.250000 1.000000

Matrix 503:
1.000000 0.111111 0.250000 6.000000
9.000000 1.000000 0.500000 2.000000
4.000000 2.000000 1.000000 3.000000
0.166667 0.500000 0.333333 1.000000

Matrix 504:
1.000000 3.000000 3.000000 2.000000
0.333333 1.000000 0.125000 7.000000
0.333333 8.000000 1.000000 4.000000
0.500000 0.142857 0.250000 1.000000

Matrix 505:
1.000000 9.000000 1.000000 1.000000
0.111111 1.000000 0.125000 2.000000
1.000000 8.000000 1.000000 0.333333
1.000000 0.500000 3.000000 1.000000

Matrix 506:
1.000000 2.000000 0.142857 6.000000
0.500000 1.000000 5.000000 5.000000
7.000000 0.200000 1.000000 3.000000
0.166667 0.200000 0.333333 1.000000

Matrix 507:
1.000000 0.250000 6.000000 0.111111
4.000000 1.000000 8.000000 0.250000
0.166667 0.125000 1.000000 0.125000
9.000000 4.000000 8.000000 1.000000

Matrix 508:
1.000000 0.200000 1.000000 8.000000
5.000000 1.000000 4.000000 4.000000
1.000000 0.250000 1.000000 0.500000
0.125000 0.250000 2.000000 1.000000

Matrix 509:
1.000000 0.200000 0.200000 8.000000
5.000000 1.000000 2.000000 5.000000
5.000000 0.500000 1.000000 1.000000
0.125000 0.200000 1.000000 1.000000

Matrix 510:
1.000000 4.000000 0.200000 1.000000
0.250000 1.000000 0.333333 0.500000
5.000000 3.000000 1.000000 3.000000
1.000000 2.000000 0.333333 1.000000

Matrix 511:
1.000000 3.000000 2.000000 9.000000
0.333333 1.000000 8.000000 0.166667
0.500000 0.125000 1.000000 0.500000
0.111111 6.000000 2.000000 1.000000

Matrix 512:
1.000000 3.000000 0.142857 3.000000
0.333333 1.000000 1.000000 1.000000
7.000000 1.000000 1.000000 3.000000
0.333333 1.000000 0.333333 1.000000

Matrix 513:
1.000000 0.111111 0.500000 1.000000
9.000000 1.000000 0.500000 3.000000
2.000000 2.000000 1.000000 3.000000
1.000000 0.333333 0.333333 1.000000

Matrix 514:
1.000000 2.000000 0.500000 0.333333
0.500000 1.000000 1.000000 4.000000
2.000000 1.000000 1.000000 5.000000
3.000000 0.250000 0.200000 1.000000

Matrix 515:
1.000000 0.125000 6.000000 1.000000
8.000000 1.000000 9.000000 7.000000
0.166667 0.111111 1.000000 0.111111
1.000000 0.142857 9.000000 1.000000

Matrix 516:
1.000000 1.000000 0.250000 0.166667
1.000000 1.000000 1.000000 3.000000
4.000000 1.000000 1.000000 8.000000
6.000000 0.333333 0.125000 1.000000

Matrix 517:
1.000000 6.000000 1.000000 4.000000
0.166667 1.000000 1.000000 0.333333
1.000000 1.000000 1.000000 0.111111
0.250000 3.000000 9.000000 1.000000

Matrix 518:
1.000000 0.142857 1.000000 1.000000
7.000000 1.000000 4.000000 6.000000
1.000000 0.250000 1.000000 9.000000
1.000000 0.166667 0.111111 1.000000

Matrix 519:
1.000000 0.200000 0.142857 0.166667
5.000000 1.000000 8.000000 2.000000
7.000000 0.125000 1.000000 0.250000
6.000000 0.500000 4.000000 1.000000

Matrix 520:
1.000000 0.125000 6.000000 0.166667
8.000000 1.000000 3.000000 1.000000
0.166667 0.333333 1.000000 0.500000
6.000000 1.000000 2.000000 1.000000

Matrix 521:
1.000000 0.142857 3.000000 0.200000
7.000000 1.000000 0.333333 0.125000
0.333333 3.000000 1.000000 0.250000
5.000000 8.000000 4.000000 1.000000

Matrix 522:
1.000000 0.500000 2.000000 0.500000
2.000000 1.000000 5.000000 0.142857
0.500000 0.200000 1.000000 0.166667
2.000000 7.000000 6.000000 1.000000

Matrix 523:
1.000000 6.000000 5.000000 6.000000
0.166667 1.000000 0.111111 0.111111
0.200000 9.000000 1.000000 0.250000
0.166667 9.000000 4.000000 1.000000

Matrix 524:
1.000000 1.000000 3.000000 4.000000
1.000000 1.000000 0.333333 0.200000
0.333333 3.000000 1.000000 7.000000
0.250000 5.000000 0.142857 1.000000

Matrix 525:
1.000000 5.000000 7.000000 8.000000
0.200000 1.000000 7.000000 0.250000
0.142857 0.142857 1.000000 0.166667
0.125000 4.000000 6.000000 1.000000

Matrix 526:
1.000000 0.166667 1.000000 0.200000
6.000000 1.000000 6.000000 0.142857
1.000000 0.166667 1.000000 1.000000
5.000000 7.000000 1.000000 1.000000

Matrix 527:
1.000000 4.000000 9.000000 1.000000
0.250000 1.000000 1.000000 2.000000
0.111111 1.000000 1.000000 2.000000
1.000000 0.500000 0.500000 1.000000

Matrix 528:
1.000000 0.333333 1.000000 0.166667
3.000000 1.000000 3.000000 0.333333
1.000000 0.333333 1.000000 2.000000
6.000000 3.000000 0.500000 1.000000

Matrix 529:
1.000000 5.000000 6.000000 0.250000
0.200000 1.000000 6.000000 3.000000
0.166667 0.166667 1.000000 0.500000
4.000000 0.333333 2.000000 1.000000

Matrix 530:
1.000000 0.333333 3.000000 0.125000
3.000000 1.000000 5.000000 1.000000
0.333333 0.200000 1.000000 3.000000
8.000000 1.000000 0.333333 1.000000

Matrix 531:
1.000000 0.200000 0.166667 6.000000
5.000000 1.000000 1.000000 1.000000
6.000000 1.000000 1.000000 4.000000
0.166667 1.000000 0.250000 1.000000

Matrix 532:
1.000000 1.000000 1.000000 3.000000
1.000000 1.000000 0.250000 0.166667
1.000000 4.000000 1.000000 0.500000
0.333333 6.000000 2.000000 1.000000

Matrix 533:
1.000000 0.500000 1.000000 0.142857
2.000000 1.000000 7.000000 0.142857
1.000000 0.142857 1.000000 1.000000
7.000000 7.000000 1.000000 1.000000

Matrix 534:
1.000000 0.111111 3.000000 0.166667
9.000000 1.000000 1.000000 1.000000
0.333333 1.000000 1.000000 2.000000
6.000000 1.000000 0.500000 1.000000

Matrix 535:
1.000000 8.000000 2.000000 0.166667
0.125000 1.000000 0.142857 1.000000
0.500000 7.000000 1.000000 0.250000
6.000000 1.000000 4.000000 1.000000

Matrix 536:
1.000000 8.000000 1.000000 0.333333
0.125000 1.000000 2.000000 0.166667
1.000000 0.500000 1.000000 0.111111
3.000000 6.000000 9.000000 1.000000

Matrix 537:
1.000000 6.000000 3.000000 6.000000
0.166667 1.000000 7.000000 9.000000
0.333333 0.142857 1.000000 4.000000
0.166667 0.111111 0.250000 1.000000

Matrix 538:
1.000000 0.142857 1.000000 1.000000
7.000000 1.000000 0.500000 8.000000
1.000000 2.000000 1.000000 7.000000
1.000000 0.125000 0.142857 1.000000

Matrix 539:
1.000000 4.000000 1.000000 0.166667
0.250000 1.000000 0.142857 0.500000
1.000000 7.000000 1.000000 1.000000
6.000000 2.000000 1.000000 1.000000

Matrix 540:
1.000000 4.000000 8.000000 0.111111
0.250000 1.000000 0.166667 0.250000
0.125000 6.000000 1.000000 0.500000
9.000000 4.000000 2.000000 1.000000

Matrix 541:
1.000000 0.200000 2.000000 0.142857
5.000000 1.000000 8.000000 1.000000
0.500000 0.125000 1.000000 1.000000
7.000000 1.000000 1.000000 1.000000

Matrix 542:
1.000000 0.125000 0.333333 9.000000
8.000000 1.000000 2.000000 8.000000
3.000000 0.500000 1.000000 1.000000
0.111111 0.125000 1.000000 1.000000

Matrix 543:
1.000000 1.000000 1.000000 0.142857
1.000000 1.000000 0.125000 0.200000
1.000000 8.000000 1.000000 0.125000
7.000000 5.000000 8.000000 1.000000

Matrix 544:
1.000000 0.142857 1.000000 0.500000
7.000000 1.000000 0.500000 0.166667
1.000000 2.000000 1.000000 4.000000
2.000000 6.000000 0.250000 1.000000

Matrix 545:
1.000000 7.000000 7.000000 2.000000
0.142857 1.000000 0.111111 1.000000
0.142857 9.000000 1.000000 7.000000
0.500000 1.000000 0.142857 1.000000

Matrix 546:
1.000000 1.000000 3.000000 0.142857
1.000000 1.000000 9.000000 1.000000
0.333333 0.111111 1.000000 0.333333
7.000000 1.000000 3.000000 1.000000

Matrix 547:
1.000000 0.125000 8.000000 7.000000
8.000000 1.000000 4.000000 3.000000
0.125000 0.250000 1.000000 0.250000
0.142857 0.333333 4.000000 1.000000

Matrix 548:
1.000000 5.000000 4.000000 1.000000
0.200000 1.000000 0.200000 1.000000
0.250000 5.000000 1.000000 0.250000
1.000000 1.000000 4.000000 1.000000

Matrix 549:
1.000000 5.000000 1.000000 1.000000
0.200000 1.000000 3.000000 6.000000
1.000000 0.333333 1.000000 0.166667
1.000000 0.166667 6.000000 1.000000

Matrix 550:
1.000000 6.000000 9.000000 0.200000
0.166667 1.000000 0.250000 0.125000
0.111111 4.000000 1.000000 0.142857
5.000000 8.000000 7.000000 1.000000

Matrix 551:
1.000000 1.000000 3.000000 7.000000
1.000000 1.000000 0.500000 1.000000
0.333333 2.000000 1.000000 0.142857
0.142857 1.000000 7.000000 1.000000

Matrix 552:
1.000000 3.000000 5.000000 4.000000
0.333333 1.000000 8.000000 8.000000
0.200000 0.125000 1.000000 7.000000
0.250000 0.125000 0.142857 1.000000

Matrix 553:
1.000000 8.000000 1.000000 4.000000
0.125000 1.000000 3.000000 5.000000
1.000000 0.333333 1.000000 3.000000
0.250000 0.200000 0.333333 1.000000

Matrix 554:
1.000000 0.111111 9.000000 0.250000
9.000000 1.000000 4.000000 0.166667
0.111111 0.250000 1.000000 0.250000
4.000000 6.000000 4.000000 1.000000

Matrix 555:
1.000000 0.500000 0.166667 2.000000
2.000000 1.000000 9.000000 2.000000
6.000000 0.111111 1.000000 5.000000
0.500000 0.500000 0.200000 1.000000

Matrix 556:
1.000000 2.000000 8.000000 0.500000
0.500000 1.000000 5.000000 0.250000
0.125000 0.200000 1.000000 1.000000
2.000000 4.000000 1.000000 1.000000

Matrix 557:
1.000000 0.142857 0.166667 2.000000
7.000000 1.000000 5.000000 7.000000
6.000000 0.200000 1.000000 9.000000
0.500000 0.142857 0.111111 1.000000

Matrix 558:
1.000000 0.200000 0.250000 0.500000
5.000000 1.000000 4.000000 6.000000
4.000000 0.250000 1.000000 0.333333
2.000000 0.166667 3.000000 1.000000

Matrix 559:
1.000000 6.000000 0.125000 1.000000
0.166667 1.000000 0.333333 1.000000
8.000000 3.000000 1.000000 1.000000
1.000000 1.000000 1.000000 1.000000

Matrix 560:
1.000000 4.000000 1.000000 7.000000
0.250000 1.000000 3.000000 1.000000
1.000000 0.333333 1.000000 0.142857
0.142857 1.000000 7.000000 1.000000

Matrix 561:
1.000000 0.166667 0.125000 0.125000
6.000000 1.000000 0.500000 2.000000
8.000000 2.000000 1.000000 0.250000
8.000000 0.500000 4.000000 1.000000

Matrix 562:
1.000000 0.200000 2.000000 5.000000
5.000000 1.000000 0.333333 7.000000
0.500000 3.000000 1.000000 3.000000
0.200000 0.142857 0.333333 1.000000

Matrix 563:
1.000000 0.166667 3.000000 0.333333
6.000000 1.000000 0.333333 1.000000
0.333333 3.000000 1.000000 0.125000
3.000000 1.000000 8.000000 1.000000

Matrix 564:
1.000000 0.125000 0.250000 7.000000
8.000000 1.000000 6.000000 5.000000
4.000000 0.166667 1.000000 9.000000
0.142857 0.200000 0.111111 1.000000

Matrix 565:
1.000000 3.000000 3.000000 6.000000
0.333333 1.000000 1.000000 0.500000
0.333333 1.000000 1.000000 0.142857
0.166667 2.000000 7.000000 1.000000

Matrix 566:
1.000000 0.500000 0.111111 0.142857
2.000000 1.000000 5.000000 3.000000
9.000000 0.200000 1.000000 8.000000
7.000000 0.333333 0.125000 1.000000

Matrix 567:
1.000000 1.000000 7.000000 0.142857
1.000000 1.000000 7.000000 0.166667
0.142857 0.142857 1.000000 0.250000
7.000000 6.000000 4.000000 1.000000

Matrix 568:
1.000000 3.000000 1.000000 0.125000
0.333333 1.000000 0.166667 0.200000
1.000000 6.000000 1.000000 8.000000
8.000000 5.000000 0.125000 1.000000

Matrix 569:
1.000000 0.111111 1.000000 0.500000
9.000000 1.000000 1.000000 7.000000
1.000000 1.000000 1.000000 1.000000
2.000000 0.142857 1.000000 1.000000

Matrix 570:
1.000000 9.000000 9.000000 2.000000
0.111111 1.000000 0.142857 6.000000
0.111111 7.000000 1.000000 4.000000
0.500000 0.166667 0.250000 1.000000

Matrix 571:
1.000000 0.166667 7.000000 5.000000
6.000000 1.000000 8.000000 8.000000
0.142857 0.125000 1.000000 0.333333
0.200000 0.125000 3.000000 1.000000

Matrix 572:
1.000000 0.500000 4.000000 0.500000
2.000000 1.000000 0.250000 0.125000
0.250000 4.000000 1.000000 0.250000
2.000000 8.000000 4.000000 1.000000

Matrix 573:
1.000000 7.000000 0.500000 0.333333
0.142857 1.000000 0.142857 0.500000
2.000000 7.000000 1.000000 0.250000
3.000000 2.000000 4.000000 1.000000

Matrix 574:
1.000000 6.000000 1.000000 3.000000
0.166667 1.000000 9.000000 9.000000
1.000000 0.111111 1.000000 4.000000
0.333333 0.111111 0.250000 1.000000

Matrix 575:
1.000000 0.333333 3.000000 0.500000
3.000000 1.000000 0.333333 5.000000
0.333333 3.000000 1.000000 4.000000
2.000000 0.200000 0.250000 1.000000

Matrix 576:
1.000000 6.000000 0.200000 0.500000
0.166667 1.000000 1.000000 0.250000
5.000000 1.000000 1.000000 6.000000
2.000000 4.000000 0.166667 1.000000

Matrix 577:
1.000000 0.125000 0.500000 0.200000
8.000000 1.000000 4.000000 7.000000
2.000000 0.250000 1.000000 0.142857
5.000000 0.142857 7.000000 1.000000

Matrix 578:
1.000000 7.000000 4.000000 9.000000
0.142857 1.000000 8.000000 1.000000
0.250000 0.125000 1.000000 0.142857
0.111111 1.000000 7.000000 1.000000

Matrix 579:
1.000000 5.000000 7.000000 2.000000
0.200000 1.000000 1.000000 3.000000
0.142857 1.000000 1.000000 7.000000
0.500000 0.333333 0.142857 1.000000

Matrix 580:
1.000000 7.000000 0.166667 1.000000
0.142857 1.000000 0.166667 2.000000
6.000000 6.000000 1.000000 8.000000
1.000000 0.500000 0.125000 1.000000

Matrix 581:
1.000000 0.125000 3.000000 0.333333
8.000000 1.000000 2.000000 1.000000
0.333333 0.500000 1.000000 0.200000
3.000000 1.000000 5.000000 1.000000

Matrix 582:
1.000000 1.000000 5.000000 4.000000
1.000000 1.000000 8.000000 0.111111
0.200000 0.125000 1.000000 0.250000
0.250000 9.000000 4.000000 1.000000

Matrix 583:
1.000000 0.142857 0.500000 6.000000
7.000000 1.000000 0.111111 4.000000
2.000000 9.000000 1.000000 7.000000
0.166667 0.250000 0.142857 1.000000

Matrix 584:
1.000000 1.000000 0.125000 6.000000
1.000000 1.000000 2.000000 2.000000
8.000000 0.500000 1.000000 1.000000
0.166667 0.500000 1.000000 1.000000

Matrix 585:
1.000000 3.000000 2.000000 0.333333
0.333333 1.000000 1.000000 0.250000
0.500000 1.000000 1.000000 1.000000
3.000000 4.000000 1.000000 1.000000

Matrix 586:
1.000000 3.000000 0.500000 8.000000
0.333333 1.000000 0.500000 0.111111
2.000000 2.000000 1.000000 6.000000
0.125000 9.000000 0.166667 1.000000

Matrix 587:
1.000000 0.333333 0.333333 1.000000
3.000000 1.000000 3.000000 2.000000
3.000000 0.333333 1.000000 7.000000
1.000000 0.500000 0.142857 1.000000

Matrix 588:
1.000000 9.000000 0.500000 2.000000
0.111111 1.000000 0.250000 0.142857
2.000000 4.000000 1.000000 1.000000
0.500000 7.000000 1.000000 1.000000

Matrix 589:
1.000000 0.200000 6.000000 0.333333
5.000000 1.000000 1.000000 0.500000
0.166667 1.000000 1.000000 0.200000
3.000000 2.000000 5.000000 1.000000

Matrix 590:
1.000000 0.500000 6.000000 0.166667
2.000000 1.000000 1.000000 3.000000
0.166667 1.000000 1.000000 0.111111
6.000000 0.333333 9.000000 1.000000

Matrix 591:
1.000000 1.000000 5.000000 6.000000
1.000000 1.000000 9.000000 1.000000
0.200000 0.111111 1.000000 0.200000
0.166667 1.000000 5.000000 1.000000

Matrix 592:
1.000000 0.500000 0.333333 3.000000
2.000000 1.000000 4.000000 1.000000
3.000000 0.250000 1.000000 8.000000
0.333333 1.000000 0.125000 1.000000

Matrix 593:
1.000000 0.333333 1.000000 9.000000
3.000000 1.000000 2.000000 3.000000
1.000000 0.500000 1.000000 9.000000
0.111111 0.333333 0.111111 1.000000

Matrix 594:
1.000000 0.500000 0.333333 0.125000
2.000000 1.000000 7.000000 2.000000
3.000000 0.142857 1.000000 4.000000
8.000000 0.500000 0.250000 1.000000

Matrix 595:
1.000000 7.000000 5.000000 6.000000
0.142857 1.000000 0.333333 0.125000
0.200000 3.000000 1.000000 0.125000
0.166667 8.000000 8.000000 1.000000

Matrix 596:
1.000000 5.000000 0.333333 1.000000
0.200000 1.000000 0.111111 0.125000
3.000000 9.000000 1.000000 8.000000
1.000000 8.000000 0.125000 1.000000

Matrix 597:
1.000000 0.200000 0.500000 0.333333
5.000000 1.000000 0.333333 2.000000
2.000000 3.000000 1.000000 6.000000
3.000000 0.500000 0.166667 1.000000

Matrix 598:
1.000000 0.142857 0.166667 0.125000
7.000000 1.000000 5.000000 1.000000
6.000000 0.200000 1.000000 3.000000
8.000000 1.000000 0.333333 1.000000

Matrix 599:
1.000000 0.142857 0.200000 0.250000
7.000000 1.000000 1.000000 0.333333
5.000000 1.000000 1.000000 7.000000
4.000000 3.000000 0.142857 1.000000

Matrix 600:
1.000000 0.111111 0.250000 8.000000
9.000000 1.000000 8.000000 5.000000
4.000000 0.125000 1.000000 4.000000
0.125000 0.200000 0.250000 1.000000

Matrix 601:
1.000000 4.000000 6.000000 0.250000
0.250000 1.000000 0.142857 0.166667
0.166667 7.000000 1.000000 1.000000
4.000000 6.000000 1.000000 1.000000

Matrix 602:
1.000000 2.000000 0.333333 4.000000
0.500000 1.000000 4.000000 5.000000
3.000000 0.250000 1.000000 6.000000
0.250000 0.200000 0.166667 1.000000

Matrix 603:
1.000000 2.000000 0.142857 0.166667
0.500000 1.000000 0.166667 0.142857
7.000000 6.000000 1.000000 0.166667
6.000000 7.000000 6.000000 1.000000

Matrix 604:
1.000000 1.000000 5.000000 0.500000
1.000000 1.000000 5.000000 3.000000
0.200000 0.200000 1.000000 3.000000
2.000000 0.333333 0.333333 1.000000

Matrix 605:
1.000000 0.333333 0.125000 5.000000
3.000000 1.000000 0.200000 1.000000
8.000000 5.000000 1.000000 1.000000
0.200000 1.000000 1.000000 1.000000

Matrix 606:
1.000000 9.000000 1.000000 0.125000
0.111111 1.000000 0.500000 0.166667
1.000000 2.000000 1.000000 0.200000
8.000000 6.000000 5.000000 1.000000

Matrix 607:
1.000000 0.250000 0.111111 5.000000
4.000000 1.000000 1.000000 1.000000
9.000000 1.000000 1.000000 2.000000
0.200000 1.000000 0.500000 1.000000

Matrix 608:
1.000000 3.000000 8.000000 0.500000
0.333333 1.000000 0.166667 0.125000
0.125000 6.000000 1.000000 2.000000
2.000000 8.000000 0.500000 1.000000

Matrix 609:
1.000000 8.000000 7.000000 0.142857
0.125000 1.000000 3.000000 0.333333
0.142857 0.333333 1.000000 0.125000
7.000000 3.000000 8.000000 1.000000

Matrix 610:
1.000000 8.000000 7.000000 6.000000
0.125000 1.000000 0.111111 0.125000
0.142857 9.000000 1.000000 6.000000
0.166667 8.000000 0.166667 1.000000

Matrix 611:
1.000000 4.000000 1.000000 2.000000
0.250000 1.000000 0.500000 7.000000
1.000000 2.000000 1.000000 9.000000
0.500000 0.142857 0.111111 1.000000

Matrix 612:
1.000000 3.000000 1.000000 0.333333
0.333333 1.000000 5.000000 0.200000
1.000000 0.200000 1.000000 0.333333
3.000000 5.000000 3.000000 1.000000

Matrix 613:
1.000000 0.333333 0.250000 0.200000
3.000000 1.000000 7.000000 6.000000
4.000000 0.142857 1.000000 4.000000
5.000000 0.166667 0.250000 1.000000

Matrix 614:
1.000000 2.000000 1.000000 3.000000
0.500000 1.000000 0.166667 0.142857
1.000000 6.000000 1.000000 7.000000
0.333333 7.000000 0.142857 1.000000

Matrix 615:
1.000000 0.166667 2.000000 4.000000
6.000000 1.000000 6.000000 4.000000
0.500000 0.166667 1.000000 2.000000
0.250000 0.250000 0.500000 1.000000

Matrix 616:
1.000000 0.500000 9.000000 7.000000
2.000000 1.000000 0.333333 0.500000
0.111111 3.000000 1.000000 1.000000
0.142857 2.000000 1.000000 1.000000

Matrix 617:
1.000000 6.000000 0.250000 0.142857
0.166667 1.000000 0.111111 1.000000
4.000000 9.000000 1.000000 8.000000
7.000000 1.000000 0.125000 1.000000

Matrix 618:
1.000000 0.333333 0.500000 8.000000
3.000000 1.000000 1.000000 4.000000
2.000000 1.000000 1.000000 7.000000
0.125000 0.250000 0.142857 1.000000

Matrix 619:
1.000000 0.166667 0.142857 1.000000
6.000000 1.000000 6.000000 5.000000
7.000000 0.166667 1.000000 3.000000
1.000000 0.200000 0.333333 1.000000

Matrix 620:
1.000000 1.000000 1.000000 4.000000
1.000000 1.000000 0.142857 0.250000
1.000000 7.000000 1.000000 8.000000
0.250000 4.000000 0.125000 1.000000

Matrix 621:
1.000000 2.000000 7.000000 3.000000
0.500000 1.000000 0.500000 0.200000
0.142857 2.000000 1.000000 0.166667
0.333333 5.000000 6.000000 1.000000

Matrix 622:
1.000000 3.000000 0.111111 1.000000
0.333333 1.000000 0.333333 0.111111
9.000000 3.000000 1.000000 6.000000
1.000000 9.000000 0.166667 1.000000

Matrix 623:
1.000000 0.333333 2.000000 5.000000
3.000000 1.000000 8.000000 1.000000
0.500000 0.125000 1.000000 3.000000
0.200000 1.000000 0.333333 1.000000

Matrix 624:
1.000000 8.000000 0.142857 3.000000
0.125000 1.000000 0.111111 0.125000
7.000000 9.000000 1.000000 4.000000
0.333333 8.000000 0.250000 1.000000

Matrix 625:
1.000000 7.000000 7.000000 2.000000
0.142857 1.000000 0.166667 7.000000
0.142857 6.000000 1.000000 9.000000
0.500000 0.142857 0.111111 1.000000

Matrix 626:
1.000000 0.125000 0.200000 0.166667
8.000000 1.000000 1.000000 9.000000
5.000000 1.000000 1.000000 0.500000
6.000000 0.111111 2.000000 1.000000

Matrix 627:
1.000000 2.000000 3.000000 0.500000
0.500000 1.000000 3.000000 7.000000
0.333333 0.333333 1.000000 7.000000
2.000000 0.142857 0.142857 1.000000

Matrix 628:
1.000000 2.000000 6.000000 2.000000
0.500000 1.000000 3.000000 0.166667
0.166667 0.333333 1.000000 0.166667
0.500000 6.000000 6.000000 1.000000

Matrix 629:
1.000000 9.000000 0.500000 6.000000
0.111111 1.000000 0.125000 3.000000
2.000000 8.000000 1.000000 4.000000
0.166667 0.333333 0.250000 1.000000

Matrix 630:
1.000000 0.125000 1.000000 4.000000
8.000000 1.000000 0.333333 1.000000
1.000000 3.000000 1.000000 9.000000
0.250000 1.000000 0.111111 1.000000

Matrix 631:
1.000000 0.166667 0.166667 0.142857
6.000000 1.000000 8.000000 6.000000
6.000000 0.125000 1.000000 0.142857
7.000000 0.166667 7.000000 1.000000

Matrix 632:
1.000000 0.500000 2.000000 1.000000
2.000000 1.000000 0.166667 2.000000
0.500000 6.000000 1.000000 2.000000
1.000000 0.500000 0.500000 1.000000

Matrix 633:
1.000000 8.000000 0.500000 0.250000
0.125000 1.000000 0.142857 0.166667
2.000000 7.000000 1.000000 4.000000
4.000000 6.000000 0.250000 1.000000

Matrix 634:
1.000000 2.000000 1.000000 3.000000
0.500000 1.000000 0.166667 0.111111
1.000000 6.000000 1.000000 0.500000
0.333333 9.000000 2.000000 1.000000

Matrix 635:
1.000000 7.000000 6.000000 4.000000
0.142857 1.000000 0.125000 8.000000
0.166667 8.000000 1.000000 4.000000
0.250000 0.125000 0.250000 1.000000

Matrix 636:
1.000000 4.000000 6.000000 1.000000
0.250000 1.000000 2.000000 4.000000
0.166667 0.500000 1.000000 8.000000
1.000000 0.250000 0.125000 1.000000

Matrix 637:
1.000000 0.333333 0.500000 0.166667
3.000000 1.000000 3.000000 9.000000
2.000000 0.333333 1.000000 3.000000
6.000000 0.111111 0.333333 1.000000

Matrix 638:
1.000000 0.500000 2.000000 4.000000
2.000000 1.000000 3.000000 9.000000
0.500000 0.333333 1.000000 0.500000
0.250000 0.111111 2.000000 1.000000

Matrix 639:
1.000000 9.000000 7.000000 9.000000
0.111111 1.000000 5.000000 3.000000
0.142857 0.200000 1.000000 4.000000
0.111111 0.333333 0.250000 1.000000

Matrix 640:
1.000000 5.000000 5.000000 3.000000
0.200000 1.000000 6.000000 3.000000
0.200000 0.166667 1.000000 2.000000
0.333333 0.333333 0.500000 1.000000

Matrix 641:
1.000000 6.000000 7.000000 8.000000
0.166667 1.000000 9.000000 8.000000
0.142857 0.111111 1.000000 6.000000
0.125000 0.125000 0.166667 1.000000

Matrix 642:
1.000000 0.142857 0.111111 0.200000
7.000000 1.000000 3.000000 0.125000
9.000000 0.333333 1.000000 2.000000
5.000000 8.000000 0.500000 1.000000

Matrix 643:
1.000000 0.200000 1.000000 9.000000
5.000000 1.000000 9.000000 6.000000
1.000000 0.111111 1.000000 1.000000
0.111111 0.166667 1.000000 1.000000

Matrix 644:
1.000000 7.000000 7.000000 3.000000
0.142857 1.000000 2.000000 2.000000
0.142857 0.500000 1.000000 3.000000
0.333333 0.500000 0.333333 1.000000

Matrix 645:
1.000000 6.000000 3.000000 5.000000
0.166667 1.000000 0.111111 7.000000
0.333333 9.000000 1.000000 7.000000
0.200000 0.142857 0.142857 1.000000

Matrix 646:
1.000000 0.142857 0.166667 0.333333
7.000000 1.000000 9.000000 5.000000
6.000000 0.111111 1.000000 0.142857
3.000000 0.200000 7.000000 1.000000

Matrix 647:
1.000000 4.000000 0.166667 9.000000
0.250000 1.000000 0.125000 2.000000
6.000000 8.000000 1.000000 9.000000
0.111111 0.500000 0.111111 1.000000

Matrix 648:
1.000000 0.142857 1.000000 0.166667
7.000000 1.000000 0.200000 0.333333
1.000000 5.000000 1.000000 6.000000
6.000000 3.000000 0.166667 1.000000

Matrix 649:
1.000000 0.500000 9.000000 4.000000
2.000000 1.000000 1.000000 8.000000
0.111111 1.000000 1.000000 6.000000
0.250000 0.125000 0.166667 1.000000

Matrix 650:
1.000000 0.142857 2.000000 0.166667
7.000000 1.000000 1.000000 5.000000
0.500000 1.000000 1.000000 0.500000
6.000000 0.200000 2.000000 1.000000

Matrix 651:
1.000000 0.125000 0.111111 3.000000
8.000000 1.000000 4.000000 1.000000
9.000000 0.250000 1.000000 2.000000
0.333333 1.000000 0.500000 1.000000

Matrix 652:
1.000000 1.000000 6.000000 8.000000
1.000000 1.000000 4.000000 5.000000
0.166667 0.250000 1.000000 0.142857
0.125000 0.200000 7.000000 1.000000

Matrix 653:
1.000000 3.000000 0.166667 6.000000
0.333333 1.000000 2.000000 3.000000
6.000000 0.500000 1.000000 9.000000
0.166667 0.333333 0.111111 1.000000

Matrix 654:
1.000000 1.000000 0.142857 0.333333
1.000000 1.000000 0.250000 3.000000
7.000000 4.000000 1.000000 0.200000
3.000000 0.333333 5.000000 1.000000

Matrix 655:
1.000000 9.000000 4.000000 5.000000
0.111111 1.000000 8.000000 9.000000
0.250000 0.125000 1.000000 0.111111
0.200000 0.111111 9.000000 1.000000

Matrix 656:
1.000000 0.500000 5.000000 9.000000
2.000000 1.000000 1.000000 3.000000
0.200000 1.000000 1.000000 0.125000
0.111111 0.333333 8.000000 1.000000

Matrix 657:
1.000000 3.000000 2.000000 9.000000
0.333333 1.000000 6.000000 0.250000
0.500000 0.166667 1.000000 0.125000
0.111111 4.000000 8.000000 1.000000

Matrix 658:
1.000000 1.000000 4.000000 0.166667
1.000000 1.000000 3.000000 0.142857
0.250000 0.333333 1.000000 0.250000
6.000000 7.000000 4.000000 1.000000

Matrix 659:
1.000000 0.500000 0.166667 0.125000
2.000000 1.000000 0.250000 0.111111
6.000000 4.000000 1.000000 0.111111
8.000000 9.000000 9.000000 1.000000

Matrix 660:
1.000000 4.000000 0.166667 4.000000
0.250000 1.000000 0.142857 6.000000
6.000000 7.000000 1.000000 6.000000
0.250000 0.166667 0.166667 1.000000

Matrix 661:
1.000000 2.000000 7.000000 4.000000
0.500000 1.000000 0.200000 1.000000
0.142857 5.000000 1.000000 0.125000
0.250000 1.000000 8.000000 1.000000

Matrix 662:
1.000000 3.000000 0.250000 4.000000
0.333333 1.000000 0.142857 1.000000
4.000000 7.000000 1.000000 1.000000
0.250000 1.000000 1.000000 1.000000

Matrix 663:
1.000000 0.250000 9.000000 0.500000
4.000000 1.000000 3.000000 5.000000
0.111111 0.333333 1.000000 0.125000
2.000000 0.200000 8.000000 1.000000

Matrix 664:
1.000000 0.250000 0.200000 0.142857
4.000000 1.000000 9.000000 4.000000
5.000000 0.111111 1.000000 8.000000
7.000000 0.250000 0.125000 1.000000

Matrix 665:
1.000000 2.000000 0.166667 0.250000
0.500000 1.000000 0.333333 3.000000
6.000000 3.000000 1.000000 7.000000
4.000000 0.333333 0.142857 1.000000

Matrix 666:
1.000000 0.200000 2.000000 0.250000
5.000000 1.000000 7.000000 3.000000
0.500000 0.142857 1.000000 1.000000
4.000000 0.333333 1.000000 1.000000

Matrix 667:
1.000000 0.333333 0.166667 0.142857
3.000000 1.000000 0.166667 0.500000
6.000000 6.000000 1.000000 0.142857
7.000000 2.000000 7.000000 1.000000

Matrix 668:
1.000000 4.000000 1.000000 0.250000
0.250000 1.000000 0.333333 0.500000
1.000000 3.000000 1.000000 9.000000
4.000000 2.000000 0.111111 1.000000

Matrix 669:
1.000000 8.000000 0.250000 2.000000
0.125000 1.000000 0.166667 0.125000
4.000000 6.000000 1.000000 0.500000
0.500000 8.000000 2.000000 1.000000

Matrix 670:
1.000000 3.000000 0.125000 0.200000
0.333333 1.000000 2.000000 0.142857
8.000000 0.500000 1.000000 0.125000
5.000000 7.000000 8.000000 1.000000

Matrix 671:
1.000000 8.000000 3.000000 0.125000
0.125000 1.000000 8.000000 0.250000
0.333333 0.125000 1.000000 0.142857
8.000000 4.000000 7.000000 1.000000

Matrix 672:
1.000000 0.125000 7.000000 0.250000
8.000000 1.000000 3.000000 0.333333
0.142857 0.333333 1.000000 0.125000
4.000000 3.000000 8.000000 1.000000

Matrix 673:
1.000000 0.200000 0.250000 1.000000
5.000000 1.000000 0.111111 0.125000
4.000000 9.000000 1.000000 9.000000
1.000000 8.000000 0.111111 1.000000

Matrix 674:
1.000000 0.111111 6.000000 2.000000
9.000000 1.000000 8.000000 6.000000
0.166667 0.125000 1.000000 3.000000
0.500000 0.166667 0.333333 1.000000

Matrix 675:
1.000000 4.000000 4.000000 5.000000
0.250000 1.000000 0.111111 9.000000
0.250000 9.000000 1.000000 6.000000
0.200000 0.111111 0.166667 1.000000

Matrix 676:
1.000000 0.250000 0.166667 0.111111
4.000000 1.000000 0.125000 0.166667
6.000000 8.000000 1.000000 9.000000
9.000000 6.000000 0.111111 1.000000

Matrix 677:
1.000000 8.000000 7.000000 6.000000
0.125000 1.000000 0.142857 0.250000
0.142857 7.000000 1.000000 9.000000
0.166667 4.000000 0.111111 1.000000

Matrix 678:
1.000000 4.000000 6.000000 0.333333
0.250000 1.000000 0.500000 3.000000
0.166667 2.000000 1.000000 0.250000
3.000000 0.333333 4.000000 1.000000

Matrix 679:
1.000000 0.125000 5.000000 0.500000
8.000000 1.000000 9.000000 8.000000
0.200000 0.111111 1.000000 0.500000
2.000000 0.125000 2.000000 1.000000

Matrix 680:
1.000000 0.500000 0.250000 1.000000
2.000000 1.000000 8.000000 0.500000
4.000000 0.125000 1.000000 0.125000
1.000000 2.000000 8.000000 1.000000

Matrix 681:
1.000000 2.000000 5.000000 4.000000
0.500000 1.000000 7.000000 1.000000
0.200000 0.142857 1.000000 1.000000
0.250000 1.000000 1.000000 1.000000

Matrix 682:
1.000000 6.000000 8.000000 1.000000
0.166667 1.000000 4.000000 1.000000
0.125000 0.250000 1.000000 4.000000
1.000000 1.000000 0.250000 1.000000

Matrix 683:
1.000000 0.500000 1.000000 0.500000
2.000000 1.000000 0.111111 0.333333
1.000000 9.000000 1.000000 0.500000
2.000000 3.000000 2.000000 1.000000

Matrix 684:
1.000000 1.000000 0.333333 0.111111
1.000000 1.000000 6.000000 0.111111
3.000000 0.166667 1.000000 0.142857
9.000000 9.000000 7.000000 1.000000

Matrix 685:
1.000000 0.333333 6.000000 7.000000
3.000000 1.000000 4.000000 1.000000
0.166667 0.250000 1.000000 1.000000
0.142857 1.000000 1.000000 1.000000

Matrix 686:
1.000000 1.000000 0.333333 0.125000
1.000000 1.000000 0.142857 0.200000
3.000000 7.000000 1.000000 3.000000
8.000000 5.000000 0.333333 1.000000

Matrix 687:
1.000000 2.000000 0.333333 0.111111
0.500000 1.000000 0.142857 0.500000
3.000000 7.000000 1.000000 1.000000
9.000000 2.000000 1.000000 1.000000

Matrix 688:
1.000000 0.125000 0.125000 0.250000
8.000000 1.000000 0.166667 1.000000
8.000000 6.000000 1.000000 3.000000
4.000000 1.000000 0.333333 1.000000

Matrix 689:
1.000000 0.500000 2.000000 1.000000
2.000000 1.000000 2.000000 4.000000
0.500000 0.500000 1.000000 3.000000
1.000000 0.250000 0.333333 1.000000

Matrix 690:
1.000000 0.333333 6.000000 0.125000
3.000000 1.000000 8.000000 2.000000
0.166667 0.125000 1.000000 0.500000
8.000000 0.500000 2.000000 1.000000

Matrix 691:
1.000000 0.500000 0.333333 0.500000
2.000000 1.000000 6.000000 5.000000
3.000000 0.166667 1.000000 1.000000
2.000000 0.200000 1.000000 1.000000

Matrix 692:
1.000000 9.000000 8.000000 6.000000
0.111111 1.000000 2.000000 4.000000
0.125000 0.500000 1.000000 1.000000
0.166667 0.250000 1.000000 1.000000

Matrix 693:
1.000000 9.000000 0.500000 1.000000
0.111111 1.000000 1.000000 1.000000
2.000000 1.000000 1.000000 0.166667
1.000000 1.000000 6.000000 1.000000

Matrix 694:
1.000000 0.125000 5.000000 6.000000
8.000000 1.000000 3.000000 1.000000
0.200000 0.333333 1.000000 0.200000
0.166667 1.000000 5.000000 1.000000

Matrix 695:
1.000000 6.000000 6.000000 9.000000
0.166667 1.000000 4.000000 0.333333
0.166667 0.250000 1.000000 5.000000
0.111111 3.000000 0.200000 1.000000

Matrix 696:
1.000000 9.000000 7.000000 0.200000
0.111111 1.000000 3.000000 0.166667
0.142857 0.333333 1.000000 1.000000
5.000000 6.000000 1.000000 1.000000

Matrix 697:
1.000000 0.200000 0.333333 0.333333
5.000000 1.000000 0.500000 1.000000
3.000000 2.000000 1.000000 0.200000
3.000000 1.000000 5.000000 1.000000

Matrix 698:
1.000000 0.142857 3.000000 2.000000
7.000000 1.000000 1.000000 0.250000
0.333333 1.000000 1.000000 0.200000
0.500000 4.000000 5.000000 1.000000

Matrix 699:
1.000000 9.000000 3.000000 2.000000
0.111111 1.000000 9.000000 2.000000
0.333333 0.111111 1.000000 0.200000
0.500000 0.500000 5.000000 1.000000

Matrix 700:
1.000000 0.250000 1.000000 6.000000
4.000000 1.000000 8.000000 7.000000
1.000000 0.125000 1.000000 0.125000
0.166667 0.142857 8.000000 1.000000

Matrix 701:
1.000000 0.111111 0.333333 0.250000
9.000000 1.000000 0.125000 0.142857
3.000000 8.000000 1.000000 6.000000
4.000000 7.000000 0.166667 1.000000

Matrix 702:
1.000000 1.000000 0.200000 0.333333
1.000000 1.000000 0.500000 7.000000
5.000000 2.000000 1.000000 8.000000
3.000000 0.142857 0.125000 1.000000

Matrix 703:
1.000000 0.500000 7.000000 1.000000
2.000000 1.000000 1.000000 7.000000
0.142857 1.000000 1.000000 9.000000
1.000000 0.142857 0.111111 1.000000

Matrix 704:
1.000000 9.000000 8.000000 7.000000
0.111111 1.000000 0.250000 0.500000
0.125000 4.000000 1.000000 9.000000
0.142857 2.000000 0.111111 1.000000

Matrix 705:
1.000000 3.000000 3.000000 4.000000
0.333333 1.000000 7.000000 8.000000
0.333333 0.142857 1.000000 4.000000
0.250000 0.125000 0.250000 1.000000

Matrix 706:
1.000000 0.142857 0.250000 1.000000
7.000000 1.000000 0.125000 3.000000
4.000000 8.000000 1.000000 3.000000
1.000000 0.333333 0.333333 1.000000

Matrix 707:
1.000000 1.000000 0.166667 0.200000
1.000000 1.000000 0.200000 0.500000
6.000000 5.000000 1.000000 0.166667
5.000000 2.000000 6.000000 1.000000

Matrix 708:
1.000000 0.200000 1.000000 0.333333
5.000000 1.000000 3.000000 8.000000
1.000000 0.333333 1.000000 5.000000
3.000000 0.125000 0.200000 1.000000

Matrix 709:
1.000000 3.000000 6.000000 8.000000
0.333333 1.000000 0.250000 0.166667
0.166667 4.000000 1.000000 1.000000
0.125000 6.000000 1.000000 1.000000

Matrix 710:
1.000000 0.125000 0.166667 3.000000
8.000000 1.000000 0.333333 1.000000
6.000000 3.000000 1.000000 0.500000
0.333333 1.000000 2.000000 1.000000

Matrix 711:
1.000000 0.333333 1.000000 0.250000
3.000000 1.000000 0.200000 0.111111
1.000000 5.000000 1.000000 4.000000
4.000000 9.000000 0.250000 1.000000

Matrix 712:
1.000000 0.333333 0.200000 1.000000
3.000000 1.000000 0.142857 9.000000
5.000000 7.000000 1.000000 7.000000
1.000000 0.111111 0.142857 1.000000

Matrix 713:
1.000000 0.333333 0.333333 0.125000
3.000000 1.000000 0.500000 7.000000
3.000000 2.000000 1.000000 3.000000
8.000000 0.142857 0.333333 1.000000

Matrix 714:
1.000000 7.000000 1.000000 2.000000
0.142857 1.000000 0.333333 0.111111
1.000000 3.000000 1.000000 0.333333
0.500000 9.000000 3.000000 1.000000

Matrix 715:
1.000000 6.000000 0.142857 0.166667
0.166667 1.000000 0.111111 0.333333
7.000000 9.000000 1.000000 0.200000
6.000000 3.000000 5.000000 1.000000

Matrix 716:
1.000000 3.000000 9.000000 1.000000
0.333333 1.000000 0.250000 0.333333
0.111111 4.000000 1.000000 0.111111
1.000000 3.000000 9.000000 1.000000

Matrix 717:
1.000000 0.142857 0.500000 5.000000
7.000000 1.000000 8.000000 3.000000
2.000000 0.125000 1.000000 4.000000
0.200000 0.333333 0.250000 1.000000

Matrix 718:
1.000000 0.500000 1.000000 0.500000
2.000000 1.000000 0.333333 0.500000
1.000000 3.000000 1.000000 1.000000
2.000000 2.000000 1.000000 1.000000

Matrix 719:
1.000000 0.500000 1.000000 0.250000
2.000000 1.000000 0.142857 0.142857
1.000000 7.000000 1.000000 0.111111
4.000000 7.000000 9.000000 1.000000

Matrix 720:
1.000000 1.000000 5.000000 2.000000
1.000000 1.000000 2.000000 0.111111
0.200000 0.500000 1.000000 0.200000
0.500000 9.000000 5.000000 1.000000

Matrix 721:
1.000000 0.125000 0.333333 0.111111
8.000000 1.000000 0.500000 2.000000
3.000000 2.000000 1.000000 0.125000
9.000000 0.500000 8.000000 1.000000

Matrix 722:
1.000000 0.200000 1.000000 0.125000
5.000000 1.000000 0.200000 2.000000
1.000000 5.000000 1.000000 7.000000
8.000000 0.500000 0.142857 1.000000

Matrix 723:
1.000000 1.000000 2.000000 3.000000
1.000000 1.000000 1.000000 1.000000
0.500000 1.000000 1.000000 8.000000
0.333333 1.000000 0.125000 1.000000

Matrix 724:
1.000000 2.000000 3.000000 9.000000
0.500000 1.000000 0.500000 0.125000
0.333333 2.000000 1.000000 8.000000
0.111111 8.000000 0.125000 1.000000

Matrix 725:
1.000000 6.000000 2.000000 5.000000
0.166667 1.000000 6.000000 0.500000
0.500000 0.166667 1.000000 0.125000
0.200000 2.000000 8.000000 1.000000

Matrix 726:
1.000000 0.125000 0.125000 0.166667
8.000000 1.000000 1.000000 1.000000
8.000000 1.000000 1.000000 8.000000
6.000000 1.000000 0.125000 1.000000

Matrix 727:
1.000000 0.125000 0.500000 0.111111
8.000000 1.000000 4.000000 0.111111
2.000000 0.250000 1.000000 0.200000
9.000000 9.000000 5.000000 1.000000

Matrix 728:
1.000000 0.125000 7.000000 0.500000
8.000000 1.000000 2.000000 0.500000
0.142857 0.500000 1.000000 0.142857
2.000000 2.000000 7.000000 1.000000

Matrix 729:
1.000000 6.000000 1.000000 9.000000
0.166667 1.000000 6.000000 0.500000
1.000000 0.166667 1.000000 0.500000
0.111111 2.000000 2.000000 1.000000

Matrix 730:
1.000000 0.142857 0.142857 0.250000
7.000000 1.000000 9.000000 3.000000
7.000000 0.111111 1.000000 9.000000
4.000000 0.333333 0.111111 1.000000

Matrix 731:
1.000000 9.000000 0.125000 5.000000
0.111111 1.000000 0.125000 0.200000
8.000000 8.000000 1.000000 1.000000
0.200000 5.000000 1.000000 1.000000

Matrix 732:
1.000000 0.250000 1.000000 1.000000
4.000000 1.000000 0.111111 0.250000
1.000000 9.000000 1.000000 0.333333
1.000000 4.000000 3.000000 1.000000

Matrix 733:
1.000000 9.000000 9.000000 7.000000
0.111111 1.000000 0.500000 7.000000
0.111111 2.000000 1.000000 0.333333
0.142857 0.142857 3.000000 1.000000

Matrix 734:
1.000000 9.000000 7.000000 9.000000
0.111111 1.000000 6.000000 8.000000
0.142857 0.166667 1.000000 0.250000
0.111111 0.125000 4.000000 1.000000

Matrix 735:
1.000000 5.000000 6.000000 6.000000
0.200000 1.000000 7.000000 0.111111
0.166667 0.142857 1.000000 0.125000
0.166667 9.000000 8.000000 1.000000

Matrix 736:
1.000000 6.000000 2.000000 1.000000
0.166667 1.000000 0.111111 0.200000
0.500000 9.000000 1.000000 8.000000
1.000000 5.000000 0.125000 1.000000

Matrix 737:
1.000000 0.333333 9.000000 1.000000
3.000000 1.000000 6.000000 5.000000
0.111111 0.166667 1.000000 0.142857
1.000000 0.200000 7.000000 1.000000

Matrix 738:
1.000000 0.166667 0.125000 0.333333
6.000000 1.000000 6.000000 3.000000
8.000000 0.166667 1.000000 0.200000
3.000000 0.333333 5.000000 1.000000

Matrix 739:
1.000000 0.200000 1.000000 6.000000
5.000000 1.000000 1.000000 1.000000
1.000000 1.000000 1.000000 5.000000
0.166667 1.000000 0.200000 1.000000

Matrix 740:
1.000000 0.142857 0.125000 0.500000
7.000000 1.000000 0.333333 0.166667
8.000000 3.000000 1.000000 6.000000
2.000000 6.000000 0.166667 1.000000

Matrix 741:
1.000000 0.500000 0.142857 0.500000
2.000000 1.000000 7.000000 4.000000
7.000000 0.142857 1.000000 8.000000
2.000000 0.250000 0.125000 1.000000

Matrix 742:
1.000000 0.200000 7.000000 0.200000
5.000000 1.000000 4.000000 5.000000
0.142857 0.250000 1.000000 0.500000
5.000000 0.200000 2.000000 1.000000

Matrix 743:
1.000000 9.000000 5.000000 8.000000
0.111111 1.000000 0.200000 4.000000
0.200000 5.000000 1.000000 0.500000
0.125000 0.250000 2.000000 1.000000

Matrix 744:
1.000000 0.125000 0.500000 0.500000
8.000000 1.000000 1.000000 7.000000
2.000000 1.000000 1.000000 2.000000
2.000000 0.142857 0.500000 1.000000

Matrix 745:
1.000000 4.000000 5.000000 0.200000
0.250000 1.000000 0.500000 0.111111
0.200000 2.000000 1.000000 0.500000
5.000000 9.000000 2.000000 1.000000

Matrix 746:
1.000000 1.000000 0.200000 0.111111
1.000000 1.000000 2.000000 0.333333
5.000000 0.500000 1.000000 1.000000
9.000000 3.000000 1.000000 1.000000

Matrix 747:
1.000000 0.125000 0.333333 0.125000
8.000000 1.000000 0.200000 0.250000
3.000000 5.000000 1.000000 5.000000
8.000000 4.000000 0.200000 1.000000

Matrix 748:
1.000000 1.000000 0.142857 0.333333
1.000000 1.000000 0.500000 8.000000
7.000000 2.000000 1.000000 1.000000
3.000000 0.125000 1.000000 1.000000

Matrix 749:
1.000000 0.250000 0.142857 4.000000
4.000000 1.000000 0.250000 0.500000
7.000000 4.000000 1.000000 9.000000
0.250000 2.000000 0.111111 1.000000

Matrix 750:
1.000000 0.200000 2.000000 0.250000
5.000000 1.000000 5.000000 5.000000
0.500000 0.200000 1.000000 6.000000
4.000000 0.200000 0.166667 1.000000

Matrix 751:
1.000000 0.200000 0.333333 0.166667
5.000000 1.000000 9.000000 2.000000
3.000000 0.111111 1.000000 0.142857
6.000000 0.500000 7.000000 1.000000

Matrix 752:
1.000000 2.000000 9.000000 0.125000
0.500000 1.000000 0.125000 0.142857
0.111111 8.000000 1.000000 0.200000
8.000000 7.000000 5.000000 1.000000

Matrix 753:
1.000000 0.200000 3.000000 7.000000
5.000000 1.000000 1.000000 3.000000
0.333333 1.000000 1.000000 0.200000
0.142857 0.333333 5.000000 1.000000

Matrix 754:
1.000000 1.000000 0.500000 0.200000
1.000000 1.000000 5.000000 0.166667
2.000000 0.200000 1.000000 0.500000
5.000000 6.000000 2.000000 1.000000

Matrix 755:
1.000000 1.000000 7.000000 8.000000
1.000000 1.000000 1.000000 1.000000
0.142857 1.000000 1.000000 3.000000
0.125000 1.000000 0.333333 1.000000

Matrix 756:
1.000000 2.000000 0.200000 0.500000
0.500000 1.000000 1.000000 1.000000
5.000000 1.000000 1.000000 4.000000
2.000000 1.000000 0.250000 1.000000

Matrix 757:
1.000000 6.000000 0.125000 0.500000
0.166667 1.000000 0.200000 0.166667
8.000000 5.000000 1.000000 2.000000
2.000000 6.000000 0.500000 1.000000

Matrix 758:
1.000000 3.000000 8.000000 0.250000
0.333333 1.000000 0.500000 0.111111
0.125000 2.000000 1.000000 1.000000
4.000000 9.000000 1.000000 1.000000

Matrix 759:
1.000000 1.000000 0.166667 0.250000
1.000000 1.000000 0.333333 0.500000
6.000000 3.000000 1.000000 0.200000
4.000000 2.000000 5.000000 1.000000

Matrix 760:
1.000000 0.200000 0.142857 0.142857
5.000000 1.000000 0.111111 3.000000
7.000000 9.000000 1.000000 3.000000
7.000000 0.333333 0.333333 1.000000

Matrix 761:
1.000000 1.000000 3.000000 7.000000
1.000000 1.000000 5.000000 8.000000
0.333333 0.200000 1.000000 8.000000
0.142857 0.125000 0.125000 1.000000

Matrix 762:
1.000000 0.125000 0.333333 0.500000
8.000000 1.000000 8.000000 5.000000
3.000000 0.125000 1.000000 0.166667
2.000000 0.200000 6.000000 1.000000

Matrix 763:
1.000000 4.000000 6.000000 5.000000
0.250000 1.000000 0.166667 0.200000
0.166667 6.000000 1.000000 0.166667
0.200000 5.000000 6.000000 1.000000

Matrix 764:
1.000000 2.000000 1.000000 3.000000
0.500000 1.000000 0.166667 0.333333
1.000000 6.000000 1.000000 7.000000
0.333333 3.000000 0.142857 1.000000

Matrix 765:
1.000000 9.000000 0.111111 2.000000
0.111111 1.000000 0.500000 0.500000
9.000000 2.000000 1.000000 2.000000
0.500000 2.000000 0.500000 1.000000

Matrix 766:
1.000000 2.000000 7.000000 0.200000
0.500000 1.000000 3.000000 0.250000
0.142857 0.333333 1.000000 1.000000
5.000000 4.000000 1.000000 1.000000

Matrix 767:
1.000000 5.000000 0.333333 2.000000
0.200000 1.000000 2.000000 1.000000
3.000000 0.500000 1.000000 2.000000
0.500000 1.000000 0.500000 1.000000

Matrix 768:
1.000000 0.142857 7.000000 3.000000
7.000000 1.000000 1.000000 1.000000
0.142857 1.000000 1.000000 0.500000
0.333333 1.000000 2.000000 1.000000

Matrix 769:
1.000000 5.000000 8.000000 0.166667
0.200000 1.000000 6.000000 0.125000
0.125000 0.166667 1.000000 0.125000
6.000000 8.000000 8.000000 1.000000

Matrix 770:
1.000000 8.000000 9.000000 0.500000
0.125000 1.000000 6.000000 0.200000
0.111111 0.166667 1.000000 0.125000
2.000000 5.000000 8.000000 1.000000

Matrix 771:
1.000000 0.142857 8.000000 0.200000
7.000000 1.000000 9.000000 3.000000
0.125000 0.111111 1.000000 0.142857
5.000000 0.333333 7.000000 1.000000

Matrix 772:
1.000000 0.333333 6.000000 0.250000
3.000000 1.000000 4.000000 5.000000
0.166667 0.250000 1.000000 0.333333
4.000000 0.200000 3.000000 1.000000

Matrix 773:
1.000000 6.000000 0.250000 0.142857
0.166667 1.000000 2.000000 0.125000
4.000000 0.500000 1.000000 0.125000
7.000000 8.000000 8.000000 1.000000

Matrix 774:
1.000000 2.000000 9.000000 0.111111
0.500000 1.000000 0.333333 0.125000
0.111111 3.000000 1.000000 0.111111
9.000000 8.000000 9.000000 1.000000

Matrix 775:
1.000000 3.000000 6.000000 0.142857
0.333333 1.000000 0.111111 0.200000
0.166667 9.000000 1.000000 0.142857
7.000000 5.000000 7.000000 1.000000

Matrix 776:
1.000000 3.000000 8.000000 0.200000
0.333333 1.000000 9.000000 0.333333
0.125000 0.111111 1.000000 0.250000
5.000000 3.000000 4.000000 1.000000

Matrix 777:
1.000000 0.166667 1.000000 0.250000
6.000000 1.000000 3.000000 0.200000
1.000000 0.333333 1.000000 1.000000
4.000000 5.000000 1.000000 1.000000

Matrix 778:
1.000000 9.000000 2.000000 4.000000
0.111111 1.000000 9.000000 8.000000
0.500000 0.111111 1.000000 0.333333
0.250000 0.125000 3.000000 1.000000

Matrix 779:
1.000000 2.000000 0.125000 0.333333
0.500000 1.000000 0.142857 1.000000
8.000000 7.000000 1.000000 1.000000
3.000000 1.000000 1.000000 1.000000

Matrix 780:
1.000000 6.000000 1.000000 2.000000
0.166667 1.000000 4.000000 7.000000
1.000000 0.250000 1.000000 4.000000
0.500000 0.142857 0.250000 1.000000

Matrix 781:
1.000000 2.000000 1.000000 0.333333
0.500000 1.000000 1.000000 0.250000
1.000000 1.000000 1.000000 3.000000
3.000000 4.000000 0.333333 1.000000

Matrix 782:
1.000000 0.125000 1.000000 0.200000
8.000000 1.000000 0.500000 6.000000
1.000000 2.000000 1.000000 1.000000
5.000000 0.166667 1.000000 1.000000

Matrix 783:
1.000000 0.500000 0.500000 1.000000
2.000000 1.000000 8.000000 0.200000
2.000000 0.125000 1.000000 0.111111
1.000000 5.000000 9.000000 1.000000

Matrix 784:
1.000000 8.000000 4.000000 5.000000
0.125000 1.000000 0.250000 6.000000
0.250000 4.000000 1.000000 9.000000
0.200000 0.166667 0.111111 1.000000

Matrix 785:
1.000000 1.000000 5.000000 0.142857
1.000000 1.000000 9.000000 0.111111
0.200000 0.111111 1.000000 0.250000
7.000000 9.000000 4.000000 1.000000

Matrix 786:
1.000000 2.000000 9.000000 0.333333
0.500000 1.000000 2.000000 3.000000
0.111111 0.500000 1.000000 0.125000
3.000000 0.333333 8.000000 1.000000

Matrix 787:
1.000000 0.142857 3.000000 0.250000
7.000000 1.000000 6.000000 9.000000
0.333333 0.166667 1.000000 1.000000
4.000000 0.111111 1.000000 1.000000

Matrix 788:
1.000000 1.000000 2.000000 0.500000
1.000000 1.000000 0.125000 0.200000
0.500000 8.000000 1.000000 0.250000
2.000000 5.000000 4.000000 1.000000

Matrix 789:
1.000000 0.500000 0.500000 1.000000
2.000000 1.000000 6.000000 7.000000
2.000000 0.166667 1.000000 0.111111
1.000000 0.142857 9.000000 1.000000

Matrix 790:
1.000000 1.000000 7.000000 0.200000
1.000000 1.000000 1.000000 3.000000
0.142857 1.000000 1.000000 1.000000
5.000000 0.333333 1.000000 1.000000

Matrix 791:
1.000000 0.142857 4.000000 0.200000
7.000000 1.000000 1.000000 0.125000
0.250000 1.000000 1.000000 0.200000
5.000000 8.000000 5.000000 1.000000

Matrix 792:
1.000000 0.500000 0.500000 0.125000
2.000000 1.000000 7.000000 1.000000
2.000000 0.142857 1.000000 1.000000
8.000000 1.000000 1.000000 1.000000

Matrix 793:
1.000000 0.166667 0.500000 7.000000
6.000000 1.000000 5.000000 6.000000
2.000000 0.200000 1.000000 5.000000
0.142857 0.166667 0.200000 1.000000

Matrix 794:
1.000000 7.000000 1.000000 5.000000
0.142857 1.000000 0.500000 1.000000
1.000000 2.000000 1.000000 0.166667
0.200000 1.000000 6.000000 1.000000

Matrix 795:
1.000000 0.500000 0.142857 0.250000
2.000000 1.000000 4.000000 0.500000
7.000000 0.250000 1.000000 0.111111
4.000000 2.000000 9.000000 1.000000

Matrix 796:
1.000000 1.000000 0.200000 7.000000
1.000000 1.000000 0.142857 5.000000
5.000000 7.000000 1.000000 8.000000
0.142857 0.200000 0.125000 1.000000

Matrix 797:
1.000000 2.000000 5.000000 3.000000
0.500000 1.000000 0.125000 0.250000
0.200000 8.000000 1.000000 0.500000
0.333333 4.000000 2.000000 1.000000

Matrix 798:
1.000000 0.200000 7.000000 0.142857
5.000000 1.000000 7.000000 0.166667
0.142857 0.142857 1.000000 0.500000
7.000000 6.000000 2.000000 1.000000

Matrix 799:
1.000000 8.000000 2.000000 0.250000
0.125000 1.000000 0.125000 0.500000
0.500000 8.000000 1.000000 8.000000
4.000000 2.000000 0.125000 1.000000

Matrix 800:
1.000000 0.500000 8.000000 7.000000
2.000000 1.000000 0.333333 3.000000
0.125000 3.000000 1.000000 1.000000
0.142857 0.333333 1.000000 1.000000

Matrix 801:
1.000000 5.000000 3.000000 5.000000
0.200000 1.000000 6.000000 7.000000
0.333333 0.166667 1.000000 1.000000
0.200000 0.142857 1.000000 1.000000

Matrix 802:
1.000000 0.142857 0.142857 0.166667
7.000000 1.000000 8.000000 0.125000
7.000000 0.125000 1.000000 0.333333
6.000000 8.000000 3.000000 1.000000

Matrix 803:
1.000000 8.000000 1.000000 0.250000
0.125000 1.000000 0.142857 0.142857
1.000000 7.000000 1.000000 6.000000
4.000000 7.000000 0.166667 1.000000

Matrix 804:
1.000000 0.166667 0.250000 0.111111
6.000000 1.000000 8.000000 0.250000
4.000000 0.125000 1.000000 1.000000
9.000000 4.000000 1.000000 1.000000

Matrix 805:
1.000000 0.111111 0.500000 2.000000
9.000000 1.000000 0.333333 8.000000
2.000000 3.000000 1.000000 2.000000
0.500000 0.125000 0.500000 1.000000

Matrix 806:
1.000000 2.000000 5.000000 1.000000
0.500000 1.000000 7.000000 8.000000
0.200000 0.142857 1.000000 6.000000
1.000000 0.125000 0.166667 1.000000

Matrix 807:
1.000000 1.000000 8.000000 7.000000
1.000000 1.000000 8.000000 0.200000
0.125000 0.125000 1.000000 0.250000
0.142857 5.000000 4.000000 1.000000

Matrix 808:
1.000000 2.000000 1.000000 4.000000
0.500000 1.000000 0.500000 0.166667
1.000000 2.000000 1.000000 4.000000
0.250000 6.000000 0.250000 1.000000

Matrix 809:
1.000000 7.000000 8.000000 0.250000
0.142857 1.000000 0.333333 0.200000
0.125000 3.000000 1.000000 0.111111
4.000000 5.000000 9.000000 1.000000

Matrix 810:
1.000000 4.000000 0.125000 0.250000
0.250000 1.000000 0.333333 1.000000
8.000000 3.000000 1.000000 0.166667
4.000000 1.000000 6.000000 1.000000

Matrix 811:
1.000000 7.000000 7.000000 1.000000
0.142857 1.000000 0.111111 0.125000
0.142857 9.000000 1.000000 3.000000
1.000000 8.000000 0.333333 1.000000

Matrix 812:
1.000000 8.000000 1.000000 5.000000
0.125000 1.000000 1.000000 7.000000
1.000000 1.000000 1.000000 5.000000
0.200000 0.142857 0.200000 1.000000

Matrix 813:
1.000000 1.000000 0.333333 7.000000
1.000000 1.000000 1.000000 0.200000
3.000000 1.000000 1.000000 6.000000
0.142857 5.000000 0.166667 1.000000

Matrix 814:
1.000000 5.000000 6.000000 4.000000
0.200000 1.000000 6.000000 5.000000
0.166667 0.166667 1.000000 6.000000
0.250000 0.200000 0.166667 1.000000

Matrix 815:
1.000000 6.000000 7.000000 2.000000
0.166667 1.000000 0.250000 3.000000
0.142857 4.000000 1.000000 7.000000
0.500000 0.333333 0.142857 1.000000

Matrix 816:
1.000000 0.142857 0.200000 1.000000
7.000000 1.000000 0.142857 4.000000
5.000000 7.000000 1.000000 7.000000
1.000000 0.250000 0.142857 1.000000

Matrix 817:
1.000000 0.166667 1.000000 0.500000
6.000000 1.000000 3.000000 8.000000
1.000000 0.333333 1.000000 9.000000
2.000000 0.125000 0.111111 1.000000

Matrix 818:
1.000000 0.166667 0.142857 9.000000
6.000000 1.000000 7.000000 5.000000
7.000000 0.142857 1.000000 6.000000
0.111111 0.200000 0.166667 1.000000

Matrix 819:
1.000000 0.166667 1.000000 0.166667
6.000000 1.000000 0.250000 0.333333
1.000000 4.000000 1.000000 2.000000
6.000000 3.000000 0.500000 1.000000

Matrix 820:
1.000000 6.000000 0.142857 0.111111
0.166667 1.000000 1.000000 0.333333
7.000000 1.000000 1.000000 0.142857
9.000000 3.000000 7.000000 1.000000

Matrix 821:
1.000000 6.000000 7.000000 4.000000
0.166667 1.000000 1.000000 8.000000
0.142857 1.000000 1.000000 1.000000
0.250000 0.125000 1.000000 1.000000

Matrix 822:
1.000000 7.000000 0.142857 9.000000
0.142857 1.000000 0.125000 4.000000
7.000000 8.000000 1.000000 7.000000
0.111111 0.250000 0.142857 1.000000

Matrix 823:
1.000000 0.333333 7.000000 0.142857
3.000000 1.000000 6.000000 0.333333
0.142857 0.166667 1.000000 0.125000
7.000000 3.000000 8.000000 1.000000

Matrix 824:
1.000000 6.000000 7.000000 0.200000
0.166667 1.000000 0.250000 0.200000
0.142857 4.000000 1.000000 2.000000
5.000000 5.000000 0.500000 1.000000

Matrix 825:
1.000000 8.000000 0.333333 0.333333
0.125000 1.000000 1.000000 0.142857
3.000000 1.000000 1.000000 0.111111
3.000000 7.000000 9.000000 1.000000

Matrix 826:
1.000000 2.000000 9.000000 5.000000
0.500000 1.000000 0.250000 2.000000
0.111111 4.000000 1.000000 1.000000
0.200000 0.500000 1.000000 1.000000

Matrix 827:
1.000000 0.500000 7.000000 1.000000
2.000000 1.000000 3.000000 2.000000
0.142857 0.333333 1.000000 0.125000
1.000000 0.500000 8.000000 1.000000

Matrix 828:
1.000000 0.500000 1.000000 0.142857
2.000000 1.000000 1.000000 1.000000
1.000000 1.000000 1.000000 2.000000
7.000000 1.000000 0.500000 1.000000

Matrix 829:
1.000000 3.000000 7.000000 5.000000
0.333333 1.000000 3.000000 0.125000
0.142857 0.333333 1.000000 0.250000
0.200000 8.000000 4.000000 1.000000

Matrix 830:
1.000000 0.111111 0.125000 0.111111
9.000000 1.000000 0.142857 0.200000
8.000000 7.000000 1.000000 2.000000
9.000000 5.000000 0.500000 1.000000

Matrix 831:
1.000000 1.000000 0.250000 3.000000
1.000000 1.000000 0.500000 0.500000
4.000000 2.000000 1.000000 1.000000
0.333333 2.000000 1.000000 1.000000

Matrix 832:
1.000000 1.000000 3.000000 5.000000
1.000000 1.000000 3.000000 6.000000
0.333333 0.333333 1.000000 8.000000
0.200000 0.166667 0.125000 1.000000

Matrix 833:
1.000000 1.000000 5.000000 6.000000
1.000000 1.000000 2.000000 6.000000
0.200000 0.500000 1.000000 0.250000
0.166667 0.166667 4.000000 1.000000

Matrix 834:
1.000000 0.500000 0.142857 0.111111
2.000000 1.000000 9.000000 0.125000
7.000000 0.111111 1.000000 0.142857
9.000000 8.000000 7.000000 1.000000

Matrix 835:
1.000000 1.000000 0.125000 9.000000
1.000000 1.000000 3.000000 8.000000
8.000000 0.333333 1.000000 7.000000
0.111111 0.125000 0.142857 1.000000

Matrix 836:
1.000000 6.000000 8.000000 1.000000
0.166667 1.000000 1.000000 3.000000
0.125000 1.000000 1.000000 0.166667
1.000000 0.333333 6.000000 1.000000

Matrix 837:
1.000000 1.000000 0.500000 0.111111
1.000000 1.000000 4.000000 2.000000
2.000000 0.250000 1.000000 0.200000
9.000000 0.500000 5.000000 1.000000

Matrix 838:
1.000000 1.000000 0.500000 5.000000
1.000000 1.000000 6.000000 3.000000
2.000000 0.166667 1.000000 1.000000
0.200000 0.333333 1.000000 1.000000

Matrix 839:
1.000000 0.111111 0.250000 0.500000
9.000000 1.000000 4.000000 0.125000
4.000000 0.250000 1.000000 0.166667
2.000000 8.000000 6.000000 1.000000

Matrix 840:
1.000000 0.333333 6.000000 4.000000
3.000000 1.000000 4.000000 5.000000
0.166667 0.250000 1.000000 0.250000
0.250000 0.200000 4.000000 1.000000

Matrix 841:
1.000000 0.200000 5.000000 0.200000
5.000000 1.000000 7.000000 7.000000
0.200000 0.142857 1.000000 0.500000
5.000000 0.142857 2.000000 1.000000

Matrix 842:
1.000000 4.000000 0.333333 6.000000
0.250000 1.000000 0.200000 0.333333
3.000000 5.000000 1.000000 1.000000
0.166667 3.000000 1.000000 1.000000

Matrix 843:
1.000000 0.142857 4.000000 8.000000
7.000000 1.000000 3.000000 7.000000
0.250000 0.333333 1.000000 5.000000
0.125000 0.142857 0.200000 1.000000

Matrix 844:
1.000000 0.166667 1.000000 0.333333
6.000000 1.000000 8.000000 0.111111
1.000000 0.125000 1.000000 0.166667
3.000000 9.000000 6.000000 1.000000

Matrix 845:
1.000000 9.000000 7.000000 7.000000
0.111111 1.000000 1.000000 3.000000
0.142857 1.000000 1.000000 0.166667
0.142857 0.333333 6.000000 1.000000

Matrix 846:
1.000000 2.000000 1.000000 0.125000
0.500000 1.000000 6.000000 3.000000
1.000000 0.166667 1.000000 0.125000
8.000000 0.333333 8.000000 1.000000

Matrix 847:
1.000000 0.142857 0.250000 0.333333
7.000000 1.000000 9.000000 5.000000
4.000000 0.111111 1.000000 9.000000
3.000000 0.200000 0.111111 1.000000

Matrix 848:
1.000000 0.250000 0.125000 0.111111
4.000000 1.000000 0.200000 3.000000
8.000000 5.000000 1.000000 9.000000
9.000000 0.333333 0.111111 1.000000

Matrix 849:
1.000000 9.000000 3.000000 1.000000
0.111111 1.000000 0.250000 2.000000
0.333333 4.000000 1.000000 0.125000
1.000000 0.500000 8.000000 1.000000

Matrix 850:
1.000000 1.000000 2.000000 7.000000
1.000000 1.000000 1.000000 1.000000
0.500000 1.000000 1.000000 0.333333
0.142857 1.000000 3.000000 1.000000

Matrix 851:
1.000000 4.000000 1.000000 1.000000
0.250000 1.000000 0.125000 5.000000
1.000000 8.000000 1.000000 1.000000
1.000000 0.200000 1.000000 1.000000

Matrix 852:
1.000000 0.142857 6.000000 2.000000
7.000000 1.000000 7.000000 0.333333
0.166667 0.142857 1.000000 0.250000
0.500000 3.000000 4.000000 1.000000

Matrix 853:
1.000000 2.000000 0.333333 6.000000
0.500000 1.000000 0.333333 4.000000
3.000000 3.000000 1.000000 3.000000
0.166667 0.250000 0.333333 1.000000

Matrix 854:
1.000000 6.000000 5.000000 2.000000
0.166667 1.000000 0.111111 0.500000
0.200000 9.000000 1.000000 0.333333
0.500000 2.000000 3.000000 1.000000

Matrix 855:
1.000000 0.166667 7.000000 0.166667
6.000000 1.000000 6.000000 3.000000
0.142857 0.166667 1.000000 1.000000
6.000000 0.333333 1.000000 1.000000

Matrix 856:
1.000000 0.125000 1.000000 1.000000
8.000000 1.000000 4.000000 1.000000
1.000000 0.250000 1.000000 6.000000
1.000000 1.000000 0.166667 1.000000

Matrix 857:
1.000000 0.166667 0.111111 0.111111
6.000000 1.000000 8.000000 4.000000
9.000000 0.125000 1.000000 6.000000
9.000000 0.250000 0.166667 1.000000

Matrix 858:
1.000000 4.000000 0.111111 1.000000
0.250000 1.000000 0.250000 0.111111
9.000000 4.000000 1.000000 3.000000
1.000000 9.000000 0.333333 1.000000

Matrix 859:
1.000000 6.000000 0.166667 0.125000
0.166667 1.000000 1.000000 0.111111
6.000000 1.000000 1.000000 0.333333
8.000000 9.000000 3.000000 1.000000

Matrix 860:
1.000000 2.000000 4.000000 9.000000
0.500000 1.000000 0.125000 5.000000
0.250000 8.000000 1.000000 6.000000
0.111111 0.200000 0.166667 1.000000

Matrix 861:
1.000000 0.111111 9.000000 4.000000
9.000000 1.000000 7.000000 8.000000
0.111111 0.142857 1.000000 9.000000
0.250000 0.125000 0.111111 1.000000

Matrix 862:
1.000000 0.166667 8.000000 4.000000
6.000000 1.000000 4.000000 9.000000
0.125000 0.250000 1.000000 0.200000
0.250000 0.111111 5.000000 1.000000

Matrix 863:
1.000000 2.000000 0.111111 5.000000
0.500000 1.000000 0.333333 4.000000
9.000000 3.000000 1.000000 3.000000
0.200000 0.250000 0.333333 1.000000

Matrix 864:
1.000000 1.000000 8.000000 2.000000
1.000000 1.000000 0.500000 2.000000
0.125000 2.000000 1.000000 0.142857
0.500000 0.500000 7.000000 1.000000

Matrix 865:
1.000000 1.000000 0.500000 0.166667
1.000000 1.000000 2.000000 0.333333
2.000000 0.500000 1.000000 1.000000
6.000000 3.000000 1.000000 1.000000

Matrix 866:
1.000000 2.000000 9.000000 6.000000
0.500000 1.000000 0.200000 0.111111
0.111111 5.000000 1.000000 4.000000
0.166667 9.000000 0.250000 1.000000

Matrix 867:
1.000000 0.500000 0.333333 0.333333
2.000000 1.000000 0.500000 1.000000
3.000000 2.000000 1.000000 9.000000
3.000000 1.000000 0.111111 1.000000

Matrix 868:
1.000000 2.000000 8.000000 1.000000
0.500000 1.000000 0.200000 0.500000
0.125000 5.000000 1.000000 1.000000
1.000000 2.000000 1.000000 1.000000

Matrix 869:
1.000000 0.250000 0.200000 0.125000
4.000000 1.000000 7.000000 2.000000
5.000000 0.142857 1.000000 4.000000
8.000000 0.500000 0.250000 1.000000

Matrix 870:
1.000000 0.142857 2.000000 1.000000
7.000000 1.000000 7.000000 1.000000
0.500000 0.142857 1.000000 6.000000
1.000000 1.000000 0.166667 1.000000

Matrix 871:
1.000000 3.000000 7.000000 4.000000
0.333333 1.000000 3.000000 3.000000
0.142857 0.333333 1.000000 9.000000
0.250000 0.333333 0.111111 1.000000

Matrix 872:
1.000000 0.500000 0.111111 0.200000
2.000000 1.000000 0.125000 4.000000
9.000000 8.000000 1.000000 7.000000
5.000000 0.250000 0.142857 1.000000

Matrix 873:
1.000000 8.000000 5.000000 8.000000
0.125000 1.000000 9.000000 0.200000
0.200000 0.111111 1.000000 0.200000
0.125000 5.000000 5.000000 1.000000

Matrix 874:
1.000000 0.142857 0.250000 0.200000
7.000000 1.000000 0.125000 5.000000
4.000000 8.000000 1.000000 9.000000
5.000000 0.200000 0.111111 1.000000

Matrix 875:
1.000000 6.000000 1.000000 5.000000
0.166667 1.000000 1.000000 0.142857
1.000000 1.000000 1.000000 4.000000
0.200000 7.000000 0.250000 1.000000

Matrix 876:
1.000000 0.166667 8.000000 7.000000
6.000000 1.000000 2.000000 1.000000
0.125000 0.500000 1.000000 0.142857
0.142857 1.000000 7.000000 1.000000

Matrix 877:
1.000000 0.125000 0.111111 2.000000
8.000000 1.000000 9.000000 7.000000
9.000000 0.111111 1.000000 0.333333
0.500000 0.142857 3.000000 1.000000

Matrix 878:
1.000000 4.000000 5.000000 4.000000
0.250000 1.000000 0.166667 1.000000
0.200000 6.000000 1.000000 3.000000
0.250000 1.000000 0.333333 1.000000

Matrix 879:
1.000000 0.200000 2.000000 8.000000
5.000000 1.000000 6.000000 3.000000
0.500000 0.166667 1.000000 0.142857
0.125000 0.333333 7.000000 1.000000

Matrix 880:
1.000000 0.200000 0.333333 5.000000
5.000000 1.000000 1.000000 3.000000
3.000000 1.000000 1.000000 9.000000
0.200000 0.333333 0.111111 1.000000

Matrix 881:
1.000000 1.000000 2.000000 1.000000
1.000000 1.000000 8.000000 3.000000
0.500000 0.125000 1.000000 0.166667
1.000000 0.333333 6.000000 1.000000

Matrix 882:
1.000000 0.500000 0.125000 0.111111
2.000000 1.000000 1.000000 9.000000
8.000000 1.000000 1.000000 8.000000
9.000000 0.111111 0.125000 1.000000

Matrix 883:
1.000000 1.000000 0.142857 9.000000
1.000000 1.000000 0.166667 3.000000
7.000000 6.000000 1.000000 2.000000
0.111111 0.333333 0.500000 1.000000

Matrix 884:
1.000000 3.000000 5.000000 6.000000
0.333333 1.000000 0.125000 3.000000
0.200000 8.000000 1.000000 0.500000
0.166667 0.333333 2.000000 1.000000

Matrix 885:
1.000000 0.166667 2.000000 9.000000
6.000000 1.000000 0.500000 5.000000
0.500000 2.000000 1.000000 1.000000
0.111111 0.200000 1.000000 1.000000

Matrix 886:
1.000000 0.333333 3.000000 0.200000
3.000000 1.000000 7.000000 1.000000
0.333333 0.142857 1.000000 3.000000
5.000000 1.000000 0.333333 1.000000

Matrix 887:
1.000000 0.111111 4.000000 0.333333
9.000000 1.000000 9.000000 0.333333
0.250000 0.111111 1.000000 0.142857
3.000000 3.000000 7.000000 1.000000

Matrix 888:
1.000000 2.000000 0.111111 6.000000
0.500000 1.000000 0.500000 1.000000
9.000000 2.000000 1.000000 7.000000
0.166667 1.000000 0.142857 1.000000

Matrix 889:
1.000000 0.250000 1.000000 4.000000
4.000000 1.000000 0.142857 5.000000
1.000000 7.000000 1.000000 9.000000
0.250000 0.200000 0.111111 1.000000

Matrix 890:
1.000000 0.200000 0.125000 0.125000
5.000000 1.000000 1.000000 0.142857
8.000000 1.000000 1.000000 1.000000
8.000000 7.000000 1.000000 1.000000

Matrix 891:
1.000000 4.000000 1.000000 5.000000
0.250000 1.000000 0.111111 8.000000
1.000000 9.000000 1.000000 3.000000
0.200000 0.125000 0.333333 1.000000

Matrix 892:
1.000000 5.000000 0.500000 0.166667
0.200000 1.000000 6.000000 0.250000
2.000000 0.166667 1.000000 0.166667
6.000000 4.000000 6.000000 1.000000

Matrix 893:
1.000000 3.000000 7.000000 6.000000
0.333333 1.000000 7.000000 1.000000
0.142857 0.142857 1.000000 0.142857
0.166667 1.000000 7.000000 1.000000

Matrix 894:
1.000000 0.142857 1.000000 0.333333
7.000000 1.000000 0.200000 0.142857
1.000000 5.000000 1.000000 0.166667
3.000000 7.000000 6.000000 1.000000

Matrix 895:
1.000000 1.000000 3.000000 1.000000
1.000000 1.000000 0.333333 4.000000
0.333333 3.000000 1.000000 0.250000
1.000000 0.250000 4.000000 1.000000

Matrix 896:
1.000000 0.142857 0.166667 0.250000
7.000000 1.000000 0.500000 7.000000
6.000000 2.000000 1.000000 7.000000
4.000000 0.142857 0.142857 1.000000

Matrix 897:
1.000000 0.142857 0.333333 0.250000
7.000000 1.000000 0.142857 0.200000
3.000000 7.000000 1.000000 4.000000
4.000000 5.000000 0.250000 1.000000

Matrix 898:
1.000000 0.111111 1.000000 0.166667
9.000000 1.000000 8.000000 0.166667
1.000000 0.125000 1.000000 1.000000
6.000000 6.000000 1.000000 1.000000

Matrix 899:
1.000000 1.000000 0.142857 4.000000
1.000000 1.000000 0.142857 4.000000
7.000000 7.000000 1.000000 6.000000
0.250000 0.250000 0.166667 1.000000

Matrix 900:
1.000000 0.500000 0.125000 0.500000
2.000000 1.000000 0.500000 8.000000
8.000000 2.000000 1.000000 3.000000
2.000000 0.125000 0.333333 1.000000

Matrix 901:
1.000000 9.000000 8.000000 1.000000
0.111111 1.000000 8.000000 7.000000
0.125000 0.125000 1.000000 0.200000
1.000000 0.142857 5.000000 1.000000

Matrix 902:
1.000000 4.000000 0.200000 0.500000
0.250000 1.000000 2.000000 1.000000
5.000000 0.500000 1.000000 0.166667
2.000000 1.000000 6.000000 1.000000

Matrix 903:
1.000000 0.125000 7.000000 1.000000
8.000000 1.000000 1.000000 4.000000
0.142857 1.000000 1.000000 0.500000
1.000000 0.250000 2.000000 1.000000

Matrix 904:
1.000000 0.111111 0.250000 4.000000
9.000000 1.000000 1.000000 7.000000
4.000000 1.000000 1.000000 0.500000
0.250000 0.142857 2.000000 1.000000

Matrix 905:
1.000000 0.200000 0.333333 0.125000
5.000000 1.000000 6.000000 6.000000
3.000000 0.166667 1.000000 7.000000
8.000000 0.166667 0.142857 1.000000

Matrix 906:
1.000000 0.142857 0.125000 0.111111
7.000000 1.000000 0.125000 3.000000
8.000000 8.000000 1.000000 0.500000
9.000000 0.333333 2.000000 1.000000

Matrix 907:
1.000000 3.000000 0.200000 0.200000
0.333333 1.000000 0.166667 0.250000
5.000000 6.000000 1.000000 0.333333
5.000000 4.000000 3.000000 1.000000

Matrix 908:
1.000000 7.000000 0.125000 2.000000
0.142857 1.000000 0.142857 5.000000
8.000000 7.000000 1.000000 7.000000
0.500000 0.200000 0.142857 1.000000

Matrix 909:
1.000000 1.000000 0.333333 1.000000
1.000000 1.000000 0.250000 1.000000
3.000000 4.000000 1.000000 0.125000
1.000000 1.000000 8.000000 1.000000

Matrix 910:
1.000000 6.000000 4.000000 5.000000
0.166667 1.000000 2.000000 0.111111
0.250000 0.500000 1.000000 0.125000
0.200000 9.000000 8.000000 1.000000

Matrix 911:
1.000000 0.250000 3.000000 3.000000
4.000000 1.000000 1.000000 0.500000
0.333333 1.000000 1.000000 8.000000
0.333333 2.000000 0.125000 1.000000

Matrix 912:
1.000000 7.000000 1.000000 8.000000
0.142857 1.000000 0.250000 7.000000
1.000000 4.000000 1.000000 8.000000
0.125000 0.142857 0.125000 1.000000

Matrix 913:
1.000000 1.000000 0.125000 0.142857
1.000000 1.000000 0.250000 0.250000
8.000000 4.000000 1.000000 0.111111
7.000000 4.000000 9.000000 1.000000

Matrix 914:
1.000000 1.000000 6.000000 5.000000
1.000000 1.000000 9.000000 0.200000
0.166667 0.111111 1.000000 0.500000
0.200000 5.000000 2.000000 1.000000

Matrix 915:
1.000000 1.000000 2.000000 1.000000
1.000000 1.000000 0.125000 9.000000
0.500000 8.000000 1.000000 7.000000
1.000000 0.111111 0.142857 1.000000

Matrix 916:
1.000000 0.500000 0.166667 0.142857
2.000000 1.000000 2.000000 4.000000
6.000000 0.500000 1.000000 5.000000
7.000000 0.250000 0.200000 1.000000

Matrix 917:
1.000000 7.000000 5.000000 8.000000
0.142857 1.000000 0.142857 6.000000
0.200000 7.000000 1.000000 5.000000
0.125000 0.166667 0.200000 1.000000

Matrix 918:
1.000000 5.000000 9.000000 9.000000
0.200000 1.000000 4.000000 0.111111
0.111111 0.250000 1.000000 0.500000
0.111111 9.000000 2.000000 1.000000

Matrix 919:
1.000000 8.000000 0.142857 0.333333
0.125000 1.000000 0.500000 1.000000
7.000000 2.000000 1.000000 4.000000
3.000000 1.000000 0.250000 1.000000

Matrix 920:
1.000000 0.111111 0.111111 0.125000
9.000000 1.000000 3.000000 6.000000
9.000000 0.333333 1.000000 4.000000
8.000000 0.166667 0.250000 1.000000

Matrix 921:
1.000000 2.000000 5.000000 0.142857
0.500000 1.000000 1.000000 1.000000
0.200000 1.000000 1.000000 1.000000
7.000000 1.000000 1.000000 1.000000

Matrix 922:
1.000000 3.000000 0.250000 0.200000
0.333333 1.000000 0.142857 0.200000
4.000000 7.000000 1.000000 5.000000
5.000000 5.000000 0.200000 1.000000

Matrix 923:
1.000000 0.250000 0.200000 0.166667
4.000000 1.000000 0.142857 5.000000
5.000000 7.000000 1.000000 7.000000
6.000000 0.200000 0.142857 1.000000

Matrix 924:
1.000000 9.000000 4.000000 0.500000
0.111111 1.000000 1.000000 1.000000
0.250000 1.000000 1.000000 0.142857
2.000000 1.000000 7.000000 1.000000

Matrix 925:
1.000000 0.166667 0.333333 0.250000
6.000000 1.000000 0.250000 0.250000
3.000000 4.000000 1.000000 6.000000
4.000000 4.000000 0.166667 1.000000

Matrix 926:
1.000000 0.250000 0.125000 0.333333
4.000000 1.000000 9.000000 0.500000
8.000000 0.111111 1.000000 3.000000
3.000000 2.000000 0.333333 1.000000

Matrix 927:
1.000000 0.200000 0.111111 0.250000
5.000000 1.000000 4.000000 1.000000
9.000000 0.250000 1.000000 7.000000
4.000000 1.000000 0.142857 1.000000

Matrix 928:
1.000000 1.000000 1.000000 0.500000
1.000000 1.000000 0.125000 0.250000
1.000000 8.000000 1.000000 8.000000
2.000000 4.000000 0.125000 1.000000

Matrix 929:
1.000000 1.000000 0.142857 0.111111
1.000000 1.000000 0.200000 1.000000
7.000000 5.000000 1.000000 0.125000
9.000000 1.000000 8.000000 1.000000

Matrix 930:
1.000000 0.166667 0.200000 0.111111
6.000000 1.000000 0.125000 1.000000
5.000000 8.000000 1.000000 2.000000
9.000000 1.000000 0.500000 1.000000

Matrix 931:
1.000000 8.000000 4.000000 2.000000
0.125000 1.000000 0.111111 0.333333
0.250000 9.000000 1.000000 7.000000
0.500000 3.000000 0.142857 1.000000

Matrix 932:
1.000000 0.142857 0.200000 0.111111
7.000000 1.000000 6.000000 0.250000
5.000000 0.166667 1.000000 2.000000
9.000000 4.000000 0.500000 1.000000

Matrix 933:
1.000000 5.000000 0.111111 2.000000
0.200000 1.000000 0.111111 0.250000
9.000000 9.000000 1.000000 4.000000
0.500000 4.000000 0.250000 1.000000

Matrix 934:
1.000000 9.000000 0.125000 0.142857
0.111111 1.000000 0.333333 0.333333
8.000000 3.000000 1.000000 0.500000
7.000000 3.000000 2.000000 1.000000

Matrix 935:
1.000000 2.000000 0.500000 4.000000
0.500000 1.000000 0.500000 0.111111
2.000000 2.000000 1.000000 3.000000
0.250000 9.000000 0.333333 1.000000

Matrix 936:
1.000000 0.500000 0.500000 0.500000
2.000000 1.000000 9.000000 9.000000
2.000000 0.111111 1.000000 0.333333
2.000000 0.111111 3.000000 1.000000

Matrix 937:
1.000000 5.000000 8.000000 0.111111
0.200000 1.000000 4.000000 0.250000
0.125000 0.250000 1.000000 0.333333
9.000000 4.000000 3.000000 1.000000

Matrix 938:
1.000000 8.000000 0.111111 0.111111
0.125000 1.000000 1.000000 0.111111
9.000000 1.000000 1.000000 0.333333
9.000000 9.000000 3.000000 1.000000

Matrix 939:
1.000000 1.000000 4.000000 0.111111
1.000000 1.000000 4.000000 0.250000
0.250000 0.250000 1.000000 1.000000
9.000000 4.000000 1.000000 1.000000

Matrix 940:
1.000000 1.000000 0.166667 8.000000
1.000000 1.000000 6.000000 7.000000
6.000000 0.166667 1.000000 1.000000
0.125000 0.142857 1.000000 1.000000

Matrix 941:
1.000000 0.166667 0.142857 0.250000
6.000000 1.000000 5.000000 8.000000
7.000000 0.200000 1.000000 0.111111
4.000000 0.125000 9.000000 1.000000

Matrix 942:
1.000000 4.000000 7.000000 9.000000
0.250000 1.000000 4.000000 4.000000
0.142857 0.250000 1.000000 4.000000
0.111111 0.250000 0.250000 1.000000

Matrix 943:
1.000000 0.142857 0.166667 0.500000
7.000000 1.000000 7.000000 2.000000
6.000000 0.142857 1.000000 0.142857
2.000000 0.500000 7.000000 1.000000

Matrix 944:
1.000000 0.200000 0.111111 0.166667
5.000000 1.000000 0.166667 0.200000
9.000000 6.000000 1.000000 4.000000
6.000000 5.000000 0.250000 1.000000

Matrix 945:
1.000000 3.000000 1.000000 4.000000
0.333333 1.000000 5.000000 0.200000
1.000000 0.200000 1.000000 0.333333
0.250000 5.000000 3.000000 1.000000

Matrix 946:
1.000000 1.000000 1.000000 0.142857
1.000000 1.000000 5.000000 0.500000
1.000000 0.200000 1.000000 0.333333
7.000000 2.000000 3.000000 1.000000

Matrix 947:
1.000000 0.142857 0.142857 1.000000
7.000000 1.000000 0.166667 1.000000
7.000000 6.000000 1.000000 9.000000
1.000000 1.000000 0.111111 1.000000

Matrix 948:
1.000000 3.000000 0.333333 5.000000
0.333333 1.000000 0.142857 7.000000
3.000000 7.000000 1.000000 9.000000
0.200000 0.142857 0.111111 1.000000

Matrix 949:
1.000000 5.000000 0.166667 0.111111
0.200000 1.000000 0.333333 0.250000
6.000000 3.000000 1.000000 0.333333
9.000000 4.000000 3.000000 1.000000

Matrix 950:
1.000000 0.250000 0.111111 0.250000
4.000000 1.000000 9.000000 4.000000
9.000000 0.111111 1.000000 4.000000
4.000000 0.250000 0.250000 1.000000

Matrix 951:
1.000000 0.500000 0.200000 2.000000
2.000000 1.000000 0.125000 0.142857
5.000000 8.000000 1.000000 5.000000
0.500000 7.000000 0.200000 1.000000

Matrix 952:
1.000000 1.000000 0.142857 0.500000
1.000000 1.000000 1.000000 2.000000
7.000000 1.000000 1.000000 0.200000
2.000000 0.500000 5.000000 1.000000

Matrix 953:
1.000000 2.000000 7.000000 1.000000
0.500000 1.000000 0.250000 0.500000
0.142857 4.000000 1.000000 6.000000
1.000000 2.000000 0.166667 1.000000

Matrix 954:
1.000000 0.250000 7.000000 0.333333
4.000000 1.000000 8.000000 0.166667
0.142857 0.125000 1.000000 0.111111
3.000000 6.000000 9.000000 1.000000

Matrix 955:
1.000000 0.250000 0.166667 0.200000
4.000000 1.000000 0.125000 0.250000
6.000000 8.000000 1.000000 4.000000
5.000000 4.000000 0.250000 1.000000

Matrix 956:
1.000000 1.000000 4.000000 3.000000
1.000000 1.000000 0.125000 0.500000
0.250000 8.000000 1.000000 0.142857
0.333333 2.000000 7.000000 1.000000

Matrix 957:
1.000000 0.500000 1.000000 0.111111
2.000000 1.000000 0.166667 0.125000
1.000000 6.000000 1.000000 3.000000
9.000000 8.000000 0.333333 1.000000

Matrix 958:
1.000000 0.500000 0.333333 4.000000
2.000000 1.000000 4.000000 1.000000
3.000000 0.250000 1.000000 8.000000
0.250000 1.000000 0.125000 1.000000

Matrix 959:
1.000000 0.142857 4.000000 0.250000
7.000000 1.000000 9.000000 9.000000
0.250000 0.111111 1.000000 1.000000
4.000000 0.111111 1.000000 1.000000

Matrix 960:
1.000000 0.250000 4.000000 3.000000
4.000000 1.000000 8.000000 3.000000
0.250000 0.125000 1.000000 7.000000
0.333333 0.333333 0.142857 1.000000

Matrix 961:
1.000000 2.000000 0.500000 0.142857
0.500000 1.000000 5.000000 0.333333
2.000000 0.200000 1.000000 2.000000
7.000000 3.000000 0.500000 1.000000

Matrix 962:
1.000000 0.250000 0.500000 2.000000
4.000000 1.000000 9.000000 9.000000
2.000000 0.111111 1.000000 7.000000
0.500000 0.111111 0.142857 1.000000

Matrix 963:
1.000000 1.000000 0.250000 1.000000
1.000000 1.000000 0.200000 0.166667
4.000000 5.000000 1.000000 4.000000
1.000000 6.000000 0.250000 1.000000

Matrix 964:
1.000000 0.166667 0.166667 0.500000
6.000000 1.000000 1.000000 4.000000
6.000000 1.000000 1.000000 0.111111
2.000000 0.250000 9.000000 1.000000

Matrix 965:
1.000000 0.500000 0.111111 0.500000
2.000000 1.000000 3.000000 0.125000
9.000000 0.333333 1.000000 0.333333
2.000000 8.000000 3.000000 1.000000

Matrix 966:
1.000000 0.166667 0.250000 7.000000
6.000000 1.000000 0.200000 4.000000
4.000000 5.000000 1.000000 8.000000
0.142857 0.250000 0.125000 1.000000

Matrix 967:
1.000000 2.000000 0.333333 0.111111
0.500000 1.000000 3.000000 1.000000
3.000000 0.333333 1.000000 3.000000
9.000000 1.000000 0.333333 1.000000

Matrix 968:
1.000000 5.000000 2.000000 7.000000
0.200000 1.000000 8.000000 0.333333
0.500000 0.125000 1.000000 2.000000
0.142857 3.000000 0.500000 1.000000

Matrix 969:
1.000000 0.500000 0.250000 0.111111
2.000000 1.000000 2.000000 5.000000
4.000000 0.500000 1.000000 1.000000
9.000000 0.200000 1.000000 1.000000

Matrix 970:
1.000000 0.125000 0.111111 0.111111
8.000000 1.000000 3.000000 9.000000
9.000000 0.333333 1.000000 2.000000
9.000000 0.111111 0.500000 1.000000

Matrix 971:
1.000000 6.000000 3.000000 9.000000
0.166667 1.000000 9.000000 1.000000
0.333333 0.111111 1.000000 6.000000
0.111111 1.000000 0.166667 1.000000

Matrix 972:
1.000000 2.000000 5.000000 7.000000
0.500000 1.000000 7.000000 8.000000
0.200000 0.142857 1.000000 0.333333
0.142857 0.125000 3.000000 1.000000

Matrix 973:
1.000000 7.000000 9.000000 0.166667
0.142857 1.000000 1.000000 0.125000
0.111111 1.000000 1.000000 0.200000
6.000000 8.000000 5.000000 1.000000

Matrix 974:
1.000000 2.000000 0.333333 4.000000
0.500000 1.000000 1.000000 7.000000
3.000000 1.000000 1.000000 0.333333
0.250000 0.142857 3.000000 1.000000

Matrix 975:
1.000000 0.250000 6.000000 3.000000
4.000000 1.000000 7.000000 4.000000
0.166667 0.142857 1.000000 0.111111
0.333333 0.250000 9.000000 1.000000

Matrix 976:
1.000000 0.333333 0.200000 0.125000
3.000000 1.000000 6.000000 1.000000
5.000000 0.166667 1.000000 4.000000
8.000000 1.000000 0.250000 1.000000

Matrix 977:
1.000000 7.000000 1.000000 9.000000
0.142857 1.000000 1.000000 0.333333
1.000000 1.000000 1.000000 0.200000
0.111111 3.000000 5.000000 1.000000

Matrix 978:
1.000000 5.000000 5.000000 9.000000
0.200000 1.000000 1.000000 1.000000
0.200000 1.000000 1.000000 0.142857
0.111111 1.000000 7.000000 1.000000

Matrix 979:
1.000000 0.500000 1.000000 4.000000
2.000000 1.000000 7.000000 7.000000
1.000000 0.142857 1.000000 8.000000
0.250000 0.142857 0.125000 1.000000

Matrix 980:
1.000000 4.000000 8.000000 5.000000
0.250000 1.000000 9.000000 0.125000
0.125000 0.111111 1.000000 0.500000
0.200000 8.000000 2.000000 1.000000

Matrix 981:
1.000000 0.111111 6.000000 0.250000
9.000000 1.000000 6.000000 9.000000
0.166667 0.166667 1.000000 0.111111
4.000000 0.111111 9.000000 1.000000

Matrix 982:
1.000000 9.000000 0.333333 0.125000
0.111111 1.000000 0.200000 0.333333
3.000000 5.000000 1.000000 0.500000
8.000000 3.000000 2.000000 1.000000

Matrix 983:
1.000000 1.000000 1.000000 1.000000
1.000000 1.000000 0.142857 2.000000
1.000000 7.000000 1.000000 9.000000
1.000000 0.500000 0.111111 1.000000

Matrix 984:
1.000000 5.000000 0.111111 6.000000
0.200000 1.000000 0.250000 0.142857
9.000000 4.000000 1.000000 5.000000
0.166667 7.000000 0.200000 1.000000

Matrix 985:
1.000000 0.111111 3.000000 6.000000
9.000000 1.000000 4.000000 4.000000
0.333333 0.250000 1.000000 8.000000
0.166667 0.250000 0.125000 1.000000

Matrix 986:
1.000000 3.000000 1.000000 5.000000
0.333333 1.000000 2.000000 3.000000
1.000000 0.500000 1.000000 7.000000
0.200000 0.333333 0.142857 1.000000

Matrix 987:
1.000000 0.142857 1.000000 0.142857
7.000000 1.000000 0.200000 0.166667
1.000000 5.000000 1.000000 1.000000
7.000000 6.000000 1.000000 1.000000

Matrix 988:
1.000000 1.000000 0.333333 0.200000
1.000000 1.000000 0.166667 5.000000
3.000000 6.000000 1.000000 4.000000
5.000000 0.200000 0.250000 1.000000

Matrix 989:
1.000000 3.000000 4.000000 3.000000
0.333333 1.000000 4.000000 8.000000
0.250000 0.250000 1.000000 2.000000
0.333333 0.125000 0.500000 1.000000

Matrix 990:
1.000000 0.142857 0.166667 4.000000
7.000000 1.000000 2.000000 4.000000
6.000000 0.500000 1.000000 7.000000
0.250000 0.250000 0.142857 1.000000

Matrix 991:
1.000000 7.000000 3.000000 0.250000
0.142857 1.000000 0.111111 0.125000
0.333333 9.000000 1.000000 6.000000
4.000000 8.000000 0.166667 1.000000

Matrix 992:
1.000000 4.000000 6.000000 0.200000
0.250000 1.000000 0.142857 0.125000
0.166667 7.000000 1.000000 0.250000
5.000000 8.000000 4.000000 1.000000

Matrix 993:
1.000000 0.250000 4.000000 0.142857
4.000000 1.000000 4.000000 5.000000
0.250000 0.250000 1.000000 0.200000
7.000000 0.200000 5.000000 1.000000

Matrix 994:
1.000000 1.000000 0.333333 0.125000
1.000000 1.000000 0.142857 5.000000
3.000000 7.000000 1.000000 4.000000
8.000000 0.200000 0.250000 1.000000

Matrix 995:
1.000000 0.166667 0.125000 1.000000
6.000000 1.000000 9.000000 6.000000
8.000000 0.111111 1.000000 9.000000
1.000000 0.166667 0.111111 1.000000

Matrix 996:
1.000000 2.000000 2.000000 0.500000
0.500000 1.000000 0.200000 0.166667
0.500000 5.000000 1.000000 0.111111
2.000000 6.000000 9.000000 1.000000

Matrix 997:
1.000000 1.000000 7.000000 8.000000
1.000000 1.000000 0.250000 3.000000
0.142857 4.000000 1.000000 0.500000
0.125000 0.333333 2.000000 1.000000

Matrix 998:
1.000000 0.333333 0.333333 6.000000
3.000000 1.000000 6.000000 9.000000
3.000000 0.166667 1.000000 0.250000
0.166667 0.111111 4.000000 1.000000

Matrix 999:
1.000000 1.000000 0.111111 0.166667
1.000000 1.000000 3.000000 3.000000
9.000000 0.333333 1.000000 5.000000
6.000000 0.333333 0.200000 1.000000

Matrix 1000:
1.000000 4.000000 1.000000 0.333333
0.250000 1.000000 0.250000 4.000000
1.000000 4.000000 1.000000 9.000000
3.000000 0.250000 0.111111 1.000000

Matrix 1001:
1.000000 1.000000 8.000000 0.333333
1.000000 1.000000 0.250000 0.250000
0.125000 4.000000 1.000000 0.333333
3.000000 4.000000 3.000000 1.000000

Matrix 1002:
1.000000 0.166667 0.125000 4.000000
6.000000 1.000000 0.142857 3.000000
8.000000 7.000000 1.000000 7.000000
0.250000 0.333333 0.142857 1.000000

Matrix 1003:
1.000000 0.250000 7.000000 3.000000
4.000000 1.000000 3.000000 8.000000
0.142857 0.333333 1.000000 1.000000
0.333333 0.125000 1.000000 1.000000

Matrix 1004:
1.000000 3.000000 0.333333 0.142857
0.333333 1.000000 2.000000 0.200000
3.000000 0.500000 1.000000 0.250000
7.000000 5.000000 4.000000 1.000000

Matrix 1005:
1.000000 7.000000 7.000000 3.000000
0.142857 1.000000 0.142857 1.000000
0.142857 7.000000 1.000000 0.500000
0.333333 1.000000 2.000000 1.000000

Matrix 1006:
1.000000 0.166667 0.142857 0.111111
6.000000 1.000000 6.000000 5.000000
7.000000 0.166667 1.000000 7.000000
9.000000 0.200000 0.142857 1.000000

Matrix 1007:
1.000000 0.111111 0.166667 9.000000
9.000000 1.000000 1.000000 5.000000
6.000000 1.000000 1.000000 3.000000
0.111111 0.200000 0.333333 1.000000

Matrix 1008:
1.000000 1.000000 0.250000 8.000000
1.000000 1.000000 0.200000 1.000000
4.000000 5.000000 1.000000 8.000000
0.125000 1.000000 0.125000 1.000000

Matrix 1009:
1.000000 3.000000 0.333333 1.000000
0.333333 1.000000 0.111111 0.200000
3.000000 9.000000 1.000000 0.125000
1.000000 5.000000 8.000000 1.000000

Matrix 1010:
1.000000 0.125000 0.166667 0.333333
8.000000 1.000000 0.142857 2.000000
6.000000 7.000000 1.000000 1.000000
3.000000 0.500000 1.000000 1.000000

Matrix 1011:
1.000000 0.500000 7.000000 0.333333
2.000000 1.000000 3.000000 6.000000
0.142857 0.333333 1.000000 1.000000
3.000000 0.166667 1.000000 1.000000

Matrix 1012:
1.000000 0.142857 0.166667 0.142857
7.000000 1.000000 1.000000 0.200000
6.000000 1.000000 1.000000 0.200000
7.000000 5.000000 5.000000 1.000000

Matrix 1013:
1.000000 1.000000 1.000000 1.000000
1.000000 1.000000 0.125000 0.125000
1.000000 8.000000 1.000000 4.000000
1.000000 8.000000 0.250000 1.000000

Matrix 1014:
1.000000 7.000000 4.000000 0.166667
0.142857 1.000000 0.333333 0.250000
0.250000 3.000000 1.000000 2.000000
6.000000 4.000000 0.500000 1.000000

Matrix 1015:
1.000000 0.250000 2.000000 2.000000
4.000000 1.000000 1.000000 3.000000
0.500000 1.000000 1.000000 0.125000
0.500000 0.333333 8.000000 1.000000

Matrix 1016:
1.000000 0.333333 0.200000 3.000000
3.000000 1.000000 7.000000 1.000000
5.000000 0.142857 1.000000 4.000000
0.333333 1.000000 0.250000 1.000000

Matrix 1017:
1.000000 1.000000 0.111111 0.500000
1.000000 1.000000 1.000000 0.500000
9.000000 1.000000 1.000000 0.333333
2.000000 2.000000 3.000000 1.000000

Matrix 1018:
1.000000 0.125000 3.000000 0.200000
8.000000 1.000000 4.000000 7.000000
0.333333 0.250000 1.000000 3.000000
5.000000 0.142857 0.333333 1.000000

Matrix 1019:
1.000000 1.000000 3.000000 2.000000
1.000000 1.000000 2.000000 0.125000
0.333333 0.500000 1.000000 0.333333
0.500000 8.000000 3.000000 1.000000

Matrix 1020:
1.000000 0.142857 0.200000 2.000000
7.000000 1.000000 0.125000 1.000000
5.000000 8.000000 1.000000 8.000000
0.500000 1.000000 0.125000 1.000000

Matrix 1021:
1.000000 0.166667 0.125000 0.142857
6.000000 1.000000 0.125000 5.000000
8.000000 8.000000 1.000000 9.000000
7.000000 0.200000 0.111111 1.000000

Matrix 1022:
1.000000 7.000000 3.000000 0.142857
0.142857 1.000000 0.200000 0.125000
0.333333 5.000000 1.000000 0.333333
7.000000 8.000000 3.000000 1.000000

Matrix 1023:
1.000000 1.000000 1.000000 1.000000
1.000000 1.000000 7.000000 4.000000
1.000000 0.142857 1.000000 0.125000
1.000000 0.250000 8.000000 1.000000

Matrix 1024:
1.000000 6.000000 0.333333 9.000000
0.166667 1.000000 0.250000 1.000000
3.000000 4.000000 1.000000 6.000000
0.111111 1.000000 0.166667 1.000000

Matrix 1025:
1.000000 0.200000 2.000000 4.000000
5.000000 1.000000 0.200000 1.000000
0.500000 5.000000 1.000000 5.000000
0.250000 1.000000 0.200000 1.000000

Matrix 1026:
1.000000 1.000000 4.000000 8.000000
1.000000 1.000000 1.000000 2.000000
0.250000 1.000000 1.000000 1.000000
0.125000 0.500000 1.000000 1.000000

Matrix 1027:
1.000000 9.000000 8.000000 3.000000
0.111111 1.000000 9.000000 0.111111
0.125000 0.111111 1.000000 0.200000
0.333333 9.000000 5.000000 1.000000

Matrix 1028:
1.000000 0.333333 4.000000 0.250000
3.000000 1.000000 0.500000 0.111111
0.250000 2.000000 1.000000 0.166667
4.000000 9.000000 6.000000 1.000000

Matrix 1029:
1.000000 9.000000 3.000000 6.000000
0.111111 1.000000 1.000000 6.000000
0.333333 1.000000 1.000000 1.000000
0.166667 0.166667 1.000000 1.000000

Matrix 1030:
1.000000 0.142857 1.000000 7.000000
7.000000 1.000000 0.142857 5.000000
1.000000 7.000000 1.000000 3.000000
0.142857 0.200000 0.333333 1.000000

Matrix 1031:
1.000000 1.000000 0.333333 0.166667
1.000000 1.000000 3.000000 0.500000
3.000000 0.333333 1.000000 5.000000
6.000000 2.000000 0.200000 1.000000

Matrix 1032:
1.000000 2.000000 0.142857 8.000000
0.500000 1.000000 1.000000 8.000000
7.000000 1.000000 1.000000 3.000000
0.125000 0.125000 0.333333 1.000000

Matrix 1033:
1.000000 0.250000 0.111111 1.000000
4.000000 1.000000 1.000000 0.166667
9.000000 1.000000 1.000000 0.500000
1.000000 6.000000 2.000000 1.000000

Matrix 1034:
1.000000 1.000000 0.125000 0.111111
1.000000 1.000000 0.500000 0.166667
8.000000 2.000000 1.000000 0.125000
9.000000 6.000000 8.000000 1.000000

Matrix 1035:
1.000000 3.000000 3.000000 9.000000
0.333333 1.000000 5.000000 0.166667
0.333333 0.200000 1.000000 0.125000
0.111111 6.000000 8.000000 1.000000

Matrix 1036:
1.000000 3.000000 1.000000 7.000000
0.333333 1.000000 0.142857 1.000000
1.000000 7.000000 1.000000 1.000000
0.142857 1.000000 1.000000 1.000000

Matrix 1037:
1.000000 0.125000 0.200000 5.000000
8.000000 1.000000 8.000000 7.000000
5.000000 0.125000 1.000000 5.000000
0.200000 0.142857 0.200000 1.000000

Matrix 1038:
1.000000 0.333333 0.200000 0.250000
3.000000 1.000000 0.200000 0.200000
5.000000 5.000000 1.000000 5.000000
4.000000 5.000000 0.200000 1.000000

Matrix 1039:
1.000000 5.000000 7.000000 0.200000
0.200000 1.000000 0.250000 0.166667
0.142857 4.000000 1.000000 0.111111
5.000000 6.000000 9.000000 1.000000

Matrix 1040:
1.000000 8.000000 6.000000 0.111111
0.125000 1.000000 6.000000 0.500000
0.166667 0.166667 1.000000 0.111111
9.000000 2.000000 9.000000 1.000000

Matrix 1041:
1.000000 0.142857 0.142857 0.111111
7.000000 1.000000 0.166667 0.166667
7.000000 6.000000 1.000000 5.000000
9.000000 6.000000 0.200000 1.000000

Matrix 1042:
1.000000 0.250000 8.000000 4.000000
4.000000 1.000000 4.000000 5.000000
0.125000 0.250000 1.000000 2.000000
0.250000 0.200000 0.500000 1.000000

Matrix 1043:
1.000000 0.200000 2.000000 0.200000
5.000000 1.000000 6.000000 7.000000
0.500000 0.166667 1.000000 0.333333
5.000000 0.142857 3.000000 1.000000

Matrix 1044:
1.000000 0.250000 8.000000 1.000000
4.000000 1.000000 2.000000 6.000000
0.125000 0.500000 1.000000 0.125000
1.000000 0.166667 8.000000 1.000000

Matrix 1045:
1.000000 0.333333 0.250000 0.111111
3.000000 1.000000 1.000000 0.250000
4.000000 1.000000 1.000000 8.000000
9.000000 4.000000 0.125000 1.000000

Matrix 1046:
1.000000 1.000000 0.200000 0.500000
1.000000 1.000000 1.000000 0.500000
5.000000 1.000000 1.000000 0.142857
2.000000 2.000000 7.000000 1.000000

Matrix 1047:
1.000000 5.000000 0.200000 6.000000
0.200000 1.000000 0.250000 0.200000
5.000000 4.000000 1.000000 5.000000
0.166667 5.000000 0.200000 1.000000

Matrix 1048:
1.000000 0.250000 8.000000 8.000000
4.000000 1.000000 7.000000 8.000000
0.125000 0.142857 1.000000 0.166667
0.125000 0.125000 6.000000 1.000000

Matrix 1049:
1.000000 2.000000 0.142857 1.000000
0.500000 1.000000 0.333333 0.142857
7.000000 3.000000 1.000000 1.000000
1.000000 7.000000 1.000000 1.000000

Matrix 1050:
1.000000 7.000000 1.000000 1.000000
0.142857 1.000000 1.000000 8.000000
1.000000 1.000000 1.000000 2.000000
1.000000 0.125000 0.500000 1.000000

Matrix 1051:
1.000000 7.000000 9.000000 5.000000
0.142857 1.000000 6.000000 1.000000
0.111111 0.166667 1.000000 0.111111
0.200000 1.000000 9.000000 1.000000

Matrix 1052:
1.000000 0.142857 1.000000 0.250000
7.000000 1.000000 5.000000 1.000000
1.000000 0.200000 1.000000 2.000000
4.000000 1.000000 0.500000 1.000000

Matrix 1053:
1.000000 3.000000 0.142857 1.000000
0.333333 1.000000 0.500000 7.000000
7.000000 2.000000 1.000000 9.000000
1.000000 0.142857 0.111111 1.000000

Matrix 1054:
1.000000 0.111111 5.000000 0.166667
9.000000 1.000000 4.000000 0.250000
0.200000 0.250000 1.000000 0.333333
6.000000 4.000000 3.000000 1.000000

Matrix 1055:
1.000000 1.000000 0.250000 0.200000
1.000000 1.000000 0.200000 5.000000
4.000000 5.000000 1.000000 5.000000
5.000000 0.200000 0.200000 1.000000

Matrix 1056:
1.000000 6.000000 5.000000 1.000000
0.166667 1.000000 0.142857 0.125000
0.200000 7.000000 1.000000 3.000000
1.000000 8.000000 0.333333 1.000000

Matrix 1057:
1.000000 1.000000 0.500000 0.142857
1.000000 1.000000 6.000000 4.000000
2.000000 0.166667 1.000000 0.333333
7.000000 0.250000 3.000000 1.000000

Matrix 1058:
1.000000 8.000000 1.000000 0.333333
0.125000 1.000000 4.000000 0.142857
1.000000 0.250000 1.000000 0.166667
3.000000 7.000000 6.000000 1.000000

Matrix 1059:
1.000000 5.000000 0.142857 0.333333
0.200000 1.000000 0.166667 0.111111
7.000000 6.000000 1.000000 7.000000
3.000000 9.000000 0.142857 1.000000

Matrix 1060:
1.000000 5.000000 0.125000 0.111111
0.200000 1.000000 0.500000 0.142857
8.000000 2.000000 1.000000 3.000000
9.000000 7.000000 0.333333 1.000000

Matrix 1061:
1.000000 0.166667 0.111111 0.200000
6.000000 1.000000 1.000000 0.111111
9.000000 1.000000 1.000000 7.000000
5.000000 9.000000 0.142857 1.000000

Matrix 1062:
1.000000 0.250000 0.142857 0.166667
4.000000 1.000000 0.500000 0.166667
7.000000 2.000000 1.000000 3.000000
6.000000 6.000000 0.333333 1.000000

Matrix 1063:
1.000000 1.000000 1.000000 1.000000
1.000000 1.000000 3.000000 6.000000
1.000000 0.333333 1.000000 9.000000
1.000000 0.166667 0.111111 1.000000

Matrix 1064:
1.000000 9.000000 4.000000 3.000000
0.111111 1.000000 2.000000 0.500000
0.250000 0.500000 1.000000 0.166667
0.333333 2.000000 6.000000 1.000000

Matrix 1065:
1.000000 1.000000 0.142857 1.000000
1.000000 1.000000 8.000000 6.000000
7.000000 0.125000 1.000000 9.000000
1.000000 0.166667 0.111111 1.000000

Matrix 1066:
1.000000 0.111111 0.250000 5.000000
9.000000 1.000000 0.125000 2.000000
4.000000 8.000000 1.000000 2.000000
0.200000 0.500000 0.500000 1.000000

Matrix 1067:
1.000000 8.000000 7.000000 5.000000
0.125000 1.000000 8.000000 7.000000
0.142857 0.125000 1.000000 0.166667
0.200000 0.142857 6.000000 1.000000

Matrix 1068:
1.000000 6.000000 5.000000 4.000000
0.166667 1.000000 9.000000 8.000000
0.200000 0.111111 1.000000 0.250000
0.250000 0.125000 4.000000 1.000000

Matrix 1069:
1.000000 0.500000 0.250000 2.000000
2.000000 1.000000 8.000000 5.000000
4.000000 0.125000 1.000000 0.200000
0.500000 0.200000 5.000000 1.000000

Matrix 1070:
1.000000 0.142857 7.000000 3.000000
7.000000 1.000000 7.000000 1.000000
0.142857 0.142857 1.000000 2.000000
0.333333 1.000000 0.500000 1.000000

Matrix 1071:
1.000000 0.142857 0.500000 0.500000
7.000000 1.000000 0.111111 2.000000
2.000000 9.000000 1.000000 8.000000
2.000000 0.500000 0.125000 1.000000

Matrix 1072:
1.000000 0.125000 0.142857 6.000000
8.000000 1.000000 0.200000 2.000000
7.000000 5.000000 1.000000 5.000000
0.166667 0.500000 0.200000 1.000000

Matrix 1073:
1.000000 0.333333 0.333333 0.142857
3.000000 1.000000 0.125000 2.000000
3.000000 8.000000 1.000000 8.000000
7.000000 0.500000 0.125000 1.000000

Matrix 1074:
1.000000 0.111111 0.111111 0.250000
9.000000 1.000000 9.000000 2.000000
9.000000 0.111111 1.000000 0.111111
4.000000 0.500000 9.000000 1.000000

Matrix 1075:
1.000000 0.200000 0.125000 0.111111
5.000000 1.000000 8.000000 5.000000
8.000000 0.125000 1.000000 0.125000
9.000000 0.200000 8.000000 1.000000

Matrix 1076:
1.000000 5.000000 0.500000 1.000000
0.200000 1.000000 1.000000 0.166667
2.000000 1.000000 1.000000 0.125000
1.000000 6.000000 8.000000 1.000000

Matrix 1077:
1.000000 0.250000 4.000000 7.000000
4.000000 1.000000 0.333333 4.000000
0.250000 3.000000 1.000000 1.000000
0.142857 0.250000 1.000000 1.000000

Matrix 1078:
1.000000 0.250000 1.000000 8.000000
4.000000 1.000000 0.166667 2.000000
1.000000 6.000000 1.000000 6.000000
0.125000 0.500000 0.166667 1.000000

Matrix 1079:
1.000000 0.250000 0.250000 0.200000
4.000000 1.000000 0.500000 0.500000
4.000000 2.000000 1.000000 0.142857
5.000000 2.000000 7.000000 1.000000

Matrix 1080:
1.000000 1.000000 0.166667 7.000000
1.000000 1.000000 0.500000 6.000000
6.000000 2.000000 1.000000 4.000000
0.142857 0.166667 0.250000 1.000000

Matrix 1081:
1.000000 0.142857 0.142857 9.000000
7.000000 1.000000 7.000000 8.000000
7.000000 0.142857 1.000000 3.000000
0.111111 0.125000 0.333333 1.000000

Matrix 1082:
1.000000 0.200000 2.000000 6.000000
5.000000 1.000000 4.000000 8.000000
0.500000 0.250000 1.000000 0.125000
0.166667 0.125000 8.000000 1.000000

Matrix 1083:
1.000000 8.000000 8.000000 8.000000
0.125000 1.000000 0.125000 3.000000
0.125000 8.000000 1.000000 4.000000
0.125000 0.333333 0.250000 1.000000

Matrix 1084:
1.000000 1.000000 1.000000 3.000000
1.000000 1.000000 1.000000 0.125000
1.000000 1.000000 1.000000 0.250000
0.333333 8.000000 4.000000 1.000000

Matrix 1085:
1.000000 4.000000 9.000000 5.000000
0.250000 1.000000 2.000000 0.250000
0.111111 0.500000 1.000000 5.000000
0.200000 4.000000 0.200000 1.000000

Matrix 1086:
1.000000 4.000000 0.125000 1.000000
0.250000 1.000000 0.142857 2.000000
8.000000 7.000000 1.000000 3.000000
1.000000 0.500000 0.333333 1.000000

Matrix 1087:
1.000000 0.125000 9.000000 5.000000
8.000000 1.000000 3.000000 6.000000
0.111111 0.333333 1.000000 5.000000
0.200000 0.166667 0.200000 1.000000

Matrix 1088:
1.000000 9.000000 2.000000 3.000000
0.111111 1.000000 4.000000 3.000000
0.500000 0.250000 1.000000 3.000000
0.333333 0.333333 0.333333 1.000000

Matrix 1089:
1.000000 8.000000 5.000000 4.000000
0.125000 1.000000 0.166667 8.000000
0.200000 6.000000 1.000000 9.000000
0.250000 0.125000 0.111111 1.000000

Matrix 1090:
1.000000 1.000000 0.200000 7.000000
1.000000 1.000000 1.000000 1.000000
5.000000 1.000000 1.000000 3.000000
0.142857 1.000000 0.333333 1.000000

Matrix 1091:
1.000000 1.000000 2.000000 2.000000
1.000000 1.000000 2.000000 1.000000
0.500000 0.500000 1.000000 3.000000
0.500000 1.000000 0.333333 1.000000

Matrix 1092:
1.000000 0.166667 0.142857 0.500000
6.000000 1.000000 8.000000 9.000000
7.000000 0.125000 1.000000 0.142857
2.000000 0.111111 7.000000 1.000000

Matrix 1093:
1.000000 0.111111 0.142857 3.000000
9.000000 1.000000 0.200000 5.000000
7.000000 5.000000 1.000000 1.000000
0.333333 0.200000 1.000000 1.000000

Matrix 1094:
1.000000 9.000000 5.000000 6.000000
0.111111 1.000000 9.000000 0.125000
0.200000 0.111111 1.000000 0.166667
0.166667 8.000000 6.000000 1.000000

Matrix 1095:
1.000000 0.200000 3.000000 2.000000
5.000000 1.000000 5.000000 0.500000
0.333333 0.200000 1.000000 0.250000
0.500000 2.000000 4.000000 1.000000

Matrix 1096:
1.000000 6.000000 7.000000 0.500000
0.166667 1.000000 0.142857 0.142857
0.142857 7.000000 1.000000 0.111111
2.000000 7.000000 9.000000 1.000000

Matrix 1097:
1.000000 4.000000 9.000000 5.000000
0.250000 1.000000 0.500000 3.000000
0.111111 2.000000 1.000000 4.000000
0.200000 0.333333 0.250000 1.000000

Matrix 1098:
1.000000 0.500000 0.250000 0.500000
2.000000 1.000000 6.000000 0.111111
4.000000 0.166667 1.000000 1.000000
2.000000 9.000000 1.000000 1.000000

Matrix 1099:
1.000000 8.000000 3.000000 4.000000
0.125000 1.000000 5.000000 0.142857
0.333333 0.200000 1.000000 0.125000
0.250000 7.000000 8.000000 1.000000

Matrix 1100:
1.000000 0.250000 0.111111 9.000000
4.000000 1.000000 3.000000 7.000000
9.000000 0.333333 1.000000 8.000000
0.111111 0.142857 0.125000 1.000000

Matrix 1101:
1.000000 0.333333 0.111111 6.000000
3.000000 1.000000 5.000000 9.000000
9.000000 0.200000 1.000000 1.000000
0.166667 0.111111 1.000000 1.000000

Matrix 1102:
1.000000 2.000000 4.000000 9.000000
0.500000 1.000000 0.500000 3.000000
0.250000 2.000000 1.000000 1.000000
0.111111 0.333333 1.000000 1.000000

Matrix 1103:
1.000000 9.000000 1.000000 3.000000
0.111111 1.000000 1.000000 0.250000
1.000000 1.000000 1.000000 0.125000
0.333333 4.000000 8.000000 1.000000

Matrix 1104:
1.000000 0.250000 4.000000 8.000000
4.000000 1.000000 3.000000 3.000000
0.250000 0.333333 1.000000 0.125000
0.125000 0.333333 8.000000 1.000000

Matrix 1105:
1.000000 0.166667 2.000000 0.125000
6.000000 1.000000 0.500000 0.166667
0.500000 2.000000 1.000000 0.500000
8.000000 6.000000 2.000000 1.000000

Matrix 1106:
1.000000 4.000000 1.000000 1.000000
0.250000 1.000000 1.000000 4.000000
1.000000 1.000000 1.000000 5.000000
1.000000 0.250000 0.200000 1.000000

Matrix 1107:
1.000000 0.111111 0.125000 6.000000
9.000000 1.000000 0.125000 7.000000
8.000000 8.000000 1.000000 7.000000
0.166667 0.142857 0.142857 1.000000

Matrix 1108:
1.000000 4.000000 0.166667 6.000000
0.250000 1.000000 0.125000 3.000000
6.000000 8.000000 1.000000 3.000000
0.166667 0.333333 0.333333 1.000000

Matrix 1109:
1.000000 1.000000 0.250000 0.500000
1.000000 1.000000 6.000000 6.000000
4.000000 0.166667 1.000000 0.111111
2.000000 0.166667 9.000000 1.000000

Matrix 1110:
1.000000 0.500000 0.250000 0.200000
2.000000 1.000000 0.111111 3.000000
4.000000 9.000000 1.000000 3.000000
5.000000 0.333333 0.333333 1.000000

Matrix 1111:
1.000000 1.000000 0.125000 0.250000
1.000000 1.000000 1.000000 3.000000
8.000000 1.000000 1.000000 2.000000
4.000000 0.333333 0.500000 1.000000

Matrix 1112:
1.000000 7.000000 0.111111 0.111111
0.142857 1.000000 0.250000 0.166667
9.000000 4.000000 1.000000 2.000000
9.000000 6.000000 0.500000 1.000000

Matrix 1113:
1.000000 1.000000 2.000000 8.000000
1.000000 1.000000 2.000000 0.333333
0.500000 0.500000 1.000000 8.000000
0.125000 3.000000 0.125000 1.000000

Matrix 1114:
1.000000 6.000000 7.000000 1.000000
0.166667 1.000000 5.000000 5.000000
0.142857 0.200000 1.000000 0.125000
1.000000 0.200000 8.000000 1.000000

Matrix 1115:
1.000000 3.000000 6.000000 0.111111
0.333333 1.000000 3.000000 0.200000
0.166667 0.333333 1.000000 0.333333
9.000000 5.000000 3.000000 1.000000

Matrix 1116:
1.000000 0.200000 0.250000 0.166667
5.000000 1.000000 4.000000 1.000000
4.000000 0.250000 1.000000 0.125000
6.000000 1.000000 8.000000 1.000000

Matrix 1117:
1.000000 8.000000 4.000000 7.000000
0.125000 1.000000 0.250000 0.142857
0.250000 4.000000 1.000000 9.000000
0.142857 7.000000 0.111111 1.000000

Matrix 1118:
1.000000 4.000000 0.500000 3.000000
0.250000 1.000000 1.000000 1.000000
2.000000 1.000000 1.000000 1.000000
0.333333 1.000000 1.000000 1.000000

Matrix 1119:
1.000000 8.000000 2.000000 0.250000
0.125000 1.000000 4.000000 0.250000
0.500000 0.250000 1.000000 0.333333
4.000000 4.000000 3.000000 1.000000

Matrix 1120:
1.000000 0.166667 0.250000 0.125000
6.000000 1.000000 0.500000 0.200000
4.000000 2.000000 1.000000 0.125000
8.000000 5.000000 8.000000 1.000000

Matrix 1121:
1.000000 1.000000 5.000000 0.500000
1.000000 1.000000 6.000000 4.000000
0.200000 0.166667 1.000000 1.000000
2.000000 0.250000 1.000000 1.000000

Matrix 1122:
1.000000 0.200000 0.111111 1.000000
5.000000 1.000000 8.000000 1.000000
9.000000 0.125000 1.000000 1.000000
1.000000 1.000000 1.000000 1.000000

Matrix 1123:
1.000000 3.000000 0.111111 0.111111
0.333333 1.000000 1.000000 1.000000
9.000000 1.000000 1.000000 1.000000
9.000000 1.000000 1.000000 1.000000

Matrix 1124:
1.000000 0.500000 0.111111 0.111111
2.000000 1.000000 0.125000 3.000000
9.000000 8.000000 1.000000 1.000000
9.000000 0.333333 1.000000 1.000000

Matrix 1125:
1.000000 1.000000 1.000000 7.000000
1.000000 1.000000 6.000000 8.000000
1.000000 0.166667 1.000000 0.333333
0.142857 0.125000 3.000000 1.000000

Matrix 1126:
1.000000 0.250000 1.000000 2.000000
4.000000 1.000000 7.000000 3.000000
1.000000 0.142857 1.000000 9.000000
0.500000 0.333333 0.111111 1.000000

Matrix 1127:
1.000000 4.000000 0.111111 0.111111
0.250000 1.000000 0.200000 0.500000
9.000000 5.000000 1.000000 0.250000
9.000000 2.000000 4.000000 1.000000

Matrix 1128:
1.000000 0.200000 9.000000 0.166667
5.000000 1.000000 2.000000 0.500000
0.111111 0.500000 1.000000 0.166667
6.000000 2.000000 6.000000 1.000000

Matrix 1129:
1.000000 2.000000 0.166667 0.142857
0.500000 1.000000 3.000000 1.000000
6.000000 0.333333 1.000000 1.000000
7.000000 1.000000 1.000000 1.000000

Matrix 1130:
1.000000 0.200000 1.000000 0.111111
5.000000 1.000000 1.000000 0.111111
1.000000 1.000000 1.000000 3.000000
9.000000 9.000000 0.333333 1.000000

Matrix 1131:
1.000000 3.000000 7.000000 3.000000
0.333333 1.000000 0.333333 1.000000
0.142857 3.000000 1.000000 3.000000
0.333333 1.000000 0.333333 1.000000

Matrix 1132:
1.000000 3.000000 7.000000 1.000000
0.333333 1.000000 0.333333 1.000000
0.142857 3.000000 1.000000 3.000000
1.000000 1.000000 0.333333 1.000000

Matrix 1133:
1.000000 6.000000 0.166667 2.000000
0.166667 1.000000 2.000000 5.000000
6.000000 0.500000 1.000000 5.000000
0.500000 0.200000 0.200000 1.000000

Matrix 1134:
1.000000 0.333333 0.166667 1.000000
3.000000 1.000000 5.000000 1.000000
6.000000 0.200000 1.000000 1.000000
1.000000 1.000000 1.000000 1.000000

Matrix 1135:
1.000000 3.000000 7.000000 6.000000
0.333333 1.000000 4.000000 3.000000
0.142857 0.250000 1.000000 0.142857
0.166667 0.333333 7.000000 1.000000

Matrix 1136:
1.000000 5.000000 2.000000 0.333333
0.200000 1.000000 3.000000 1.000000
0.500000 0.333333 1.000000 1.000000
3.000000 1.000000 1.000000 1.000000

Matrix 1137:
1.000000 6.000000 0.142857 7.000000
0.166667 1.000000 0.250000 1.000000
7.000000 4.000000 1.000000 1.000000
0.142857 1.000000 1.000000 1.000000

Matrix 1138:
1.000000 1.000000 0.250000 1.000000
1.000000 1.000000 1.000000 0.166667
4.000000 1.000000 1.000000 0.333333
1.000000 6.000000 3.000000 1.000000

Matrix 1139:
1.000000 0.111111 0.142857 4.000000
9.000000 1.000000 0.500000 2.000000
7.000000 2.000000 1.000000 4.000000
0.250000 0.500000 0.250000 1.000000

Matrix 1140:
1.000000 0.166667 1.000000 0.125000
6.000000 1.000000 1.000000 0.333333
1.000000 1.000000 1.000000 3.000000
8.000000 3.000000 0.333333 1.000000

Matrix 1141:
1.000000 0.333333 0.500000 8.000000
3.000000 1.000000 0.125000 2.000000
2.000000 8.000000 1.000000 7.000000
0.125000 0.500000 0.142857 1.000000

Matrix 1142:
1.000000 0.142857 0.333333 0.200000
7.000000 1.000000 2.000000 0.142857
3.000000 0.500000 1.000000 0.200000
5.000000 7.000000 5.000000 1.000000

Matrix 1143:
1.000000 1.000000 5.000000 2.000000
1.000000 1.000000 4.000000 0.500000
0.200000 0.250000 1.000000 2.000000
0.500000 2.000000 0.500000 1.000000

Matrix 1144:
1.000000 5.000000 3.000000 2.000000
0.200000 1.000000 0.111111 9.000000
0.333333 9.000000 1.000000 9.000000
0.500000 0.111111 0.111111 1.000000

Matrix 1145:
1.000000 0.500000 4.000000 0.333333
2.000000 1.000000 2.000000 8.000000
0.250000 0.500000 1.000000 0.200000
3.000000 0.125000 5.000000 1.000000

Matrix 1146:
1.000000 1.000000 0.125000 7.000000
1.000000 1.000000 2.000000 9.000000
8.000000 0.500000 1.000000 6.000000
0.142857 0.111111 0.166667 1.000000

Matrix 1147:
1.000000 0.166667 0.166667 0.200000
6.000000 1.000000 0.200000 0.111111
6.000000 5.000000 1.000000 0.111111
5.000000 9.000000 9.000000 1.000000

Matrix 1148:
1.000000 0.333333 0.500000 2.000000
3.000000 1.000000 0.500000 1.000000
2.000000 2.000000 1.000000 0.166667
0.500000 1.000000 6.000000 1.000000

Matrix 1149:
1.000000 4.000000 0.125000 1.000000
0.250000 1.000000 1.000000 0.125000
8.000000 1.000000 1.000000 2.000000
1.000000 8.000000 0.500000 1.000000

Matrix 1150:
1.000000 4.000000 3.000000 3.000000
0.250000 1.000000 0.111111 6.000000
0.333333 9.000000 1.000000 9.000000
0.333333 0.166667 0.111111 1.000000

Matrix 1151:
1.000000 1.000000 0.500000 8.000000
1.000000 1.000000 6.000000 1.000000
2.000000 0.166667 1.000000 9.000000
0.125000 1.000000 0.111111 1.000000

Matrix 1152:
1.000000 0.333333 0.125000 0.166667
3.000000 1.000000 9.000000 1.000000
8.000000 0.111111 1.000000 0.250000
6.000000 1.000000 4.000000 1.000000

Matrix 1153:
1.000000 8.000000 3.000000 6.000000
0.125000 1.000000 0.250000 7.000000
0.333333 4.000000 1.000000 5.000000
0.166667 0.142857 0.200000 1.000000

Matrix 1154:
1.000000 0.500000 1.000000 0.500000
2.000000 1.000000 9.000000 6.000000
1.000000 0.111111 1.000000 6.000000
2.000000 0.166667 0.166667 1.000000

Matrix 1155:
1.000000 0.142857 1.000000 9.000000
7.000000 1.000000 4.000000 6.000000
1.000000 0.250000 1.000000 0.500000
0.111111 0.166667 2.000000 1.000000

Matrix 1156:
1.000000 0.250000 1.000000 0.111111
4.000000 1.000000 4.000000 8.000000
1.000000 0.250000 1.000000 3.000000
9.000000 0.125000 0.333333 1.000000

Matrix 1157:
1.000000 3.000000 5.000000 1.000000
0.333333 1.000000 0.111111 0.142857
0.200000 9.000000 1.000000 6.000000
1.000000 7.000000 0.166667 1.000000

Matrix 1158:
1.000000 0.125000 0.250000 0.125000
8.000000 1.000000 5.000000 8.000000
4.000000 0.200000 1.000000 7.000000
8.000000 0.125000 0.142857 1.000000

Matrix 1159:
1.000000 0.166667 4.000000 2.000000
6.000000 1.000000 9.000000 1.000000
0.250000 0.111111 1.000000 0.500000
0.500000 1.000000 2.000000 1.000000

Matrix 1160:
1.000000 8.000000 7.000000 3.000000
0.125000 1.000000 0.166667 0.333333
0.142857 6.000000 1.000000 8.000000
0.333333 3.000000 0.125000 1.000000

Matrix 1161:
1.000000 3.000000 0.111111 0.333333
0.333333 1.000000 0.333333 0.111111
9.000000 3.000000 1.000000 0.142857
3.000000 9.000000 7.000000 1.000000

Matrix 1162:
1.000000 8.000000 5.000000 2.000000
0.125000 1.000000 0.250000 0.500000
0.200000 4.000000 1.000000 0.111111
0.500000 2.000000 9.000000 1.000000

Matrix 1163:
1.000000 8.000000 1.000000 8.000000
0.125000 1.000000 0.333333 0.250000
1.000000 3.000000 1.000000 0.125000
0.125000 4.000000 8.000000 1.000000

Matrix 1164:
1.000000 1.000000 0.125000 7.000000
1.000000 1.000000 0.250000 3.000000
8.000000 4.000000 1.000000 1.000000
0.142857 0.333333 1.000000 1.000000

Matrix 1165:
1.000000 0.333333 0.142857 0.250000
3.000000 1.000000 9.000000 5.000000
7.000000 0.111111 1.000000 1.000000
4.000000 0.200000 1.000000 1.000000

Matrix 1166:
1.000000 1.000000 0.125000 0.500000
1.000000 1.000000 1.000000 6.000000
8.000000 1.000000 1.000000 4.000000
2.000000 0.166667 0.250000 1.000000

Matrix 1167:
1.000000 0.333333 0.166667 0.333333
3.000000 1.000000 1.000000 2.000000
6.000000 1.000000 1.000000 0.200000
3.000000 0.500000 5.000000 1.000000

Matrix 1168:
1.000000 0.500000 0.333333 0.111111
2.000000 1.000000 4.000000 6.000000
3.000000 0.250000 1.000000 0.142857
9.000000 0.166667 7.000000 1.000000

Matrix 1169:
1.000000 1.000000 0.166667 0.200000
1.000000 1.000000 1.000000 7.000000
6.000000 1.000000 1.000000 3.000000
5.000000 0.142857 0.333333 1.000000

Matrix 1170:
1.000000 2.000000 0.500000 3.000000
0.500000 1.000000 7.000000 0.500000
2.000000 0.142857 1.000000 0.333333
0.333333 2.000000 3.000000 1.000000

Matrix 1171:
1.000000 3.000000 1.000000 0.500000
0.333333 1.000000 8.000000 7.000000
1.000000 0.125000 1.000000 0.250000
2.000000 0.142857 4.000000 1.000000

Matrix 1172:
1.000000 0.200000 0.500000 6.000000
5.000000 1.000000 1.000000 3.000000
2.000000 1.000000 1.000000 7.000000
0.166667 0.333333 0.142857 1.000000

Matrix 1173:
1.000000 0.500000 0.166667 0.200000
2.000000 1.000000 7.000000 0.111111
6.000000 0.142857 1.000000 0.111111
5.000000 9.000000 9.000000 1.000000

Matrix 1174:
1.000000 1.000000 3.000000 0.333333
1.000000 1.000000 7.000000 6.000000
0.333333 0.142857 1.000000 0.250000
3.000000 0.166667 4.000000 1.000000

Matrix 1175:
1.000000 0.500000 0.500000 0.200000
2.000000 1.000000 7.000000 0.500000
2.000000 0.142857 1.000000 0.200000
5.000000 2.000000 5.000000 1.000000

Matrix 1176:
1.000000 4.000000 5.000000 3.000000
0.250000 1.000000 9.000000 0.125000
0.200000 0.111111 1.000000 0.125000
0.333333 8.000000 8.000000 1.000000

Matrix 1177:
1.000000 0.142857 2.000000 4.000000
7.000000 1.000000 0.500000 3.000000
0.500000 2.000000 1.000000 9.000000
0.250000 0.333333 0.111111 1.000000

Matrix 1178:
1.000000 9.000000 1.000000 3.000000
0.111111 1.000000 0.111111 0.142857
1.000000 9.000000 1.000000 0.125000
0.333333 7.000000 8.000000 1.000000

Matrix 1179:
1.000000 1.000000 0.333333 1.000000
1.000000 1.000000 0.142857 2.000000
3.000000 7.000000 1.000000 0.250000
1.000000 0.500000 4.000000 1.000000

Matrix 1180:
1.000000 2.000000 3.000000 8.000000
0.500000 1.000000 6.000000 0.333333
0.333333 0.166667 1.000000 0.200000
0.125000 3.000000 5.000000 1.000000

Matrix 1181:
1.000000 6.000000 0.333333 1.000000
0.166667 1.000000 2.000000 4.000000
3.000000 0.500000 1.000000 4.000000
1.000000 0.250000 0.250000 1.000000

Matrix 1182:
1.000000 0.250000 2.000000 2.000000
4.000000 1.000000 9.000000 0.166667
0.500000 0.111111 1.000000 0.142857
0.500000 6.000000 7.000000 1.000000

Matrix 1183:
1.000000 0.250000 0.250000 0.250000
4.000000 1.000000 4.000000 9.000000
4.000000 0.250000 1.000000 6.000000
4.000000 0.111111 0.166667 1.000000

Matrix 1184:
1.000000 0.250000 9.000000 0.166667
4.000000 1.000000 4.000000 0.125000
0.111111 0.250000 1.000000 0.333333
6.000000 8.000000 3.000000 1.000000

Matrix 1185:
1.000000 0.142857 0.125000 8.000000
7.000000 1.000000 0.333333 8.000000
8.000000 3.000000 1.000000 9.000000
0.125000 0.125000 0.111111 1.000000

Matrix 1186:
1.000000 1.000000 0.111111 0.200000
1.000000 1.000000 5.000000 2.000000
9.000000 0.200000 1.000000 6.000000
5.000000 0.500000 0.166667 1.000000

Matrix 1187:
1.000000 0.333333 9.000000 0.142857
3.000000 1.000000 7.000000 0.500000
0.111111 0.142857 1.000000 0.125000
7.000000 2.000000 8.000000 1.000000

Matrix 1188:
1.000000 3.000000 1.000000 2.000000
0.333333 1.000000 0.111111 0.125000
1.000000 9.000000 1.000000 0.500000
0.500000 8.000000 2.000000 1.000000

Matrix 1189:
1.000000 7.000000 0.500000 6.000000
0.142857 1.000000 0.166667 0.500000
2.000000 6.000000 1.000000 0.500000
0.166667 2.000000 2.000000 1.000000

Matrix 1190:
1.000000 9.000000 6.000000 1.000000
0.111111 1.000000 1.000000 0.500000
0.166667 1.000000 1.000000 6.000000
1.000000 2.000000 0.166667 1.000000

Matrix 1191:
1.000000 4.000000 1.000000 0.500000
0.250000 1.000000 1.000000 0.142857
1.000000 1.000000 1.000000 6.000000
2.000000 7.000000 0.166667 1.000000

Matrix 1192:
1.000000 0.142857 2.000000 4.000000
7.000000 1.000000 2.000000 1.000000
0.500000 0.500000 1.000000 1.000000
0.250000 1.000000 1.000000 1.000000

Matrix 1193:
1.000000 0.125000 0.500000 7.000000
8.000000 1.000000 5.000000 1.000000
2.000000 0.200000 1.000000 5.000000
0.142857 1.000000 0.200000 1.000000

Matrix 1194:
1.000000 3.000000 0.500000 0.200000
0.333333 1.000000 0.166667 0.125000
2.000000 6.000000 1.000000 9.000000
5.000000 8.000000 0.111111 1.000000

Matrix 1195:
1.000000 9.000000 0.166667 0.333333
0.111111 1.000000 1.000000 0.142857
6.000000 1.000000 1.000000 0.166667
3.000000 7.000000 6.000000 1.000000

Matrix 1196:
1.000000 0.111111 4.000000 0.500000
9.000000 1.000000 3.000000 4.000000
0.250000 0.333333 1.000000 0.200000
2.000000 0.250000 5.000000 1.000000

Matrix 1197:
1.000000 9.000000 9.000000 0.111111
0.111111 1.000000 2.000000 0.333333
0.111111 0.500000 1.000000 0.125000
9.000000 3.000000 8.000000 1.000000

Matrix 1198:
1.000000 0.250000 5.000000 0.500000
4.000000 1.000000 5.000000 0.200000
0.200000 0.200000 1.000000 0.500000
2.000000 5.000000 2.000000 1.000000

Matrix 1199:
1.000000 3.000000 9.000000 6.000000
0.333333 1.000000 0.111111 1.000000
0.111111 9.000000 1.000000 2.000000
0.166667 1.000000 0.500000 1.000000

Matrix 1200:
1.000000 5.000000 0.111111 0.500000
0.200000 1.000000 0.200000 4.000000
9.000000 5.000000 1.000000 8.000000
2.000000 0.250000 0.125000 1.000000

Matrix 1201:
1.000000 0.333333 0.125000 0.125000
3.000000 1.000000 1.000000 2.000000
8.000000 1.000000 1.000000 0.200000
8.000000 0.500000 5.000000 1.000000

Matrix 1202:
1.000000 0.111111 2.000000 9.000000
9.000000 1.000000 0.250000 7.000000
0.500000 4.000000 1.000000 8.000000
0.111111 0.142857 0.125000 1.000000

Matrix 1203:
1.000000 8.000000 1.000000 0.166667
0.125000 1.000000 1.000000 0.250000
1.000000 1.000000 1.000000 1.000000
6.000000 4.000000 1.000000 1.000000

Matrix 1204:
1.000000 0.142857 0.125000 0.125000
7.000000 1.000000 2.000000 0.125000
8.000000 0.500000 1.000000 0.200000
8.000000 8.000000 5.000000 1.000000

Matrix 1205:
1.000000 0.200000 0.166667 1.000000
5.000000 1.000000 8.000000 1.000000
6.000000 0.125000 1.000000 0.500000
1.000000 1.000000 2.000000 1.000000

Matrix 1206:
1.000000 2.000000 0.333333 0.166667
0.500000 1.000000 0.125000 1.000000
3.000000 8.000000 1.000000 2.000000
6.000000 1.000000 0.500000 1.000000

Matrix 1207:
1.000000 0.125000 0.500000 0.166667
8.000000 1.000000 1.000000 8.000000
2.000000 1.000000 1.000000 3.000000
6.000000 0.125000 0.333333 1.000000

Matrix 1208:
1.000000 7.000000 0.500000 7.000000
0.142857 1.000000 0.166667 0.111111
2.000000 6.000000 1.000000 2.000000
0.142857 9.000000 0.500000 1.000000

Matrix 1209:
1.000000 1.000000 0.125000 3.000000
1.000000 1.000000 0.200000 0.333333
8.000000 5.000000 1.000000 7.000000
0.333333 3.000000 0.142857 1.000000

Matrix 1210:
1.000000 5.000000 9.000000 4.000000
0.200000 1.000000 0.111111 0.125000
0.111111 9.000000 1.000000 2.000000
0.250000 8.000000 0.500000 1.000000

Matrix 1211:
1.000000 4.000000 0.142857 5.000000
0.250000 1.000000 0.500000 4.000000
7.000000 2.000000 1.000000 3.000000
0.200000 0.250000 0.333333 1.000000

Matrix 1212:
1.000000 7.000000 2.000000 8.000000
0.142857 1.000000 4.000000 1.000000
0.500000 0.250000 1.000000 0.250000
0.125000 1.000000 4.000000 1.000000

Matrix 1213:
1.000000 0.111111 0.250000 0.500000
9.000000 1.000000 9.000000 0.200000
4.000000 0.111111 1.000000 0.250000
2.000000 5.000000 4.000000 1.000000

Matrix 1214:
1.000000 1.000000 0.142857 0.333333
1.000000 1.000000 0.333333 0.111111
7.000000 3.000000 1.000000 0.500000
3.000000 9.000000 2.000000 1.000000

Matrix 1215:
1.000000 0.142857 0.125000 0.111111
7.000000 1.000000 6.000000 0.250000
8.000000 0.166667 1.000000 1.000000
9.000000 4.000000 1.000000 1.000000

Matrix 1216:
1.000000 0.200000 0.250000 5.000000
5.000000 1.000000 1.000000 1.000000
4.000000 1.000000 1.000000 2.000000
0.200000 1.000000 0.500000 1.000000

Matrix 1217:
1.000000 1.000000 0.125000 0.166667
1.000000 1.000000 0.200000 6.000000
8.000000 5.000000 1.000000 2.000000
6.000000 0.166667 0.500000 1.000000

Matrix 1218:
1.000000 0.200000 0.142857 0.200000
5.000000 1.000000 5.000000 1.000000
7.000000 0.200000 1.000000 0.166667
5.000000 1.000000 6.000000 1.000000

Matrix 1219:
1.000000 1.000000 7.000000 1.000000
1.000000 1.000000 5.000000 0.111111
0.142857 0.200000 1.000000 0.166667
1.000000 9.000000 6.000000 1.000000

Matrix 1220:
1.000000 7.000000 6.000000 9.000000
0.142857 1.000000 0.500000 8.000000
0.166667 2.000000 1.000000 0.250000
0.111111 0.125000 4.000000 1.000000

Matrix 1221:
1.000000 1.000000 1.000000 3.000000
1.000000 1.000000 1.000000 0.250000
1.000000 1.000000 1.000000 0.250000
0.333333 4.000000 4.000000 1.000000

Matrix 1222:
1.000000 9.000000 0.125000 3.000000
0.111111 1.000000 0.250000 0.166667
8.000000 4.000000 1.000000 6.000000
0.333333 6.000000 0.166667 1.000000

Matrix 1223:
1.000000 0.166667 0.111111 0.500000
6.000000 1.000000 0.142857 2.000000
9.000000 7.000000 1.000000 0.333333
2.000000 0.500000 3.000000 1.000000

Matrix 1224:
1.000000 3.000000 1.000000 1.000000
0.333333 1.000000 5.000000 3.000000
1.000000 0.200000 1.000000 1.000000
1.000000 0.333333 1.000000 1.000000

Matrix 1225:
1.000000 2.000000 0.250000 1.000000
0.500000 1.000000 0.500000 0.333333
4.000000 2.000000 1.000000 0.111111
1.000000 3.000000 9.000000 1.000000

Matrix 1226:
1.000000 0.500000 0.166667 0.166667
2.000000 1.000000 0.142857 2.000000
6.000000 7.000000 1.000000 0.500000
6.000000 0.500000 2.000000 1.000000

Matrix 1227:
1.000000 1.000000 0.200000 0.333333
1.000000 1.000000 0.333333 0.500000
5.000000 3.000000 1.000000 0.142857
3.000000 2.000000 7.000000 1.000000

Matrix 1228:
1.000000 5.000000 8.000000 4.000000
0.200000 1.000000 0.166667 1.000000
0.125000 6.000000 1.000000 0.500000
0.250000 1.000000 2.000000 1.000000

Matrix 1229:
1.000000 0.250000 2.000000 9.000000
4.000000 1.000000 3.000000 5.000000
0.500000 0.333333 1.000000 7.000000
0.111111 0.200000 0.142857 1.000000

Matrix 1230:
1.000000 9.000000 0.200000 6.000000
0.111111 1.000000 1.000000 8.000000
5.000000 1.000000 1.000000 7.000000
0.166667 0.125000 0.142857 1.000000

Matrix 1231:
1.000000 0.333333 0.125000 0.111111
3.000000 1.000000 0.125000 0.166667
8.000000 8.000000 1.000000 0.111111
9.000000 6.000000 9.000000 1.000000

Matrix 1232:
1.000000 0.333333 3.000000 7.000000
3.000000 1.000000 7.000000 5.000000
0.333333 0.142857 1.000000 0.166667
0.142857 0.200000 6.000000 1.000000

Matrix 1233:
1.000000 0.142857 0.166667 0.125000
7.000000 1.000000 1.000000 6.000000
6.000000 1.000000 1.000000 0.200000
8.000000 0.166667 5.000000 1.000000

Matrix 1234:
1.000000 0.111111 0.111111 0.111111
9.000000 1.000000 2.000000 4.000000
9.000000 0.500000 1.000000 0.333333
9.000000 0.250000 3.000000 1.000000

Matrix 1235:
1.000000 0.166667 0.200000 0.250000
6.000000 1.000000 6.000000 0.333333
5.000000 0.166667 1.000000 0.333333
4.000000 3.000000 3.000000 1.000000

Matrix 1236:
1.000000 0.333333 1.000000 2.000000
3.000000 1.000000 6.000000 2.000000
1.000000 0.166667 1.000000 0.333333
0.500000 0.500000 3.000000 1.000000

Matrix 1237:
1.000000 1.000000 9.000000 1.000000
1.000000 1.000000 0.500000 2.000000
0.111111 2.000000 1.000000 2.000000
1.000000 0.500000 0.500000 1.000000

Matrix 1238:
1.000000 0.142857 6.000000 0.500000
7.000000 1.000000 2.000000 7.000000
0.166667 0.500000 1.000000 4.000000
2.000000 0.142857 0.250000 1.000000

Matrix 1239:
1.000000 7.000000 6.000000 0.166667
0.142857 1.000000 0.333333 0.142857
0.166667 3.000000 1.000000 0.200000
6.000000 7.000000 5.000000 1.000000

Matrix 1240:
1.000000 7.000000 5.000000 0.142857
0.142857 1.000000 1.000000 1.000000
0.200000 1.000000 1.000000 0.500000
7.000000 1.000000 2.000000 1.000000

Matrix 1241:
1.000000 1.000000 0.142857 1.000000
1.000000 1.000000 7.000000 4.000000
7.000000 0.142857 1.000000 7.000000
1.000000 0.250000 0.142857 1.000000

Matrix 1242:
1.000000 0.111111 0.250000 9.000000
9.000000 1.000000 4.000000 6.000000
4.000000 0.250000 1.000000 7.000000
0.111111 0.166667 0.142857 1.000000

Matrix 1243:
1.000000 9.000000 3.000000 6.000000
0.111111 1.000000 1.000000 7.000000
0.333333 1.000000 1.000000 1.000000
0.166667 0.142857 1.000000 1.000000

Matrix 1244:
1.000000 0.166667 4.000000 3.000000
6.000000 1.000000 9.000000 1.000000
0.250000 0.111111 1.000000 1.000000
0.333333 1.000000 1.000000 1.000000

Matrix 1245:
1.000000 5.000000 5.000000 2.000000
0.200000 1.000000 0.166667 8.000000
0.200000 6.000000 1.000000 3.000000
0.500000 0.125000 0.333333 1.000000

Matrix 1246:
1.000000 9.000000 4.000000 5.000000
0.111111 1.000000 8.000000 0.500000
0.250000 0.125000 1.000000 1.000000
0.200000 2.000000 1.000000 1.000000

Matrix 1247:
1.000000 5.000000 5.000000 7.000000
0.200000 1.000000 9.000000 7.000000
0.200000 0.111111 1.000000 8.000000
0.142857 0.142857 0.125000 1.000000

Matrix 1248:
1.000000 0.200000 3.000000 5.000000
5.000000 1.000000 0.200000 8.000000
0.333333 5.000000 1.000000 8.000000
0.200000 0.125000 0.125000 1.000000

Matrix 1249:
1.000000 2.000000 6.000000 0.333333
0.500000 1.000000 2.000000 1.000000
0.166667 0.500000 1.000000 1.000000
3.000000 1.000000 1.000000 1.000000

Matrix 1250:
1.000000 0.250000 6.000000 0.111111
4.000000 1.000000 8.000000 3.000000
0.166667 0.125000 1.000000 0.200000
9.000000 0.333333 5.000000 1.000000

Matrix 1251:
1.000000 1.000000 5.000000 6.000000
1.000000 1.000000 1.000000 0.500000
0.200000 1.000000 1.000000 3.000000
0.166667 2.000000 0.333333 1.000000

Matrix 1252:
1.000000 0.333333 9.000000 0.500000
3.000000 1.000000 7.000000 1.000000
0.111111 0.142857 1.000000 1.000000
2.000000 1.000000 1.000000 1.000000

Matrix 1253:
1.000000 5.000000 9.000000 0.166667
0.200000 1.000000 3.000000 0.125000
0.111111 0.333333 1.000000 0.166667
6.000000 8.000000 6.000000 1.000000

Matrix 1254:
1.000000 0.166667 2.000000 9.000000
6.000000 1.000000 3.000000 4.000000
0.500000 0.333333 1.000000 4.000000
0.111111 0.250000 0.250000 1.000000

Matrix 1255:
1.000000 8.000000 0.200000 9.000000
0.125000 1.000000 0.250000 0.333333
5.000000 4.000000 1.000000 8.000000
0.111111 3.000000 0.125000 1.000000

Matrix 1256:
1.000000 0.333333 5.000000 3.000000
3.000000 1.000000 1.000000 5.000000
0.200000 1.000000 1.000000 4.000000
0.333333 0.200000 0.250000 1.000000

Matrix 1257:
1.000000 0.250000 0.500000 0.250000
4.000000 1.000000 0.166667 0.200000
2.000000 6.000000 1.000000 6.000000
4.000000 5.000000 0.166667 1.000000

Matrix 1258:
1.000000 3.000000 5.000000 4.000000
0.333333 1.000000 1.000000 0.111111
0.200000 1.000000 1.000000 0.111111
0.250000 9.000000 9.000000 1.000000

Matrix 1259:
1.000000 0.200000 2.000000 0.500000
5.000000 1.000000 6.000000 0.250000
0.500000 0.166667 1.000000 2.000000
2.000000 4.000000 0.500000 1.000000

Matrix 1260:
1.000000 0.500000 1.000000 8.000000
2.000000 1.000000 0.166667 2.000000
1.000000 6.000000 1.000000 1.000000
0.125000 0.500000 1.000000 1.000000

Matrix 1261:
1.000000 1.000000 0.200000 8.000000
1.000000 1.000000 1.000000 0.333333
5.000000 1.000000 1.000000 3.000000
0.125000 3.000000 0.333333 1.000000

Matrix 1262:
1.000000 8.000000 7.000000 7.000000
0.125000 1.000000 0.142857 3.000000
0.142857 7.000000 1.000000 1.000000
0.142857 0.333333 1.000000 1.000000

Matrix 1263:
1.000000 1.000000 3.000000 0.111111
1.000000 1.000000 8.000000 0.333333
0.333333 0.125000 1.000000 0.250000
9.000000 3.000000 4.000000 1.000000

Matrix 1264:
1.000000 3.000000 4.000000 0.500000
0.333333 1.000000 1.000000 7.000000
0.250000 1.000000 1.000000 2.000000
2.000000 0.142857 0.500000 1.000000

Matrix 1265:
1.000000 8.000000 0.500000 0.142857
0.125000 1.000000 2.000000 0.250000
2.000000 0.500000 1.000000 1.000000
7.000000 4.000000 1.000000 1.000000

Matrix 1266:
1.000000 0.333333 0.111111 0.200000
3.000000 1.000000 1.000000 0.500000
9.000000 1.000000 1.000000 0.333333
5.000000 2.000000 3.000000 1.000000

Matrix 1267:
1.000000 1.000000 5.000000 6.000000
1.000000 1.000000 0.500000 1.000000
0.200000 2.000000 1.000000 8.000000
0.166667 1.000000 0.125000 1.000000

Matrix 1268:
1.000000 9.000000 0.250000 7.000000
0.111111 1.000000 0.166667 0.142857
4.000000 6.000000 1.000000 5.000000
0.142857 7.000000 0.200000 1.000000

Matrix 1269:
1.000000 0.166667 1.000000 0.111111
6.000000 1.000000 2.000000 1.000000
1.000000 0.500000 1.000000 1.000000
9.000000 1.000000 1.000000 1.000000

Matrix 1270:
1.000000 0.250000 0.125000 0.142857
4.000000 1.000000 0.500000 0.142857
8.000000 2.000000 1.000000 3.000000
7.000000 7.000000 0.333333 1.000000

Matrix 1271:
1.000000 0.125000 1.000000 5.000000
8.000000 1.000000 0.250000 6.000000
1.000000 4.000000 1.000000 9.000000
0.200000 0.166667 0.111111 1.000000

Matrix 1272:
1.000000 0.125000 1.000000 0.142857
8.000000 1.000000 8.000000 1.000000
1.000000 0.125000 1.000000 3.000000
7.000000 1.000000 0.333333 1.000000

Matrix 1273:
1.000000 6.000000 0.333333 0.142857
0.166667 1.000000 0.250000 0.111111
3.000000 4.000000 1.000000 5.000000
7.000000 9.000000 0.200000 1.000000

Matrix 1274:
1.000000 0.500000 4.000000 4.000000
2.000000 1.000000 8.000000 7.000000
0.250000 0.125000 1.000000 8.000000
0.250000 0.142857 0.125000 1.000000

Matrix 1275:
1.000000 0.500000 1.000000 8.000000
2.000000 1.000000 0.166667 0.500000
1.000000 6.000000 1.000000 2.000000
0.125000 2.000000 0.500000 1.000000

Matrix 1276:
1.000000 2.000000 0.142857 0.142857
0.500000 1.000000 1.000000 0.250000
7.000000 1.000000 1.000000 0.142857
7.000000 4.000000 7.000000 1.000000

Matrix 1277:
1.000000 8.000000 0.125000 0.250000
0.125000 1.000000 0.333333 0.250000
8.000000 3.000000 1.000000 0.166667
4.000000 4.000000 6.000000 1.000000

Matrix 1278:
1.000000 8.000000 0.200000 4.000000
0.125000 1.000000 0.125000 0.142857
5.000000 8.000000 1.000000 9.000000
0.250000 7.000000 0.111111 1.000000

Matrix 1279:
1.000000 1.000000 0.142857 0.333333
1.000000 1.000000 0.111111 3.000000
7.000000 9.000000 1.000000 6.000000
3.000000 0.333333 0.166667 1.000000

Matrix 1280:
1.000000 0.142857 1.000000 0.166667
7.000000 1.000000 0.142857 1.000000
1.000000 7.000000 1.000000 5.000000
6.000000 1.000000 0.200000 1.000000

Matrix 1281:
1.000000 0.333333 2.000000 1.000000
3.000000 1.000000 0.142857 6.000000
0.500000 7.000000 1.000000 6.000000
1.000000 0.166667 0.166667 1.000000

Matrix 1282:
1.000000 2.000000 0.250000 0.111111
0.500000 1.000000 0.250000 3.000000
4.000000 4.000000 1.000000 1.000000
9.000000 0.333333 1.000000 1.000000

Matrix 1283:
1.000000 8.000000 9.000000 7.000000
0.125000 1.000000 0.142857 0.166667
0.111111 7.000000 1.000000 6.000000
0.142857 6.000000 0.166667 1.000000

Matrix 1284:
1.000000 0.111111 0.250000 1.000000
9.000000 1.000000 1.000000 1.000000
4.000000 1.000000 1.000000 1.000000
1.000000 1.000000 1.000000 1.000000

Matrix 1285:
1.000000 1.000000 0.125000 0.500000
1.000000 1.000000 1.000000 7.000000
8.000000 1.000000 1.000000 4.000000
2.000000 0.142857 0.250000 1.000000

Matrix 1286:
1.000000 0.200000 1.000000 0.111111
5.000000 1.000000 2.000000 4.000000
1.000000 0.500000 1.000000 3.000000
9.000000 0.250000 0.333333 1.000000

Matrix 1287:
1.000000 1.000000 0.333333 2.000000
1.000000 1.000000 4.000000 0.166667
3.000000 0.250000 1.000000 0.142857
0.500000 6.000000 7.000000 1.000000

Matrix 1288:
1.000000 8.000000 1.000000 6.000000
0.125000 1.000000 0.111111 0.333333
1.000000 9.000000 1.000000 0.142857
0.166667 3.000000 7.000000 1.000000

Matrix 1289:
1.000000 1.000000 8.000000 4.000000
1.000000 1.000000 0.125000 5.000000
0.125000 8.000000 1.000000 7.000000
0.250000 0.200000 0.142857 1.000000

Matrix 1290:
1.000000 5.000000 0.111111 9.000000
0.200000 1.000000 0.250000 1.000000
9.000000 4.000000 1.000000 6.000000
0.111111 1.000000 0.166667 1.000000

Matrix 1291:
1.000000 0.500000 0.200000 1.000000
2.000000 1.000000 0.142857 0.166667
5.000000 7.000000 1.000000 0.333333
1.000000 6.000000 3.000000 1.000000

Matrix 1292:
1.000000 2.000000 0.333333 0.142857
0.500000 1.000000 2.000000 1.000000
3.000000 0.500000 1.000000 2.000000
7.000000 1.000000 0.500000 1.000000

Matrix 1293:
1.000000 1.000000 4.000000 8.000000
1.000000 1.000000 5.000000 9.000000
0.250000 0.200000 1.000000 0.166667
0.125000 0.111111 6.000000 1.000000

Matrix 1294:
1.000000 0.111111 0.200000 0.333333
9.000000 1.000000 1.000000 7.000000
5.000000 1.000000 1.000000 1.000000
3.000000 0.142857 1.000000 1.000000

Matrix 1295:
1.000000 0.142857 0.250000 4.000000
7.000000 1.000000 0.125000 2.000000
4.000000 8.000000 1.000000 8.000000
0.250000 0.500000 0.125000 1.000000

Matrix 1296:
1.000000 1.000000 0.200000 0.500000
1.000000 1.000000 1.000000 0.200000
5.000000 1.000000 1.000000 0.142857
2.000000 5.000000 7.000000 1.000000

Matrix 1297:
1.000000 0.200000 0.333333 0.166667
5.000000 1.000000 7.000000 0.166667
3.000000 0.142857 1.000000 0.111111
6.000000 6.000000 9.000000 1.000000

Matrix 1298:
1.000000 0.125000 0.125000 0.250000
8.000000 1.000000 0.250000 0.500000
8.000000 4.000000 1.000000 0.200000
4.000000 2.000000 5.000000 1.000000

Matrix 1299:
1.000000 0.111111 1.000000 1.000000
9.000000 1.000000 3.000000 7.000000
1.000000 0.333333 1.000000 8.000000
1.000000 0.142857 0.125000 1.000000

Matrix 1300:
1.000000 0.333333 0.500000 1.000000
3.000000 1.000000 0.125000 0.142857
2.000000 8.000000 1.000000 1.000000
1.000000 7.000000 1.000000 1.000000

Matrix 1301:
1.000000 4.000000 0.166667 0.500000
0.250000 1.000000 0.111111 1.000000
6.000000 9.000000 1.000000 9.000000
2.000000 1.000000 0.111111 1.000000

Matrix 1302:
1.000000 4.000000 0.142857 0.125000
0.250000 1.000000 0.166667 0.250000
7.000000 6.000000 1.000000 3.000000
8.000000 4.000000 0.333333 1.000000

Matrix 1303:
1.000000 1.000000 4.000000 1.000000
1.000000 1.000000 0.166667 3.000000
0.250000 6.000000 1.000000 8.000000
1.000000 0.333333 0.125000 1.000000

Matrix 1304:
1.000000 5.000000 0.166667 0.111111
0.200000 1.000000 1.000000 0.125000
6.000000 1.000000 1.000000 0.250000
9.000000 8.000000 4.000000 1.000000

Matrix 1305:
1.000000 0.500000 7.000000 0.500000
2.000000 1.000000 6.000000 0.250000
0.142857 0.166667 1.000000 1.000000
2.000000 4.000000 1.000000 1.000000

Matrix 1306:
1.000000 3.000000 7.000000 1.000000
0.333333 1.000000 0.125000 0.250000
0.142857 8.000000 1.000000 1.000000
1.000000 4.000000 1.000000 1.000000

Matrix 1307:
1.000000 0.111111 3.000000 0.500000
9.000000 1.000000 3.000000 0.500000
0.333333 0.333333 1.000000 0.333333
2.000000 2.000000 3.000000 1.000000

Matrix 1308:
1.000000 9.000000 7.000000 7.000000
0.111111 1.000000 1.000000 0.500000
0.142857 1.000000 1.000000 6.000000
0.142857 2.000000 0.166667 1.000000

Matrix 1309:
1.000000 3.000000 2.000000 0.250000
0.333333 1.000000 7.000000 2.000000
0.500000 0.142857 1.000000 0.200000
4.000000 0.500000 5.000000 1.000000

Matrix 1310:
1.000000 6.000000 8.000000 0.125000
0.166667 1.000000 2.000000 0.200000
0.125000 0.500000 1.000000 0.166667
8.000000 5.000000 6.000000 1.000000

Matrix 1311:
1.000000 9.000000 5.000000 7.000000
0.111111 1.000000 1.000000 0.111111
0.200000 1.000000 1.000000 3.000000
0.142857 9.000000 0.333333 1.000000

Matrix 1312:
1.000000 0.250000 4.000000 1.000000
4.000000 1.000000 1.000000 0.200000
0.250000 1.000000 1.000000 0.333333
1.000000 5.000000 3.000000 1.000000

Matrix 1313:
1.000000 3.000000 7.000000 6.000000
0.333333 1.000000 8.000000 5.000000
0.142857 0.125000 1.000000 8.000000
0.166667 0.200000 0.125000 1.000000

Matrix 1314:
1.000000 4.000000 0.125000 2.000000
0.250000 1.000000 0.500000 0.500000
8.000000 2.000000 1.000000 1.000000
0.500000 2.000000 1.000000 1.000000

Matrix 1315:
1.000000 0.142857 3.000000 0.125000
7.000000 1.000000 5.000000 0.200000
0.333333 0.200000 1.000000 1.000000
8.000000 5.000000 1.000000 1.000000

Matrix 1316:
1.000000 8.000000 0.125000 0.250000
0.125000 1.000000 0.111111 0.333333
8.000000 9.000000 1.000000 0.111111
4.000000 3.000000 9.000000 1.000000

Matrix 1317:
1.000000 5.000000 1.000000 2.000000
0.200000 1.000000 4.000000 1.000000
1.000000 0.250000 1.000000 1.000000
0.500000 1.000000 1.000000 1.000000

Matrix 1318:
1.000000 1.000000 1.000000 0.500000
1.000000 1.000000 8.000000 7.000000
1.000000 0.125000 1.000000 1.000000
2.000000 0.142857 1.000000 1.000000

Matrix 1319:
1.000000 0.125000 0.250000 0.166667
8.000000 1.000000 1.000000 0.111111
4.000000 1.000000 1.000000 0.166667
6.000000 9.000000 6.000000 1.000000

Matrix 1320:
1.000000 0.166667 0.166667 0.200000
6.000000 1.000000 4.000000 6.000000
6.000000 0.250000 1.000000 3.000000
5.000000 0.166667 0.333333 1.000000

Matrix 1321:
1.000000 9.000000 1.000000 1.000000
0.111111 1.000000 2.000000 0.333333
1.000000 0.500000 1.000000 3.000000
1.000000 3.000000 0.333333 1.000000

Matrix 1322:
1.000000 5.000000 0.333333 0.142857
0.200000 1.000000 3.000000 0.200000
3.000000 0.333333 1.000000 0.250000
7.000000 5.000000 4.000000 1.000000

Matrix 1323:
1.000000 0.125000 0.250000 0.111111
8.000000 1.000000 6.000000 0.333333
4.000000 0.166667 1.000000 0.333333
9.000000 3.000000 3.000000 1.000000

Matrix 1324:
1.000000 0.125000 0.166667 0.333333
8.000000 1.000000 5.000000 0.125000
6.000000 0.200000 1.000000 0.166667
3.000000 8.000000 6.000000 1.000000

Matrix 1325:
1.000000 4.000000 9.000000 3.000000
0.250000 1.000000 0.125000 0.333333
0.111111 8.000000 1.000000 7.000000
0.333333 3.000000 0.142857 1.000000

Matrix 1326:
1.000000 0.333333 0.125000 0.200000
3.000000 1.000000 6.000000 1.000000
8.000000 0.166667 1.000000 6.000000
5.000000 1.000000 0.166667 1.000000

Matrix 1327:
1.000000 0.142857 0.166667 1.000000
7.000000 1.000000 3.000000 1.000000
6.000000 0.333333 1.000000 3.000000
1.000000 1.000000 0.333333 1.000000

Matrix 1328:
1.000000 6.000000 9.000000 2.000000
0.166667 1.000000 8.000000 4.000000
0.111111 0.125000 1.000000 0.200000
0.500000 0.250000 5.000000 1.000000

Matrix 1329:
1.000000 9.000000 3.000000 5.000000
0.111111 1.000000 1.000000 0.166667
0.333333 1.000000 1.000000 1.000000
0.200000 6.000000 1.000000 1.000000

Matrix 1330:
1.000000 3.000000 1.000000 5.000000
0.333333 1.000000 0.250000 0.166667
1.000000 4.000000 1.000000 1.000000
0.200000 6.000000 1.000000 1.000000

Matrix 1331:
1.000000 3.000000 8.000000 4.000000
0.333333 1.000000 3.000000 0.166667
0.125000 0.333333 1.000000 1.000000
0.250000 6.000000 1.000000 1.000000

Matrix 1332:
1.000000 0.166667 0.200000 0.142857
6.000000 1.000000 0.200000 1.000000
5.000000 5.000000 1.000000 6.000000
7.000000 1.000000 0.166667 1.000000

Matrix 1333:
1.000000 1.000000 0.142857 1.000000
1.000000 1.000000 5.000000 0.250000
7.000000 0.200000 1.000000 0.500000
1.000000 4.000000 2.000000 1.000000

Matrix 1334:
1.000000 1.000000 7.000000 1.000000
1.000000 1.000000 1.000000 1.000000
0.142857 1.000000 1.000000 4.000000
1.000000 1.000000 0.250000 1.000000

Matrix 1335:
1.000000 9.000000 6.000000 4.000000
0.111111 1.000000 0.500000 6.000000
0.166667 2.000000 1.000000 3.000000
0.250000 0.166667 0.333333 1.000000

Matrix 1336:
1.000000 0.250000 0.142857 0.142857
4.000000 1.000000 7.000000 4.000000
7.000000 0.142857 1.000000 0.250000
7.000000 0.250000 4.000000 1.000000

Matrix 1337:
1.000000 0.111111 6.000000 3.000000
9.000000 1.000000 2.000000 3.000000
0.166667 0.500000 1.000000 0.111111
0.333333 0.333333 9.000000 1.000000

Matrix 1338:
1.000000 0.250000 7.000000 0.166667
4.000000 1.000000 3.000000 0.142857
0.142857 0.333333 1.000000 0.125000
6.000000 7.000000 8.000000 1.000000

Matrix 1339:
1.000000 0.125000 0.125000 0.333333
8.000000 1.000000 6.000000 7.000000
8.000000 0.166667 1.000000 0.142857
3.000000 0.142857 7.000000 1.000000

Matrix 1340:
1.000000 9.000000 0.500000 0.125000
0.111111 1.000000 0.111111 0.125000
2.000000 9.000000 1.000000 1.000000
8.000000 8.000000 1.000000 1.000000

Matrix 1341:
1.000000 2.000000 0.250000 0.500000
0.500000 1.000000 7.000000 0.200000
4.000000 0.142857 1.000000 0.500000
2.000000 5.000000 2.000000 1.000000

Matrix 1342:
1.000000 1.000000 1.000000 5.000000
1.000000 1.000000 1.000000 5.000000
1.000000 1.000000 1.000000 1.000000
0.200000 0.200000 1.000000 1.000000

Matrix 1343:
1.000000 1.000000 2.000000 5.000000
1.000000 1.000000 1.000000 0.250000
0.500000 1.000000 1.000000 7.000000
0.200000 4.000000 0.142857 1.000000

Matrix 1344:
1.000000 0.125000 4.000000 4.000000
8.000000 1.000000 7.000000 1.000000
0.250000 0.142857 1.000000 0.333333
0.250000 1.000000 3.000000 1.000000

Matrix 1345:
1.000000 7.000000 1.000000 8.000000
0.142857 1.000000 1.000000 0.250000
1.000000 1.000000 1.000000 6.000000
0.125000 4.000000 0.166667 1.000000

Matrix 1346:
1.000000 6.000000 1.000000 0.200000
0.166667 1.000000 0.142857 0.125000
1.000000 7.000000 1.000000 1.000000
5.000000 8.000000 1.000000 1.000000

Matrix 1347:
1.000000 9.000000 6.000000 0.500000
0.111111 1.000000 0.142857 0.166667
0.166667 7.000000 1.000000 3.000000
2.000000 6.000000 0.333333 1.000000

Matrix 1348:
1.000000 7.000000 6.000000 9.000000
0.142857 1.000000 5.000000 1.000000
0.166667 0.200000 1.000000 1.000000
0.111111 1.000000 1.000000 1.000000

Matrix 1349:
1.000000 0.250000 0.500000 0.200000
4.000000 1.000000 3.000000 0.142857
2.000000 0.333333 1.000000 2.000000
5.000000 7.000000 0.500000 1.000000

Matrix 1350:
1.000000 0.142857 1.000000 9.000000
7.000000 1.000000 4.000000 2.000000
1.000000 0.250000 1.000000 6.000000
0.111111 0.500000 0.166667 1.000000

Matrix 1351:
1.000000 0.142857 3.000000 0.166667
7.000000 1.000000 3.000000 0.142857
0.333333 0.333333 1.000000 0.500000
6.000000 7.000000 2.000000 1.000000

Matrix 1352:
1.000000 4.000000 0.333333 1.000000
0.250000 1.000000 0.142857 0.111111
3.000000 7.000000 1.000000 7.000000
1.000000 9.000000 0.142857 1.000000

Matrix 1353:
1.000000 0.142857 0.111111 5.000000
7.000000 1.000000 2.000000 8.000000
9.000000 0.500000 1.000000 4.000000
0.200000 0.125000 0.250000 1.000000

Matrix 1354:
1.000000 0.500000 0.111111 3.000000
2.000000 1.000000 0.200000 0.200000
9.000000 5.000000 1.000000 5.000000
0.333333 5.000000 0.200000 1.000000

Matrix 1355:
1.000000 0.200000 1.000000 1.000000
5.000000 1.000000 0.500000 4.000000
1.000000 2.000000 1.000000 8.000000
1.000000 0.250000 0.125000 1.000000

Matrix 1356:
1.000000 0.333333 0.500000 2.000000
3.000000 1.000000 0.333333 0.111111
2.000000 3.000000 1.000000 2.000000
0.500000 9.000000 0.500000 1.000000

Matrix 1357:
1.000000 1.000000 0.333333 1.000000
1.000000 1.000000 1.000000 7.000000
3.000000 1.000000 1.000000 0.200000
1.000000 0.142857 5.000000 1.000000

Matrix 1358:
1.000000 1.000000 3.000000 0.111111
1.000000 1.000000 8.000000 3.000000
0.333333 0.125000 1.000000 0.250000
9.000000 0.333333 4.000000 1.000000

Matrix 1359:
1.000000 0.111111 0.166667 0.200000
9.000000 1.000000 9.000000 1.000000
6.000000 0.111111 1.000000 0.166667
5.000000 1.000000 6.000000 1.000000

Matrix 1360:
1.000000 0.125000 1.000000 1.000000
8.000000 1.000000 7.000000 0.500000
1.000000 0.142857 1.000000 0.333333
1.000000 2.000000 3.000000 1.000000

Matrix 1361:
1.000000 1.000000 7.000000 4.000000
1.000000 1.000000 4.000000 6.000000
0.142857 0.250000 1.000000 8.000000
0.250000 0.166667 0.125000 1.000000

Matrix 1362:
1.000000 0.250000 0.500000 0.142857
4.000000 1.000000 5.000000 3.000000
2.000000 0.200000 1.000000 0.250000
7.000000 0.333333 4.000000 1.000000

Matrix 1363:
1.000000 0.500000 9.000000 1.000000
2.000000 1.000000 1.000000 0.142857
0.111111 1.000000 1.000000 0.500000
1.000000 7.000000 2.000000 1.000000

Matrix 1364:
1.000000 0.250000 0.125000 5.000000
4.000000 1.000000 5.000000 5.000000
8.000000 0.200000 1.000000 5.000000
0.200000 0.200000 0.200000 1.000000

Matrix 1365:
1.000000 5.000000 2.000000 0.200000
0.200000 1.000000 1.000000 2.000000
0.500000 1.000000 1.000000 3.000000
5.000000 0.500000 0.333333 1.000000

Matrix 1366:
1.000000 6.000000 6.000000 3.000000
0.166667 1.000000 2.000000 0.125000
0.166667 0.500000 1.000000 3.000000
0.333333 8.000000 0.333333 1.000000

Matrix 1367:
1.000000 0.166667 0.500000 0.250000
6.000000 1.000000 0.200000 3.000000
2.000000 5.000000 1.000000 4.000000
4.000000 0.333333 0.250000 1.000000

Matrix 1368:
1.000000 7.000000 2.000000 0.500000
0.142857 1.000000 0.500000 4.000000
0.500000 2.000000 1.000000 6.000000
2.000000 0.250000 0.166667 1.000000

Matrix 1369:
1.000000 0.166667 2.000000 6.000000
6.000000 1.000000 2.000000 2.000000
0.500000 0.500000 1.000000 6.000000
0.166667 0.500000 0.166667 1.000000

Matrix 1370:
1.000000 0.166667 8.000000 0.200000
6.000000 1.000000 3.000000 1.000000
0.125000 0.333333 1.000000 0.250000
5.000000 1.000000 4.000000 1.000000

Matrix 1371:
1.000000 7.000000 8.000000 0.125000
0.142857 1.000000 1.000000 0.111111
0.125000 1.000000 1.000000 0.500000
8.000000 9.000000 2.000000 1.000000

Matrix 1372:
1.000000 3.000000 8.000000 0.333333
0.333333 1.000000 0.333333 0.166667
0.125000 3.000000 1.000000 1.000000
3.000000 6.000000 1.000000 1.000000

Matrix 1373:
1.000000 4.000000 3.000000 3.000000
0.250000 1.000000 0.166667 6.000000
0.333333 6.000000 1.000000 8.000000
0.333333 0.166667 0.125000 1.000000

Matrix 1374:
1.000000 4.000000 3.000000 4.000000
0.250000 1.000000 2.000000 3.000000
0.333333 0.500000 1.000000 6.000000
0.250000 0.333333 0.166667 1.000000

Matrix 1375:
1.000000 5.000000 0.125000 0.500000
0.200000 1.000000 0.111111 0.500000
8.000000 9.000000 1.000000 0.500000
2.000000 2.000000 2.000000 1.000000

Matrix 1376:
1.000000 1.000000 0.125000 0.142857
1.000000 1.000000 3.000000 1.000000
8.000000 0.333333 1.000000 5.000000
7.000000 1.000000 0.200000 1.000000

Matrix 1377:
1.000000 6.000000 0.125000 0.333333
0.166667 1.000000 0.200000 0.125000
8.000000 5.000000 1.000000 0.125000
3.000000 8.000000 8.000000 1.000000

Matrix 1378:
1.000000 0.250000 0.111111 3.000000
4.000000 1.000000 1.000000 1.000000
9.000000 1.000000 1.000000 4.000000
0.333333 1.000000 0.250000 1.000000

Matrix 1379:
1.000000 3.000000 4.000000 0.111111
0.333333 1.000000 8.000000 2.000000
0.250000 0.125000 1.000000 0.166667
9.000000 0.500000 6.000000 1.000000

Matrix 1380:
1.000000 2.000000 0.500000 5.000000
0.500000 1.000000 1.000000 0.200000
2.000000 1.000000 1.000000 0.166667
0.200000 5.000000 6.000000 1.000000

Matrix 1381:
1.000000 0.125000 1.000000 0.111111
8.000000 1.000000 1.000000 0.111111
1.000000 1.000000 1.000000 1.000000
9.000000 9.000000 1.000000 1.000000

Matrix 1382:
1.000000 0.333333 2.000000 0.142857
3.000000 1.000000 0.250000 0.500000
0.500000 4.000000 1.000000 0.333333
7.000000 2.000000 3.000000 1.000000

Matrix 1383:
1.000000 0.333333 3.000000 0.166667
3.000000 1.000000 3.000000 9.000000
0.333333 0.333333 1.000000 0.333333
6.000000 0.111111 3.000000 1.000000

Matrix 1384:
1.000000 0.500000 7.000000 0.166667
2.000000 1.000000 0.333333 0.333333
0.142857 3.000000 1.000000 0.166667
6.000000 3.000000 6.000000 1.000000

Matrix 1385:
1.000000 5.000000 2.000000 8.000000
0.200000 1.000000 8.000000 7.000000
0.500000 0.125000 1.000000 1.000000
0.125000 0.142857 1.000000 1.000000

Matrix 1386:
1.000000 0.200000 7.000000 7.000000
5.000000 1.000000 8.000000 8.000000
0.142857 0.125000 1.000000 7.000000
0.142857 0.125000 0.142857 1.000000

Matrix 1387:
1.000000 5.000000 4.000000 3.000000
0.200000 1.000000 0.500000 4.000000
0.250000 2.000000 1.000000 2.000000
0.333333 0.250000 0.500000 1.000000

Matrix 1388:
1.000000 0.125000 0.166667 0.125000
8.000000 1.000000 0.142857 1.000000
6.000000 7.000000 1.000000 0.142857
8.000000 1.000000 7.000000 1.000000

Matrix 1389:
1.000000 4.000000 7.000000 3.000000
0.250000 1.000000 0.125000 8.000000
0.142857 8.000000 1.000000 6.000000
0.333333 0.125000 0.166667 1.000000

Matrix 1390:
1.000000 2.000000 0.200000 5.000000
0.500000 1.000000 0.166667 0.125000
5.000000 6.000000 1.000000 0.500000
0.200000 8.000000 2.000000 1.000000

Matrix 1391:
1.000000 0.125000 9.000000 0.200000
8.000000 1.000000 3.000000 0.250000
0.111111 0.333333 1.000000 0.125000
5.000000 4.000000 8.000000 1.000000

Matrix 1392:
1.000000 8.000000 9.000000 3.000000
0.125000 1.000000 1.000000 2.000000
0.111111 1.000000 1.000000 0.500000
0.333333 0.500000 2.000000 1.000000

Matrix 1393:
1.000000 3.000000 7.000000 0.250000
0.333333 1.000000 5.000000 4.000000
0.142857 0.200000 1.000000 0.142857
4.000000 0.250000 7.000000 1.000000

Matrix 1394:
1.000000 4.000000 0.500000 2.000000
0.250000 1.000000 1.000000 2.000000
2.000000 1.000000 1.000000 0.125000
0.500000 0.500000 8.000000 1.000000

Matrix 1395:
1.000000 7.000000 7.000000 3.000000
0.142857 1.000000 5.000000 9.000000
0.142857 0.200000 1.000000 2.000000
0.333333 0.111111 0.500000 1.000000

Matrix 1396:
1.000000 9.000000 8.000000 0.166667
0.111111 1.000000 9.000000 0.166667
0.125000 0.111111 1.000000 0.333333
6.000000 6.000000 3.000000 1.000000

Matrix 1397:
1.000000 0.500000 0.500000 0.166667
2.000000 1.000000 0.111111 0.111111
2.000000 9.000000 1.000000 8.000000
6.000000 9.000000 0.125000 1.000000

Matrix 1398:
1.000000 5.000000 0.250000 1.000000
0.200000 1.000000 0.111111 5.000000
4.000000 9.000000 1.000000 4.000000
1.000000 0.200000 0.250000 1.000000

Matrix 1399:
1.000000 0.250000 0.111111 1.000000
4.000000 1.000000 0.142857 0.500000
9.000000 7.000000 1.000000 0.333333
1.000000 2.000000 3.000000 1.000000

Matrix 1400:
1.000000 5.000000 0.200000 0.111111
0.200000 1.000000 1.000000 0.142857
5.000000 1.000000 1.000000 0.125000
9.000000 7.000000 8.000000 1.000000

Matrix 1401:
1.000000 0.250000 1.000000 0.111111
4.000000 1.000000 3.000000 6.000000
1.000000 0.333333 1.000000 0.200000
9.000000 0.166667 5.000000 1.000000

Matrix 1402:
1.000000 2.000000 0.333333 0.333333
0.500000 1.000000 2.000000 5.000000
3.000000 0.500000 1.000000 0.250000
3.000000 0.200000 4.000000 1.000000

Matrix 1403:
1.000000 5.000000 8.000000 0.333333
0.200000 1.000000 0.250000 0.142857
0.125000 4.000000 1.000000 1.000000
3.000000 7.000000 1.000000 1.000000

Matrix 1404:
1.000000 0.166667 0.250000 0.111111
6.000000 1.000000 0.166667 0.166667
4.000000 6.000000 1.000000 5.000000
9.000000 6.000000 0.200000 1.000000

Matrix 1405:
1.000000 5.000000 1.000000 1.000000
0.200000 1.000000 6.000000 0.333333
1.000000 0.166667 1.000000 0.333333
1.000000 3.000000 3.000000 1.000000

Matrix 1406:
1.000000 0.125000 1.000000 1.000000
8.000000 1.000000 8.000000 0.166667
1.000000 0.125000 1.000000 0.111111
1.000000 6.000000 9.000000 1.000000

Matrix 1407:
1.000000 0.333333 0.142857 4.000000
3.000000 1.000000 0.142857 2.000000
7.000000 7.000000 1.000000 6.000000
0.250000 0.500000 0.166667 1.000000

Matrix 1408:
1.000000 0.125000 0.111111 1.000000
8.000000 1.000000 0.250000 0.500000
9.000000 4.000000 1.000000 0.250000
1.000000 2.000000 4.000000 1.000000

Matrix 1409:
1.000000 0.142857 1.000000 0.250000
7.000000 1.000000 8.000000 8.000000
1.000000 0.125000 1.000000 7.000000
4.000000 0.125000 0.142857 1.000000

Matrix 1410:
1.000000 0.333333 0.125000 0.250000
3.000000 1.000000 9.000000 1.000000
8.000000 0.111111 1.000000 0.142857
4.000000 1.000000 7.000000 1.000000

Matrix 1411:
1.000000 0.250000 6.000000 5.000000
4.000000 1.000000 9.000000 1.000000
0.166667 0.111111 1.000000 4.000000
0.200000 1.000000 0.250000 1.000000

Matrix 1412:
1.000000 0.166667 0.250000 1.000000
6.000000 1.000000 7.000000 4.000000
4.000000 0.142857 1.000000 1.000000
1.000000 0.250000 1.000000 1.000000

Matrix 1413:
1.000000 0.166667 0.250000 0.250000
6.000000 1.000000 5.000000 3.000000
4.000000 0.200000 1.000000 5.000000
4.000000 0.333333 0.200000 1.000000

Matrix 1414:
1.000000 2.000000 0.166667 5.000000
0.500000 1.000000 0.200000 0.500000
6.000000 5.000000 1.000000 2.000000
0.200000 2.000000 0.500000 1.000000

Matrix 1415:
1.000000 0.166667 0.125000 1.000000
6.000000 1.000000 9.000000 5.000000
8.000000 0.111111 1.000000 0.111111
1.000000 0.200000 9.000000 1.000000

Matrix 1416:
1.000000 9.000000 8.000000 0.250000
0.111111 1.000000 0.500000 0.166667
0.125000 2.000000 1.000000 0.200000
4.000000 6.000000 5.000000 1.000000

Matrix 1417:
1.000000 8.000000 4.000000 7.000000
0.125000 1.000000 8.000000 9.000000
0.250000 0.125000 1.000000 0.111111
0.142857 0.111111 9.000000 1.000000

Matrix 1418:
1.000000 0.333333 0.500000 0.333333
3.000000 1.000000 0.250000 1.000000
2.000000 4.000000 1.000000 6.000000
3.000000 1.000000 0.166667 1.000000

Matrix 1419:
1.000000 1.000000 0.125000 1.000000
1.000000 1.000000 3.000000 2.000000
8.000000 0.333333 1.000000 9.000000
1.000000 0.500000 0.111111 1.000000

Matrix 1420:
1.000000 6.000000 8.000000 8.000000
0.166667 1.000000 1.000000 0.200000
0.125000 1.000000 1.000000 8.000000
0.125000 5.000000 0.125000 1.000000

Matrix 1421:
1.000000 1.000000 0.200000 0.125000
1.000000 1.000000 7.000000 3.000000
5.000000 0.142857 1.000000 1.000000
8.000000 0.333333 1.000000 1.000000

Matrix 1422:
1.000000 5.000000 1.000000 4.000000
0.200000 1.000000 3.000000 0.125000
1.000000 0.333333 1.000000 0.333333
0.250000 8.000000 3.000000 1.000000

Matrix 1423:
1.000000 0.333333 4.000000 0.333333
3.000000 1.000000 1.000000 8.000000
0.250000 1.000000 1.000000 1.000000
3.000000 0.125000 1.000000 1.000000

Matrix 1424:
1.000000 3.000000 0.142857 9.000000
0.333333 1.000000 2.000000 1.000000
7.000000 0.500000 1.000000 8.000000
0.111111 1.000000 0.125000 1.000000

Matrix 1425:
1.000000 7.000000 1.000000 0.125000
0.142857 1.000000 1.000000 0.166667
1.000000 1.000000 1.000000 0.200000
8.000000 6.000000 5.000000 1.000000

Matrix 1426:
1.000000 6.000000 6.000000 0.500000
0.166667 1.000000 9.000000 1.000000
0.166667 0.111111 1.000000 2.000000
2.000000 1.000000 0.500000 1.000000

Matrix 1427:
1.000000 0.111111 0.500000 0.111111
9.000000 1.000000 8.000000 8.000000
2.000000 0.125000 1.000000 3.000000
9.000000 0.125000 0.333333 1.000000

Matrix 1428:
1.000000 0.250000 0.500000 0.250000
4.000000 1.000000 1.000000 0.142857
2.000000 1.000000 1.000000 1.000000
4.000000 7.000000 1.000000 1.000000

Matrix 1429:
1.000000 0.111111 8.000000 4.000000
9.000000 1.000000 4.000000 5.000000
0.125000 0.250000 1.000000 0.250000
0.250000 0.200000 4.000000 1.000000

Matrix 1430:
1.000000 0.142857 7.000000 0.250000
7.000000 1.000000 3.000000 0.500000
0.142857 0.333333 1.000000 0.111111
4.000000 2.000000 9.000000 1.000000

Matrix 1431:
1.000000 0.250000 0.500000 2.000000
4.000000 1.000000 4.000000 1.000000
2.000000 0.250000 1.000000 4.000000
0.500000 1.000000 0.250000 1.000000

Matrix 1432:
1.000000 0.500000 0.333333 0.333333
2.000000 1.000000 0.125000 0.250000
3.000000 8.000000 1.000000 0.500000
3.000000 4.000000 2.000000 1.000000

Matrix 1433:
1.000000 2.000000 0.250000 1.000000
0.500000 1.000000 1.000000 0.200000
4.000000 1.000000 1.000000 1.000000
1.000000 5.000000 1.000000 1.000000

Matrix 1434:
1.000000 5.000000 6.000000 0.250000
0.200000 1.000000 0.500000 0.200000
0.166667 2.000000 1.000000 0.166667
4.000000 5.000000 6.000000 1.000000

Matrix 1435:
1.000000 4.000000 0.111111 4.000000
0.250000 1.000000 0.250000 1.000000
9.000000 4.000000 1.000000 1.000000
0.250000 1.000000 1.000000 1.000000

Matrix 1436:
1.000000 5.000000 9.000000 8.000000
0.200000 1.000000 0.125000 1.000000
0.111111 8.000000 1.000000 2.000000
0.125000 1.000000 0.500000 1.000000

Matrix 1437:
1.000000 0.142857 1.000000 4.000000
7.000000 1.000000 0.250000 1.000000
1.000000 4.000000 1.000000 5.000000
0.250000 1.000000 0.200000 1.000000

Matrix 1438:
1.000000 0.142857 5.000000 0.200000
7.000000 1.000000 7.000000 8.000000
0.200000 0.142857 1.000000 3.000000
5.000000 0.125000 0.333333 1.000000

Matrix 1439:
1.000000 0.200000 0.166667 0.250000
5.000000 1.000000 8.000000 7.000000
6.000000 0.125000 1.000000 8.000000
4.000000 0.142857 0.125000 1.000000

Matrix 1440:
1.000000 0.125000 3.000000 0.125000
8.000000 1.000000 2.000000 8.000000
0.333333 0.500000 1.000000 0.125000
8.000000 0.125000 8.000000 1.000000

Matrix 1441:
1.000000 0.250000 0.333333 1.000000
4.000000 1.000000 8.000000 9.000000
3.000000 0.125000 1.000000 5.000000
1.000000 0.111111 0.200000 1.000000

Matrix 1442:
1.000000 0.200000 2.000000 0.125000
5.000000 1.000000 1.000000 4.000000
0.500000 1.000000 1.000000 4.000000
8.000000 0.250000 0.250000 1.000000

Matrix 1443:
1.000000 9.000000 0.125000 0.166667
0.111111 1.000000 0.125000 0.333333
8.000000 8.000000 1.000000 0.166667
6.000000 3.000000 6.000000 1.000000

Matrix 1444:
1.000000 0.333333 0.200000 0.250000
3.000000 1.000000 2.000000 0.333333
5.000000 0.500000 1.000000 0.125000
4.000000 3.000000 8.000000 1.000000

Matrix 1445:
1.000000 2.000000 1.000000 0.500000
0.500000 1.000000 9.000000 1.000000
1.000000 0.111111 1.000000 0.250000
2.000000 1.000000 4.000000 1.000000

Matrix 1446:
1.000000 7.000000 9.000000 0.250000
0.142857 1.000000 0.333333 0.142857
0.111111 3.000000 1.000000 0.200000
4.000000 7.000000 5.000000 1.000000

Matrix 1447:
1.000000 3.000000 0.500000 3.000000
0.333333 1.000000 2.000000 1.000000
2.000000 0.500000 1.000000 6.000000
0.333333 1.000000 0.166667 1.000000

Matrix 1448:
1.000000 1.000000 0.500000 7.000000
1.000000 1.000000 9.000000 9.000000
2.000000 0.111111 1.000000 7.000000
0.142857 0.111111 0.142857 1.000000

Matrix 1449:
1.000000 1.000000 0.142857 5.000000
1.000000 1.000000 1.000000 1.000000
7.000000 1.000000 1.000000 9.000000
0.200000 1.000000 0.111111 1.000000

Matrix 1450:
1.000000 4.000000 7.000000 5.000000
0.250000 1.000000 0.500000 9.000000
0.142857 2.000000 1.000000 8.000000
0.200000 0.111111 0.125000 1.000000

Matrix 1451:
1.000000 8.000000 0.142857 3.000000
0.125000 1.000000 0.166667 0.200000
7.000000 6.000000 1.000000 2.000000
0.333333 5.000000 0.500000 1.000000

Matrix 1452:
1.000000 0.111111 0.333333 7.000000
9.000000 1.000000 0.200000 8.000000
3.000000 5.000000 1.000000 5.000000
0.142857 0.125000 0.200000 1.000000

Matrix 1453:
1.000000 0.125000 9.000000 2.000000
8.000000 1.000000 2.000000 9.000000
0.111111 0.500000 1.000000 7.000000
0.500000 0.111111 0.142857 1.000000

Matrix 1454:
1.000000 0.200000 0.142857 0.333333
5.000000 1.000000 0.125000 0.142857
7.000000 8.000000 1.000000 0.111111
3.000000 7.000000 9.000000 1.000000

Matrix 1455:
1.000000 1.000000 8.000000 4.000000
1.000000 1.000000 0.250000 0.500000
0.125000 4.000000 1.000000 5.000000
0.250000 2.000000 0.200000 1.000000

Matrix 1456:
1.000000 8.000000 0.166667 0.500000
0.125000 1.000000 0.500000 0.200000
6.000000 2.000000 1.000000 3.000000
2.000000 5.000000 0.333333 1.000000

Matrix 1457:
1.000000 6.000000 0.142857 0.166667
0.166667 1.000000 0.200000 0.142857
7.000000 5.000000 1.000000 3.000000
6.000000 7.000000 0.333333 1.000000

Matrix 1458:
1.000000 1.000000 1.000000 3.000000
1.000000 1.000000 0.125000 1.000000
1.000000 8.000000 1.000000 7.000000
0.333333 1.000000 0.142857 1.000000

Matrix 1459:
1.000000 7.000000 5.000000 5.000000
0.142857 1.000000 0.200000 4.000000
0.200000 5.000000 1.000000 3.000000
0.200000 0.250000 0.333333 1.000000

Matrix 1460:
1.000000 0.333333 0.500000 0.250000
3.000000 1.000000 6.000000 4.000000
2.000000 0.166667 1.000000 3.000000
4.000000 0.250000 0.333333 1.000000

Matrix 1461:
1.000000 0.333333 0.142857 9.000000
3.000000 1.000000 2.000000 9.000000
7.000000 0.500000 1.000000 3.000000
0.111111 0.111111 0.333333 1.000000

Matrix 1462:
1.000000 1.000000 0.142857 0.142857
1.000000 1.000000 0.125000 1.000000
7.000000 8.000000 1.000000 0.111111
7.000000 1.000000 9.000000 1.000000

Matrix 1463:
1.000000 4.000000 0.111111 3.000000
0.250000 1.000000 0.125000 7.000000
9.000000 8.000000 1.000000 3.000000
0.333333 0.142857 0.333333 1.000000

Matrix 1464:
1.000000 4.000000 0.250000 7.000000
0.250000 1.000000 0.125000 0.200000
4.000000 8.000000 1.000000 1.000000
0.142857 5.000000 1.000000 1.000000

Matrix 1465:
1.000000 0.125000 0.142857 0.111111
8.000000 1.000000 1.000000 0.200000
7.000000 1.000000 1.000000 6.000000
9.000000 5.000000 0.166667 1.000000

Matrix 1466:
1.000000 9.000000 0.200000 2.000000
0.111111 1.000000 1.000000 6.000000
5.000000 1.000000 1.000000 4.000000
0.500000 0.166667 0.250000 1.000000

Matrix 1467:
1.000000 0.166667 1.000000 4.000000
6.000000 1.000000 2.000000 1.000000
1.000000 0.500000 1.000000 0.200000
0.250000 1.000000 5.000000 1.000000

Matrix 1468:
1.000000 5.000000 0.200000 0.500000
0.200000 1.000000 0.333333 3.000000
5.000000 3.000000 1.000000 7.000000
2.000000 0.333333 0.142857 1.000000

Matrix 1469:
1.000000 9.000000 3.000000 0.142857
0.111111 1.000000 9.000000 0.166667
0.333333 0.111111 1.000000 0.111111
7.000000 6.000000 9.000000 1.000000

Matrix 1470:
1.000000 0.333333 4.000000 0.166667
3.000000 1.000000 0.250000 0.166667
0.250000 4.000000 1.000000 0.200000
6.000000 6.000000 5.000000 1.000000

Matrix 1471:
1.000000 0.333333 9.000000 8.000000
3.000000 1.000000 6.000000 8.000000
0.111111 0.166667 1.000000 3.000000
0.125000 0.125000 0.333333 1.000000

Matrix 1472:
1.000000 1.000000 1.000000 8.000000
1.000000 1.000000 0.111111 0.333333
1.000000 9.000000 1.000000 4.000000
0.125000 3.000000 0.250000 1.000000

Matrix 1473:
1.000000 5.000000 9.000000 0.142857
0.200000 1.000000 0.333333 0.500000
0.111111 3.000000 1.000000 0.333333
7.000000 2.000000 3.000000 1.000000

Matrix 1474:
1.000000 2.000000 0.166667 0.200000
0.500000 1.000000 2.000000 0.111111
6.000000 0.500000 1.000000 1.000000
5.000000 9.000000 1.000000 1.000000

Matrix 1475:
1.000000 4.000000 0.333333 9.000000
0.250000 1.000000 0.333333 0.200000
3.000000 3.000000 1.000000 9.000000
0.111111 5.000000 0.111111 1.000000

Matrix 1476:
1.000000 1.000000 0.166667 9.000000
1.000000 1.000000 3.000000 5.000000
6.000000 0.333333 1.000000 6.000000
0.111111 0.200000 0.166667 1.000000

Matrix 1477:
1.000000 5.000000 0.142857 7.000000
0.200000 1.000000 0.200000 5.000000
7.000000 5.000000 1.000000 4.000000
0.142857 0.200000 0.250000 1.000000

Matrix 1478:
1.000000 0.250000 0.333333 1.000000
4.000000 1.000000 8.000000 7.000000
3.000000 0.125000 1.000000 0.111111
1.000000 0.142857 9.000000 1.000000

Matrix 1479:
1.000000 1.000000 7.000000 3.000000
1.000000 1.000000 0.333333 9.000000
0.142857 3.000000 1.000000 5.000000
0.333333 0.111111 0.200000 1.000000

Matrix 1480:
1.000000 0.333333 0.500000 0.142857
3.000000 1.000000 3.000000 4.000000
2.000000 0.333333 1.000000 0.142857
7.000000 0.250000 7.000000 1.000000

Matrix 1481:
1.000000 8.000000 0.142857 1.000000
0.125000 1.000000 1.000000 0.166667
7.000000 1.000000 1.000000 5.000000
1.000000 6.000000 0.200000 1.000000

Matrix 1482:
1.000000 0.200000 0.111111 0.200000
5.000000 1.000000 0.125000 0.142857
9.000000 8.000000 1.000000 0.333333
5.000000 7.000000 3.000000 1.000000

Matrix 1483:
1.000000 0.142857 0.111111 1.000000
7.000000 1.000000 0.500000 0.142857
9.000000 2.000000 1.000000 0.333333
1.000000 7.000000 3.000000 1.000000

Matrix 1484:
1.000000 8.000000 3.000000 8.000000
0.125000 1.000000 1.000000 6.000000
0.333333 1.000000 1.000000 0.500000
0.125000 0.166667 2.000000 1.000000

Matrix 1485:
1.000000 3.000000 0.125000 1.000000
0.333333 1.000000 0.500000 0.142857
8.000000 2.000000 1.000000 0.333333
1.000000 7.000000 3.000000 1.000000

Matrix 1486:
1.000000 0.125000 0.333333 0.250000
8.000000 1.000000 0.500000 0.333333
3.000000 2.000000 1.000000 0.125000
4.000000 3.000000 8.000000 1.000000

Matrix 1487:
1.000000 6.000000 6.000000 5.000000
0.166667 1.000000 5.000000 0.166667
0.166667 0.200000 1.000000 0.125000
0.200000 6.000000 8.000000 1.000000

Matrix 1488:
1.000000 0.200000 7.000000 8.000000
5.000000 1.000000 6.000000 4.000000
0.142857 0.166667 1.000000 2.000000
0.125000 0.250000 0.500000 1.000000

Matrix 1489:
1.000000 0.500000 2.000000 0.250000
2.000000 1.000000 0.500000 0.166667
0.500000 2.000000 1.000000 0.200000
4.000000 6.000000 5.000000 1.000000

Matrix 1490:
1.000000 5.000000 5.000000 0.500000
0.200000 1.000000 4.000000 0.250000
0.200000 0.250000 1.000000 0.333333
2.000000 4.000000 3.000000 1.000000

Matrix 1491:
1.000000 1.000000 3.000000 3.000000
1.000000 1.000000 1.000000 0.250000
0.333333 1.000000 1.000000 0.500000
0.333333 4.000000 2.000000 1.000000

Matrix 1492:
1.000000 4.000000 9.000000 0.250000
0.250000 1.000000 0.166667 0.111111
0.111111 6.000000 1.000000 0.111111
4.000000 9.000000 9.000000 1.000000

Matrix 1493:
1.000000 0.166667 1.000000 0.250000
6.000000 1.000000 2.000000 7.000000
1.000000 0.500000 1.000000 0.250000
4.000000 0.142857 4.000000 1.000000

Matrix 1494:
1.000000 0.142857 1.000000 0.125000
7.000000 1.000000 0.166667 0.111111
1.000000 6.000000 1.000000 2.000000
8.000000 9.000000 0.500000 1.000000

Matrix 1495:
1.000000 0.333333 3.000000 0.333333
3.000000 1.000000 3.000000 5.000000
0.333333 0.333333 1.000000 0.142857
3.000000 0.200000 7.000000 1.000000

Matrix 1496:
1.000000 0.250000 0.250000 3.000000
4.000000 1.000000 3.000000 5.000000
4.000000 0.333333 1.000000 0.166667
0.333333 0.200000 6.000000 1.000000

Matrix 1497:
1.000000 3.000000 0.125000 1.000000
0.333333 1.000000 0.200000 7.000000
8.000000 5.000000 1.000000 4.000000
1.000000 0.142857 0.250000 1.000000

Matrix 1498:
1.000000 0.125000 2.000000 0.166667
8.000000 1.000000 8.000000 9.000000
0.500000 0.125000 1.000000 3.000000
6.000000 0.111111 0.333333 1.000000

Matrix 1499:
1.000000 9.000000 1.000000 0.250000
0.111111 1.000000 0.142857 0.500000
1.000000 7.000000 1.000000 0.200000
4.000000 2.000000 5.000000 1.000000

Matrix 1500:
1.000000 3.000000 0.333333 0.125000
0.333333 1.000000 5.000000 0.111111
3.000000 0.200000 1.000000 0.500000
8.000000 9.000000 2.000000 1.000000

Matrix 1501:
1.000000 6.000000 8.000000 7.000000
0.166667 1.000000 5.000000 6.000000
0.125000 0.200000 1.000000 7.000000
0.142857 0.166667 0.142857 1.000000

Matrix 1502:
1.000000 4.000000 0.200000 0.125000
0.250000 1.000000 3.000000 0.250000
5.000000 0.333333 1.000000 0.111111
8.000000 4.000000 9.000000 1.000000

Matrix 1503:
1.000000 2.000000 5.000000 0.500000
0.500000 1.000000 1.000000 1.000000
0.200000 1.000000 1.000000 0.142857
2.000000 1.000000 7.000000 1.000000

Matrix 1504:
1.000000 1.000000 0.142857 0.166667
1.000000 1.000000 0.125000 1.000000
7.000000 8.000000 1.000000 0.500000
6.000000 1.000000 2.000000 1.000000

Matrix 1505:
1.000000 9.000000 0.500000 4.000000
0.111111 1.000000 0.333333 4.000000
2.000000 3.000000 1.000000 0.500000
0.250000 0.250000 2.000000 1.000000

Matrix 1506:
1.000000 1.000000 0.333333 2.000000
1.000000 1.000000 5.000000 4.000000
3.000000 0.200000 1.000000 0.200000
0.500000 0.250000 5.000000 1.000000

Matrix 1507:
1.000000 4.000000 0.200000 1.000000
0.250000 1.000000 2.000000 0.200000
5.000000 0.500000 1.000000 0.333333
1.000000 5.000000 3.000000 1.000000

Matrix 1508:
1.000000 0.333333 6.000000 7.000000
3.000000 1.000000 5.000000 6.000000
0.166667 0.200000 1.000000 3.000000
0.142857 0.166667 0.333333 1.000000

Matrix 1509:
1.000000 1.000000 0.333333 4.000000
1.000000 1.000000 1.000000 0.166667
3.000000 1.000000 1.000000 1.000000
0.250000 6.000000 1.000000 1.000000

Matrix 1510:
1.000000 3.000000 7.000000 0.200000
0.333333 1.000000 0.200000 0.125000
0.142857 5.000000 1.000000 0.333333
5.000000 8.000000 3.000000 1.000000

Matrix 1511:
1.000000 6.000000 9.000000 6.000000
0.166667 1.000000 0.142857 0.200000
0.111111 7.000000 1.000000 5.000000
0.166667 5.000000 0.200000 1.000000

Matrix 1512:
1.000000 6.000000 1.000000 9.000000
0.166667 1.000000 0.125000 0.200000
1.000000 8.000000 1.000000 2.000000
0.111111 5.000000 0.500000 1.000000

Matrix 1513:
1.000000 9.000000 3.000000 0.333333
0.111111 1.000000 7.000000 1.000000
0.333333 0.142857 1.000000 0.125000
3.000000 1.000000 8.000000 1.000000

Matrix 1514:
1.000000 0.500000 7.000000 0.250000
2.000000 1.000000 2.000000 1.000000
0.142857 0.500000 1.000000 0.142857
4.000000 1.000000 7.000000 1.000000

Matrix 1515:
1.000000 6.000000 5.000000 6.000000
0.166667 1.000000 0.500000 0.250000
0.200000 2.000000 1.000000 0.250000
0.166667 4.000000 4.000000 1.000000

Matrix 1516:
1.000000 0.250000 4.000000 1.000000
4.000000 1.000000 1.000000 8.000000
0.250000 1.000000 1.000000 0.200000
1.000000 0.125000 5.000000 1.000000

Matrix 1517:
1.000000 3.000000 1.000000 0.333333
0.333333 1.000000 2.000000 0.333333
1.000000 0.500000 1.000000 5.000000
3.000000 3.000000 0.200000 1.000000

Matrix 1518:
1.000000 7.000000 3.000000 3.000000
0.142857 1.000000 2.000000 2.000000
0.333333 0.500000 1.000000 8.000000
0.333333 0.500000 0.125000 1.000000

Matrix 1519:
1.000000 0.111111 0.125000 0.500000
9.000000 1.000000 1.000000 8.000000
8.000000 1.000000 1.000000 0.250000
2.000000 0.125000 4.000000 1.000000

Matrix 1520:
1.000000 1.000000 0.125000 3.000000
1.000000 1.000000 7.000000 6.000000
8.000000 0.142857 1.000000 6.000000
0.333333 0.166667 0.166667 1.000000

Matrix 1521:
1.000000 7.000000 6.000000 9.000000
0.142857 1.000000 6.000000 8.000000
0.166667 0.166667 1.000000 0.500000
0.111111 0.125000 2.000000 1.000000

Matrix 1522:
1.000000 0.500000 4.000000 2.000000
2.000000 1.000000 5.000000 1.000000
0.250000 0.200000 1.000000 1.000000
0.500000 1.000000 1.000000 1.000000

Matrix 1523:
1.000000 1.000000 0.142857 0.333333
1.000000 1.000000 0.111111 3.000000
7.000000 9.000000 1.000000 8.000000
3.000000 0.333333 0.125000 1.000000

Matrix 1524:
1.000000 4.000000 0.250000 4.000000
0.250000 1.000000 0.125000 5.000000
4.000000 8.000000 1.000000 6.000000
0.250000 0.200000 0.166667 1.000000

Matrix 1525:
1.000000 0.166667 0.500000 8.000000
6.000000 1.000000 0.166667 7.000000
2.000000 6.000000 1.000000 9.000000
0.125000 0.142857 0.111111 1.000000

Matrix 1526:
1.000000 0.333333 0.125000 8.000000
3.000000 1.000000 0.333333 1.000000
8.000000 3.000000 1.000000 9.000000
0.125000 1.000000 0.111111 1.000000

Matrix 1527:
1.000000 5.000000 0.142857 0.500000
0.200000 1.000000 0.500000 0.500000
7.000000 2.000000 1.000000 0.250000
2.000000 2.000000 4.000000 1.000000

Matrix 1528:
1.000000 1.000000 0.500000 0.250000
1.000000 1.000000 8.000000 4.000000
2.000000 0.125000 1.000000 2.000000
4.000000 0.250000 0.500000 1.000000

Matrix 1529:
1.000000 1.000000 3.000000 0.166667
1.000000 1.000000 0.500000 5.000000
0.333333 2.000000 1.000000 0.500000
6.000000 0.200000 2.000000 1.000000

Matrix 1530:
1.000000 0.333333 4.000000 1.000000
3.000000 1.000000 6.000000 5.000000
0.250000 0.166667 1.000000 4.000000
1.000000 0.200000 0.250000 1.000000

Matrix 1531:
1.000000 0.250000 0.250000 3.000000
4.000000 1.000000 5.000000 8.000000
4.000000 0.200000 1.000000 1.000000
0.333333 0.125000 1.000000 1.000000

Matrix 1532:
1.000000 0.500000 0.142857 3.000000
2.000000 1.000000 0.250000 4.000000
7.000000 4.000000 1.000000 1.000000
0.333333 0.250000 1.000000 1.000000

Matrix 1533:
1.000000 0.200000 0.111111 2.000000
5.000000 1.000000 0.500000 0.333333
9.000000 2.000000 1.000000 1.000000
0.500000 3.000000 1.000000 1.000000

Matrix 1534:
1.000000 0.500000 9.000000 6.000000
2.000000 1.000000 1.000000 1.000000
0.111111 1.000000 1.000000 9.000000
0.166667 1.000000 0.111111 1.000000

Matrix 1535:
1.000000 3.000000 0.333333 0.333333
0.333333 1.000000 1.000000 0.250000
3.000000 1.000000 1.000000 0.250000
3.000000 4.000000 4.000000 1.000000

Matrix 1536:
1.000000 1.000000 5.000000 5.000000
1.000000 1.000000 0.166667 0.200000
0.200000 6.000000 1.000000 0.333333
0.200000 5.000000 3.000000 1.000000

Matrix 1537:
1.000000 1.000000 0.166667 4.000000
1.000000 1.000000 5.000000 2.000000
6.000000 0.200000 1.000000 0.500000
0.250000 0.500000 2.000000 1.000000

Matrix 1538:
1.000000 8.000000 3.000000 6.000000
0.125000 1.000000 0.500000 7.000000
0.333333 2.000000 1.000000 4.000000
0.166667 0.142857 0.250000 1.000000

Matrix 1539:
1.000000 7.000000 0.200000 0.500000
0.142857 1.000000 2.000000 0.500000
5.000000 0.500000 1.000000 2.000000
2.000000 2.000000 0.500000 1.000000

Matrix 1540:
1.000000 0.111111 1.000000 5.000000
9.000000 1.000000 0.333333 4.000000
1.000000 3.000000 1.000000 1.000000
0.200000 0.250000 1.000000 1.000000

Matrix 1541:
1.000000 5.000000 1.000000 0.166667
0.200000 1.000000 0.200000 0.250000
1.000000 5.000000 1.000000 5.000000
6.000000 4.000000 0.200000 1.000000

Matrix 1542:
1.000000 5.000000 1.000000 3.000000
0.200000 1.000000 1.000000 2.000000
1.000000 1.000000 1.000000 3.000000
0.333333 0.500000 0.333333 1.000000

Matrix 1543:
1.000000 6.000000 0.142857 0.111111
0.166667 1.000000 0.250000 1.000000
7.000000 4.000000 1.000000 1.000000
9.000000 1.000000 1.000000 1.000000

Matrix 1544:
1.000000 5.000000 0.200000 8.000000
0.200000 1.000000 0.200000 0.166667
5.000000 5.000000 1.000000 7.000000
0.125000 6.000000 0.142857 1.000000

Matrix 1545:
1.000000 5.000000 6.000000 0.500000
0.200000 1.000000 0.333333 0.250000
0.166667 3.000000 1.000000 6.000000
2.000000 4.000000 0.166667 1.000000

Matrix 1546:
1.000000 0.333333 1.000000 1.000000
3.000000 1.000000 0.125000 6.000000
1.000000 8.000000 1.000000 8.000000
1.000000 0.166667 0.125000 1.000000

Matrix 1547:
1.000000 0.166667 0.166667 0.333333
6.000000 1.000000 2.000000 7.000000
6.000000 0.500000 1.000000 0.111111
3.000000 0.142857 9.000000 1.000000

Matrix 1548:
1.000000 0.500000 0.200000 0.111111
2.000000 1.000000 7.000000 1.000000
5.000000 0.142857 1.000000 0.125000
9.000000 1.000000 8.000000 1.000000

Matrix 1549:
1.000000 0.333333 0.125000 2.000000
3.000000 1.000000 5.000000 3.000000
8.000000 0.200000 1.000000 2.000000
0.500000 0.333333 0.500000 1.000000

Matrix 1550:
1.000000 6.000000 1.000000 6.000000
0.166667 1.000000 1.000000 4.000000
1.000000 1.000000 1.000000 4.000000
0.166667 0.250000 0.250000 1.000000

Matrix 1551:
1.000000 0.333333 0.166667 0.142857
3.000000 1.000000 0.250000 0.250000
6.000000 4.000000 1.000000 0.125000
7.000000 4.000000 8.000000 1.000000

Matrix 1552:
1.000000 0.142857 2.000000 5.000000
7.000000 1.000000 7.000000 7.000000
0.500000 0.142857 1.000000 0.111111
0.200000 0.142857 9.000000 1.000000

Matrix 1553:
1.000000 1.000000 0.333333 0.500000
1.000000 1.000000 5.000000 7.000000
3.000000 0.200000 1.000000 3.000000
2.000000 0.142857 0.333333 1.000000

Matrix 1554:
1.000000 0.125000 2.000000 5.000000
8.000000 1.000000 1.000000 6.000000
0.500000 1.000000 1.000000 0.500000
0.200000 0.166667 2.000000 1.000000

Matrix 1555:
1.000000 0.125000 4.000000 0.500000
8.000000 1.000000 1.000000 0.200000
0.250000 1.000000 1.000000 0.333333
2.000000 5.000000 3.000000 1.000000

Matrix 1556:
1.000000 1.000000 0.333333 3.000000
1.000000 1.000000 6.000000 5.000000
3.000000 0.166667 1.000000 2.000000
0.333333 0.200000 0.500000 1.000000

Matrix 1557:
1.000000 0.166667 7.000000 0.111111
6.000000 1.000000 3.000000 0.250000
0.142857 0.333333 1.000000 0.166667
9.000000 4.000000 6.000000 1.000000

Matrix 1558:
1.000000 1.000000 0.200000 0.166667
1.000000 1.000000 0.333333 2.000000
5.000000 3.000000 1.000000 3.000000
6.000000 0.500000 0.333333 1.000000

Matrix 1559:
1.000000 0.333333 0.111111 0.500000
3.000000 1.000000 6.000000 3.000000
9.000000 0.166667 1.000000 3.000000
2.000000 0.333333 0.333333 1.000000

Matrix 1560:
1.000000 0.166667 6.000000 6.000000
6.000000 1.000000 3.000000 8.000000
0.166667 0.333333 1.000000 0.111111
0.166667 0.125000 9.000000 1.000000

Matrix 1561:
1.000000 7.000000 1.000000 2.000000
0.142857 1.000000 5.000000 1.000000
1.000000 0.200000 1.000000 0.250000
0.500000 1.000000 4.000000 1.000000

Matrix 1562:
1.000000 0.250000 0.250000 0.111111
4.000000 1.000000 0.166667 4.000000
4.000000 6.000000 1.000000 8.000000
9.000000 0.250000 0.125000 1.000000

Matrix 1563:
1.000000 8.000000 0.333333 9.000000
0.125000 1.000000 2.000000 3.000000
3.000000 0.500000 1.000000 7.000000
0.111111 0.333333 0.142857 1.000000

Matrix 1564:
1.000000 0.142857 2.000000 0.166667
7.000000 1.000000 3.000000 0.111111
0.500000 0.333333 1.000000 1.000000
6.000000 9.000000 1.000000 1.000000

Matrix 1565:
1.000000 1.000000 0.500000 0.166667
1.000000 1.000000 9.000000 5.000000
2.000000 0.111111 1.000000 0.166667
6.000000 0.200000 6.000000 1.000000

Matrix 1566:
1.000000 7.000000 1.000000 2.000000
0.142857 1.000000 9.000000 1.000000
1.000000 0.111111 1.000000 0.142857
0.500000 1.000000 7.000000 1.000000

Matrix 1567:
1.000000 8.000000 0.111111 0.250000
0.125000 1.000000 0.250000 0.333333
9.000000 4.000000 1.000000 5.000000
4.000000 3.000000 0.200000 1.000000

Matrix 1568:
1.000000 4.000000 2.000000 9.000000
0.250000 1.000000 0.111111 0.200000
0.500000 9.000000 1.000000 8.000000
0.111111 5.000000 0.125000 1.000000

Matrix 1569:
1.000000 2.000000 0.200000 1.000000
0.500000 1.000000 2.000000 7.000000
5.000000 0.500000 1.000000 7.000000
1.000000 0.142857 0.142857 1.000000

Matrix 1570:
1.000000 4.000000 3.000000 1.000000
0.250000 1.000000 5.000000 6.000000
0.333333 0.200000 1.000000 0.250000
1.000000 0.166667 4.000000 1.000000

Matrix 1571:
1.000000 0.500000 0.142857 1.000000
2.000000 1.000000 7.000000 0.333333
7.000000 0.142857 1.000000 0.500000
1.000000 3.000000 2.000000 1.000000

Matrix 1572:
1.000000 7.000000 5.000000 4.000000
0.142857 1.000000 0.125000 0.111111
0.200000 8.000000 1.000000 0.333333
0.250000 9.000000 3.000000 1.000000

Matrix 1573:
1.000000 1.000000 0.250000 0.125000
1.000000 1.000000 1.000000 1.000000
4.000000 1.000000 1.000000 4.000000
8.000000 1.000000 0.250000 1.000000

Matrix 1574:
1.000000 0.333333 0.111111 1.000000
3.000000 1.000000 0.125000 5.000000
9.000000 8.000000 1.000000 1.000000
1.000000 0.200000 1.000000 1.000000

Matrix 1575:
1.000000 0.500000 1.000000 0.200000
2.000000 1.000000 0.125000 0.125000
1.000000 8.000000 1.000000 1.000000
5.000000 8.000000 1.000000 1.000000

Matrix 1576:
1.000000 3.000000 0.500000 2.000000
0.333333 1.000000 1.000000 0.500000
2.000000 1.000000 1.000000 0.500000
0.500000 2.000000 2.000000 1.000000

Matrix 1577:
1.000000 0.142857 3.000000 0.111111
7.000000 1.000000 7.000000 5.000000
0.333333 0.142857 1.000000 0.142857
9.000000 0.200000 7.000000 1.000000

Matrix 1578:
1.000000 0.250000 0.125000 0.500000
4.000000 1.000000 3.000000 2.000000
8.000000 0.333333 1.000000 0.500000
2.000000 0.500000 2.000000 1.000000

Matrix 1579:
1.000000 4.000000 4.000000 1.000000
0.250000 1.000000 0.250000 0.142857
0.250000 4.000000 1.000000 3.000000
1.000000 7.000000 0.333333 1.000000

Matrix 1580:
1.000000 0.200000 5.000000 5.000000
5.000000 1.000000 2.000000 8.000000
0.200000 0.500000 1.000000 0.125000
0.200000 0.125000 8.000000 1.000000

Matrix 1581:
1.000000 0.142857 5.000000 0.200000
7.000000 1.000000 6.000000 7.000000
0.200000 0.166667 1.000000 0.142857
5.000000 0.142857 7.000000 1.000000

Matrix 1582:
1.000000 6.000000 1.000000 0.500000
0.166667 1.000000 7.000000 0.333333
1.000000 0.142857 1.000000 1.000000
2.000000 3.000000 1.000000 1.000000

Matrix 1583:
1.000000 2.000000 9.000000 8.000000
0.500000 1.000000 6.000000 4.000000
0.111111 0.166667 1.000000 0.111111
0.125000 0.250000 9.000000 1.000000

Matrix 1584:
1.000000 0.250000 4.000000 1.000000
4.000000 1.000000 0.250000 3.000000
0.250000 4.000000 1.000000 4.000000
1.000000 0.333333 0.250000 1.000000

Matrix 1585:
1.000000 0.333333 9.000000 9.000000
3.000000 1.000000 2.000000 2.000000
0.111111 0.500000 1.000000 0.500000
0.111111 0.500000 2.000000 1.000000

Matrix 1586:
1.000000 1.000000 0.200000 6.000000
1.000000 1.000000 0.333333 1.000000
5.000000 3.000000 1.000000 4.000000
0.166667 1.000000 0.250000 1.000000

Matrix 1587:
1.000000 0.142857 3.000000 0.111111
7.000000 1.000000 1.000000 0.250000
0.333333 1.000000 1.000000 0.200000
9.000000 4.000000 5.000000 1.000000

Matrix 1588:
1.000000 0.111111 1.000000 6.000000
9.000000 1.000000 0.125000 9.000000
1.000000 8.000000 1.000000 9.000000
0.166667 0.111111 0.111111 1.000000

Matrix 1589:
1.000000 1.000000 1.000000 6.000000
1.000000 1.000000 0.125000 0.333333
1.000000 8.000000 1.000000 0.500000
0.166667 3.000000 2.000000 1.000000

Matrix 1590:
1.000000 7.000000 0.142857 8.000000
0.142857 1.000000 0.250000 6.000000
7.000000 4.000000 1.000000 2.000000
0.125000 0.166667 0.500000 1.000000

Matrix 1591:
1.000000 0.250000 0.142857 0.200000
4.000000 1.000000 4.000000 6.000000
7.000000 0.250000 1.000000 0.166667
5.000000 0.166667 6.000000 1.000000

Matrix 1592:
1.000000 3.000000 5.000000 6.000000
0.333333 1.000000 1.000000 0.166667
0.200000 1.000000 1.000000 0.166667
0.166667 6.000000 6.000000 1.000000

Matrix 1593:
1.000000 1.000000 1.000000 6.000000
1.000000 1.000000 6.000000 1.000000
1.000000 0.166667 1.000000 3.000000
0.166667 1.000000 0.333333 1.000000

Matrix 1594:
1.000000 8.000000 1.000000 5.000000
0.125000 1.000000 8.000000 9.000000
1.000000 0.125000 1.000000 2.000000
0.200000 0.111111 0.500000 1.000000

Matrix 1595:
1.000000 1.000000 0.200000 5.000000
1.000000 1.000000 7.000000 3.000000
5.000000 0.142857 1.000000 9.000000
0.200000 0.333333 0.111111 1.000000

Matrix 1596:
1.000000 2.000000 1.000000 5.000000
0.500000 1.000000 2.000000 0.125000
1.000000 0.500000 1.000000 1.000000
0.200000 8.000000 1.000000 1.000000

Matrix 1597:
1.000000 0.166667 0.166667 0.142857
6.000000 1.000000 0.500000 1.000000
6.000000 2.000000 1.000000 0.333333
7.000000 1.000000 3.000000 1.000000

Matrix 1598:
1.000000 3.000000 2.000000 9.000000
0.333333 1.000000 0.142857 0.166667
0.500000 7.000000 1.000000 8.000000
0.111111 6.000000 0.125000 1.000000

Matrix 1599:
1.000000 0.166667 0.500000 1.000000
6.000000 1.000000 9.000000 2.000000
2.000000 0.111111 1.000000 1.000000
1.000000 0.500000 1.000000 1.000000

Matrix 1600:
1.000000 8.000000 0.111111 9.000000
0.125000 1.000000 0.111111 0.142857
9.000000 9.000000 1.000000 3.000000
0.111111 7.000000 0.333333 1.000000

Matrix 1601:
1.000000 2.000000 5.000000 1.000000
0.500000 1.000000 2.000000 3.000000
0.200000 0.500000 1.000000 0.333333
1.000000 0.333333 3.000000 1.000000

Matrix 1602:
1.000000 0.500000 0.250000 2.000000
2.000000 1.000000 2.000000 0.500000
4.000000 0.500000 1.000000 0.500000
0.500000 2.000000 2.000000 1.000000

Matrix 1603:
1.000000 1.000000 0.125000 0.200000
1.000000 1.000000 0.500000 1.000000
8.000000 2.000000 1.000000 5.000000
5.000000 1.000000 0.200000 1.000000

Matrix 1604:
1.000000 8.000000 1.000000 1.000000
0.125000 1.000000 0.142857 4.000000
1.000000 7.000000 1.000000 7.000000
1.000000 0.250000 0.142857 1.000000

Matrix 1605:
1.000000 0.142857 9.000000 1.000000
7.000000 1.000000 5.000000 8.000000
0.111111 0.200000 1.000000 0.200000
1.000000 0.125000 5.000000 1.000000

Matrix 1606:
1.000000 0.111111 4.000000 3.000000
9.000000 1.000000 5.000000 5.000000
0.250000 0.200000 1.000000 0.111111
0.333333 0.200000 9.000000 1.000000

Matrix 1607:
1.000000 8.000000 0.125000 4.000000
0.125000 1.000000 0.250000 3.000000
8.000000 4.000000 1.000000 1.000000
0.250000 0.333333 1.000000 1.000000

Matrix 1608:
1.000000 7.000000 0.250000 0.111111
0.142857 1.000000 0.142857 0.166667
4.000000 7.000000 1.000000 0.333333
9.000000 6.000000 3.000000 1.000000

Matrix 1609:
1.000000 0.500000 2.000000 4.000000
2.000000 1.000000 2.000000 0.500000
0.500000 0.500000 1.000000 9.000000
0.250000 2.000000 0.111111 1.000000

Matrix 1610:
1.000000 4.000000 1.000000 1.000000
0.250000 1.000000 0.333333 5.000000
1.000000 3.000000 1.000000 1.000000
1.000000 0.200000 1.000000 1.000000

Matrix 1611:
1.000000 4.000000 0.333333 0.125000
0.250000 1.000000 4.000000 0.111111
3.000000 0.250000 1.000000 0.250000
8.000000 9.000000 4.000000 1.000000

Matrix 1612:
1.000000 1.000000 0.125000 2.000000
1.000000 1.000000 0.333333 0.200000
8.000000 3.000000 1.000000 1.000000
0.500000 5.000000 1.000000 1.000000

Matrix 1613:
1.000000 1.000000 4.000000 9.000000
1.000000 1.000000 0.200000 1.000000
0.250000 5.000000 1.000000 8.000000
0.111111 1.000000 0.125000 1.000000

Matrix 1614:
1.000000 0.142857 0.250000 0.142857
7.000000 1.000000 6.000000 5.000000
4.000000 0.166667 1.000000 5.000000
7.000000 0.200000 0.200000 1.000000

Matrix 1615:
1.000000 0.250000 4.000000 0.111111
4.000000 1.000000 1.000000 0.111111
0.250000 1.000000 1.000000 0.200000
9.000000 9.000000 5.000000 1.000000

Matrix 1616:
1.000000 0.200000 6.000000 4.000000
5.000000 1.000000 0.500000 4.000000
0.166667 2.000000 1.000000 5.000000
0.250000 0.250000 0.200000 1.000000

Matrix 1617:
1.000000 1.000000 8.000000 0.166667
1.000000 1.000000 0.200000 0.111111
0.125000 5.000000 1.000000 0.125000
6.000000 9.000000 8.000000 1.000000

Matrix 1618:
1.000000 0.142857 2.000000 9.000000
7.000000 1.000000 9.000000 7.000000
0.500000 0.111111 1.000000 0.200000
0.111111 0.142857 5.000000 1.000000

Matrix 1619:
1.000000 0.125000 1.000000 1.000000
8.000000 1.000000 0.142857 3.000000
1.000000 7.000000 1.000000 9.000000
1.000000 0.333333 0.111111 1.000000

Matrix 1620:
1.000000 9.000000 6.000000 0.142857
0.111111 1.000000 0.333333 0.142857
0.166667 3.000000 1.000000 1.000000
7.000000 7.000000 1.000000 1.000000

Matrix 1621:
1.000000 1.000000 6.000000 0.250000
1.000000 1.000000 0.250000 0.142857
0.166667 4.000000 1.000000 0.500000
4.000000 7.000000 2.000000 1.000000

Matrix 1622:
1.000000 4.000000 4.000000 4.000000
0.250000 1.000000 6.000000 0.333333
0.250000 0.166667 1.000000 0.200000
0.250000 3.000000 5.000000 1.000000

Matrix 1623:
1.000000 5.000000 0.166667 8.000000
0.200000 1.000000 0.500000 8.000000
6.000000 2.000000 1.000000 6.000000
0.125000 0.125000 0.166667 1.000000

Matrix 1624:
1.000000 7.000000 5.000000 8.000000
0.142857 1.000000 0.166667 9.000000
0.200000 6.000000 1.000000 2.000000
0.125000 0.111111 0.500000 1.000000

Matrix 1625:
1.000000 0.142857 1.000000 0.250000
7.000000 1.000000 9.000000 5.000000
1.000000 0.111111 1.000000 2.000000
4.000000 0.200000 0.500000 1.000000

Matrix 1626:
1.000000 3.000000 0.200000 1.000000
0.333333 1.000000 0.200000 0.333333
5.000000 5.000000 1.000000 0.111111
1.000000 3.000000 9.000000 1.000000

Matrix 1627:
1.000000 8.000000 8.000000 1.000000
0.125000 1.000000 2.000000 1.000000
0.125000 0.500000 1.000000 1.000000
1.000000 1.000000 1.000000 1.000000

Matrix 1628:
1.000000 1.000000 3.000000 2.000000
1.000000 1.000000 0.200000 0.125000
0.333333 5.000000 1.000000 1.000000
0.500000 8.000000 1.000000 1.000000

Matrix 1629:
1.000000 0.250000 7.000000 4.000000
4.000000 1.000000 7.000000 0.333333
0.142857 0.142857 1.000000 0.125000
0.250000 3.000000 8.000000 1.000000

Matrix 1630:
1.000000 2.000000 0.500000 0.250000
0.500000 1.000000 0.125000 1.000000
2.000000 8.000000 1.000000 0.500000
4.000000 1.000000 2.000000 1.000000

Matrix 1631:
1.000000 0.250000 0.166667 0.125000
4.000000 1.000000 0.142857 0.142857
6.000000 7.000000 1.000000 0.500000
8.000000 7.000000 2.000000 1.000000

Matrix 1632:
1.000000 0.111111 2.000000 3.000000
9.000000 1.000000 8.000000 1.000000
0.500000 0.125000 1.000000 1.000000
0.333333 1.000000 1.000000 1.000000

Matrix 1633:
1.000000 0.250000 6.000000 2.000000
4.000000 1.000000 3.000000 0.111111
0.166667 0.333333 1.000000 0.200000
0.500000 9.000000 5.000000 1.000000

Matrix 1634:
1.000000 0.125000 0.333333 0.125000
8.000000 1.000000 8.000000 0.250000
3.000000 0.125000 1.000000 0.142857
8.000000 4.000000 7.000000 1.000000

Matrix 1635:
1.000000 0.125000 1.000000 0.142857
8.000000 1.000000 0.500000 0.333333
1.000000 2.000000 1.000000 0.200000
7.000000 3.000000 5.000000 1.000000

Matrix 1636:
1.000000 0.142857 2.000000 2.000000
7.000000 1.000000 2.000000 3.000000
0.500000 0.500000 1.000000 5.000000
0.500000 0.333333 0.200000 1.000000

Matrix 1637:
1.000000 4.000000 4.000000 5.000000
0.250000 1.000000 4.000000 0.111111
0.250000 0.250000 1.000000 0.250000
0.200000 9.000000 4.000000 1.000000

Matrix 1638:
1.000000 5.000000 0.250000 0.142857
0.200000 1.000000 0.200000 0.166667
4.000000 5.000000 1.000000 0.125000
7.000000 6.000000 8.000000 1.000000

Matrix 1639:
1.000000 0.125000 0.125000 0.500000
8.000000 1.000000 0.500000 2.000000
8.000000 2.000000 1.000000 0.142857
2.000000 0.500000 7.000000 1.000000

Matrix 1640:
1.000000 0.111111 1.000000 1.000000
9.000000 1.000000 1.000000 0.250000
1.000000 1.000000 1.000000 1.000000
1.000000 4.000000 1.000000 1.000000

Matrix 1641:
1.000000 0.200000 1.000000 0.333333
5.000000 1.000000 8.000000 0.500000
1.000000 0.125000 1.000000 1.000000
3.000000 2.000000 1.000000 1.000000

Matrix 1642:
1.000000 0.500000 0.200000 7.000000
2.000000 1.000000 9.000000 3.000000
5.000000 0.111111 1.000000 5.000000
0.142857 0.333333 0.200000 1.000000

Matrix 1643:
1.000000 8.000000 7.000000 0.250000
0.125000 1.000000 3.000000 0.166667
0.142857 0.333333 1.000000 0.142857
4.000000 6.000000 7.000000 1.000000

Matrix 1644:
1.000000 0.111111 0.142857 4.000000
9.000000 1.000000 9.000000 3.000000
7.000000 0.111111 1.000000 0.500000
0.250000 0.333333 2.000000 1.000000

Matrix 1645:
1.000000 0.125000 1.000000 0.125000
8.000000 1.000000 7.000000 6.000000
1.000000 0.142857 1.000000 0.500000
8.000000 0.166667 2.000000 1.000000

Matrix 1646:
1.000000 8.000000 3.000000 9.000000
0.125000 1.000000 0.200000 0.250000
0.333333 5.000000 1.000000 0.111111
0.111111 4.000000 9.000000 1.000000

Matrix 1647:
1.000000 5.000000 0.500000 0.500000
0.200000 1.000000 7.000000 0.333333
2.000000 0.142857 1.000000 0.250000
2.000000 3.000000 4.000000 1.000000

Matrix 1648:
1.000000 0.500000 1.000000 7.000000
2.000000 1.000000 5.000000 3.000000
1.000000 0.200000 1.000000 8.000000
0.142857 0.333333 0.125000 1.000000

Matrix 1649:
1.000000 1.000000 5.000000 3.000000
1.000000 1.000000 1.000000 7.000000
0.200000 1.000000 1.000000 0.125000
0.333333 0.142857 8.000000 1.000000

Matrix 1650:
1.000000 7.000000 0.500000 1.000000
0.142857 1.000000 0.333333 8.000000
2.000000 3.000000 1.000000 9.000000
1.000000 0.125000 0.111111 1.000000

Matrix 1651:
1.000000 0.250000 0.250000 0.200000
4.000000 1.000000 0.200000 2.000000
4.000000 5.000000 1.000000 3.000000
5.000000 0.500000 0.333333 1.000000

Matrix 1652:
1.000000 5.000000 6.000000 3.000000
0.200000 1.000000 0.166667 0.333333
0.166667 6.000000 1.000000 2.000000
0.333333 3.000000 0.500000 1.000000

Matrix 1653:
1.000000 0.166667 0.111111 0.500000
6.000000 1.000000 0.142857 0.200000
9.000000 7.000000 1.000000 7.000000
2.000000 5.000000 0.142857 1.000000

Matrix 1654:
1.000000 3.000000 0.250000 5.000000
0.333333 1.000000 0.250000 0.142857
4.000000 4.000000 1.000000 0.333333
0.200000 7.000000 3.000000 1.000000

Matrix 1655:
1.000000 8.000000 9.000000 0.333333
0.125000 1.000000 0.333333 0.250000
0.111111 3.000000 1.000000 0.250000
3.000000 4.000000 4.000000 1.000000

Matrix 1656:
1.000000 3.000000 0.166667 7.000000
0.333333 1.000000 0.250000 1.000000
6.000000 4.000000 1.000000 5.000000
0.142857 1.000000 0.200000 1.000000

Matrix 1657:
1.000000 0.250000 8.000000 5.000000
4.000000 1.000000 3.000000 9.000000
0.125000 0.333333 1.000000 7.000000
0.200000 0.111111 0.142857 1.000000

Matrix 1658:
1.000000 0.166667 0.500000 0.500000
6.000000 1.000000 2.000000 8.000000
2.000000 0.500000 1.000000 0.333333
2.000000 0.125000 3.000000 1.000000

Matrix 1659:
1.000000 9.000000 0.200000 9.000000
0.111111 1.000000 0.500000 0.200000
5.000000 2.000000 1.000000 6.000000
0.111111 5.000000 0.166667 1.000000

Matrix 1660:
1.000000 5.000000 1.000000 8.000000
0.200000 1.000000 0.333333 8.000000
1.000000 3.000000 1.000000 2.000000
0.125000 0.125000 0.500000 1.000000

Matrix 1661:
1.000000 4.000000 8.000000 5.000000
0.250000 1.000000 1.000000 1.000000
0.125000 1.000000 1.000000 7.000000
0.200000 1.000000 0.142857 1.000000

Matrix 1662:
1.000000 2.000000 4.000000 6.000000
0.500000 1.000000 0.500000 0.333333
0.250000 2.000000 1.000000 1.000000
0.166667 3.000000 1.000000 1.000000

Matrix 1663:
1.000000 0.125000 0.333333 7.000000
8.000000 1.000000 0.500000 6.000000
3.000000 2.000000 1.000000 5.000000
0.142857 0.166667 0.200000 1.000000

Matrix 1664:
1.000000 0.142857 7.000000 1.000000
7.000000 1.000000 6.000000 4.000000
0.142857 0.166667 1.000000 0.250000
1.000000 0.250000 4.000000 1.000000

Matrix 1665:
1.000000 5.000000 0.200000 7.000000
0.200000 1.000000 0.142857 3.000000
5.000000 7.000000 1.000000 4.000000
0.142857 0.333333 0.250000 1.000000

Matrix 1666:
1.000000 0.142857 0.200000 0.125000
7.000000 1.000000 0.142857 0.333333
5.000000 7.000000 1.000000 0.125000
8.000000 3.000000 8.000000 1.000000

Matrix 1667:
1.000000 2.000000 0.166667 0.250000
0.500000 1.000000 0.125000 0.333333
6.000000 8.000000 1.000000 9.000000
4.000000 3.000000 0.111111 1.000000

Matrix 1668:
1.000000 2.000000 0.200000 6.000000
0.500000 1.000000 0.333333 0.142857
5.000000 3.000000 1.000000 7.000000
0.166667 7.000000 0.142857 1.000000

Matrix 1669:
1.000000 0.125000 1.000000 7.000000
8.000000 1.000000 8.000000 1.000000
1.000000 0.125000 1.000000 0.500000
0.142857 1.000000 2.000000 1.000000

Matrix 1670:
1.000000 0.200000 2.000000 1.000000
5.000000 1.000000 1.000000 0.250000
0.500000 1.000000 1.000000 0.200000
1.000000 4.000000 5.000000 1.000000

Matrix 1671:
1.000000 7.000000 0.333333 3.000000
0.142857 1.000000 0.333333 7.000000
3.000000 3.000000 1.000000 3.000000
0.333333 0.142857 0.333333 1.000000

Matrix 1672:
1.000000 0.250000 3.000000 0.142857
4.000000 1.000000 1.000000 1.000000
0.333333 1.000000 1.000000 0.142857
7.000000 1.000000 7.000000 1.000000

Matrix 1673:
1.000000 3.000000 0.500000 0.142857
0.333333 1.000000 0.142857 0.500000
2.000000 7.000000 1.000000 1.000000
7.000000 2.000000 1.000000 1.000000

Matrix 1674:
1.000000 0.125000 1.000000 5.000000
8.000000 1.000000 8.000000 9.000000
1.000000 0.125000 1.000000 6.000000
0.200000 0.111111 0.166667 1.000000

Matrix 1675:
1.000000 0.333333 2.000000 0.111111
3.000000 1.000000 0.125000 0.125000
0.500000 8.000000 1.000000 0.111111
9.000000 8.000000 9.000000 1.000000

Matrix 1676:
1.000000 4.000000 5.000000 0.500000
0.250000 1.000000 6.000000 1.000000
0.200000 0.166667 1.000000 0.250000
2.000000 1.000000 4.000000 1.000000

Matrix 1677:
1.000000 0.200000 8.000000 0.125000
5.000000 1.000000 5.000000 3.000000
0.125000 0.200000 1.000000 0.142857
8.000000 0.333333 7.000000 1.000000

Matrix 1678:
1.000000 1.000000 2.000000 8.000000
1.000000 1.000000 0.200000 6.000000
0.500000 5.000000 1.000000 4.000000
0.125000 0.166667 0.250000 1.000000

Matrix 1679:
1.000000 1.000000 0.200000 6.000000
1.000000 1.000000 1.000000 6.000000
5.000000 1.000000 1.000000 9.000000
0.166667 0.166667 0.111111 1.000000

Matrix 1680:
1.000000 0.111111 6.000000 0.200000
9.000000 1.000000 8.000000 2.000000
0.166667 0.125000 1.000000 1.000000
5.000000 0.500000 1.000000 1.000000

Matrix 1681:
1.000000 3.000000 0.142857 0.500000
0.333333 1.000000 0.250000 0.250000
7.000000 4.000000 1.000000 0.333333
2.000000 4.000000 3.000000 1.000000

Matrix 1682:
1.000000 3.000000 3.000000 5.000000
0.333333 1.000000 8.000000 0.125000
0.333333 0.125000 1.000000 0.500000
0.200000 8.000000 2.000000 1.000000

Matrix 1683:
1.000000 7.000000 8.000000 0.200000
0.142857 1.000000 4.000000 1.000000
0.125000 0.250000 1.000000 0.200000
5.000000 1.000000 5.000000 1.000000

Matrix 1684:
1.000000 0.111111 1.000000 8.000000
9.000000 1.000000 4.000000 5.000000
1.000000 0.250000 1.000000 7.000000
0.125000 0.200000 0.142857 1.000000

Matrix 1685:
1.000000 7.000000 0.500000 0.125000
0.142857 1.000000 0.166667 1.000000
2.000000 6.000000 1.000000 0.333333
8.000000 1.000000 3.000000 1.000000

Matrix 1686:
1.000000 1.000000 0.111111 2.000000
1.000000 1.000000 0.500000 1.000000
9.000000 2.000000 1.000000 0.500000
0.500000 1.000000 2.000000 1.000000

Matrix 1687:
1.000000 3.000000 0.333333 0.200000
0.333333 1.000000 0.125000 0.166667
3.000000 8.000000 1.000000 5.000000
5.000000 6.000000 0.200000 1.000000

Matrix 1688:
1.000000 4.000000 0.125000 0.200000
0.250000 1.000000 0.166667 4.000000
8.000000 6.000000 1.000000 4.000000
5.000000 0.250000 0.250000 1.000000

Matrix 1689:
1.000000 8.000000 9.000000 5.000000
0.125000 1.000000 0.250000 0.250000
0.111111 4.000000 1.000000 0.166667
0.200000 4.000000 6.000000 1.000000

Matrix 1690:
1.000000 0.500000 4.000000 1.000000
2.000000 1.000000 4.000000 9.000000
0.250000 0.250000 1.000000 5.000000
1.000000 0.111111 0.200000 1.000000

Matrix 1691:
1.000000 0.200000 0.333333 0.200000
5.000000 1.000000 0.500000 0.125000
3.000000 2.000000 1.000000 7.000000
5.000000 8.000000 0.142857 1.000000

Matrix 1692:
1.000000 0.125000 0.125000 0.142857
8.000000 1.000000 0.111111 0.250000
8.000000 9.000000 1.000000 6.000000
7.000000 4.000000 0.166667 1.000000

Matrix 1693:
1.000000 0.111111 0.142857 0.142857
9.000000 1.000000 4.000000 6.000000
7.000000 0.250000 1.000000 6.000000
7.000000 0.166667 0.166667 1.000000

Matrix 1694:
1.000000 6.000000 8.000000 0.142857
0.166667 1.000000 1.000000 0.200000
0.125000 1.000000 1.000000 0.166667
7.000000 5.000000 6.000000 1.000000

Matrix 1695:
1.000000 0.200000 0.125000 0.125000
5.000000 1.000000 4.000000 0.250000
8.000000 0.250000 1.000000 1.000000
8.000000 4.000000 1.000000 1.000000

Matrix 1696:
1.000000 0.125000 9.000000 0.125000
8.000000 1.000000 5.000000 6.000000
0.111111 0.200000 1.000000 0.166667
8.000000 0.166667 6.000000 1.000000

Matrix 1697:
1.000000 0.166667 0.200000 0.111111
6.000000 1.000000 7.000000 0.200000
5.000000 0.142857 1.000000 0.111111
9.000000 5.000000 9.000000 1.000000

Matrix 1698:
1.000000 2.000000 1.000000 5.000000
0.500000 1.000000 3.000000 1.000000
1.000000 0.333333 1.000000 0.250000
0.200000 1.000000 4.000000 1.000000

Matrix 1699:
1.000000 1.000000 7.000000 8.000000
1.000000 1.000000 5.000000 4.000000
0.142857 0.200000 1.000000 8.000000
0.125000 0.250000 0.125000 1.000000

Matrix 1700:
1.000000 0.125000 0.125000 5.000000
8.000000 1.000000 6.000000 9.000000
8.000000 0.166667 1.000000 9.000000
0.200000 0.111111 0.111111 1.000000

Matrix 1701:
1.000000 2.000000 0.250000 0.142857
0.500000 1.000000 1.000000 0.125000
4.000000 1.000000 1.000000 2.000000
7.000000 8.000000 0.500000 1.000000

Matrix 1702:
1.000000 8.000000 7.000000 0.333333
0.125000 1.000000 4.000000 0.333333
0.142857 0.250000 1.000000 0.142857
3.000000 3.000000 7.000000 1.000000

Matrix 1703:
1.000000 4.000000 0.500000 0.333333
0.250000 1.000000 0.200000 2.000000
2.000000 5.000000 1.000000 3.000000
3.000000 0.500000 0.333333 1.000000

Matrix 1704:
1.000000 0.250000 1.000000 9.000000
4.000000 1.000000 3.000000 7.000000
1.000000 0.333333 1.000000 0.200000
0.111111 0.142857 5.000000 1.000000

Matrix 1705:
1.000000 2.000000 9.000000 8.000000
0.500000 1.000000 2.000000 0.166667
0.111111 0.500000 1.000000 0.125000
0.125000 6.000000 8.000000 1.000000

Matrix 1706:
1.000000 0.142857 0.142857 0.166667
7.000000 1.000000 0.125000 4.000000
7.000000 8.000000 1.000000 7.000000
6.000000 0.250000 0.142857 1.000000

Matrix 1707:
1.000000 0.250000 0.111111 0.125000
4.000000 1.000000 4.000000 0.250000
9.000000 0.250000 1.000000 0.125000
8.000000 4.000000 8.000000 1.000000

Matrix 1708:
1.000000 7.000000 5.000000 6.000000
0.142857 1.000000 0.250000 0.111111
0.200000 4.000000 1.000000 4.000000
0.166667 9.000000 0.250000 1.000000

Matrix 1709:
1.000000 0.200000 4.000000 0.333333
5.000000 1.000000 4.000000 3.000000
0.250000 0.250000 1.000000 0.166667
3.000000 0.333333 6.000000 1.000000

Matrix 1710:
1.000000 5.000000 0.500000 4.000000
0.200000 1.000000 0.142857 0.111111
2.000000 7.000000 1.000000 1.000000
0.250000 9.000000 1.000000 1.000000

Matrix 1711:
1.000000 0.111111 4.000000 4.000000
9.000000 1.000000 9.000000 0.500000
0.250000 0.111111 1.000000 0.333333
0.250000 2.000000 3.000000 1.000000

Matrix 1712:
1.000000 6.000000 3.000000 0.166667
0.166667 1.000000 0.166667 1.000000
0.333333 6.000000 1.000000 0.166667
6.000000 1.000000 6.000000 1.000000

Matrix 1713:
1.000000 7.000000 4.000000 0.142857
0.142857 1.000000 4.000000 0.500000
0.250000 0.250000 1.000000 1.000000
7.000000 2.000000 1.000000 1.000000

Matrix 1714:
1.000000 0.333333 4.000000 5.000000
3.000000 1.000000 2.000000 1.000000
0.250000 0.500000 1.000000 4.000000
0.200000 1.000000 0.250000 1.000000

Matrix 1715:
1.000000 9.000000 1.000000 0.250000
0.111111 1.000000 2.000000 0.142857
1.000000 0.500000 1.000000 0.250000
4.000000 7.000000 4.000000 1.000000

Matrix 1716:
1.000000 0.125000 0.142857 0.111111
8.000000 1.000000 2.000000 9.000000
7.000000 0.500000 1.000000 0.111111
9.000000 0.111111 9.000000 1.000000

Matrix 1717:
1.000000 0.500000 1.000000 6.000000
2.000000 1.000000 1.000000 2.000000
1.000000 1.000000 1.000000 5.000000
0.166667 0.500000 0.200000 1.000000

Matrix 1718:
1.000000 0.250000 0.111111 0.142857
4.000000 1.000000 2.000000 3.000000
9.000000 0.500000 1.000000 2.000000
7.000000 0.333333 0.500000 1.000000

Matrix 1719:
1.000000 4.000000 0.500000 0.200000
0.250000 1.000000 5.000000 0.142857
2.000000 0.200000 1.000000 0.111111
5.000000 7.000000 9.000000 1.000000

Matrix 1720:
1.000000 0.166667 0.200000 0.333333
6.000000 1.000000 0.250000 1.000000
5.000000 4.000000 1.000000 0.166667
3.000000 1.000000 6.000000 1.000000

Matrix 1721:
1.000000 8.000000 0.111111 1.000000
0.125000 1.000000 0.142857 0.500000
9.000000 7.000000 1.000000 0.500000
1.000000 2.000000 2.000000 1.000000

Matrix 1722:
1.000000 1.000000 0.333333 1.000000
1.000000 1.000000 5.000000 4.000000
3.000000 0.200000 1.000000 0.333333
1.000000 0.250000 3.000000 1.000000

Matrix 1723:
1.000000 1.000000 0.250000 0.200000
1.000000 1.000000 0.142857 1.000000
4.000000 7.000000 1.000000 7.000000
5.000000 1.000000 0.142857 1.000000

Matrix 1724:
1.000000 8.000000 0.500000 5.000000
0.125000 1.000000 4.000000 9.000000
2.000000 0.250000 1.000000 5.000000
0.200000 0.111111 0.200000 1.000000

Matrix 1725:
1.000000 1.000000 0.125000 1.000000
1.000000 1.000000 0.500000 0.125000
8.000000 2.000000 1.000000 0.125000
1.000000 8.000000 8.000000 1.000000

Matrix 1726:
1.000000 0.142857 4.000000 1.000000
7.000000 1.000000 7.000000 4.000000
0.250000 0.142857 1.000000 6.000000
1.000000 0.250000 0.166667 1.000000

Matrix 1727:
1.000000 1.000000 0.250000 0.200000
1.000000 1.000000 2.000000 0.166667
4.000000 0.500000 1.000000 4.000000
5.000000 6.000000 0.250000 1.000000

Matrix 1728:
1.000000 0.500000 1.000000 0.333333
2.000000 1.000000 9.000000 8.000000
1.000000 0.111111 1.000000 0.250000
3.000000 0.125000 4.000000 1.000000

Matrix 1729:
1.000000 6.000000 2.000000 0.125000
0.166667 1.000000 5.000000 1.000000
0.500000 0.200000 1.000000 0.166667
8.000000 1.000000 6.000000 1.000000

Matrix 1730:
1.000000 8.000000 2.000000 0.250000
0.125000 1.000000 7.000000 0.250000
0.500000 0.142857 1.000000 0.166667
4.000000 4.000000 6.000000 1.000000

Matrix 1731:
1.000000 6.000000 7.000000 7.000000
0.166667 1.000000 0.111111 0.250000
0.142857 9.000000 1.000000 5.000000
0.142857 4.000000 0.200000 1.000000

Matrix 1732:
1.000000 6.000000 0.111111 0.125000
0.166667 1.000000 1.000000 0.111111
9.000000 1.000000 1.000000 0.125000
8.000000 9.000000 8.000000 1.000000

Matrix 1733:
1.000000 0.166667 0.200000 4.000000
6.000000 1.000000 0.200000 0.500000
5.000000 5.000000 1.000000 9.000000
0.250000 2.000000 0.111111 1.000000

Matrix 1734:
1.000000 1.000000 1.000000 1.000000
1.000000 1.000000 8.000000 8.000000
1.000000 0.125000 1.000000 0.500000
1.000000 0.125000 2.000000 1.000000

Matrix 1735:
1.000000 9.000000 5.000000 6.000000
0.111111 1.000000 1.000000 0.250000
0.200000 1.000000 1.000000 5.000000
0.166667 4.000000 0.200000 1.000000

Matrix 1736:
1.000000 3.000000 3.000000 1.000000
0.333333 1.000000 0.200000 0.250000
0.333333 5.000000 1.000000 9.000000
1.000000 4.000000 0.111111 1.000000

Matrix 1737:
1.000000 1.000000 0.333333 0.250000
1.000000 1.000000 8.000000 1.000000
3.000000 0.125000 1.000000 1.000000
4.000000 1.000000 1.000000 1.000000

Matrix 1738:
1.000000 1.000000 5.000000 9.000000
1.000000 1.000000 0.500000 1.000000
0.200000 2.000000 1.000000 9.000000
0.111111 1.000000 0.111111 1.000000

Matrix 1739:
1.000000 0.125000 0.250000 0.125000
8.000000 1.000000 3.000000 7.000000
4.000000 0.333333 1.000000 7.000000
8.000000 0.142857 0.142857 1.000000

Matrix 1740:
1.000000 0.500000 2.000000 0.500000
2.000000 1.000000 0.250000 0.250000
0.500000 4.000000 1.000000 8.000000
2.000000 4.000000 0.125000 1.000000

Matrix 1741:
1.000000 2.000000 2.000000 0.142857
0.500000 1.000000 0.125000 1.000000
0.500000 8.000000 1.000000 4.000000
7.000000 1.000000 0.250000 1.000000

Matrix 1742:
1.000000 0.250000 3.000000 1.000000
4.000000 1.000000 1.000000 4.000000
0.333333 1.000000 1.000000 4.000000
1.000000 0.250000 0.250000 1.000000

Matrix 1743:
1.000000 3.000000 0.166667 0.166667
0.333333 1.000000 3.000000 0.333333
6.000000 0.333333 1.000000 0.250000
6.000000 3.000000 4.000000 1.000000

Matrix 1744:
1.000000 0.500000 1.000000 5.000000
2.000000 1.000000 0.200000 0.142857
1.000000 5.000000 1.000000 4.000000
0.200000 7.000000 0.250000 1.000000

Matrix 1745:
1.000000 0.200000 9.000000 0.111111
5.000000 1.000000 3.000000 7.000000
0.111111 0.333333 1.000000 0.200000
9.000000 0.142857 5.000000 1.000000

Matrix 1746:
1.000000 0.500000 8.000000 0.500000
2.000000 1.000000 1.000000 2.000000
0.125000 1.000000 1.000000 1.000000
2.000000 0.500000 1.000000 1.000000

Matrix 1747:
1.000000 7.000000 4.000000 0.200000
0.142857 1.000000 0.200000 0.500000
0.250000 5.000000 1.000000 2.000000
5.000000 2.000000 0.500000 1.000000

Matrix 1748:
1.000000 0.166667 0.125000 0.166667
6.000000 1.000000 0.333333 1.000000
8.000000 3.000000 1.000000 0.111111
6.000000 1.000000 9.000000 1.000000

Matrix 1749:
1.000000 3.000000 0.166667 9.000000
0.333333 1.000000 0.333333 7.000000
6.000000 3.000000 1.000000 9.000000
0.111111 0.142857 0.111111 1.000000

Matrix 1750:
1.000000 8.000000 8.000000 8.000000
0.125000 1.000000 2.000000 0.111111
0.125000 0.500000 1.000000 0.125000
0.125000 9.000000 8.000000 1.000000

Matrix 1751:
1.000000 3.000000 9.000000 6.000000
0.333333 1.000000 0.250000 7.000000
0.111111 4.000000 1.000000 6.000000
0.166667 0.142857 0.166667 1.000000

Matrix 1752:
1.000000 5.000000 5.000000 5.000000
0.200000 1.000000 5.000000 6.000000
0.200000 0.200000 1.000000 0.125000
0.200000 0.166667 8.000000 1.000000

Matrix 1753:
1.000000 0.200000 7.000000 2.000000
5.000000 1.000000 2.000000 8.000000
0.142857 0.500000 1.000000 0.250000
0.500000 0.125000 4.000000 1.000000

Matrix 1754:
1.000000 0.166667 0.250000 0.200000
6.000000 1.000000 0.500000 5.000000
4.000000 2.000000 1.000000 0.166667
5.000000 0.200000 6.000000 1.000000

Matrix 1755:
1.000000 4.000000 9.000000 3.000000
0.250000 1.000000 4.000000 0.200000
0.111111 0.250000 1.000000 1.000000
0.333333 5.000000 1.000000 1.000000

Matrix 1756:
1.000000 3.000000 7.000000 4.000000
0.333333 1.000000 1.000000 1.000000
0.142857 1.000000 1.000000 0.142857
0.250000 1.000000 7.000000 1.000000

Matrix 1757:
1.000000 3.000000 3.000000 0.125000
0.333333 1.000000 0.142857 0.200000
0.333333 7.000000 1.000000 0.333333
8.000000 5.000000 3.000000 1.000000

Matrix 1758:
1.000000 0.200000 0.166667 1.000000
5.000000 1.000000 1.000000 0.500000
6.000000 1.000000 1.000000 0.111111
1.000000 2.000000 9.000000 1.000000

Matrix 1759:
1.000000 6.000000 8.000000 0.200000
0.166667 1.000000 0.500000 1.000000
0.125000 2.000000 1.000000 0.200000
5.000000 1.000000 5.000000 1.000000

Matrix 1760:
1.000000 0.333333 0.125000 0.333333
3.000000 1.000000 2.000000 0.333333
8.000000 0.500000 1.000000 8.000000
3.000000 3.000000 0.125000 1.000000

Matrix 1761:
1.000000 5.000000 1.000000 0.333333
0.200000 1.000000 0.111111 0.166667
1.000000 9.000000 1.000000 0.125000
3.000000 6.000000 8.000000 1.000000

Matrix 1762:
1.000000 0.200000 0.111111 0.166667
5.000000 1.000000 0.333333 0.200000
9.000000 3.000000 1.000000 7.000000
6.000000 5.000000 0.142857 1.000000

Matrix 1763:
1.000000 2.000000 0.166667 8.000000
0.500000 1.000000 0.125000 1.000000
6.000000 8.000000 1.000000 5.000000
0.125000 1.000000 0.200000 1.000000

Matrix 1764:
1.000000 5.000000 4.000000 6.000000
0.200000 1.000000 0.142857 0.111111
0.250000 7.000000 1.000000 1.000000
0.166667 9.000000 1.000000 1.000000

Matrix 1765:
1.000000 0.500000 1.000000 0.125000
2.000000 1.000000 3.000000 0.333333
1.000000 0.333333 1.000000 1.000000
8.000000 3.000000 1.000000 1.000000

Matrix 1766:
1.000000 7.000000 4.000000 4.000000
0.142857 1.000000 9.000000 4.000000
0.250000 0.111111 1.000000 0.250000
0.250000 0.250000 4.000000 1.000000

Matrix 1767:
1.000000 6.000000 3.000000 1.000000
0.166667 1.000000 6.000000 4.000000
0.333333 0.166667 1.000000 0.166667
1.000000 0.250000 6.000000 1.000000

Matrix 1768:
1.000000 1.000000 9.000000 3.000000
1.000000 1.000000 0.250000 0.250000
0.111111 4.000000 1.000000 0.500000
0.333333 4.000000 2.000000 1.000000

Matrix 1769:
1.000000 0.142857 2.000000 0.111111
7.000000 1.000000 8.000000 0.111111
0.500000 0.125000 1.000000 0.142857
9.000000 9.000000 7.000000 1.000000

Matrix 1770:
1.000000 0.333333 0.250000 1.000000
3.000000 1.000000 0.166667 0.250000
4.000000 6.000000 1.000000 0.166667
1.000000 4.000000 6.000000 1.000000

Matrix 1771:
1.000000 1.000000 2.000000 0.166667
1.000000 1.000000 1.000000 0.166667
0.500000 1.000000 1.000000 0.500000
6.000000 6.000000 2.000000 1.000000

Matrix 1772:
1.000000 4.000000 0.200000 7.000000
0.250000 1.000000 1.000000 5.000000
5.000000 1.000000 1.000000 6.000000
0.142857 0.200000 0.166667 1.000000

Matrix 1773:
1.000000 2.000000 2.000000 1.000000
0.500000 1.000000 2.000000 1.000000
0.500000 0.500000 1.000000 7.000000
1.000000 1.000000 0.142857 1.000000

Matrix 1774:
1.000000 0.500000 0.250000 0.111111
2.000000 1.000000 0.166667 4.000000
4.000000 6.000000 1.000000 5.000000
9.000000 0.250000 0.200000 1.000000

Matrix 1775:
1.000000 1.000000 1.000000 0.500000
1.000000 1.000000 7.000000 7.000000
1.000000 0.142857 1.000000 0.500000
2.000000 0.142857 2.000000 1.000000

Matrix 1776:
1.000000 5.000000 1.000000 5.000000
0.200000 1.000000 0.250000 0.250000
1.000000 4.000000 1.000000 0.142857
0.200000 4.000000 7.000000 1.000000

Matrix 1777:
1.000000 0.125000 1.000000 0.125000
8.000000 1.000000 1.000000 4.000000
1.000000 1.000000 1.000000 0.250000
8.000000 0.250000 4.000000 1.000000

Matrix 1778:
1.000000 2.000000 7.000000 2.000000
0.500000 1.000000 1.000000 0.200000
0.142857 1.000000 1.000000 5.000000
0.500000 5.000000 0.200000 1.000000

Matrix 1779:
1.000000 1.000000 8.000000 7.000000
1.000000 1.000000 1.000000 8.000000
0.125000 1.000000 1.000000 3.000000
0.142857 0.125000 0.333333 1.000000

Matrix 1780:
1.000000 0.166667 0.500000 1.000000
6.000000 1.000000 0.250000 3.000000
2.000000 4.000000 1.000000 5.000000
1.000000 0.333333 0.200000 1.000000

Matrix 1781:
1.000000 0.142857 0.200000 0.333333
7.000000 1.000000 9.000000 0.166667
5.000000 0.111111 1.000000 0.142857
3.000000 6.000000 7.000000 1.000000

Matrix 1782:
1.000000 1.000000 6.000000 5.000000
1.000000 1.000000 8.000000 1.000000
0.166667 0.125000 1.000000 0.166667
0.200000 1.000000 6.000000 1.000000

Matrix 1783:
1.000000 1.000000 6.000000 7.000000
1.000000 1.000000 0.333333 9.000000
0.166667 3.000000 1.000000 3.000000
0.142857 0.111111 0.333333 1.000000

Matrix 1784:
1.000000 0.142857 0.125000 0.200000
7.000000 1.000000 1.000000 0.500000
8.000000 1.000000 1.000000 6.000000
5.000000 2.000000 0.166667 1.000000

Matrix 1785:
1.000000 8.000000 5.000000 6.000000
0.125000 1.000000 3.000000 0.500000
0.200000 0.333333 1.000000 9.000000
0.166667 2.000000 0.111111 1.000000

Matrix 1786:
1.000000 0.333333 8.000000 5.000000
3.000000 1.000000 7.000000 1.000000
0.125000 0.142857 1.000000 0.333333
0.200000 1.000000 3.000000 1.000000

Matrix 1787:
1.000000 0.111111 0.500000 6.000000
9.000000 1.000000 9.000000 4.000000
2.000000 0.111111 1.000000 7.000000
0.166667 0.250000 0.142857 1.000000

Matrix 1788:
1.000000 5.000000 1.000000 6.000000
0.200000 1.000000 2.000000 0.500000
1.000000 0.500000 1.000000 0.142857
0.166667 2.000000 7.000000 1.000000

Matrix 1789:
1.000000 0.142857 2.000000 0.111111
7.000000 1.000000 0.200000 0.125000
0.500000 5.000000 1.000000 0.250000
9.000000 8.000000 4.000000 1.000000

Matrix 1790:
1.000000 1.000000 0.250000 0.333333
1.000000 1.000000 7.000000 8.000000
4.000000 0.142857 1.000000 0.166667
3.000000 0.125000 6.000000 1.000000

Matrix 1791:
1.000000 4.000000 0.142857 0.142857
0.250000 1.000000 0.166667 1.000000
7.000000 6.000000 1.000000 0.250000
7.000000 1.000000 4.000000 1.000000

Matrix 1792:
1.000000 0.111111 2.000000 2.000000
9.000000 1.000000 7.000000 8.000000
0.500000 0.142857 1.000000 0.166667
0.500000 0.125000 6.000000 1.000000

Matrix 1793:
1.000000 5.000000 0.500000 3.000000
0.200000 1.000000 1.000000 3.000000
2.000000 1.000000 1.000000 7.000000
0.333333 0.333333 0.142857 1.000000

Matrix 1794:
1.000000 1.000000 0.200000 0.125000
1.000000 1.000000 5.000000 1.000000
5.000000 0.200000 1.000000 1.000000
8.000000 1.000000 1.000000 1.000000

Matrix 1795:
1.000000 0.200000 0.111111 0.333333
5.000000 1.000000 3.000000 0.500000
9.000000 0.333333 1.000000 0.500000
3.000000 2.000000 2.000000 1.000000

Matrix 1796:
1.000000 4.000000 0.333333 0.333333
0.250000 1.000000 0.500000 0.250000
3.000000 2.000000 1.000000 0.333333
3.000000 4.000000 3.000000 1.000000

Matrix 1797:
1.000000 0.200000 5.000000 0.125000
5.000000 1.000000 3.000000 7.000000
0.200000 0.333333 1.000000 0.200000
8.000000 0.142857 5.000000 1.000000

Matrix 1798:
1.000000 3.000000 4.000000 3.000000
0.333333 1.000000 6.000000 7.000000
0.250000 0.166667 1.000000 7.000000
0.333333 0.142857 0.142857 1.000000

Matrix 1799:
1.000000 2.000000 1.000000 1.000000
0.500000 1.000000 0.500000 7.000000
1.000000 2.000000 1.000000 2.000000
1.000000 0.142857 0.500000 1.000000

Matrix 1800:
1.000000 5.000000 4.000000 0.333333
0.200000 1.000000 5.000000 0.250000
0.250000 0.200000 1.000000 0.166667
3.000000 4.000000 6.000000 1.000000

Matrix 1801:
1.000000 6.000000 1.000000 0.200000
0.166667 1.000000 4.000000 0.500000
1.000000 0.250000 1.000000 1.000000
5.000000 2.000000 1.000000 1.000000

Matrix 1802:
1.000000 3.000000 6.000000 9.000000
0.333333 1.000000 0.142857 4.000000
0.166667 7.000000 1.000000 6.000000
0.111111 0.250000 0.166667 1.000000

Matrix 1803:
1.000000 3.000000 0.333333 2.000000
0.333333 1.000000 1.000000 9.000000
3.000000 1.000000 1.000000 7.000000
0.500000 0.111111 0.142857 1.000000

Matrix 1804:
1.000000 6.000000 3.000000 3.000000
0.166667 1.000000 0.125000 0.250000
0.333333 8.000000 1.000000 8.000000
0.333333 4.000000 0.125000 1.000000

Matrix 1805:
1.000000 0.166667 0.111111 0.333333
6.000000 1.000000 0.125000 6.000000
9.000000 8.000000 1.000000 8.000000
3.000000 0.166667 0.125000 1.000000

Matrix 1806:
1.000000 7.000000 0.111111 0.250000
0.142857 1.000000 0.200000 0.142857
9.000000 5.000000 1.000000 5.000000
4.000000 7.000000 0.200000 1.000000

Matrix 1807:
1.000000 2.000000 0.250000 0.250000
0.500000 1.000000 3.000000 2.000000
4.000000 0.333333 1.000000 0.111111
4.000000 0.500000 9.000000 1.000000

Matrix 1808:
1.000000 0.125000 4.000000 0.142857
8.000000 1.000000 6.000000 0.333333
0.250000 0.166667 1.000000 0.125000
7.000000 3.000000 8.000000 1.000000

Matrix 1809:
1.000000 2.000000 1.000000 2.000000
0.500000 1.000000 0.250000 0.166667
1.000000 4.000000 1.000000 0.111111
0.500000 6.000000 9.000000 1.000000

Matrix 1810:
1.000000 1.000000 3.000000 3.000000
1.000000 1.000000 0.125000 1.000000
0.333333 8.000000 1.000000 5.000000
0.333333 1.000000 0.200000 1.000000

Matrix 1811:
1.000000 0.111111 8.000000 9.000000
9.000000 1.000000 8.000000 3.000000
0.125000 0.125000 1.000000 4.000000
0.111111 0.333333 0.250000 1.000000

Matrix 1812:
1.000000 8.000000 2.000000 3.000000
0.125000 1.000000 0.250000 2.000000
0.500000 4.000000 1.000000 0.125000
0.333333 0.500000 8.000000 1.000000

Matrix 1813:
1.000000 3.000000 0.333333 0.125000
0.333333 1.000000 1.000000 1.000000
3.000000 1.000000 1.000000 3.000000
8.000000 1.000000 0.333333 1.000000

Matrix 1814:
1.000000 1.000000 0.125000 0.500000
1.000000 1.000000 0.500000 0.200000
8.000000 2.000000 1.000000 0.500000
2.000000 5.000000 2.000000 1.000000

Matrix 1815:
1.000000 0.500000 0.500000 0.500000
2.000000 1.000000 0.250000 4.000000
2.000000 4.000000 1.000000 6.000000
2.000000 0.250000 0.166667 1.000000

Matrix 1816:
1.000000 2.000000 3.000000 2.000000
0.500000 1.000000 0.500000 0.125000
0.333333 2.000000 1.000000 0.166667
0.500000 8.000000 6.000000 1.000000

Matrix 1817:
1.000000 4.000000 1.000000 8.000000
0.250000 1.000000 1.000000 0.111111
1.000000 1.000000 1.000000 0.125000
0.125000 9.000000 8.000000 1.000000

Matrix 1818:
1.000000 6.000000 1.000000 2.000000
0.166667 1.000000 0.200000 0.111111
1.000000 5.000000 1.000000 4.000000
0.500000 9.000000 0.250000 1.000000

Matrix 1819:
1.000000 0.333333 0.500000 1.000000
3.000000 1.000000 0.125000 0.250000
2.000000 8.000000 1.000000 0.111111
1.000000 4.000000 9.000000 1.000000

Matrix 1820:
1.000000 0.142857 2.000000 0.250000
7.000000 1.000000 2.000000 0.166667
0.500000 0.500000 1.000000 0.125000
4.000000 6.000000 8.000000 1.000000

Matrix 1821:
1.000000 0.200000 0.111111 0.125000
5.000000 1.000000 0.500000 3.000000
9.000000 2.000000 1.000000 8.000000
8.000000 0.333333 0.125000 1.000000

Matrix 1822:
1.000000 0.250000 0.125000 0.200000
4.000000 1.000000 3.000000 0.166667
8.000000 0.333333 1.000000 0.111111
5.000000 6.000000 9.000000 1.000000

Matrix 1823:
1.000000 0.111111 0.142857 2.000000
9.000000 1.000000 7.000000 4.000000
7.000000 0.142857 1.000000 6.000000
0.500000 0.250000 0.166667 1.000000

Matrix 1824:
1.000000 4.000000 0.111111 0.111111
0.250000 1.000000 0.333333 0.333333
9.000000 3.000000 1.000000 1.000000
9.000000 3.000000 1.000000 1.000000

Matrix 1825:
1.000000 0.250000 4.000000 9.000000
4.000000 1.000000 0.250000 7.000000
0.250000 4.000000 1.000000 9.000000
0.111111 0.142857 0.111111 1.000000

Matrix 1826:
1.000000 0.200000 0.142857 0.333333
5.000000 1.000000 6.000000 0.142857
7.000000 0.166667 1.000000 1.000000
3.000000 7.000000 1.000000 1.000000

Matrix 1827:
1.000000 6.000000 1.000000 6.000000
0.166667 1.000000 2.000000 7.000000
1.000000 0.500000 1.000000 3.000000
0.166667 0.142857 0.333333 1.000000

Matrix 1828:
1.000000 6.000000 0.500000 4.000000
0.166667 1.000000 0.250000 0.142857
2.000000 4.000000 1.000000 0.200000
0.250000 7.000000 5.000000 1.000000

Matrix 1829:
1.000000 2.000000 1.000000 0.142857
0.500000 1.000000 0.111111 1.000000
1.000000 9.000000 1.000000 8.000000
7.000000 1.000000 0.125000 1.000000

Matrix 1830:
1.000000 0.166667 1.000000 0.142857
6.000000 1.000000 4.000000 1.000000
1.000000 0.250000 1.000000 1.000000
7.000000 1.000000 1.000000 1.000000

Matrix 1831:
1.000000 3.000000 0.200000 0.250000
0.333333 1.000000 0.142857 0.200000
5.000000 7.000000 1.000000 5.000000
4.000000 5.000000 0.200000 1.000000

Matrix 1832:
1.000000 0.142857 8.000000 1.000000
7.000000 1.000000 4.000000 0.500000
0.125000 0.250000 1.000000 2.000000
1.000000 2.000000 0.500000 1.000000

Matrix 1833:
1.000000 0.250000 0.125000 0.111111
4.000000 1.000000 0.200000 7.000000
8.000000 5.000000 1.000000 7.000000
9.000000 0.142857 0.142857 1.000000

Matrix 1834:
1.000000 4.000000 0.142857 1.000000
0.250000 1.000000 0.166667 8.000000
7.000000 6.000000 1.000000 7.000000
1.000000 0.125000 0.142857 1.000000

Matrix 1835:
1.000000 0.166667 4.000000 1.000000
6.000000 1.000000 7.000000 3.000000
0.250000 0.142857 1.000000 1.000000
1.000000 0.333333 1.000000 1.000000

Matrix 1836:
1.000000 1.000000 0.111111 6.000000
1.000000 1.000000 1.000000 2.000000
9.000000 1.000000 1.000000 9.000000
0.166667 0.500000 0.111111 1.000000

Matrix 1837:
1.000000 1.000000 1.000000 0.200000
1.000000 1.000000 9.000000 0.500000
1.000000 0.111111 1.000000 0.111111
5.000000 2.000000 9.000000 1.000000

Matrix 1838:
1.000000 8.000000 0.500000 1.000000
0.125000 1.000000 1.000000 0.111111
2.000000 1.000000 1.000000 7.000000
1.000000 9.000000 0.142857 1.000000

Matrix 1839:
1.000000 0.166667 0.250000 0.166667
6.000000 1.000000 5.000000 6.000000
4.000000 0.200000 1.000000 0.500000
6.000000 0.166667 2.000000 1.000000

Matrix 1840:
1.000000 3.000000 4.000000 1.000000
0.333333 1.000000 0.125000 7.000000
0.250000 8.000000 1.000000 4.000000
1.000000 0.142857 0.250000 1.000000

Matrix 1841:
1.000000 0.250000 1.000000 7.000000
4.000000 1.000000 0.111111 5.000000
1.000000 9.000000 1.000000 2.000000
0.142857 0.200000 0.500000 1.000000

Matrix 1842:
1.000000 1.000000 5.000000 1.000000
1.000000 1.000000 3.000000 0.111111
0.200000 0.333333 1.000000 0.111111
1.000000 9.000000 9.000000 1.000000

Matrix 1843:
1.000000 1.000000 9.000000 4.000000
1.000000 1.000000 2.000000 0.166667
0.111111 0.500000 1.000000 1.000000
0.250000 6.000000 1.000000 1.000000

Matrix 1844:
1.000000 0.500000 0.500000 6.000000
2.000000 1.000000 9.000000 7.000000
2.000000 0.111111 1.000000 0.250000
0.166667 0.142857 4.000000 1.000000

Matrix 1845:
1.000000 2.000000 0.333333 0.166667
0.500000 1.000000 0.200000 0.500000
3.000000 5.000000 1.000000 6.000000
6.000000 2.000000 0.166667 1.000000

Matrix 1846:
1.000000 0.125000 5.000000 0.166667
8.000000 1.000000 9.000000 0.200000
0.200000 0.111111 1.000000 0.111111
6.000000 5.000000 9.000000 1.000000

Matrix 1847:
1.000000 5.000000 0.333333 1.000000
0.200000 1.000000 0.111111 0.111111
3.000000 9.000000 1.000000 0.125000
1.000000 9.000000 8.000000 1.000000

Matrix 1848:
1.000000 5.000000 0.333333 0.166667
0.200000 1.000000 2.000000 0.250000
3.000000 0.500000 1.000000 0.200000
6.000000 4.000000 5.000000 1.000000

Matrix 1849:
1.000000 0.333333 0.333333 0.125000
3.000000 1.000000 4.000000 4.000000
3.000000 0.250000 1.000000 5.000000
8.000000 0.250000 0.200000 1.000000

Matrix 1850:
1.000000 1.000000 1.000000 5.000000
1.000000 1.000000 1.000000 1.000000
1.000000 1.000000 1.000000 7.000000
0.200000 1.000000 0.142857 1.000000

Matrix 1851:
1.000000 1.000000 0.142857 9.000000
1.000000 1.000000 0.250000 0.500000
7.000000 4.000000 1.000000 8.000000
0.111111 2.000000 0.125000 1.000000

Matrix 1852:
1.000000 6.000000 0.250000 2.000000
0.166667 1.000000 0.142857 0.250000
4.000000 7.000000 1.000000 0.200000
0.500000 4.000000 5.000000 1.000000

Matrix 1853:
1.000000 7.000000 2.000000 6.000000
0.142857 1.000000 7.000000 0.333333
0.500000 0.142857 1.000000 0.250000
0.166667 3.000000 4.000000 1.000000

Matrix 1854:
1.000000 0.200000 1.000000 0.166667
5.000000 1.000000 7.000000 0.250000
1.000000 0.142857 1.000000 1.000000
6.000000 4.000000 1.000000 1.000000

Matrix 1855:
1.000000 7.000000 2.000000 9.000000
0.142857 1.000000 0.166667 0.125000
0.500000 6.000000 1.000000 2.000000
0.111111 8.000000 0.500000 1.000000

Matrix 1856:
1.000000 5.000000 7.000000 5.000000
0.200000 1.000000 1.000000 9.000000
0.142857 1.000000 1.000000 3.000000
0.200000 0.111111 0.333333 1.000000

Matrix 1857:
1.000000 3.000000 0.250000 0.500000
0.333333 1.000000 1.000000 3.000000
4.000000 1.000000 1.000000 0.166667
2.000000 0.333333 6.000000 1.000000

Matrix 1858:
1.000000 1.000000 9.000000 4.000000
1.000000 1.000000 4.000000 0.166667
0.111111 0.250000 1.000000 0.125000
0.250000 6.000000 8.000000 1.000000

Matrix 1859:
1.000000 3.000000 0.166667 0.142857
0.333333 1.000000 0.200000 0.125000
6.000000 5.000000 1.000000 4.000000
7.000000 8.000000 0.250000 1.000000

Matrix 1860:
1.000000 0.500000 5.000000 7.000000
2.000000 1.000000 3.000000 3.000000
0.200000 0.333333 1.000000 0.111111
0.142857 0.333333 9.000000 1.000000

Matrix 1861:
1.000000 4.000000 1.000000 1.000000
0.250000 1.000000 3.000000 5.000000
1.000000 0.333333 1.000000 0.200000
1.000000 0.200000 5.000000 1.000000

Matrix 1862:
1.000000 1.000000 5.000000 2.000000
1.000000 1.000000 3.000000 9.000000
0.200000 0.333333 1.000000 0.111111
0.500000 0.111111 9.000000 1.000000

Matrix 1863:
1.000000 0.200000 9.000000 0.142857
5.000000 1.000000 8.000000 0.200000
0.111111 0.125000 1.000000 0.111111
7.000000 5.000000 9.000000 1.000000

Matrix 1864:
1.000000 1.000000 0.200000 7.000000
1.000000 1.000000 0.111111 9.000000
5.000000 9.000000 1.000000 2.000000
0.142857 0.111111 0.500000 1.000000

Matrix 1865:
1.000000 5.000000 1.000000 1.000000
0.200000 1.000000 0.250000 0.500000
1.000000 4.000000 1.000000 8.000000
1.000000 2.000000 0.125000 1.000000

Matrix 1866:
1.000000 0.125000 6.000000 0.500000
8.000000 1.000000 3.000000 0.125000
0.166667 0.333333 1.000000 0.125000
2.000000 8.000000 8.000000 1.000000

Matrix 1867:
1.000000 0.200000 4.000000 6.000000
5.000000 1.000000 4.000000 5.000000
0.250000 0.250000 1.000000 4.000000
0.166667 0.200000 0.250000 1.000000

Matrix 1868:
1.000000 0.111111 3.000000 2.000000
9.000000 1.000000 5.000000 2.000000
0.333333 0.200000 1.000000 0.333333
0.500000 0.500000 3.000000 1.000000

Matrix 1869:
1.000000 9.000000 0.111111 0.250000
0.111111 1.000000 0.166667 0.166667
9.000000 6.000000 1.000000 5.000000
4.000000 6.000000 0.200000 1.000000

Matrix 1870:
1.000000 0.500000 0.111111 2.000000
2.000000 1.000000 1.000000 0.200000
9.000000 1.000000 1.000000 1.000000
0.500000 5.000000 1.000000 1.000000

Matrix 1871:
1.000000 0.333333 0.333333 0.250000
3.000000 1.000000 0.142857 0.200000
3.000000 7.000000 1.000000 0.142857
4.000000 5.000000 7.000000 1.000000

Matrix 1872:
1.000000 1.000000 8.000000 4.000000
1.000000 1.000000 1.000000 0.200000
0.125000 1.000000 1.000000 0.111111
0.250000 5.000000 9.000000 1.000000

Matrix 1873:
1.000000 2.000000 6.000000 9.000000
0.500000 1.000000 0.142857 3.000000
0.166667 7.000000 1.000000 7.000000
0.111111 0.333333 0.142857 1.000000

Matrix 1874:
1.000000 1.000000 0.166667 5.000000
1.000000 1.000000 6.000000 3.000000
6.000000 0.166667 1.000000 6.000000
0.200000 0.333333 0.166667 1.000000

Matrix 1875:
1.000000 0.333333 0.500000 0.111111
3.000000 1.000000 0.125000 0.111111
2.000000 8.000000 1.000000 2.000000
9.000000 9.000000 0.500000 1.000000

Matrix 1876:
1.000000 0.125000 0.250000 3.000000
8.000000 1.000000 1.000000 8.000000
4.000000 1.000000 1.000000 3.000000
0.333333 0.125000 0.333333 1.000000

Matrix 1877:
1.000000 0.142857 6.000000 0.250000
7.000000 1.000000 1.000000 1.000000
0.166667 1.000000 1.000000 0.142857
4.000000 1.000000 7.000000 1.000000

Matrix 1878:
1.000000 8.000000 7.000000 1.000000
0.125000 1.000000 3.000000 9.000000
0.142857 0.333333 1.000000 0.333333
1.000000 0.111111 3.000000 1.000000

Matrix 1879:
1.000000 4.000000 0.200000 6.000000
0.250000 1.000000 1.000000 2.000000
5.000000 1.000000 1.000000 6.000000
0.166667 0.500000 0.166667 1.000000

Matrix 1880:
1.000000 0.250000 1.000000 0.125000
4.000000 1.000000 9.000000 4.000000
1.000000 0.111111 1.000000 6.000000
8.000000 0.250000 0.166667 1.000000

Matrix 1881:
1.000000 4.000000 7.000000 6.000000
0.250000 1.000000 6.000000 2.000000
0.142857 0.166667 1.000000 8.000000
0.166667 0.500000 0.125000 1.000000

Matrix 1882:
1.000000 9.000000 3.000000 3.000000
0.111111 1.000000 1.000000 0.200000
0.333333 1.000000 1.000000 0.166667
0.333333 5.000000 6.000000 1.000000

Matrix 1883:
1.000000 4.000000 6.000000 5.000000
0.250000 1.000000 0.125000 7.000000
0.166667 8.000000 1.000000 5.000000
0.200000 0.142857 0.200000 1.000000

Matrix 1884:
1.000000 4.000000 3.000000 0.166667
0.250000 1.000000 0.200000 0.500000
0.333333 5.000000 1.000000 2.000000
6.000000 2.000000 0.500000 1.000000

Matrix 1885:
1.000000 4.000000 5.000000 0.166667
0.250000 1.000000 1.000000 0.111111
0.200000 1.000000 1.000000 1.000000
6.000000 9.000000 1.000000 1.000000

Matrix 1886:
1.000000 0.500000 3.000000 3.000000
2.000000 1.000000 8.000000 1.000000
0.333333 0.125000 1.000000 0.500000
0.333333 1.000000 2.000000 1.000000

Matrix 1887:
1.000000 4.000000 0.250000 0.166667
0.250000 1.000000 0.125000 0.250000
4.000000 8.000000 1.000000 0.125000
6.000000 4.000000 8.000000 1.000000

Matrix 1888:
1.000000 4.000000 0.333333 4.000000
0.250000 1.000000 0.500000 1.000000
3.000000 2.000000 1.000000 0.500000
0.250000 1.000000 2.000000 1.000000

Matrix 1889:
1.000000 5.000000 5.000000 0.250000
0.200000 1.000000 0.250000 0.200000
0.200000 4.000000 1.000000 2.000000
4.000000 5.000000 0.500000 1.000000

Matrix 1890:
1.000000 0.500000 8.000000 9.000000
2.000000 1.000000 3.000000 2.000000
0.125000 0.333333 1.000000 0.125000
0.111111 0.500000 8.000000 1.000000

Matrix 1891:
1.000000 1.000000 6.000000 7.000000
1.000000 1.000000 1.000000 1.000000
0.166667 1.000000 1.000000 0.250000
0.142857 1.000000 4.000000 1.000000

Matrix 1892:
1.000000 1.000000 2.000000 1.000000
1.000000 1.000000 2.000000 0.333333
0.500000 0.500000 1.000000 5.000000
1.000000 3.000000 0.200000 1.000000

Matrix 1893:
1.000000 0.142857 0.125000 0.125000
7.000000 1.000000 0.200000 3.000000
8.000000 5.000000 1.000000 8.000000
8.000000 0.333333 0.125000 1.000000

Matrix 1894:
1.000000 7.000000 1.000000 1.000000
0.142857 1.000000 1.000000 0.500000
1.000000 1.000000 1.000000 6.000000
1.000000 2.000000 0.166667 1.000000

Matrix 1895:
1.000000 0.142857 0.200000 1.000000
7.000000 1.000000 5.000000 0.250000
5.000000 0.200000 1.000000 0.125000
1.000000 4.000000 8.000000 1.000000

Matrix 1896:
1.000000 0.333333 0.142857 6.000000
3.000000 1.000000 0.250000 1.000000
7.000000 4.000000 1.000000 1.000000
0.166667 1.000000 1.000000 1.000000

Matrix 1897:
1.000000 7.000000 7.000000 4.000000
0.142857 1.000000 0.250000 0.200000
0.142857 4.000000 1.000000 9.000000
0.250000 5.000000 0.111111 1.000000

Matrix 1898:
1.000000 1.000000 0.250000 0.250000
1.000000 1.000000 8.000000 0.142857
4.000000 0.125000 1.000000 0.333333
4.000000 7.000000 3.000000 1.000000

Matrix 1899:
1.000000 1.000000 0.166667 1.000000
1.000000 1.000000 0.333333 8.000000
6.000000 3.000000 1.000000 6.000000
1.000000 0.125000 0.166667 1.000000

Matrix 1900:
1.000000 0.500000 4.000000 5.000000
2.000000 1.000000 0.333333 0.500000
0.250000 3.000000 1.000000 0.200000
0.200000 2.000000 5.000000 1.000000

Matrix 1901:
1.000000 0.500000 4.000000 3.000000
2.000000 1.000000 2.000000 0.142857
0.250000 0.500000 1.000000 0.250000
0.333333 7.000000 4.000000 1.000000

Matrix 1902:
1.000000 7.000000 6.000000 9.000000
0.142857 1.000000 1.000000 8.000000
0.166667 1.000000 1.000000 0.166667
0.111111 0.125000 6.000000 1.000000

Matrix 1903:
1.000000 9.000000 3.000000 8.000000
0.111111 1.000000 3.000000 9.000000
0.333333 0.333333 1.000000 3.000000
0.125000 0.111111 0.333333 1.000000

Matrix 1904:
1.000000 7.000000 9.000000 4.000000
0.142857 1.000000 0.111111 1.000000
0.111111 9.000000 1.000000 3.000000
0.250000 1.000000 0.333333 1.000000

Matrix 1905:
1.000000 4.000000 0.166667 0.142857
0.250000 1.000000 0.200000 0.333333
6.000000 5.000000 1.000000 9.000000
7.000000 3.000000 0.111111 1.000000

Matrix 1906:
1.000000 0.200000 0.250000 1.000000
5.000000 1.000000 0.125000 0.166667
4.000000 8.000000 1.000000 2.000000
1.000000 6.000000 0.500000 1.000000

Matrix 1907:
1.000000 0.111111 9.000000 0.111111
9.000000 1.000000 7.000000 0.166667
0.111111 0.142857 1.000000 0.142857
9.000000 6.000000 7.000000 1.000000

Matrix 1908:
1.000000 7.000000 3.000000 4.000000
0.142857 1.000000 3.000000 0.500000
0.333333 0.333333 1.000000 0.333333
0.250000 2.000000 3.000000 1.000000

Matrix 1909:
1.000000 0.250000 2.000000 7.000000
4.000000 1.000000 0.166667 1.000000
0.500000 6.000000 1.000000 9.000000
0.142857 1.000000 0.111111 1.000000

Matrix 1910:
1.000000 9.000000 9.000000 1.000000
0.111111 1.000000 3.000000 1.000000
0.111111 0.333333 1.000000 4.000000
1.000000 1.000000 0.250000 1.000000

Matrix 1911:
1.000000 0.500000 1.000000 0.166667
2.000000 1.000000 8.000000 4.000000
1.000000 0.125000 1.000000 0.142857
6.000000 0.250000 7.000000 1.000000

Matrix 1912:
1.000000 0.111111 0.250000 0.111111
9.000000 1.000000 0.333333 0.250000
4.000000 3.000000 1.000000 8.000000
9.000000 4.000000 0.125000 1.000000

Matrix 1913:
1.000000 6.000000 1.000000 3.000000
0.166667 1.000000 6.000000 2.000000
1.000000 0.166667 1.000000 0.333333
0.333333 0.500000 3.000000 1.000000

Matrix 1914:
1.000000 0.200000 8.000000 7.000000
5.000000 1.000000 6.000000 1.000000
0.125000 0.166667 1.000000 4.000000
0.142857 1.000000 0.250000 1.000000

Matrix 1915:
1.000000 8.000000 3.000000 8.000000
0.125000 1.000000 9.000000 4.000000
0.333333 0.111111 1.000000 6.000000
0.125000 0.250000 0.166667 1.000000

Matrix 1916:
1.000000 0.250000 0.125000 7.000000
4.000000 1.000000 0.142857 1.000000
8.000000 7.000000 1.000000 3.000000
0.142857 1.000000 0.333333 1.000000

Matrix 1917:
1.000000 5.000000 0.125000 9.000000
0.200000 1.000000 1.000000 9.000000
8.000000 1.000000 1.000000 7.000000
0.111111 0.111111 0.142857 1.000000

Matrix 1918:
1.000000 2.000000 4.000000 0.142857
0.500000 1.000000 9.000000 0.111111
0.250000 0.111111 1.000000 0.500000
7.000000 9.000000 2.000000 1.000000

Matrix 1919:
1.000000 7.000000 6.000000 5.000000
0.142857 1.000000 0.142857 7.000000
0.166667 7.000000 1.000000 9.000000
0.200000 0.142857 0.111111 1.000000

Matrix 1920:
1.000000 1.000000 8.000000 9.000000
1.000000 1.000000 0.200000 0.333333
0.125000 5.000000 1.000000 0.500000
0.111111 3.000000 2.000000 1.000000

Matrix 1921:
1.000000 0.166667 0.111111 0.200000
6.000000 1.000000 0.166667 0.111111
9.000000 6.000000 1.000000 9.000000
5.000000 9.000000 0.111111 1.000000

Matrix 1922:
1.000000 0.500000 6.000000 0.500000
2.000000 1.000000 8.000000 0.250000
0.166667 0.125000 1.000000 0.142857
2.000000 4.000000 7.000000 1.000000

Matrix 1923:
1.000000 4.000000 5.000000 0.250000
0.250000 1.000000 0.333333 0.333333
0.200000 3.000000 1.000000 0.166667
4.000000 3.000000 6.000000 1.000000

Matrix 1924:
1.000000 0.250000 4.000000 0.333333
4.000000 1.000000 1.000000 8.000000
0.250000 1.000000 1.000000 1.000000
3.000000 0.125000 1.000000 1.000000

Matrix 1925:
1.000000 1.000000 0.200000 0.125000
1.000000 1.000000 0.200000 0.142857
5.000000 5.000000 1.000000 4.000000
8.000000 7.000000 0.250000 1.000000

Matrix 1926:
1.000000 0.333333 0.333333 0.125000
3.000000 1.000000 5.000000 0.333333
3.000000 0.200000 1.000000 0.333333
8.000000 3.000000 3.000000 1.000000

Matrix 1927:
1.000000 0.111111 4.000000 0.142857
9.000000 1.000000 3.000000 0.333333
0.250000 0.333333 1.000000 0.142857
7.000000 3.000000 7.000000 1.000000

Matrix 1928:
1.000000 7.000000 0.111111 0.500000
0.142857 1.000000 0.166667 1.000000
9.000000 6.000000 1.000000 2.000000
2.000000 1.000000 0.500000 1.000000

Matrix 1929:
1.000000 0.200000 1.000000 0.250000
5.000000 1.000000 1.000000 6.000000
1.000000 1.000000 1.000000 0.111111
4.000000 0.166667 9.000000 1.000000

Matrix 1930:
1.000000 3.000000 1.000000 0.111111
0.333333 1.000000 0.111111 0.166667
1.000000 9.000000 1.000000 0.200000
9.000000 6.000000 5.000000 1.000000

Matrix 1931:
1.000000 3.000000 0.200000 0.500000
0.333333 1.000000 0.142857 3.000000
5.000000 7.000000 1.000000 7.000000
2.000000 0.333333 0.142857 1.000000

Matrix 1932:
1.000000 1.000000 0.333333 0.333333
1.000000 1.000000 0.166667 2.000000
3.000000 6.000000 1.000000 8.000000
3.000000 0.500000 0.125000 1.000000

Matrix 1933:
1.000000 0.166667 0.250000 0.333333
6.000000 1.000000 0.250000 8.000000
4.000000 4.000000 1.000000 5.000000
3.000000 0.125000 0.200000 1.000000

Matrix 1934:
1.000000 0.111111 0.250000 2.000000
9.000000 1.000000 5.000000 1.000000
4.000000 0.200000 1.000000 0.500000
0.500000 1.000000 2.000000 1.000000

Matrix 1935:
1.000000 8.000000 7.000000 0.125000
0.125000 1.000000 1.000000 0.200000
0.142857 1.000000 1.000000 0.125000
8.000000 5.000000 8.000000 1.000000

Matrix 1936:
1.000000 0.250000 0.333333 0.125000
4.000000 1.000000 1.000000 2.000000
3.000000 1.000000 1.000000 5.000000
8.000000 0.500000 0.200000 1.000000

Matrix 1937:
1.000000 8.000000 0.125000 2.000000
0.125000 1.000000 0.333333 0.250000
8.000000 3.000000 1.000000 9.000000
0.500000 4.000000 0.111111 1.000000

Matrix 1938:
1.000000 0.333333 0.250000 1.000000
3.000000 1.000000 5.000000 0.200000
4.000000 0.200000 1.000000 0.200000
1.000000 5.000000 5.000000 1.000000

Matrix 1939:
1.000000 1.000000 2.000000 0.333333
1.000000 1.000000 0.111111 0.111111
0.500000 9.000000 1.000000 2.000000
3.000000 9.000000 0.500000 1.000000

Matrix 1940:
1.000000 0.166667 6.000000 0.250000
6.000000 1.000000 3.000000 0.111111
0.166667 0.333333 1.000000 0.500000
4.000000 9.000000 2.000000 1.000000

Matrix 1941:
1.000000 8.000000 1.000000 0.125000
0.125000 1.000000 1.000000 0.125000
1.000000 1.000000 1.000000 0.142857
8.000000 8.000000 7.000000 1.000000

Matrix 1942:
1.000000 8.000000 4.000000 0.125000
0.125000 1.000000 5.000000 0.142857
0.250000 0.200000 1.000000 0.250000
8.000000 7.000000 4.000000 1.000000

Matrix 1943:
1.000000 7.000000 3.000000 1.000000
0.142857 1.000000 0.125000 3.000000
0.333333 8.000000 1.000000 1.000000
1.000000 0.333333 1.000000 1.000000

Matrix 1944:
1.000000 2.000000 0.500000 3.000000
0.500000 1.000000 5.000000 0.500000
2.000000 0.200000 1.000000 0.250000
0.333333 2.000000 4.000000 1.000000

Matrix 1945:
1.000000 3.000000 0.142857 1.000000
0.333333 1.000000 0.333333 0.142857
7.000000 3.000000 1.000000 1.000000
1.000000 7.000000 1.000000 1.000000

Matrix 1946:
1.000000 6.000000 7.000000 2.000000
0.166667 1.000000 0.200000 0.111111
0.142857 5.000000 1.000000 9.000000
0.500000 9.000000 0.111111 1.000000

Matrix 1947:
1.000000 0.500000 0.500000 2.000000
2.000000 1.000000 0.111111 2.000000
2.000000 9.000000 1.000000 0.500000
0.500000 0.500000 2.000000 1.000000

Matrix 1948:
1.000000 0.500000 1.000000 0.142857
2.000000 1.000000 0.142857 0.200000
1.000000 7.000000 1.000000 0.250000
7.000000 5.000000 4.000000 1.000000

Matrix 1949:
1.000000 8.000000 0.250000 6.000000
0.125000 1.000000 0.500000 9.000000
4.000000 2.000000 1.000000 2.000000
0.166667 0.111111 0.500000 1.000000

Matrix 1950:
1.000000 5.000000 1.000000 0.250000
0.200000 1.000000 2.000000 3.000000
1.000000 0.500000 1.000000 0.250000
4.000000 0.333333 4.000000 1.000000

Matrix 1951:
1.000000 0.333333 2.000000 8.000000
3.000000 1.000000 0.250000 1.000000
0.500000 4.000000 1.000000 3.000000
0.125000 1.000000 0.333333 1.000000

Matrix 1952:
1.000000 1.000000 0.111111 0.166667
1.000000 1.000000 0.111111 6.000000
9.000000 9.000000 1.000000 6.000000
6.000000 0.166667 0.166667 1.000000

Matrix 1953:
1.000000 0.200000 9.000000 0.125000
5.000000 1.000000 2.000000 3.000000
0.111111 0.500000 1.000000 0.250000
8.000000 0.333333 4.000000 1.000000

Matrix 1954:
1.000000 7.000000 6.000000 1.000000
0.142857 1.000000 5.000000 0.125000
0.166667 0.200000 1.000000 0.333333
1.000000 8.000000 3.000000 1.000000

Matrix 1955:
1.000000 7.000000 7.000000 5.000000
0.142857 1.000000 0.125000 1.000000
0.142857 8.000000 1.000000 9.000000
0.200000 1.000000 0.111111 1.000000

Matrix 1956:
1.000000 6.000000 3.000000 5.000000
0.166667 1.000000 6.000000 1.000000
0.333333 0.166667 1.000000 9.000000
0.200000 1.000000 0.111111 1.000000

Matrix 1957:
1.000000 1.000000 8.000000 6.000000
1.000000 1.000000 0.333333 0.200000
0.125000 3.000000 1.000000 4.000000
0.166667 5.000000 0.250000 1.000000

Matrix 1958:
1.000000 1.000000 0.125000 0.200000
1.000000 1.000000 1.000000 0.333333
8.000000 1.000000 1.000000 0.500000
5.000000 3.000000 2.000000 1.000000

Matrix 1959:
1.000000 4.000000 1.000000 9.000000
0.250000 1.000000 4.000000 6.000000
1.000000 0.250000 1.000000 0.500000
0.111111 0.166667 2.000000 1.000000

Matrix 1960:
1.000000 0.500000 0.333333 2.000000
2.000000 1.000000 6.000000 1.000000
3.000000 0.166667 1.000000 4.000000
0.500000 1.000000 0.250000 1.000000

Matrix 1961:
1.000000 2.000000 9.000000 0.250000
0.500000 1.000000 7.000000 0.111111
0.111111 0.142857 1.000000 0.111111
4.000000 9.000000 9.000000 1.000000

Matrix 1962:
1.000000 8.000000 9.000000 0.125000
0.125000 1.000000 3.000000 1.000000
0.111111 0.333333 1.000000 0.200000
8.000000 1.000000 5.000000 1.000000

Matrix 1963:
1.000000 6.000000 0.142857 2.000000
0.166667 1.000000 0.125000 3.000000
7.000000 8.000000 1.000000 4.000000
0.500000 0.333333 0.250000 1.000000

Matrix 1964:
1.000000 0.125000 0.125000 1.000000
8.000000 1.000000 0.500000 0.200000
8.000000 2.000000 1.000000 0.500000
1.000000 5.000000 2.000000 1.000000

Matrix 1965:
1.000000 5.000000 0.500000 0.500000
0.200000 1.000000 3.000000 0.200000
2.000000 0.333333 1.000000 0.142857
2.000000 5.000000 7.000000 1.000000

Matrix 1966:
1.000000 1.000000 0.500000 0.500000
1.000000 1.000000 0.125000 5.000000
2.000000 8.000000 1.000000 2.000000
2.000000 0.200000 0.500000 1.000000

Matrix 1967:
1.000000 0.333333 0.500000 7.000000
3.000000 1.000000 5.000000 7.000000
2.000000 0.200000 1.000000 2.000000
0.142857 0.142857 0.500000 1.000000

Matrix 1968:
1.000000 0.142857 4.000000 2.000000
7.000000 1.000000 2.000000 8.000000
0.250000 0.500000 1.000000 1.000000
0.500000 0.125000 1.000000 1.000000

Matrix 1969:
1.000000 9.000000 0.500000 0.166667
0.111111 1.000000 0.333333 1.000000
2.000000 3.000000 1.000000 0.166667
6.000000 1.000000 6.000000 1.000000

Matrix 1970:
1.000000 0.500000 4.000000 9.000000
2.000000 1.000000 0.333333 1.000000
0.250000 3.000000 1.000000 7.000000
0.111111 1.000000 0.142857 1.000000

Matrix 1971:
1.000000 0.333333 3.000000 0.333333
3.000000 1.000000 0.142857 0.142857
0.333333 7.000000 1.000000 0.111111
3.000000 7.000000 9.000000 1.000000

Matrix 1972:
1.000000 1.000000 0.125000 0.333333
1.000000 1.000000 0.111111 8.000000
8.000000 9.000000 1.000000 5.000000
3.000000 0.125000 0.200000 1.000000

Matrix 1973:
1.000000 8.000000 0.142857 0.333333
0.125000 1.000000 0.250000 0.125000
7.000000 4.000000 1.000000 0.333333
3.000000 8.000000 3.000000 1.000000

Matrix 1974:
1.000000 1.000000 6.000000 0.200000
1.000000 1.000000 7.000000 1.000000
0.166667 0.142857 1.000000 0.333333
5.000000 1.000000 3.000000 1.000000

Matrix 1975:
1.000000 0.500000 9.000000 2.000000
2.000000 1.000000 0.333333 5.000000
0.111111 3.000000 1.000000 2.000000
0.500000 0.200000 0.500000 1.000000

Matrix 1976:
1.000000 6.000000 8.000000 1.000000
0.166667 1.000000 0.166667 0.142857
0.125000 6.000000 1.000000 0.125000
1.000000 7.000000 8.000000 1.000000

Matrix 1977:
1.000000 0.111111 3.000000 0.250000
9.000000 1.000000 2.000000 2.000000
0.333333 0.500000 1.000000 0.250000
4.000000 0.500000 4.000000 1.000000

Matrix 1978:
1.000000 0.333333 5.000000 4.000000
3.000000 1.000000 2.000000 2.000000
0.200000 0.500000 1.000000 5.000000
0.250000 0.500000 0.200000 1.000000

Matrix 1979:
1.000000 0.250000 1.000000 0.142857
4.000000 1.000000 9.000000 9.000000
1.000000 0.111111 1.000000 1.000000
7.000000 0.111111 1.000000 1.000000

Matrix 1980:
1.000000 1.000000 1.000000 8.000000
1.000000 1.000000 1.000000 3.000000
1.000000 1.000000 1.000000 1.000000
0.125000 0.333333 1.000000 1.000000

Matrix 1981:
1.000000 0.200000 6.000000 0.500000
5.000000 1.000000 3.000000 4.000000
0.166667 0.333333 1.000000 2.000000
2.000000 0.250000 0.500000 1.000000

Matrix 1982:
1.000000 0.200000 8.000000 2.000000
5.000000 1.000000 9.000000 5.000000
0.125000 0.111111 1.000000 0.166667
0.500000 0.200000 6.000000 1.000000

Matrix 1983:
1.000000 0.111111 0.333333 0.125000
9.000000 1.000000 5.000000 9.000000
3.000000 0.200000 1.000000 1.000000
8.000000 0.111111 1.000000 1.000000

Matrix 1984:
1.000000 5.000000 0.142857 0.500000
0.200000 1.000000 0.166667 0.333333
7.000000 6.000000 1.000000 1.000000
2.000000 3.000000 1.000000 1.000000

Matrix 1985:
1.000000 0.142857 7.000000 1.000000
7.000000 1.000000 4.000000 0.200000
0.142857 0.250000 1.000000 0.125000
1.000000 5.000000 8.000000 1.000000

Matrix 1986:
1.000000 0.166667 0.250000 1.000000
6.000000 1.000000 0.250000 0.250000
4.000000 4.000000 1.000000 7.000000
1.000000 4.000000 0.142857 1.000000

Matrix 1987:
1.000000 0.142857 0.111111 0.333333
7.000000 1.000000 7.000000 1.000000
9.000000 0.142857 1.000000 0.500000
3.000000 1.000000 2.000000 1.000000

Matrix 1988:
1.000000 9.000000 1.000000 3.000000
0.111111 1.000000 0.125000 0.200000
1.000000 8.000000 1.000000 9.000000
0.333333 5.000000 0.111111 1.000000

Matrix 1989:
1.000000 0.500000 0.333333 0.142857
2.000000 1.000000 0.166667 0.166667
3.000000 6.000000 1.000000 0.166667
7.000000 6.000000 6.000000 1.000000

Matrix 1990:
1.000000 9.000000 8.000000 8.000000
0.111111 1.000000 5.000000 0.333333
0.125000 0.200000 1.000000 5.000000
0.125000 3.000000 0.200000 1.000000

Matrix 1991:
1.000000 1.000000 1.000000 0.500000
1.000000 1.000000 0.200000 1.000000
1.000000 5.000000 1.000000 9.000000
2.000000 1.000000 0.111111 1.000000

Matrix 1992:
1.000000 8.000000 0.250000 6.000000
0.125000 1.000000 0.125000 0.142857
4.000000 8.000000 1.000000 2.000000
0.166667 7.000000 0.500000 1.000000

Matrix 1993:
1.000000 0.125000 0.142857 0.125000
8.000000 1.000000 9.000000 0.250000
7.000000 0.111111 1.000000 2.000000
8.000000 4.000000 0.500000 1.000000

Matrix 1994:
1.000000 0.200000 2.000000 2.000000
5.000000 1.000000 5.000000 0.250000
0.500000 0.200000 1.000000 1.000000
0.500000 4.000000 1.000000 1.000000

Matrix 1995:
1.000000 9.000000 1.000000 9.000000
0.111111 1.000000 0.333333 0.125000
1.000000 3.000000 1.000000 0.333333
0.111111 8.000000 3.000000 1.000000

Matrix 1996:
1.000000 7.000000 0.111111 7.000000
0.142857 1.000000 0.125000 4.000000
9.000000 8.000000 1.000000 9.000000
0.142857 0.250000 0.111111 1.000000

Matrix 1997:
1.000000 2.000000 0.200000 1.000000
0.500000 1.000000 0.142857 7.000000
5.000000 7.000000 1.000000 4.000000
1.000000 0.142857 0.250000 1.000000

Matrix 1998:
1.000000 1.000000 1.000000 0.142857
1.000000 1.000000 0.500000 1.000000
1.000000 2.000000 1.000000 3.000000
7.000000 1.000000 0.333333 1.000000

Matrix 1999:
1.000000 0.142857 0.500000 0.500000
7.000000 1.000000 0.250000 0.125000
2.000000 4.000000 1.000000 0.250000
2.000000 8.000000 4.000000 1.000000

Matrix 2000:
1.000000 0.166667 8.000000 0.111111
6.000000 1.000000 9.000000 0.125000
0.125000 0.111111 1.000000 0.200000
9.000000 8.000000 5.000000 1.000000

Matrix 2001:
1.000000 0.200000 8.000000 1.000000
5.000000 1.000000 6.000000 0.166667
0.125000 0.166667 1.000000 0.166667
1.000000 6.000000 6.000000 1.000000

Matrix 2002:
1.000000 3.000000 0.111111 1.000000
0.333333 1.000000 0.200000 0.250000
9.000000 5.000000 1.000000 0.333333
1.000000 4.000000 3.000000 1.000000

Matrix 2003:
1.000000 7.000000 8.000000 0.200000
0.142857 1.000000 0.500000 0.200000
0.125000 2.000000 1.000000 0.200000
5.000000 5.000000 5.000000 1.000000

Matrix 2004:
1.000000 7.000000 3.000000 9.000000
0.142857 1.000000 0.250000 0.200000
0.333333 4.000000 1.000000 0.166667
0.111111 5.000000 6.000000 1.000000

Matrix 2005:
1.000000 1.000000 0.333333 0.500000
1.000000 1.000000 0.166667 2.000000
3.000000 6.000000 1.000000 6.000000
2.000000 0.500000 0.166667 1.000000

Matrix 2006:
1.000000 0.200000 6.000000 3.000000
5.000000 1.000000 1.000000 5.000000
0.166667 1.000000 1.000000 0.200000
0.333333 0.200000 5.000000 1.000000

Matrix 2007:
1.000000 1.000000 0.333333 0.166667
1.000000 1.000000 0.333333 1.000000
3.000000 3.000000 1.000000 4.000000
6.000000 1.000000 0.250000 1.000000

Matrix 2008:
1.000000 2.000000 6.000000 1.000000
0.500000 1.000000 0.500000 0.166667
0.166667 2.000000 1.000000 4.000000
1.000000 6.000000 0.250000 1.000000

Matrix 2009:
1.000000 0.111111 2.000000 0.166667
9.000000 1.000000 4.000000 2.000000
0.500000 0.250000 1.000000 0.142857
6.000000 0.500000 7.000000 1.000000

Matrix 2010:
1.000000 0.142857 0.166667 0.500000
7.000000 1.000000 1.000000 0.200000
6.000000 1.000000 1.000000 0.142857
2.000000 5.000000 7.000000 1.000000

Matrix 2011:
1.000000 1.000000 0.142857 1.000000
1.000000 1.000000 6.000000 8.000000
7.000000 0.166667 1.000000 8.000000
1.000000 0.125000 0.125000 1.000000

Matrix 2012:
1.000000 9.000000 9.000000 4.000000
0.111111 1.000000 0.500000 9.000000
0.111111 2.000000 1.000000 7.000000
0.250000 0.111111 0.142857 1.000000

Matrix 2013:
1.000000 0.166667 6.000000 0.200000
6.000000 1.000000 5.000000 0.500000
0.166667 0.200000 1.000000 1.000000
5.000000 2.000000 1.000000 1.000000

Matrix 2014:
1.000000 6.000000 4.000000 5.000000
0.166667 1.000000 0.333333 2.000000
0.250000 3.000000 1.000000 0.333333
0.200000 0.500000 3.000000 1.000000

Matrix 2015:
1.000000 6.000000 3.000000 2.000000
0.166667 1.000000 0.250000 4.000000
0.333333 4.000000 1.000000 6.000000
0.500000 0.250000 0.166667 1.000000

Matrix 2016:
1.000000 0.200000 9.000000 8.000000
5.000000 1.000000 7.000000 1.000000
0.111111 0.142857 1.000000 0.200000
0.125000 1.000000 5.000000 1.000000

Matrix 2017:
1.000000 6.000000 0.500000 0.166667
0.166667 1.000000 0.200000 0.250000
2.000000 5.000000 1.000000 0.166667
6.000000 4.000000 6.000000 1.000000

Matrix 2018:
1.000000 0.166667 0.200000 2.000000
6.000000 1.000000 3.000000 3.000000
5.000000 0.333333 1.000000 3.000000
0.500000 0.333333 0.333333 1.000000

Matrix 2019:
1.000000 0.500000 0.200000 1.000000
2.000000 1.000000 1.000000 0.333333
5.000000 1.000000 1.000000 7.000000
1.000000 3.000000 0.142857 1.000000

Matrix 2020:
1.000000 2.000000 6.000000 0.111111
0.500000 1.000000 1.000000 0.125000
0.166667 1.000000 1.000000 1.000000
9.000000 8.000000 1.000000 1.000000

Matrix 2021:
1.000000 0.500000 2.000000 8.000000
2.000000 1.000000 7.000000 2.000000
0.500000 0.142857 1.000000 0.142857
0.125000 0.500000 7.000000 1.000000

Matrix 2022:
1.000000 0.166667 0.500000 0.125000
6.000000 1.000000 0.125000 0.500000
2.000000 8.000000 1.000000 2.000000
8.000000 2.000000 0.500000 1.000000

Matrix 2023:
1.000000 0.142857 9.000000 7.000000
7.000000 1.000000 1.000000 5.000000
0.111111 1.000000 1.000000 1.000000
0.142857 0.200000 1.000000 1.000000

Matrix 2024:
1.000000 0.250000 0.125000 0.142857
4.000000 1.000000 7.000000 1.000000
8.000000 0.142857 1.000000 0.166667
7.000000 1.000000 6.000000 1.000000

Matrix 2025:
1.000000 0.200000 6.000000 0.111111
5.000000 1.000000 8.000000 3.000000
0.166667 0.125000 1.000000 0.500000
9.000000 0.333333 2.000000 1.000000

Matrix 2026:
1.000000 0.111111 0.166667 5.000000
9.000000 1.000000 1.000000 1.000000
6.000000 1.000000 1.000000 1.000000
0.200000 1.000000 1.000000 1.000000

Matrix 2027:
1.000000 0.166667 3.000000 2.000000
6.000000 1.000000 1.000000 3.000000
0.333333 1.000000 1.000000 7.000000
0.500000 0.333333 0.142857 1.000000

Matrix 2028:
1.000000 1.000000 1.000000 7.000000
1.000000 1.000000 0.250000 9.000000
1.000000 4.000000 1.000000 1.000000
0.142857 0.111111 1.000000 1.000000

Matrix 2029:
1.000000 1.000000 1.000000 9.000000
1.000000 1.000000 6.000000 4.000000
1.000000 0.166667 1.000000 0.166667
0.111111 0.250000 6.000000 1.000000

Matrix 2030:
1.000000 3.000000 2.000000 4.000000
0.333333 1.000000 3.000000 4.000000
0.500000 0.333333 1.000000 6.000000
0.250000 0.250000 0.166667 1.000000

Matrix 2031:
1.000000 3.000000 1.000000 1.000000
0.333333 1.000000 8.000000 0.333333
1.000000 0.125000 1.000000 0.125000
1.000000 3.000000 8.000000 1.000000

Matrix 2032:
1.000000 4.000000 8.000000 5.000000
0.250000 1.000000 1.000000 8.000000
0.125000 1.000000 1.000000 4.000000
0.200000 0.125000 0.250000 1.000000

Matrix 2033:
1.000000 8.000000 6.000000 4.000000
0.125000 1.000000 5.000000 8.000000
0.166667 0.200000 1.000000 8.000000
0.250000 0.125000 0.125000 1.000000

Matrix 2034:
1.000000 1.000000 1.000000 4.000000
1.000000 1.000000 5.000000 5.000000
1.000000 0.200000 1.000000 9.000000
0.250000 0.200000 0.111111 1.000000

Matrix 2035:
1.000000 0.166667 0.250000 4.000000
6.000000 1.000000 9.000000 2.000000
4.000000 0.111111 1.000000 1.000000
0.250000 0.500000 1.000000 1.000000

Matrix 2036:
1.000000 8.000000 0.333333 0.142857
0.125000 1.000000 0.166667 0.200000
3.000000 6.000000 1.000000 6.000000
7.000000 5.000000 0.166667 1.000000

Matrix 2037:
1.000000 3.000000 0.500000 0.333333
0.333333 1.000000 0.142857 5.000000
2.000000 7.000000 1.000000 5.000000
3.000000 0.200000 0.200000 1.000000

Matrix 2038:
1.000000 0.166667 0.250000 0.200000
6.000000 1.000000 0.333333 0.500000
4.000000 3.000000 1.000000 0.500000
5.000000 2.000000 2.000000 1.000000

Matrix 2039:
1.000000 9.000000 0.333333 0.111111
0.111111 1.000000 0.125000 0.250000
3.000000 8.000000 1.000000 9.000000
9.000000 4.000000 0.111111 1.000000

Matrix 2040:
1.000000 0.250000 4.000000 0.125000
4.000000 1.000000 7.000000 0.250000
0.250000 0.142857 1.000000 1.000000
8.000000 4.000000 1.000000 1.000000

Matrix 2041:
1.000000 2.000000 0.142857 0.500000
0.500000 1.000000 2.000000 1.000000
7.000000 0.500000 1.000000 2.000000
2.000000 1.000000 0.500000 1.000000

Matrix 2042:
1.000000 8.000000 4.000000 1.000000
0.125000 1.000000 1.000000 7.000000
0.250000 1.000000 1.000000 2.000000
1.000000 0.142857 0.500000 1.000000

Matrix 2043:
1.000000 1.000000 0.166667 1.000000
1.000000 1.000000 0.250000 0.166667
6.000000 4.000000 1.000000 9.000000
1.000000 6.000000 0.111111 1.000000

Matrix 2044:
1.000000 0.250000 6.000000 0.500000
4.000000 1.000000 1.000000 0.166667
0.166667 1.000000 1.000000 0.500000
2.000000 6.000000 2.000000 1.000000

Matrix 2045:
1.000000 9.000000 4.000000 5.000000
0.111111 1.000000 1.000000 1.000000
0.250000 1.000000 1.000000 6.000000
0.200000 1.000000 0.166667 1.000000

Matrix 2046:
1.000000 0.500000 0.111111 7.000000
2.000000 1.000000 0.500000 7.000000
9.000000 2.000000 1.000000 4.000000
0.142857 0.142857 0.250000 1.000000

Matrix 2047:
1.000000 1.000000 2.000000 0.111111
1.000000 1.000000 3.000000 0.333333
0.500000 0.333333 1.000000 1.000000
9.000000 3.000000 1.000000 1.000000

Matrix 2048:
1.000000 5.000000 7.000000 6.000000
0.200000 1.000000 1.000000 7.000000
0.142857 1.000000 1.000000 2.000000
0.166667 0.142857 0.500000 1.000000

Matrix 2049:
1.000000 7.000000 1.000000 4.000000
0.142857 1.000000 5.000000 0.250000
1.000000 0.200000 1.000000 2.000000
0.250000 4.000000 0.500000 1.000000

Matrix 2050:
1.000000 7.000000 1.000000 8.000000
0.142857 1.000000 0.200000 0.125000
1.000000 5.000000 1.000000 0.500000
0.125000 8.000000 2.000000 1.000000

Matrix 2051:
1.000000 2.000000 0.500000 8.000000
0.500000 1.000000 2.000000 2.000000
2.000000 0.500000 1.000000 9.000000
0.125000 0.500000 0.111111 1.000000

Matrix 2052:
1.000000 0.500000 8.000000 8.000000
2.000000 1.000000 3.000000 9.000000
0.125000 0.333333 1.000000 0.500000
0.125000 0.111111 2.000000 1.000000

Matrix 2053:
1.000000 5.000000 0.111111 0.142857
0.200000 1.000000 0.111111 1.000000
9.000000 9.000000 1.000000 0.500000
7.000000 1.000000 2.000000 1.000000

Matrix 2054:
1.000000 0.200000 1.000000 0.125000
5.000000 1.000000 1.000000 3.000000
1.000000 1.000000 1.000000 4.000000
8.000000 0.333333 0.250000 1.000000

Matrix 2055:
1.000000 7.000000 0.250000 7.000000
0.142857 1.000000 0.166667 1.000000
4.000000 6.000000 1.000000 5.000000
0.142857 1.000000 0.200000 1.000000

Matrix 2056:
1.000000 3.000000 8.000000 1.000000
0.333333 1.000000 9.000000 0.125000
0.125000 0.111111 1.000000 0.166667
1.000000 8.000000 6.000000 1.000000

Matrix 2057:
1.000000 1.000000 0.333333 1.000000
1.000000 1.000000 2.000000 9.000000
3.000000 0.500000 1.000000 3.000000
1.000000 0.111111 0.333333 1.000000

Matrix 2058:
1.000000 4.000000 0.333333 8.000000
0.250000 1.000000 0.125000 0.166667
3.000000 8.000000 1.000000 4.000000
0.125000 6.000000 0.250000 1.000000

Matrix 2059:
1.000000 6.000000 7.000000 3.000000
0.166667 1.000000 0.500000 0.111111
0.142857 2.000000 1.000000 0.111111
0.333333 9.000000 9.000000 1.000000

Matrix 2060:
1.000000 0.333333 8.000000 3.000000
3.000000 1.000000 8.000000 1.000000
0.125000 0.125000 1.000000 6.000000
0.333333 1.000000 0.166667 1.000000

Matrix 2061:
1.000000 3.000000 1.000000 1.000000
0.333333 1.000000 0.111111 0.500000
1.000000 9.000000 1.000000 7.000000
1.000000 2.000000 0.142857 1.000000

Matrix 2062:
1.000000 0.166667 1.000000 1.000000
6.000000 1.000000 0.500000 6.000000
1.000000 2.000000 1.000000 0.333333
1.000000 0.166667 3.000000 1.000000

Matrix 2063:
1.000000 0.333333 0.250000 0.500000
3.000000 1.000000 0.250000 4.000000
4.000000 4.000000 1.000000 4.000000
2.000000 0.250000 0.250000 1.000000

Matrix 2064:
1.000000 3.000000 6.000000 1.000000
0.333333 1.000000 0.125000 0.250000
0.166667 8.000000 1.000000 7.000000
1.000000 4.000000 0.142857 1.000000

Matrix 2065:
1.000000 9.000000 1.000000 4.000000
0.111111 1.000000 0.200000 2.000000
1.000000 5.000000 1.000000 1.000000
0.250000 0.500000 1.000000 1.000000

Matrix 2066:
1.000000 0.500000 0.500000 0.142857
2.000000 1.000000 5.000000 0.125000
2.000000 0.200000 1.000000 0.166667
7.000000 8.000000 6.000000 1.000000

Matrix 2067:
1.000000 0.333333 1.000000 0.333333
3.000000 1.000000 0.333333 0.166667
1.000000 3.000000 1.000000 0.111111
3.000000 6.000000 9.000000 1.000000

Matrix 2068:
1.000000 0.111111 5.000000 0.111111
9.000000 1.000000 4.000000 0.500000
0.200000 0.250000 1.000000 1.000000
9.000000 2.000000 1.000000 1.000000

Matrix 2069:
1.000000 0.500000 0.111111 0.125000
2.000000 1.000000 0.500000 4.000000
9.000000 2.000000 1.000000 8.000000
8.000000 0.250000 0.125000 1.000000

Matrix 2070:
1.000000 5.000000 4.000000 0.500000
0.200000 1.000000 0.125000 0.125000
0.250000 8.000000 1.000000 4.000000
2.000000 8.000000 0.250000 1.000000

Matrix 2071:
1.000000 9.000000 3.000000 8.000000
0.111111 1.000000 3.000000 5.000000
0.333333 0.333333 1.000000 0.111111
0.125000 0.200000 9.000000 1.000000

Matrix 2072:
1.000000 7.000000 3.000000 1.000000
0.142857 1.000000 5.000000 1.000000
0.333333 0.200000 1.000000 0.200000
1.000000 1.000000 5.000000 1.000000

Matrix 2073:
1.000000 0.250000 0.166667 0.250000
4.000000 1.000000 0.111111 0.250000
6.000000 9.000000 1.000000 0.250000
4.000000 4.000000 4.000000 1.000000

Matrix 2074:
1.000000 0.333333 0.111111 0.333333
3.000000 1.000000 0.125000 0.125000
9.000000 8.000000 1.000000 8.000000
3.000000 8.000000 0.125000 1.000000

Matrix 2075:
1.000000 1.000000 0.142857 5.000000
1.000000 1.000000 0.111111 0.111111
7.000000 9.000000 1.000000 1.000000
0.200000 9.000000 1.000000 1.000000

Matrix 2076:
1.000000 2.000000 4.000000 4.000000
0.500000 1.000000 7.000000 4.000000
0.250000 0.142857 1.000000 5.000000
0.250000 0.250000 0.200000 1.000000

Matrix 2077:
1.000000 8.000000 7.000000 4.000000
0.125000 1.000000 0.111111 5.000000
0.142857 9.000000 1.000000 1.000000
0.250000 0.200000 1.000000 1.000000

Matrix 2078:
1.000000 0.125000 0.200000 1.000000
8.000000 1.000000 1.000000 6.000000
5.000000 1.000000 1.000000 1.000000
1.000000 0.166667 1.000000 1.000000

Matrix 2079:
1.000000 0.333333 7.000000 1.000000
3.000000 1.000000 2.000000 0.250000
0.142857 0.500000 1.000000 0.142857
1.000000 4.000000 7.000000 1.000000

Matrix 2080:
1.000000 0.250000 0.166667 1.000000
4.000000 1.000000 8.000000 3.000000
6.000000 0.125000 1.000000 2.000000
1.000000 0.333333 0.500000 1.000000

Matrix 2081:
1.000000 0.125000 9.000000 5.000000
8.000000 1.000000 2.000000 6.000000
0.111111 0.500000 1.000000 3.000000
0.200000 0.166667 0.333333 1.000000

Matrix 2082:
1.000000 7.000000 5.000000 1.000000
0.142857 1.000000 2.000000 1.000000
0.200000 0.500000 1.000000 0.125000
1.000000 1.000000 8.000000 1.000000

Matrix 2083:
1.000000 0.125000 3.000000 9.000000
8.000000 1.000000 6.000000 6.000000
0.333333 0.166667 1.000000 8.000000
0.111111 0.166667 0.125000 1.000000

Matrix 2084:
1.000000 0.500000 1.000000 3.000000
2.000000 1.000000 3.000000 7.000000
1.000000 0.333333 1.000000 0.500000
0.333333 0.142857 2.000000 1.000000

Matrix 2085:
1.000000 2.000000 5.000000 7.000000
0.500000 1.000000 0.333333 0.125000
0.200000 3.000000 1.000000 9.000000
0.142857 8.000000 0.111111 1.000000

Matrix 2086:
1.000000 1.000000 8.000000 8.000000
1.000000 1.000000 0.142857 5.000000
0.125000 7.000000 1.000000 5.000000
0.125000 0.200000 0.200000 1.000000

Matrix 2087:
1.000000 0.142857 0.142857 0.500000
7.000000 1.000000 9.000000 7.000000
7.000000 0.111111 1.000000 8.000000
2.000000 0.142857 0.125000 1.000000

Matrix 2088:
1.000000 0.200000 3.000000 6.000000
5.000000 1.000000 0.333333 7.000000
0.333333 3.000000 1.000000 2.000000
0.166667 0.142857 0.500000 1.000000

Matrix 2089:
1.000000 6.000000 0.500000 4.000000
0.166667 1.000000 2.000000 1.000000
2.000000 0.500000 1.000000 7.000000
0.250000 1.000000 0.142857 1.000000

Matrix 2090:
1.000000 6.000000 0.500000 4.000000
0.166667 1.000000 0.200000 6.000000
2.000000 5.000000 1.000000 7.000000
0.250000 0.166667 0.142857 1.000000

Matrix 2091:
1.000000 0.500000 1.000000 4.000000
2.000000 1.000000 7.000000 4.000000
1.000000 0.142857 1.000000 0.111111
0.250000 0.250000 9.000000 1.000000

Matrix 2092:
1.000000 0.200000 7.000000 1.000000
5.000000 1.000000 7.000000 6.000000
0.142857 0.142857 1.000000 1.000000
1.000000 0.166667 1.000000 1.000000

Matrix 2093:
1.000000 4.000000 7.000000 0.200000
0.250000 1.000000 0.125000 0.166667
0.142857 8.000000 1.000000 1.000000
5.000000 6.000000 1.000000 1.000000

Matrix 2094:
1.000000 0.125000 5.000000 0.250000
8.000000 1.000000 1.000000 4.000000
0.200000 1.000000 1.000000 1.000000
4.000000 0.250000 1.000000 1.000000

Matrix 2095:
1.000000 0.200000 0.333333 4.000000
5.000000 1.000000 8.000000 5.000000
3.000000 0.125000 1.000000 0.333333
0.250000 0.200000 3.000000 1.000000

Matrix 2096:
1.000000 0.200000 0.333333 0.333333
5.000000 1.000000 0.250000 2.000000
3.000000 4.000000 1.000000 2.000000
3.000000 0.500000 0.500000 1.000000

Matrix 2097:
1.000000 2.000000 2.000000 0.111111
0.500000 1.000000 0.250000 0.250000
0.500000 4.000000 1.000000 3.000000
9.000000 4.000000 0.333333 1.000000

Matrix 2098:
1.000000 1.000000 1.000000 2.000000
1.000000 1.000000 0.333333 0.200000
1.000000 3.000000 1.000000 3.000000
0.500000 5.000000 0.333333 1.000000

Matrix 2099:
1.000000 0.500000 0.333333 0.250000
2.000000 1.000000 0.200000 1.000000
3.000000 5.000000 1.000000 5.000000
4.000000 1.000000 0.200000 1.000000

Matrix 2100:
1.000000 9.000000 0.333333 0.333333
0.111111 1.000000 0.142857 2.000000
3.000000 7.000000 1.000000 6.000000
3.000000 0.500000 0.166667 1.000000

Matrix 2101:
1.000000 2.000000 0.333333 9.000000
0.500000 1.000000 0.200000 0.250000
3.000000 5.000000 1.000000 6.000000
0.111111 4.000000 0.166667 1.000000

Matrix 2102:
1.000000 0.250000 2.000000 2.000000
4.000000 1.000000 2.000000 2.000000
0.500000 0.500000 1.000000 5.000000
0.500000 0.500000 0.200000 1.000000

Matrix 2103:
1.000000 1.000000 0.125000 0.125000
1.000000 1.000000 9.000000 1.000000
8.000000 0.111111 1.000000 0.166667
8.000000 1.000000 6.000000 1.000000

Matrix 2104:
1.000000 9.000000 3.000000 8.000000
0.111111 1.000000 6.000000 0.111111
0.333333 0.166667 1.000000 0.125000
0.125000 9.000000 8.000000 1.000000

Matrix 2105:
1.000000 1.000000 2.000000 0.333333
1.000000 1.000000 0.166667 0.111111
0.500000 6.000000 1.000000 4.000000
3.000000 9.000000 0.250000 1.000000

Matrix 2106:
1.000000 0.125000 1.000000 2.000000
8.000000 1.000000 1.000000 0.333333
1.000000 1.000000 1.000000 0.200000
0.500000 3.000000 5.000000 1.000000

Matrix 2107:
1.000000 7.000000 2.000000 2.000000
0.142857 1.000000 2.000000 7.000000
0.500000 0.500000 1.000000 0.166667
0.500000 0.142857 6.000000 1.000000

Matrix 2108:
1.000000 0.111111 3.000000 9.000000
9.000000 1.000000 4.000000 8.000000
0.333333 0.250000 1.000000 6.000000
0.111111 0.125000 0.166667 1.000000

Matrix 2109:
1.000000 4.000000 0.111111 4.000000
0.250000 1.000000 0.125000 0.250000
9.000000 8.000000 1.000000 2.000000
0.250000 4.000000 0.500000 1.000000

Matrix 2110:
1.000000 1.000000 1.000000 6.000000
1.000000 1.000000 0.111111 9.000000
1.000000 9.000000 1.000000 4.000000
0.166667 0.111111 0.250000 1.000000

Matrix 2111:
1.000000 0.250000 0.333333 1.000000
4.000000 1.000000 9.000000 5.000000
3.000000 0.111111 1.000000 4.000000
1.000000 0.200000 0.250000 1.000000

Matrix 2112:
1.000000 1.000000 2.000000 0.200000
1.000000 1.000000 0.333333 1.000000
0.500000 3.000000 1.000000 0.333333
5.000000 1.000000 3.000000 1.000000

Matrix 2113:
1.000000 1.000000 0.142857 7.000000
1.000000 1.000000 0.500000 6.000000
7.000000 2.000000 1.000000 9.000000
0.142857 0.166667 0.111111 1.000000

Matrix 2114:
1.000000 0.333333 2.000000 0.166667
3.000000 1.000000 0.250000 0.250000
0.500000 4.000000 1.000000 2.000000
6.000000 4.000000 0.500000 1.000000

Matrix 2115:
1.000000 1.000000 4.000000 0.500000
1.000000 1.000000 5.000000 8.000000
0.250000 0.200000 1.000000 3.000000
2.000000 0.125000 0.333333 1.000000

Matrix 2116:
1.000000 0.250000 0.200000 7.000000
4.000000 1.000000 2.000000 1.000000
5.000000 0.500000 1.000000 1.000000
0.142857 1.000000 1.000000 1.000000

Matrix 2117:
1.000000 8.000000 0.333333 1.000000
0.125000 1.000000 0.250000 0.111111
3.000000 4.000000 1.000000 5.000000
1.000000 9.000000 0.200000 1.000000

Matrix 2118:
1.000000 0.333333 1.000000 7.000000
3.000000 1.000000 9.000000 1.000000
1.000000 0.111111 1.000000 0.333333
0.142857 1.000000 3.000000 1.000000

Matrix 2119:
1.000000 5.000000 6.000000 0.142857
0.200000 1.000000 0.111111 0.200000
0.166667 9.000000 1.000000 0.142857
7.000000 5.000000 7.000000 1.000000

Matrix 2120:
1.000000 2.000000 1.000000 0.333333
0.500000 1.000000 8.000000 8.000000
1.000000 0.125000 1.000000 2.000000
3.000000 0.125000 0.500000 1.000000

Matrix 2121:
1.000000 0.250000 0.500000 1.000000
4.000000 1.000000 0.166667 0.200000
2.000000 6.000000 1.000000 0.166667
1.000000 5.000000 6.000000 1.000000

Matrix 2122:
1.000000 6.000000 0.500000 0.333333
0.166667 1.000000 4.000000 0.142857
2.000000 0.250000 1.000000 1.000000
3.000000 7.000000 1.000000 1.000000

Matrix 2123:
1.000000 4.000000 0.250000 0.166667
0.250000 1.000000 1.000000 1.000000
4.000000 1.000000 1.000000 2.000000
6.000000 1.000000 0.500000 1.000000

Matrix 2124:
1.000000 5.000000 1.000000 1.000000
0.200000 1.000000 5.000000 0.166667
1.000000 0.200000 1.000000 1.000000
1.000000 6.000000 1.000000 1.000000

Matrix 2125:
1.000000 0.125000 0.142857 4.000000
8.000000 1.000000 0.200000 4.000000
7.000000 5.000000 1.000000 1.000000
0.250000 0.250000 1.000000 1.000000

Matrix 2126:
1.000000 4.000000 0.333333 7.000000
0.250000 1.000000 3.000000 4.000000
3.000000 0.333333 1.000000 8.000000
0.142857 0.250000 0.125000 1.000000

Matrix 2127:
1.000000 5.000000 7.000000 6.000000
0.200000 1.000000 2.000000 2.000000
0.142857 0.500000 1.000000 4.000000
0.166667 0.500000 0.250000 1.000000

Matrix 2128:
1.000000 0.142857 7.000000 0.333333
7.000000 1.000000 5.000000 3.000000
0.142857 0.200000 1.000000 1.000000
3.000000 0.333333 1.000000 1.000000

Matrix 2129:
1.000000 0.166667 4.000000 8.000000
6.000000 1.000000 5.000000 7.000000
0.250000 0.200000 1.000000 0.500000
0.125000 0.142857 2.000000 1.000000

Matrix 2130:
1.000000 0.500000 0.111111 2.000000
2.000000 1.000000 8.000000 8.000000
9.000000 0.125000 1.000000 5.000000
0.500000 0.125000 0.200000 1.000000

Matrix 2131:
1.000000 0.333333 8.000000 0.166667
3.000000 1.000000 3.000000 0.333333
0.125000 0.333333 1.000000 0.125000
6.000000 3.000000 8.000000 1.000000

Matrix 2132:
1.000000 9.000000 7.000000 4.000000
0.111111 1.000000 3.000000 0.250000
0.142857 0.333333 1.000000 0.500000
0.250000 4.000000 2.000000 1.000000

Matrix 2133:
1.000000 9.000000 9.000000 0.500000
0.111111 1.000000 0.333333 1.000000
0.111111 3.000000 1.000000 0.125000
2.000000 1.000000 8.000000 1.000000

Matrix 2134:
1.000000 0.333333 0.250000 1.000000
3.000000 1.000000 0.500000 0.125000
4.000000 2.000000 1.000000 9.000000
1.000000 8.000000 0.111111 1.000000

Matrix 2135:
1.000000 4.000000 0.333333 0.125000
0.250000 1.000000 3.000000 0.500000
3.000000 0.333333 1.000000 0.250000
8.000000 2.000000 4.000000 1.000000

Matrix 2136:
1.000000 1.000000 1.000000 0.333333
1.000000 1.000000 0.333333 6.000000
1.000000 3.000000 1.000000 6.000000
3.000000 0.166667 0.166667 1.000000

Matrix 2137:
1.000000 0.142857 0.125000 4.000000
7.000000 1.000000 8.000000 4.000000
8.000000 0.125000 1.000000 0.500000
0.250000 0.250000 2.000000 1.000000

Matrix 2138:
1.000000 0.166667 5.000000 7.000000
6.000000 1.000000 0.500000 4.000000
0.200000 2.000000 1.000000 1.000000
0.142857 0.250000 1.000000 1.000000

Matrix 2139:
1.000000 0.200000 4.000000 4.000000
5.000000 1.000000 5.000000 0.333333
0.250000 0.200000 1.000000 0.166667
0.250000 3.000000 6.000000 1.000000

Matrix 2140:
1.000000 1.000000 0.500000 1.000000
1.000000 1.000000 0.200000 0.200000
2.000000 5.000000 1.000000 0.166667
1.000000 5.000000 6.000000 1.000000

Matrix 2141:
1.000000 4.000000 0.333333 3.000000
0.250000 1.000000 6.000000 9.000000
3.000000 0.166667 1.000000 6.000000
0.333333 0.111111 0.166667 1.000000

Matrix 2142:
1.000000 4.000000 5.000000 1.000000
0.250000 1.000000 4.000000 8.000000
0.200000 0.250000 1.000000 8.000000
1.000000 0.125000 0.125000 1.000000

Matrix 2143:
1.000000 0.142857 0.166667 7.000000
7.000000 1.000000 0.125000 5.000000
6.000000 8.000000 1.000000 4.000000
0.142857 0.200000 0.250000 1.000000

Matrix 2144:
1.000000 4.000000 2.000000 0.166667
0.250000 1.000000 0.250000 1.000000
0.500000 4.000000 1.000000 2.000000
6.000000 1.000000 0.500000 1.000000

Matrix 2145:
1.000000 4.000000 3.000000 5.000000
0.250000 1.000000 3.000000 1.000000
0.333333 0.333333 1.000000 0.111111
0.200000 1.000000 9.000000 1.000000

Matrix 2146:
1.000000 5.000000 0.500000 0.333333
0.200000 1.000000 4.000000 0.333333
2.000000 0.250000 1.000000 2.000000
3.000000 3.000000 0.500000 1.000000

Matrix 2147:
1.000000 0.111111 0.200000 0.333333
9.000000 1.000000 8.000000 9.000000
5.000000 0.125000 1.000000 0.142857
3.000000 0.111111 7.000000 1.000000

Matrix 2148:
1.000000 6.000000 0.111111 4.000000
0.166667 1.000000 0.142857 0.333333
9.000000 7.000000 1.000000 6.000000
0.250000 3.000000 0.166667 1.000000

Matrix 2149:
1.000000 4.000000 6.000000 7.000000
0.250000 1.000000 1.000000 0.111111
0.166667 1.000000 1.000000 1.000000
0.142857 9.000000 1.000000 1.000000

Matrix 2150:
1.000000 0.200000 0.333333 0.125000
5.000000 1.000000 3.000000 1.000000
3.000000 0.333333 1.000000 9.000000
8.000000 1.000000 0.111111 1.000000

Matrix 2151:
1.000000 8.000000 3.000000 1.000000
0.125000 1.000000 8.000000 7.000000
0.333333 0.125000 1.000000 0.333333
1.000000 0.142857 3.000000 1.000000

Matrix 2152:
1.000000 2.000000 0.200000 0.125000
0.500000 1.000000 5.000000 0.333333
5.000000 0.200000 1.000000 0.111111
8.000000 3.000000 9.000000 1.000000

Matrix 2153:
1.000000 0.142857 1.000000 1.000000
7.000000 1.000000 8.000000 1.000000
1.000000 0.125000 1.000000 0.142857
1.000000 1.000000 7.000000 1.000000

Matrix 2154:
1.000000 8.000000 8.000000 0.125000
0.125000 1.000000 0.250000 0.125000
0.125000 4.000000 1.000000 0.333333
8.000000 8.000000 3.000000 1.000000

Matrix 2155:
1.000000 0.200000 0.200000 0.125000
5.000000 1.000000 0.200000 0.125000
5.000000 5.000000 1.000000 9.000000
8.000000 8.000000 0.111111 1.000000

Matrix 2156:
1.000000 0.125000 2.000000 7.000000
8.000000 1.000000 2.000000 4.000000
0.500000 0.500000 1.000000 5.000000
0.142857 0.250000 0.200000 1.000000

Matrix 2157:
1.000000 0.142857 0.166667 0.111111
7.000000 1.000000 0.111111 4.000000
6.000000 9.000000 1.000000 1.000000
9.000000 0.250000 1.000000 1.000000

Matrix 2158:
1.000000 5.000000 4.000000 0.500000
0.200000 1.000000 0.125000 0.142857
0.250000 8.000000 1.000000 0.111111
2.000000 7.000000 9.000000 1.000000

Matrix 2159:
1.000000 5.000000 2.000000 7.000000
0.200000 1.000000 0.200000 7.000000
0.500000 5.000000 1.000000 4.000000
0.142857 0.142857 0.250000 1.000000

Matrix 2160:
1.000000 1.000000 0.250000 1.000000
1.000000 1.000000 0.250000 7.000000
4.000000 4.000000 1.000000 7.000000
1.000000 0.142857 0.142857 1.000000

Matrix 2161:
1.000000 0.250000 0.125000 1.000000
4.000000 1.000000 0.500000 0.166667
8.000000 2.000000 1.000000 5.000000
1.000000 6.000000 0.200000 1.000000

Matrix 2162:
1.000000 2.000000 0.500000 0.200000
0.500000 1.000000 2.000000 0.125000
2.000000 0.500000 1.000000 0.500000
5.000000 8.000000 2.000000 1.000000

Matrix 2163:
1.000000 4.000000 7.000000 1.000000
0.250000 1.000000 2.000000 6.000000
0.142857 0.500000 1.000000 1.000000
1.000000 0.166667 1.000000 1.000000

Matrix 2164:
1.000000 7.000000 5.000000 1.000000
0.142857 1.000000 0.333333 0.142857
0.200000 3.000000 1.000000 5.000000
1.000000 7.000000 0.200000 1.000000

Matrix 2165:
1.000000 0.250000 9.000000 1.000000
4.000000 1.000000 1.000000 8.000000
0.111111 1.000000 1.000000 2.000000
1.000000 0.125000 0.500000 1.000000

Matrix 2166:
1.000000 0.250000 2.000000 3.000000
4.000000 1.000000 0.333333 0.500000
0.500000 3.000000 1.000000 4.000000
0.333333 2.000000 0.250000 1.000000

Matrix 2167:
1.000000 4.000000 8.000000 7.000000
0.250000 1.000000 9.000000 0.142857
0.125000 0.111111 1.000000 0.111111
0.142857 7.000000 9.000000 1.000000

Matrix 2168:
1.000000 5.000000 0.142857 6.000000
0.200000 1.000000 0.125000 0.500000
7.000000 8.000000 1.000000 1.000000
0.166667 2.000000 1.000000 1.000000

Matrix 2169:
1.000000 1.000000 8.000000 7.000000
1.000000 1.000000 3.000000 0.142857
0.125000 0.333333 1.000000 0.333333
0.142857 7.000000 3.000000 1.000000

Matrix 2170:
1.000000 1.000000 9.000000 1.000000
1.000000 1.000000 8.000000 5.000000
0.111111 0.125000 1.000000 0.111111
1.000000 0.200000 9.000000 1.000000

Matrix 2171:
1.000000 0.125000 0.333333 0.200000
8.000000 1.000000 9.000000 5.000000
3.000000 0.111111 1.000000 9.000000
5.000000 0.200000 0.111111 1.000000

Matrix 2172:
1.000000 0.333333 0.333333 0.250000
3.000000 1.000000 5.000000 2.000000
3.000000 0.200000 1.000000 0.166667
4.000000 0.500000 6.000000 1.000000

Matrix 2173:
1.000000 0.166667 0.250000 1.000000
6.000000 1.000000 7.000000 2.000000
4.000000 0.142857 1.000000 0.142857
1.000000 0.500000 7.000000 1.000000

Matrix 2174:
1.000000 1.000000 0.250000 1.000000
1.000000 1.000000 0.125000 0.500000
4.000000 8.000000 1.000000 0.250000
1.000000 2.000000 4.000000 1.000000

Matrix 2175:
1.000000 0.125000 3.000000 0.250000
8.000000 1.000000 9.000000 0.500000
0.333333 0.111111 1.000000 0.333333
4.000000 2.000000 3.000000 1.000000

Matrix 2176:
1.000000 8.000000 7.000000 2.000000
0.125000 1.000000 0.125000 5.000000
0.142857 8.000000 1.000000 9.000000
0.500000 0.200000 0.111111 1.000000

Matrix 2177:
1.000000 0.125000 0.125000 0.250000
8.000000 1.000000 8.000000 7.000000
8.000000 0.125000 1.000000 0.250000
4.000000 0.142857 4.000000 1.000000

Matrix 2178:
1.000000 1.000000 7.000000 6.000000
1.000000 1.000000 5.000000 0.333333
0.142857 0.200000 1.000000 0.250000
0.166667 3.000000 4.000000 1.000000

Matrix 2179:
1.000000 0.111111 0.142857 0.125000
9.000000 1.000000 0.500000 3.000000
7.000000 2.000000 1.000000 0.166667
8.000000 0.333333 6.000000 1.000000

Matrix 2180:
1.000000 0.333333 0.333333 0.111111
3.000000 1.000000 0.111111 0.333333
3.000000 9.000000 1.000000 2.000000
9.000000 3.000000 0.500000 1.000000

Matrix 2181:
1.000000 5.000000 9.000000 0.125000
0.200000 1.000000 0.111111 0.333333
0.111111 9.000000 1.000000 0.166667
8.000000 3.000000 6.000000 1.000000

Matrix 2182:
1.000000 1.000000 3.000000 2.000000
1.000000 1.000000 1.000000 8.000000
0.333333 1.000000 1.000000 1.000000
0.500000 0.125000 1.000000 1.000000

Matrix 2183:
1.000000 7.000000 0.125000 0.166667
0.142857 1.000000 1.000000 0.142857
8.000000 1.000000 1.000000 0.333333
6.000000 7.000000 3.000000 1.000000

Matrix 2184:
1.000000 0.500000 1.000000 3.000000
2.000000 1.000000 1.000000 0.500000
1.000000 1.000000 1.000000 0.142857
0.333333 2.000000 7.000000 1.000000

Matrix 2185:
1.000000 2.000000 0.142857 0.111111
0.500000 1.000000 0.125000 1.000000
7.000000 8.000000 1.000000 6.000000
9.000000 1.000000 0.166667 1.000000

Matrix 2186:
1.000000 0.111111 0.333333 0.250000
9.000000 1.000000 2.000000 1.000000
3.000000 0.500000 1.000000 6.000000
4.000000 1.000000 0.166667 1.000000

Matrix 2187:
1.000000 2.000000 5.000000 6.000000
0.500000 1.000000 1.000000 0.200000
0.200000 1.000000 1.000000 6.000000
0.166667 5.000000 0.166667 1.000000

Matrix 2188:
1.000000 2.000000 2.000000 0.166667
0.500000 1.000000 3.000000 0.166667
0.500000 0.333333 1.000000 2.000000
6.000000 6.000000 0.500000 1.000000

Matrix 2189:
1.000000 0.333333 2.000000 9.000000
3.000000 1.000000 5.000000 7.000000
0.500000 0.200000 1.000000 0.333333
0.111111 0.142857 3.000000 1.000000

Matrix 2190:
1.000000 0.142857 0.333333 0.500000
7.000000 1.000000 3.000000 0.166667
3.000000 0.333333 1.000000 3.000000
2.000000 6.000000 0.333333 1.000000

Matrix 2191:
1.000000 7.000000 4.000000 6.000000
0.142857 1.000000 6.000000 3.000000
0.250000 0.166667 1.000000 0.200000
0.166667 0.333333 5.000000 1.000000

Matrix 2192:
1.000000 8.000000 0.333333 0.250000
0.125000 1.000000 1.000000 0.125000
3.000000 1.000000 1.000000 0.250000
4.000000 8.000000 4.000000 1.000000

Matrix 2193:
1.000000 0.333333 1.000000 7.000000
3.000000 1.000000 0.200000 5.000000
1.000000 5.000000 1.000000 7.000000
0.142857 0.200000 0.142857 1.000000

Matrix 2194:
1.000000 7.000000 9.000000 9.000000
0.142857 1.000000 4.000000 9.000000
0.111111 0.250000 1.000000 0.250000
0.111111 0.111111 4.000000 1.000000

Matrix 2195:
1.000000 0.250000 0.125000 0.166667
4.000000 1.000000 1.000000 7.000000
8.000000 1.000000 1.000000 5.000000
6.000000 0.142857 0.200000 1.000000

Matrix 2196:
1.000000 3.000000 1.000000 7.000000
0.333333 1.000000 8.000000 6.000000
1.000000 0.125000 1.000000 3.000000
0.142857 0.166667 0.333333 1.000000

Matrix 2197:
1.000000 0.333333 8.000000 6.000000
3.000000 1.000000 1.000000 6.000000
0.125000 1.000000 1.000000 1.000000
0.166667 0.166667 1.000000 1.000000

Matrix 2198:
1.000000 0.200000 0.166667 0.166667
5.000000 1.000000 0.166667 3.000000
6.000000 6.000000 1.000000 4.000000
6.000000 0.333333 0.250000 1.000000

Matrix 2199:
1.000000 4.000000 0.500000 0.250000
0.250000 1.000000 0.333333 0.500000
2.000000 3.000000 1.000000 8.000000
4.000000 2.000000 0.125000 1.000000

Matrix 2200:
1.000000 6.000000 8.000000 5.000000
0.166667 1.000000 0.166667 9.000000
0.125000 6.000000 1.000000 7.000000
0.200000 0.111111 0.142857 1.000000

Matrix 2201:
1.000000 8.000000 0.200000 9.000000
0.125000 1.000000 0.142857 4.000000
5.000000 7.000000 1.000000 7.000000
0.111111 0.250000 0.142857 1.000000

Matrix 2202:
1.000000 0.333333 0.200000 3.000000
3.000000 1.000000 3.000000 1.000000
5.000000 0.333333 1.000000 2.000000
0.333333 1.000000 0.500000 1.000000

Matrix 2203:
1.000000 5.000000 2.000000 8.000000
0.200000 1.000000 0.500000 0.111111
0.500000 2.000000 1.000000 0.333333
0.125000 9.000000 3.000000 1.000000

Matrix 2204:
1.000000 6.000000 0.500000 6.000000
0.166667 1.000000 0.166667 0.333333
2.000000 6.000000 1.000000 2.000000
0.166667 3.000000 0.500000 1.000000

Matrix 2205:
1.000000 9.000000 7.000000 4.000000
0.111111 1.000000 0.200000 9.000000
0.142857 5.000000 1.000000 1.000000
0.250000 0.111111 1.000000 1.000000

Matrix 2206:
1.000000 9.000000 0.500000 0.500000
0.111111 1.000000 0.333333 0.166667
2.000000 3.000000 1.000000 8.000000
2.000000 6.000000 0.125000 1.000000

Matrix 2207:
1.000000 4.000000 1.000000 0.125000
0.250000 1.000000 0.142857 0.125000
1.000000 7.000000 1.000000 7.000000
8.000000 8.000000 0.142857 1.000000

Matrix 2208:
1.000000 0.200000 0.125000 0.125000
5.000000 1.000000 9.000000 3.000000
8.000000 0.111111 1.000000 8.000000
8.000000 0.333333 0.125000 1.000000

Matrix 2209:
1.000000 7.000000 4.000000 2.000000
0.142857 1.000000 7.000000 0.200000
0.250000 0.142857 1.000000 0.200000
0.500000 5.000000 5.000000 1.000000

Matrix 2210:
1.000000 0.125000 0.111111 0.111111
8.000000 1.000000 0.166667 8.000000
9.000000 6.000000 1.000000 1.000000
9.000000 0.125000 1.000000 1.000000

Matrix 2211:
1.000000 4.000000 3.000000 0.125000
0.250000 1.000000 0.200000 0.333333
0.333333 5.000000 1.000000 0.125000
8.000000 3.000000 8.000000 1.000000

Matrix 2212:
1.000000 0.333333 0.200000 0.250000
3.000000 1.000000 0.142857 1.000000
5.000000 7.000000 1.000000 9.000000
4.000000 1.000000 0.111111 1.000000

Matrix 2213:
1.000000 0.333333 1.000000 0.142857
3.000000 1.000000 0.125000 0.142857
1.000000 8.000000 1.000000 0.166667
7.000000 7.000000 6.000000 1.000000

Matrix 2214:
1.000000 0.125000 0.250000 8.000000
8.000000 1.000000 2.000000 3.000000
4.000000 0.500000 1.000000 9.000000
0.125000 0.333333 0.111111 1.000000

Matrix 2215:
1.000000 6.000000 6.000000 3.000000
0.166667 1.000000 9.000000 1.000000
0.166667 0.111111 1.000000 0.111111
0.333333 1.000000 9.000000 1.000000

Matrix 2216:
1.000000 2.000000 1.000000 2.000000
0.500000 1.000000 1.000000 0.200000
1.000000 1.000000 1.000000 1.000000
0.500000 5.000000 1.000000 1.000000

Matrix 2217:
1.000000 0.333333 0.333333 0.142857
3.000000 1.000000 1.000000 0.166667
3.000000 1.000000 1.000000 9.000000
7.000000 6.000000 0.111111 1.000000

Matrix 2218:
1.000000 8.000000 6.000000 7.000000
0.125000 1.000000 0.111111 5.000000
0.166667 9.000000 1.000000 1.000000
0.142857 0.200000 1.000000 1.000000

Matrix 2219:
1.000000 1.000000 0.200000 0.111111
1.000000 1.000000 5.000000 1.000000
5.000000 0.200000 1.000000 0.111111
9.000000 1.000000 9.000000 1.000000

Matrix 2220:
1.000000 0.250000 5.000000 0.500000
4.000000 1.000000 5.000000 1.000000
0.200000 0.200000 1.000000 4.000000
2.000000 1.000000 0.250000 1.000000

Matrix 2221:
1.000000 3.000000 8.000000 0.250000
0.333333 1.000000 0.166667 0.500000
0.125000 6.000000 1.000000 1.000000
4.000000 2.000000 1.000000 1.000000

Matrix 2222:
1.000000 0.333333 0.250000 3.000000
3.000000 1.000000 2.000000 0.333333
4.000000 0.500000 1.000000 6.000000
0.333333 3.000000 0.166667 1.000000

Matrix 2223:
1.000000 0.111111 0.333333 0.200000
9.000000 1.000000 0.142857 2.000000
3.000000 7.000000 1.000000 9.000000
5.000000 0.500000 0.111111 1.000000

Matrix 2224:
1.000000 1.000000 0.500000 2.000000
1.000000 1.000000 0.500000 0.166667
2.000000 2.000000 1.000000 0.500000
0.500000 6.000000 2.000000 1.000000

Matrix 2225:
1.000000 0.250000 2.000000 5.000000
4.000000 1.000000 1.000000 8.000000
0.500000 1.000000 1.000000 0.200000
0.200000 0.125000 5.000000 1.000000

Matrix 2226:
1.000000 0.200000 8.000000 8.000000
5.000000 1.000000 3.000000 5.000000
0.125000 0.333333 1.000000 1.000000
0.125000 0.200000 1.000000 1.000000

Matrix 2227:
1.000000 5.000000 0.500000 4.000000
0.200000 1.000000 8.000000 4.000000
2.000000 0.125000 1.000000 3.000000
0.250000 0.250000 0.333333 1.000000

Matrix 2228:
1.000000 1.000000 6.000000 4.000000
1.000000 1.000000 8.000000 0.500000
0.166667 0.125000 1.000000 0.142857
0.250000 2.000000 7.000000 1.000000

Matrix 2229:
1.000000 0.125000 0.125000 0.250000
8.000000 1.000000 7.000000 4.000000
8.000000 0.142857 1.000000 0.500000
4.000000 0.250000 2.000000 1.000000

Matrix 2230:
1.000000 0.333333 1.000000 0.500000
3.000000 1.000000 0.200000 0.142857
1.000000 5.000000 1.000000 0.111111
2.000000 7.000000 9.000000 1.000000

Matrix 2231:
1.000000 4.000000 1.000000 0.166667
0.250000 1.000000 3.000000 1.000000
1.000000 0.333333 1.000000 1.000000
6.000000 1.000000 1.000000 1.000000

Matrix 2232:
1.000000 0.200000 7.000000 5.000000
5.000000 1.000000 9.000000 5.000000
0.142857 0.111111 1.000000 0.333333
0.200000 0.200000 3.000000 1.000000

Matrix 2233:
1.000000 5.000000 3.000000 0.125000
0.200000 1.000000 7.000000 0.125000
0.333333 0.142857 1.000000 0.111111
8.000000 8.000000 9.000000 1.000000

Matrix 2234:
1.000000 3.000000 2.000000 1.000000
0.333333 1.000000 4.000000 0.500000
0.500000 0.250000 1.000000 0.500000
1.000000 2.000000 2.000000 1.000000

Matrix 2235:
1.000000 3.000000 1.000000 2.000000
0.333333 1.000000 0.250000 0.200000
1.000000 4.000000 1.000000 0.142857
0.500000 5.000000 7.000000 1.000000

Matrix 2236:
1.000000 6.000000 9.000000 9.000000
0.166667 1.000000 0.333333 6.000000
0.111111 3.000000 1.000000 7.000000
0.111111 0.166667 0.142857 1.000000

Matrix 2237:
1.000000 0.111111 0.142857 0.125000
9.000000 1.000000 9.000000 9.000000
7.000000 0.111111 1.000000 9.000000
8.000000 0.111111 0.111111 1.000000

Matrix 2238:
1.000000 0.200000 1.000000 9.000000
5.000000 1.000000 6.000000 4.000000
1.000000 0.166667 1.000000 8.000000
0.111111 0.250000 0.125000 1.000000

Matrix 2239:
1.000000 3.000000 6.000000 2.000000
0.333333 1.000000 0.200000 0.200000
0.166667 5.000000 1.000000 1.000000
0.500000 5.000000 1.000000 1.000000

Matrix 2240:
1.000000 0.333333 0.250000 0.166667
3.000000 1.000000 0.333333 3.000000
4.000000 3.000000 1.000000 5.000000
6.000000 0.333333 0.200000 1.000000

Matrix 2241:
1.000000 0.142857 0.166667 0.250000
7.000000 1.000000 0.250000 0.142857
6.000000 4.000000 1.000000 3.000000
4.000000 7.000000 0.333333 1.000000

Matrix 2242:
1.000000 2.000000 3.000000 0.111111
0.500000 1.000000 5.000000 3.000000
0.333333 0.200000 1.000000 0.333333
9.000000 0.333333 3.000000 1.000000

Matrix 2243:
1.000000 3.000000 3.000000 9.000000
0.333333 1.000000 1.000000 8.000000
0.333333 1.000000 1.000000 0.250000
0.111111 0.125000 4.000000 1.000000

Matrix 2244:
1.000000 0.250000 0.200000 7.000000
4.000000 1.000000 0.500000 1.000000
5.000000 2.000000 1.000000 2.000000
0.142857 1.000000 0.500000 1.000000

Matrix 2245:
1.000000 0.333333 0.333333 7.000000
3.000000 1.000000 0.200000 2.000000
3.000000 5.000000 1.000000 5.000000
0.142857 0.500000 0.200000 1.000000

Matrix 2246:
1.000000 0.142857 0.500000 0.333333
7.000000 1.000000 1.000000 0.142857
2.000000 1.000000 1.000000 1.000000
3.000000 7.000000 1.000000 1.000000

Matrix 2247:
1.000000 0.142857 0.200000 5.000000
7.000000 1.000000 0.500000 2.000000
5.000000 2.000000 1.000000 2.000000
0.200000 0.500000 0.500000 1.000000

Matrix 2248:
1.000000 0.125000 0.500000 2.000000
8.000000 1.000000 0.142857 9.000000
2.000000 7.000000 1.000000 5.000000
0.500000 0.111111 0.200000 1.000000

Matrix 2249:
1.000000 0.250000 0.166667 0.142857
4.000000 1.000000 1.000000 0.200000
6.000000 1.000000 1.000000 0.142857
7.000000 5.000000 7.000000 1.000000

Matrix 2250:
1.000000 0.250000 0.250000 0.125000
4.000000 1.000000 0.333333 0.111111
4.000000 3.000000 1.000000 0.200000
8.000000 9.000000 5.000000 1.000000

Matrix 2251:
1.000000 6.000000 7.000000 7.000000
0.166667 1.000000 9.000000 9.000000
0.142857 0.111111 1.000000 6.000000
0.142857 0.111111 0.166667 1.000000

Matrix 2252:
1.000000 4.000000 1.000000 6.000000
0.250000 1.000000 2.000000 4.000000
1.000000 0.500000 1.000000 0.333333
0.166667 0.250000 3.000000 1.000000

Matrix 2253:
1.000000 0.111111 0.200000 0.142857
9.000000 1.000000 0.142857 4.000000
5.000000 7.000000 1.000000 4.000000
7.000000 0.250000 0.250000 1.000000

Matrix 2254:
1.000000 1.000000 0.166667 0.250000
1.000000 1.000000 5.000000 5.000000
6.000000 0.200000 1.000000 4.000000
4.000000 0.200000 0.250000 1.000000

Matrix 2255:
1.000000 0.500000 0.250000 0.125000
2.000000 1.000000 0.111111 0.166667
4.000000 9.000000 1.000000 4.000000
8.000000 6.000000 0.250000 1.000000

Matrix 2256:
1.000000 0.125000 0.333333 4.000000
8.000000 1.000000 1.000000 1.000000
3.000000 1.000000 1.000000 1.000000
0.250000 1.000000 1.000000 1.000000

Matrix 2257:
1.000000 9.000000 2.000000 0.142857
0.111111 1.000000 4.000000 0.142857
0.500000 0.250000 1.000000 0.500000
7.000000 7.000000 2.000000 1.000000

Matrix 2258:
1.000000 0.333333 0.142857 2.000000
3.000000 1.000000 0.111111 6.000000
7.000000 9.000000 1.000000 2.000000
0.500000 0.166667 0.500000 1.000000

Matrix 2259:
1.000000 0.250000 0.166667 0.250000
4.000000 1.000000 0.200000 4.000000
6.000000 5.000000 1.000000 8.000000
4.000000 0.250000 0.125000 1.000000

Matrix 2260:
1.000000 0.333333 5.000000 0.250000
3.000000 1.000000 3.000000 4.000000
0.200000 0.333333 1.000000 0.111111
4.000000 0.250000 9.000000 1.000000

Matrix 2261:
1.000000 0.142857 0.125000 9.000000
7.000000 1.000000 7.000000 5.000000
8.000000 0.142857 1.000000 2.000000
0.111111 0.200000 0.500000 1.000000

Matrix 2262:
1.000000 8.000000 9.000000 3.000000
0.125000 1.000000 6.000000 3.000000
0.111111 0.166667 1.000000 5.000000
0.333333 0.333333 0.200000 1.000000

Matrix 2263:
1.000000 0.250000 0.166667 0.200000
4.000000 1.000000 0.166667 0.250000
6.000000 6.000000 1.000000 9.000000
5.000000 4.000000 0.111111 1.000000

Matrix 2264:
1.000000 4.000000 3.000000 0.200000
0.250000 1.000000 1.000000 0.250000
0.333333 1.000000 1.000000 3.000000
5.000000 4.000000 0.333333 1.000000

Matrix 2265:
1.000000 0.250000 9.000000 7.000000
4.000000 1.000000 4.000000 4.000000
0.111111 0.250000 1.000000 0.111111
0.142857 0.250000 9.000000 1.000000

Matrix 2266:
1.000000 0.250000 0.166667 0.111111
4.000000 1.000000 1.000000 0.333333
6.000000 1.000000 1.000000 7.000000
9.000000 3.000000 0.142857 1.000000

Matrix 2267:
1.000000 5.000000 0.166667 0.125000
0.200000 1.000000 1.000000 0.500000
6.000000 1.000000 1.000000 0.500000
8.000000 2.000000 2.000000 1.000000

Matrix 2268:
1.000000 0.500000 0.250000 0.200000
2.000000 1.000000 0.125000 1.000000
4.000000 8.000000 1.000000 0.166667
5.000000 1.000000 6.000000 1.000000

Matrix 2269:
1.000000 0.333333 9.000000 1.000000
3.000000 1.000000 3.000000 0.250000
0.111111 0.333333 1.000000 1.000000
1.000000 4.000000 1.000000 1.000000

Matrix 2270:
1.000000 0.333333 3.000000 0.125000
3.000000 1.000000 0.142857 0.111111
0.333333 7.000000 1.000000 0.250000
8.000000 9.000000 4.000000 1.000000

Matrix 2271:
1.000000 5.000000 3.000000 7.000000
0.200000 1.000000 9.000000 0.250000
0.333333 0.111111 1.000000 0.333333
0.142857 4.000000 3.000000 1.000000

Matrix 2272:
1.000000 1.000000 2.000000 0.250000
1.000000 1.000000 1.000000 1.000000
0.500000 1.000000 1.000000 6.000000
4.000000 1.000000 0.166667 1.000000

Matrix 2273:
1.000000 9.000000 1.000000 4.000000
0.111111 1.000000 2.000000 8.000000
1.000000 0.500000 1.000000 0.500000
0.250000 0.125000 2.000000 1.000000

Matrix 2274:
1.000000 1.000000 6.000000 0.142857
1.000000 1.000000 8.000000 0.166667
0.166667 0.125000 1.000000 0.333333
7.000000 6.000000 3.000000 1.000000

Matrix 2275:
1.000000 6.000000 0.333333 8.000000
0.166667 1.000000 0.166667 4.000000
3.000000 6.000000 1.000000 3.000000
0.125000 0.250000 0.333333 1.000000

Matrix 2276:
1.000000 0.125000 0.200000 0.142857
8.000000 1.000000 4.000000 3.000000
5.000000 0.250000 1.000000 0.125000
7.000000 0.333333 8.000000 1.000000

Matrix 2277:
1.000000 9.000000 0.142857 0.250000
0.111111 1.000000 0.250000 0.142857
7.000000 4.000000 1.000000 8.000000
4.000000 7.000000 0.125000 1.000000

Matrix 2278:
1.000000 8.000000 4.000000 6.000000
0.125000 1.000000 1.000000 7.000000
0.250000 1.000000 1.000000 0.166667
0.166667 0.142857 6.000000 1.000000

Matrix 2279:
1.000000 2.000000 1.000000 0.111111
0.500000 1.000000 8.000000 3.000000
1.000000 0.125000 1.000000 0.111111
9.000000 0.333333 9.000000 1.000000

Matrix 2280:
1.000000 2.000000 9.000000 6.000000
0.500000 1.000000 1.000000 0.500000
0.111111 1.000000 1.000000 8.000000
0.166667 2.000000 0.125000 1.000000

Matrix 2281:
1.000000 2.000000 2.000000 1.000000
0.500000 1.000000 0.166667 1.000000
0.500000 6.000000 1.000000 6.000000
1.000000 1.000000 0.166667 1.000000

Matrix 2282:
1.000000 0.500000 5.000000 2.000000
2.000000 1.000000 2.000000 6.000000
0.200000 0.500000 1.000000 0.142857
0.500000 0.166667 7.000000 1.000000

Matrix 2283:
1.000000 3.000000 0.333333 0.250000
0.333333 1.000000 0.500000 0.142857
3.000000 2.000000 1.000000 0.111111
4.000000 7.000000 9.000000 1.000000

Matrix 2284:
1.000000 0.111111 0.500000 0.111111
9.000000 1.000000 8.000000 9.000000
2.000000 0.125000 1.000000 0.142857
9.000000 0.111111 7.000000 1.000000

Matrix 2285:
1.000000 0.125000 1.000000 1.000000
8.000000 1.000000 0.200000 8.000000
1.000000 5.000000 1.000000 5.000000
1.000000 0.125000 0.200000 1.000000

Matrix 2286:
1.000000 9.000000 0.200000 5.000000
0.111111 1.000000 1.000000 5.000000
5.000000 1.000000 1.000000 4.000000
0.200000 0.200000 0.250000 1.000000

Matrix 2287:
1.000000 2.000000 0.200000 6.000000
0.500000 1.000000 0.166667 0.111111
5.000000 6.000000 1.000000 2.000000
0.166667 9.000000 0.500000 1.000000

Matrix 2288:
1.000000 1.000000 6.000000 1.000000
1.000000 1.000000 0.166667 0.142857
0.166667 6.000000 1.000000 1.000000
1.000000 7.000000 1.000000 1.000000

Matrix 2289:
1.000000 0.333333 1.000000 0.500000
3.000000 1.000000 1.000000 4.000000
1.000000 1.000000 1.000000 0.500000
2.000000 0.250000 2.000000 1.000000

Matrix 2290:
1.000000 6.000000 1.000000 4.000000
0.166667 1.000000 9.000000 9.000000
1.000000 0.111111 1.000000 0.500000
0.250000 0.111111 2.000000 1.000000

Matrix 2291:
1.000000 2.000000 0.500000 3.000000
0.500000 1.000000 5.000000 7.000000
2.000000 0.200000 1.000000 5.000000
0.333333 0.142857 0.200000 1.000000

Matrix 2292:
1.000000 3.000000 0.500000 0.111111
0.333333 1.000000 9.000000 1.000000
2.000000 0.111111 1.000000 0.200000
9.000000 1.000000 5.000000 1.000000

Matrix 2293:
1.000000 2.000000 3.000000 0.250000
0.500000 1.000000 1.000000 0.333333
0.333333 1.000000 1.000000 4.000000
4.000000 3.000000 0.250000 1.000000

Matrix 2294:
1.000000 3.000000 6.000000 2.000000
0.333333 1.000000 8.000000 6.000000
0.166667 0.125000 1.000000 6.000000
0.500000 0.166667 0.166667 1.000000

Matrix 2295:
1.000000 1.000000 8.000000 8.000000
1.000000 1.000000 4.000000 2.000000
0.125000 0.250000 1.000000 9.000000
0.125000 0.500000 0.111111 1.000000

Matrix 2296:
1.000000 0.333333 8.000000 0.200000
3.000000 1.000000 1.000000 0.166667
0.125000 1.000000 1.000000 0.166667
5.000000 6.000000 6.000000 1.000000

Matrix 2297:
1.000000 8.000000 0.111111 6.000000
0.125000 1.000000 0.500000 0.250000
9.000000 2.000000 1.000000 9.000000
0.166667 4.000000 0.111111 1.000000

Matrix 2298:
1.000000 4.000000 6.000000 6.000000
0.250000 1.000000 0.125000 1.000000
0.166667 8.000000 1.000000 0.200000
0.166667 1.000000 5.000000 1.000000

Matrix 2299:
1.000000 0.500000 0.142857 0.250000
2.000000 1.000000 4.000000 1.000000
7.000000 0.250000 1.000000 0.111111
4.000000 1.000000 9.000000 1.000000

Matrix 2300:
1.000000 2.000000 2.000000 2.000000
0.500000 1.000000 3.000000 5.000000
0.500000 0.333333 1.000000 8.000000
0.500000 0.200000 0.125000 1.000000

Matrix 2301:
1.000000 7.000000 7.000000 0.500000
0.142857 1.000000 0.500000 1.000000
0.142857 2.000000 1.000000 0.200000
2.000000 1.000000 5.000000 1.000000

Matrix 2302:
1.000000 9.000000 1.000000 7.000000
0.111111 1.000000 0.125000 6.000000
1.000000 8.000000 1.000000 4.000000
0.142857 0.166667 0.250000 1.000000

Matrix 2303:
1.000000 5.000000 6.000000 9.000000
0.200000 1.000000 0.333333 0.142857
0.166667 3.000000 1.000000 8.000000
0.111111 7.000000 0.125000 1.000000

Matrix 2304:
1.000000 8.000000 8.000000 7.000000
0.125000 1.000000 9.000000 9.000000
0.125000 0.111111 1.000000 3.000000
0.142857 0.111111 0.333333 1.000000

Matrix 2305:
1.000000 1.000000 0.125000 9.000000
1.000000 1.000000 1.000000 7.000000
8.000000 1.000000 1.000000 7.000000
0.111111 0.142857 0.142857 1.000000

Matrix 2306:
1.000000 3.000000 5.000000 1.000000
0.333333 1.000000 1.000000 0.333333
0.200000 1.000000 1.000000 6.000000
1.000000 3.000000 0.166667 1.000000

Matrix 2307:
1.000000 0.250000 7.000000 0.111111
4.000000 1.000000 7.000000 0.125000
0.142857 0.142857 1.000000 0.166667
9.000000 8.000000 6.000000 1.000000

Matrix 2308:
1.000000 1.000000 0.250000 0.500000
1.000000 1.000000 0.142857 8.000000
4.000000 7.000000 1.000000 6.000000
2.000000 0.125000 0.166667 1.000000

Matrix 2309:
1.000000 1.000000 0.111111 7.000000
1.000000 1.000000 0.250000 4.000000
9.000000 4.000000 1.000000 2.000000
0.142857 0.250000 0.500000 1.000000

Matrix 2310:
1.000000 4.000000 1.000000 0.250000
0.250000 1.000000 1.000000 1.000000
1.000000 1.000000 1.000000 0.333333
4.000000 1.000000 3.000000 1.000000

Matrix 2311:
1.000000 0.200000 6.000000 0.333333
5.000000 1.000000 1.000000 0.250000
0.166667 1.000000 1.000000 1.000000
3.000000 4.000000 1.000000 1.000000

Matrix 2312:
1.000000 8.000000 4.000000 5.000000
0.125000 1.000000 0.200000 1.000000
0.250000 5.000000 1.000000 8.000000
0.200000 1.000000 0.125000 1.000000

Matrix 2313:
1.000000 1.000000 7.000000 0.250000
1.000000 1.000000 1.000000 0.200000
0.142857 1.000000 1.000000 0.142857
4.000000 5.000000 7.000000 1.000000

Matrix 2314:
1.000000 4.000000 1.000000 4.000000
0.250000 1.000000 4.000000 7.000000
1.000000 0.250000 1.000000 0.500000
0.250000 0.142857 2.000000 1.000000

Matrix 2315:
1.000000 0.200000 0.166667 0.333333
5.000000 1.000000 2.000000 0.111111
6.000000 0.500000 1.000000 0.111111
3.000000 9.000000 9.000000 1.000000

Matrix 2316:
1.000000 9.000000 2.000000 0.500000
0.111111 1.000000 8.000000 0.166667
0.500000 0.125000 1.000000 0.166667
2.000000 6.000000 6.000000 1.000000

Matrix 2317:
1.000000 9.000000 7.000000 1.000000
0.111111 1.000000 0.125000 0.333333
0.142857 8.000000 1.000000 0.500000
1.000000 3.000000 2.000000 1.000000

Matrix 2318:
1.000000 1.000000 0.250000 0.142857
1.000000 1.000000 1.000000 1.000000
4.000000 1.000000 1.000000 9.000000
7.000000 1.000000 0.111111 1.000000

Matrix 2319:
1.000000 0.250000 0.333333 0.125000
4.000000 1.000000 1.000000 7.000000
3.000000 1.000000 1.000000 0.500000
8.000000 0.142857 2.000000 1.000000

Matrix 2320:
1.000000 8.000000 6.000000 8.000000
0.125000 1.000000 7.000000 1.000000
0.166667 0.142857 1.000000 4.000000
0.125000 1.000000 0.250000 1.000000

Matrix 2321:
1.000000 1.000000 4.000000 6.000000
1.000000 1.000000 7.000000 0.333333
0.250000 0.142857 1.000000 0.250000
0.166667 3.000000 4.000000 1.000000

Matrix 2322:
1.000000 5.000000 4.000000 6.000000
0.200000 1.000000 0.200000 1.000000
0.250000 5.000000 1.000000 0.250000
0.166667 1.000000 4.000000 1.000000

Matrix 2323:
1.000000 5.000000 2.000000 5.000000
0.200000 1.000000 4.000000 0.500000
0.500000 0.250000 1.000000 0.500000
0.200000 2.000000 2.000000 1.000000

Matrix 2324:
1.000000 0.333333 5.000000 6.000000
3.000000 1.000000 7.000000 1.000000
0.200000 0.142857 1.000000 1.000000
0.166667 1.000000 1.000000 1.000000

Matrix 2325:
1.000000 3.000000 0.125000 5.000000
0.333333 1.000000 0.500000 2.000000
8.000000 2.000000 1.000000 4.000000
0.200000 0.500000 0.250000 1.000000

Matrix 2326:
1.000000 9.000000 0.250000 3.000000
0.111111 1.000000 0.200000 2.000000
4.000000 5.000000 1.000000 6.000000
0.333333 0.500000 0.166667 1.000000

Matrix 2327:
1.000000 4.000000 0.250000 3.000000
0.250000 1.000000 0.125000 4.000000
4.000000 8.000000 1.000000 1.000000
0.333333 0.250000 1.000000 1.000000

Matrix 2328:
1.000000 4.000000 3.000000 0.500000
0.250000 1.000000 0.166667 3.000000
0.333333 6.000000 1.000000 8.000000
2.000000 0.333333 0.125000 1.000000

Matrix 2329:
1.000000 3.000000 0.500000 0.142857
0.333333 1.000000 0.111111 0.142857
2.000000 9.000000 1.000000 6.000000
7.000000 7.000000 0.166667 1.000000

Matrix 2330:
1.000000 0.333333 2.000000 4.000000
3.000000 1.000000 0.500000 8.000000
0.500000 2.000000 1.000000 0.333333
0.250000 0.125000 3.000000 1.000000

Matrix 2331:
1.000000 2.000000 0.250000 7.000000
0.500000 1.000000 0.166667 0.142857
4.000000 6.000000 1.000000 1.000000
0.142857 7.000000 1.000000 1.000000

Matrix 2332:
1.000000 5.000000 0.142857 9.000000
0.200000 1.000000 0.111111 1.000000
7.000000 9.000000 1.000000 7.000000
0.111111 1.000000 0.142857 1.000000

Matrix 2333:
1.000000 0.500000 1.000000 1.000000
2.000000 1.000000 1.000000 0.125000
1.000000 1.000000 1.000000 1.000000
1.000000 8.000000 1.000000 1.000000

Matrix 2334:
1.000000 6.000000 0.111111 1.000000
0.166667 1.000000 0.333333 0.250000
9.000000 3.000000 1.000000 6.000000
1.000000 4.000000 0.166667 1.000000

Matrix 2335:
1.000000 5.000000 5.000000 0.500000
0.200000 1.000000 1.000000 0.333333
0.200000 1.000000 1.000000 5.000000
2.000000 3.000000 0.200000 1.000000

Matrix 2336:
1.000000 8.000000 3.000000 9.000000
0.125000 1.000000 5.000000 8.000000
0.333333 0.200000 1.000000 3.000000
0.111111 0.125000 0.333333 1.000000

Matrix 2337:
1.000000 9.000000 1.000000 8.000000
0.111111 1.000000 1.000000 5.000000
1.000000 1.000000 1.000000 9.000000
0.125000 0.200000 0.111111 1.000000

Matrix 2338:
1.000000 1.000000 0.111111 5.000000
1.000000 1.000000 1.000000 1.000000
9.000000 1.000000 1.000000 2.000000
0.200000 1.000000 0.500000 1.000000

Matrix 2339:
1.000000 0.500000 0.125000 3.000000
2.000000 1.000000 9.000000 6.000000
8.000000 0.111111 1.000000 6.000000
0.333333 0.166667 0.166667 1.000000

Matrix 2340:
1.000000 0.125000 1.000000 0.200000
8.000000 1.000000 6.000000 2.000000
1.000000 0.166667 1.000000 4.000000
5.000000 0.500000 0.250000 1.000000

Matrix 2341:
1.000000 0.500000 9.000000 7.000000
2.000000 1.000000 6.000000 4.000000
0.111111 0.166667 1.000000 0.125000
0.142857 0.250000 8.000000 1.000000

Matrix 2342:
1.000000 2.000000 2.000000 0.500000
0.500000 1.000000 6.000000 9.000000
0.500000 0.166667 1.000000 0.166667
2.000000 0.111111 6.000000 1.000000

Matrix 2343:
1.000000 5.000000 4.000000 0.111111
0.200000 1.000000 0.142857 0.200000
0.250000 7.000000 1.000000 2.000000
9.000000 5.000000 0.500000 1.000000

Matrix 2344:
1.000000 0.125000 0.500000 0.166667
8.000000 1.000000 8.000000 8.000000
2.000000 0.125000 1.000000 5.000000
6.000000 0.125000 0.200000 1.000000

Matrix 2345:
1.000000 1.000000 1.000000 0.142857
1.000000 1.000000 7.000000 6.000000
1.000000 0.142857 1.000000 0.500000
7.000000 0.166667 2.000000 1.000000

Matrix 2346:
1.000000 5.000000 0.166667 0.500000
0.200000 1.000000 1.000000 0.111111
6.000000 1.000000 1.000000 0.166667
2.000000 9.000000 6.000000 1.000000

Matrix 2347:
1.000000 9.000000 6.000000 3.000000
0.111111 1.000000 2.000000 5.000000
0.166667 0.500000 1.000000 0.200000
0.333333 0.200000 5.000000 1.000000

Matrix 2348:
1.000000 6.000000 3.000000 0.333333
0.166667 1.000000 2.000000 0.125000
0.333333 0.500000 1.000000 1.000000
3.000000 8.000000 1.000000 1.000000

Matrix 2349:
1.000000 9.000000 0.333333 5.000000
0.111111 1.000000 0.333333 0.111111
3.000000 3.000000 1.000000 0.333333
0.200000 9.000000 3.000000 1.000000

Matrix 2350:
1.000000 0.111111 0.125000 0.250000
9.000000 1.000000 6.000000 6.000000
8.000000 0.166667 1.000000 4.000000
4.000000 0.166667 0.250000 1.000000

Matrix 2351:
1.000000 0.125000 0.500000 5.000000
8.000000 1.000000 0.111111 7.000000
2.000000 9.000000 1.000000 9.000000
0.200000 0.142857 0.111111 1.000000

Matrix 2352:
1.000000 1.000000 7.000000 0.250000
1.000000 1.000000 0.142857 0.333333
0.142857 7.000000 1.000000 1.000000
4.000000 3.000000 1.000000 1.000000

Matrix 2353:
1.000000 0.250000 2.000000 1.000000
4.000000 1.000000 6.000000 0.333333
0.500000 0.166667 1.000000 0.500000
1.000000 3.000000 2.000000 1.000000

Matrix 2354:
1.000000 0.333333 1.000000 1.000000
3.000000 1.000000 7.000000 4.000000
1.000000 0.142857 1.000000 8.000000
1.000000 0.250000 0.125000 1.000000

Matrix 2355:
1.000000 5.000000 2.000000 5.000000
0.200000 1.000000 1.000000 0.250000
0.500000 1.000000 1.000000 7.000000
0.200000 4.000000 0.142857 1.000000

Matrix 2356:
1.000000 0.333333 1.000000 0.333333
3.000000 1.000000 6.000000 3.000000
1.000000 0.166667 1.000000 3.000000
3.000000 0.333333 0.333333 1.000000

Matrix 2357:
1.000000 6.000000 2.000000 5.000000
0.166667 1.000000 9.000000 1.000000
0.500000 0.111111 1.000000 6.000000
0.200000 1.000000 0.166667 1.000000

Matrix 2358:
1.000000 5.000000 8.000000 7.000000
0.200000 1.000000 0.333333 1.000000
0.125000 3.000000 1.000000 0.166667
0.142857 1.000000 6.000000 1.000000

Matrix 2359:
1.000000 1.000000 1.000000 0.250000
1.000000 1.000000 0.333333 1.000000
1.000000 3.000000 1.000000 0.166667
4.000000 1.000000 6.000000 1.000000

Matrix 2360:
1.000000 7.000000 9.000000 5.000000
0.142857 1.000000 0.125000 0.111111
0.111111 8.000000 1.000000 0.333333
0.200000 9.000000 3.000000 1.000000

Matrix 2361:
1.000000 4.000000 1.000000 0.125000
0.250000 1.000000 5.000000 0.142857
1.000000 0.200000 1.000000 0.200000
8.000000 7.000000 5.000000 1.000000

Matrix 2362:
1.000000 7.000000 0.125000 1.000000
0.142857 1.000000 0.250000 0.166667
8.000000 4.000000 1.000000 9.000000
1.000000 6.000000 0.111111 1.000000

Matrix 2363:
1.000000 1.000000 1.000000 2.000000
1.000000 1.000000 0.250000 0.333333
1.000000 4.000000 1.000000 7.000000
0.500000 3.000000 0.142857 1.000000

Matrix 2364:
1.000000 0.142857 0.333333 5.000000
7.000000 1.000000 7.000000 7.000000
3.000000 0.142857 1.000000 4.000000
0.200000 0.142857 0.250000 1.000000

Matrix 2365:
1.000000 6.000000 8.000000 1.000000
0.166667 1.000000 5.000000 0.166667
0.125000 0.200000 1.000000 1.000000
1.000000 6.000000 1.000000 1.000000

Matrix 2366:
1.000000 1.000000 6.000000 0.500000
1.000000 1.000000 0.333333 1.000000
0.166667 3.000000 1.000000 0.111111
2.000000 1.000000 9.000000 1.000000

Matrix 2367:
1.000000 9.000000 3.000000 1.000000
0.111111 1.000000 3.000000 1.000000
0.333333 0.333333 1.000000 0.142857
1.000000 1.000000 7.000000 1.000000

Matrix 2368:
1.000000 1.000000 1.000000 0.200000
1.000000 1.000000 4.000000 5.000000
1.000000 0.250000 1.000000 0.333333
5.000000 0.200000 3.000000 1.000000

Matrix 2369:
1.000000 0.250000 0.500000 0.111111
4.000000 1.000000 0.333333 0.200000
2.000000 3.000000 1.000000 6.000000
9.000000 5.000000 0.166667 1.000000

Matrix 2370:
1.000000 3.000000 9.000000 5.000000
0.333333 1.000000 0.166667 0.125000
0.111111 6.000000 1.000000 9.000000
0.200000 8.000000 0.111111 1.000000

Matrix 2371:
1.000000 1.000000 5.000000 1.000000
1.000000 1.000000 0.166667 1.000000
0.200000 6.000000 1.000000 0.250000
1.000000 1.000000 4.000000 1.000000

Matrix 2372:
1.000000 0.500000 2.000000 9.000000
2.000000 1.000000 4.000000 0.500000
0.500000 0.250000 1.000000 0.500000
0.111111 2.000000 2.000000 1.000000

Matrix 2373:
1.000000 8.000000 1.000000 2.000000
0.125000 1.000000 0.166667 2.000000
1.000000 6.000000 1.000000 6.000000
0.500000 0.500000 0.166667 1.000000

Matrix 2374:
1.000000 0.250000 0.250000 0.500000
4.000000 1.000000 0.333333 0.333333
4.000000 3.000000 1.000000 6.000000
2.000000 3.000000 0.166667 1.000000

Matrix 2375:
1.000000 7.000000 7.000000 9.000000
0.142857 1.000000 0.142857 9.000000
0.142857 7.000000 1.000000 8.000000
0.111111 0.111111 0.125000 1.000000

Matrix 2376:
1.000000 0.166667 0.333333 6.000000
6.000000 1.000000 0.333333 1.000000
3.000000 3.000000 1.000000 8.000000
0.166667 1.000000 0.125000 1.000000

Matrix 2377:
1.000000 8.000000 5.000000 0.142857
0.125000 1.000000 8.000000 0.250000
0.200000 0.125000 1.000000 0.333333
7.000000 4.000000 3.000000 1.000000

Matrix 2378:
1.000000 6.000000 6.000000 9.000000
0.166667 1.000000 1.000000 1.000000
0.166667 1.000000 1.000000 0.166667
0.111111 1.000000 6.000000 1.000000

Matrix 2379:
1.000000 8.000000 3.000000 8.000000
0.125000 1.000000 5.000000 6.000000
0.333333 0.200000 1.000000 7.000000
0.125000 0.166667 0.142857 1.000000

Matrix 2380:
1.000000 7.000000 0.125000 2.000000
0.142857 1.000000 0.333333 0.166667
8.000000 3.000000 1.000000 5.000000
0.500000 6.000000 0.200000 1.000000

Matrix 2381:
1.000000 2.000000 4.000000 9.000000
0.500000 1.000000 1.000000 6.000000
0.250000 1.000000 1.000000 0.200000
0.111111 0.166667 5.000000 1.000000

Matrix 2382:
1.000000 0.200000 3.000000 8.000000
5.000000 1.000000 1.000000 1.000000
0.333333 1.000000 1.000000 0.250000
0.125000 1.000000 4.000000 1.000000

Matrix 2383:
1.000000 8.000000 9.000000 7.000000
0.125000 1.000000 5.000000 5.000000
0.111111 0.200000 1.000000 6.000000
0.142857 0.200000 0.166667 1.000000

Matrix 2384:
1.000000 2.000000 9.000000 9.000000
0.500000 1.000000 7.000000 1.000000
0.111111 0.142857 1.000000 4.000000
0.111111 1.000000 0.250000 1.000000

Matrix 2385:
1.000000 6.000000 9.000000 0.111111
0.166667 1.000000 4.000000 0.125000
0.111111 0.250000 1.000000 0.142857
9.000000 8.000000 7.000000 1.000000

Matrix 2386:
1.000000 0.333333 8.000000 8.000000
3.000000 1.000000 4.000000 0.500000
0.125000 0.250000 1.000000 0.125000
0.125000 2.000000 8.000000 1.000000

Matrix 2387:
1.000000 0.333333 0.333333 0.333333
3.000000 1.000000 3.000000 0.142857
3.000000 0.333333 1.000000 3.000000
3.000000 7.000000 0.333333 1.000000

Matrix 2388:
1.000000 0.125000 1.000000 0.111111
8.000000 1.000000 5.000000 1.000000
1.000000 0.200000 1.000000 1.000000
9.000000 1.000000 1.000000 1.000000

Matrix 2389:
1.000000 0.166667 0.142857 3.000000
6.000000 1.000000 0.333333 4.000000
7.000000 3.000000 1.000000 8.000000
0.333333 0.250000 0.125000 1.000000

Matrix 2390:
1.000000 6.000000 0.111111 0.333333
0.166667 1.000000 0.166667 2.000000
9.000000 6.000000 1.000000 4.000000
3.000000 0.500000 0.250000 1.000000

Matrix 2391:
1.000000 1.000000 9.000000 2.000000
1.000000 1.000000 2.000000 2.000000
0.111111 0.500000 1.000000 0.200000
0.500000 0.500000 5.000000 1.000000

Matrix 2392:
1.000000 1.000000 4.000000 7.000000
1.000000 1.000000 3.000000 0.200000
0.250000 0.333333 1.000000 0.333333
0.142857 5.000000 3.000000 1.000000

Matrix 2393:
1.000000 4.000000 2.000000 0.166667
0.250000 1.000000 6.000000 0.500000
0.500000 0.166667 1.000000 0.500000
6.000000 2.000000 2.000000 1.000000

Matrix 2394:
1.000000 0.125000 0.250000 1.000000
8.000000 1.000000 7.000000 8.000000
4.000000 0.142857 1.000000 0.200000
1.000000 0.125000 5.000000 1.000000

Matrix 2395:
1.000000 9.000000 9.000000 5.000000
0.111111 1.000000 3.000000 5.000000
0.111111 0.333333 1.000000 0.333333
0.200000 0.200000 3.000000 1.000000

Matrix 2396:
1.000000 2.000000 8.000000 1.000000
0.500000 1.000000 2.000000 2.000000
0.125000 0.500000 1.000000 0.500000
1.000000 0.500000 2.000000 1.000000

Matrix 2397:
1.000000 4.000000 8.000000 9.000000
0.250000 1.000000 0.111111 0.111111
0.125000 9.000000 1.000000 2.000000
0.111111 9.000000 0.500000 1.000000

Matrix 2398:
1.000000 5.000000 7.000000 0.111111
0.200000 1.000000 0.500000 0.125000
0.142857 2.000000 1.000000 0.250000
9.000000 8.000000 4.000000 1.000000

Matrix 2399:
1.000000 6.000000 4.000000 7.000000
0.166667 1.000000 1.000000 0.125000
0.250000 1.000000 1.000000 4.000000
0.142857 8.000000 0.250000 1.000000

Matrix 2400:
1.000000 1.000000 3.000000 6.000000
1.000000 1.000000 9.000000 0.142857
0.333333 0.111111 1.000000 0.166667
0.166667 7.000000 6.000000 1.000000

Matrix 2401:
1.000000 5.000000 4.000000 8.000000
0.200000 1.000000 1.000000 0.142857
0.250000 1.000000 1.000000 4.000000
0.125000 7.000000 0.250000 1.000000

Matrix 2402:
1.000000 2.000000 0.250000 1.000000
0.500000 1.000000 6.000000 6.000000
4.000000 0.166667 1.000000 0.333333
1.000000 0.166667 3.000000 1.000000

Matrix 2403:
1.000000 0.500000 0.500000 0.111111
2.000000 1.000000 3.000000 9.000000
2.000000 0.333333 1.000000 2.000000
9.000000 0.111111 0.500000 1.000000

Matrix 2404:
1.000000 0.333333 0.111111 4.000000
3.000000 1.000000 5.000000 2.000000
9.000000 0.200000 1.000000 8.000000
0.250000 0.500000 0.125000 1.000000

Matrix 2405:
1.000000 9.000000 0.333333 8.000000
0.111111 1.000000 0.125000 5.000000
3.000000 8.000000 1.000000 6.000000
0.125000 0.200000 0.166667 1.000000

Matrix 2406:
1.000000 1.000000 0.200000 9.000000
1.000000 1.000000 0.500000 0.200000
5.000000 2.000000 1.000000 9.000000
0.111111 5.000000 0.111111 1.000000

Matrix 2407:
1.000000 6.000000 1.000000 0.333333
0.166667 1.000000 0.125000 0.500000
1.000000 8.000000 1.000000 3.000000
3.000000 2.000000 0.333333 1.000000

Matrix 2408:
1.000000 0.250000 0.500000 5.000000
4.000000 1.000000 1.000000 1.000000
2.000000 1.000000 1.000000 1.000000
0.200000 1.000000 1.000000 1.000000

Matrix 2409:
1.000000 0.250000 5.000000 2.000000
4.000000 1.000000 2.000000 0.125000
0.200000 0.500000 1.000000 0.333333
0.500000 8.000000 3.000000 1.000000

Matrix 2410:
1.000000 0.125000 0.500000 0.200000
8.000000 1.000000 1.000000 3.000000
2.000000 1.000000 1.000000 0.250000
5.000000 0.333333 4.000000 1.000000

Matrix 2411:
1.000000 6.000000 1.000000 0.333333
0.166667 1.000000 1.000000 4.000000
1.000000 1.000000 1.000000 2.000000
3.000000 0.250000 0.500000 1.000000

Matrix 2412:
1.000000 0.142857 0.250000 1.000000
7.000000 1.000000 0.166667 0.142857
4.000000 6.000000 1.000000 7.000000
1.000000 7.000000 0.142857 1.000000

Matrix 2413:
1.000000 3.000000 0.142857 4.000000
0.333333 1.000000 0.500000 0.111111
7.000000 2.000000 1.000000 1.000000
0.250000 9.000000 1.000000 1.000000

Matrix 2414:
1.000000 0.125000 6.000000 9.000000
8.000000 1.000000 3.000000 2.000000
0.166667 0.333333 1.000000 7.000000
0.111111 0.500000 0.142857 1.000000

Matrix 2415:
1.000000 0.333333 1.000000 3.000000
3.000000 1.000000 6.000000 5.000000
1.000000 0.166667 1.000000 0.111111
0.333333 0.200000 9.000000 1.000000

Matrix 2416:
1.000000 2.000000 6.000000 1.000000
0.500000 1.000000 6.000000 0.200000
0.166667 0.166667 1.000000 1.000000
1.000000 5.000000 1.000000 1.000000

Matrix 2417:
1.000000 1.000000 8.000000 5.000000
1.000000 1.000000 0.200000 4.000000
0.125000 5.000000 1.000000 0.500000
0.200000 0.250000 2.000000 1.000000

Matrix 2418:
1.000000 0.200000 0.111111 2.000000
5.000000 1.000000 7.000000 6.000000
9.000000 0.142857 1.000000 8.000000
0.500000 0.166667 0.125000 1.000000

Matrix 2419:
1.000000 1.000000 0.333333 1.000000
1.000000 1.000000 0.125000 0.166667
3.000000 8.000000 1.000000 1.000000
1.000000 6.000000 1.000000 1.000000

Matrix 2420:
1.000000 4.000000 0.142857 0.333333
0.250000 1.000000 0.111111 2.000000
7.000000 9.000000 1.000000 9.000000
3.000000 0.500000 0.111111 1.000000

Matrix 2421:
1.000000 0.111111 0.142857 5.000000
9.000000 1.000000 5.000000 7.000000
7.000000 0.200000 1.000000 0.500000
0.200000 0.142857 2.000000 1.000000

Matrix 2422:
1.000000 1.000000 1.000000 0.125000
1.000000 1.000000 1.000000 2.000000
1.000000 1.000000 1.000000 2.000000
8.000000 0.500000 0.500000 1.000000

Matrix 2423:
1.000000 3.000000 0.200000 5.000000
0.333333 1.000000 0.500000 0.500000
5.000000 2.000000 1.000000 6.000000
0.200000 2.000000 0.166667 1.000000

Matrix 2424:
1.000000 0.125000 4.000000 3.000000
8.000000 1.000000 3.000000 3.000000
0.250000 0.333333 1.000000 1.000000
0.333333 0.333333 1.000000 1.000000

Matrix 2425:
1.000000 0.111111 2.000000 1.000000
9.000000 1.000000 3.000000 9.000000
0.500000 0.333333 1.000000 3.000000
1.000000 0.111111 0.333333 1.000000

Matrix 2426:
1.000000 0.250000 0.166667 0.250000
4.000000 1.000000 4.000000 0.200000
6.000000 0.250000 1.000000 0.125000
4.000000 5.000000 8.000000 1.000000

Matrix 2427:
1.000000 1.000000 0.500000 3.000000
1.000000 1.000000 1.000000 0.166667
2.000000 1.000000 1.000000 0.111111
0.333333 6.000000 9.000000 1.000000

Matrix 2428:
1.000000 2.000000 0.142857 1.000000
0.500000 1.000000 0.500000 6.000000
7.000000 2.000000 1.000000 0.500000
1.000000 0.166667 2.000000 1.000000

Matrix 2429:
1.000000 0.125000 1.000000 5.000000
8.000000 1.000000 0.500000 7.000000
1.000000 2.000000 1.000000 8.000000
0.200000 0.142857 0.125000 1.000000

Matrix 2430:
1.000000 0.125000 8.000000 9.000000
8.000000 1.000000 9.000000 7.000000
0.125000 0.111111 1.000000 0.142857
0.111111 0.142857 7.000000 1.000000

Matrix 2431:
1.000000 5.000000 8.000000 9.000000
0.200000 1.000000 9.000000 5.000000
0.125000 0.111111 1.000000 0.333333
0.111111 0.200000 3.000000 1.000000

Matrix 2432:
1.000000 0.500000 0.200000 2.000000
2.000000 1.000000 4.000000 0.500000
5.000000 0.250000 1.000000 0.500000
0.500000 2.000000 2.000000 1.000000

Matrix 2433:
1.000000 0.200000 0.200000 0.200000
5.000000 1.000000 6.000000 0.125000
5.000000 0.166667 1.000000 0.333333
5.000000 8.000000 3.000000 1.000000

Matrix 2434:
1.000000 9.000000 4.000000 9.000000
0.111111 1.000000 1.000000 6.000000
0.250000 1.000000 1.000000 5.000000
0.111111 0.166667 0.200000 1.000000

Matrix 2435:
1.000000 0.250000 0.500000 0.166667
4.000000 1.000000 4.000000 7.000000
2.000000 0.250000 1.000000 1.000000
6.000000 0.142857 1.000000 1.000000

Matrix 2436:
1.000000 2.000000 5.000000 2.000000
0.500000 1.000000 6.000000 0.200000
0.200000 0.166667 1.000000 0.111111
0.500000 5.000000 9.000000 1.000000

Matrix 2437:
1.000000 4.000000 6.000000 9.000000
0.250000 1.000000 7.000000 0.166667
0.166667 0.142857 1.000000 0.166667
0.111111 6.000000 6.000000 1.000000

Matrix 2438:
1.000000 2.000000 8.000000 0.250000
0.500000 1.000000 1.000000 4.000000
0.125000 1.000000 1.000000 0.111111
4.000000 0.250000 9.000000 1.000000

Matrix 2439:
1.000000 4.000000 0.166667 8.000000
0.250000 1.000000 0.111111 5.000000
6.000000 9.000000 1.000000 4.000000
0.125000 0.200000 0.250000 1.000000

Matrix 2440:
1.000000 5.000000 2.000000 3.000000
0.200000 1.000000 1.000000 4.000000
0.500000 1.000000 1.000000 0.125000
0.333333 0.250000 8.000000 1.000000

Matrix 2441:
1.000000 0.200000 0.250000 0.166667
5.000000 1.000000 0.125000 1.000000
4.000000 8.000000 1.000000 0.500000
6.000000 1.000000 2.000000 1.000000

Matrix 2442:
1.000000 5.000000 3.000000 8.000000
0.200000 1.000000 0.250000 0.125000
0.333333 4.000000 1.000000 0.142857
0.125000 8.000000 7.000000 1.000000

Matrix 2443:
1.000000 1.000000 0.111111 0.125000
1.000000 1.000000 0.200000 1.000000
9.000000 5.000000 1.000000 0.333333
8.000000 1.000000 3.000000 1.000000

Matrix 2444:
1.000000 4.000000 9.000000 0.166667
0.250000 1.000000 5.000000 3.000000
0.111111 0.200000 1.000000 0.125000
6.000000 0.333333 8.000000 1.000000

Matrix 2445:
1.000000 9.000000 3.000000 3.000000
0.111111 1.000000 3.000000 3.000000
0.333333 0.333333 1.000000 0.500000
0.333333 0.333333 2.000000 1.000000

Matrix 2446:
1.000000 5.000000 6.000000 3.000000
0.200000 1.000000 0.200000 1.000000
0.166667 5.000000 1.000000 1.000000
0.333333 1.000000 1.000000 1.000000

Matrix 2447:
1.000000 4.000000 7.000000 5.000000
0.250000 1.000000 2.000000 0.111111
0.142857 0.500000 1.000000 0.142857
0.200000 9.000000 7.000000 1.000000

Matrix 2448:
1.000000 0.166667 1.000000 0.166667
6.000000 1.000000 9.000000 0.333333
1.000000 0.111111 1.000000 2.000000
6.000000 3.000000 0.500000 1.000000

Matrix 2449:
1.000000 9.000000 0.250000 9.000000
0.111111 1.000000 1.000000 4.000000
4.000000 1.000000 1.000000 5.000000
0.111111 0.250000 0.200000 1.000000

Matrix 2450:
1.000000 5.000000 5.000000 0.125000
0.200000 1.000000 0.250000 1.000000
0.200000 4.000000 1.000000 0.200000
8.000000 1.000000 5.000000 1.000000

Matrix 2451:
1.000000 5.000000 0.142857 1.000000
0.200000 1.000000 1.000000 0.142857
7.000000 1.000000 1.000000 0.142857
1.000000 7.000000 7.000000 1.000000

Matrix 2452:
1.000000 3.000000 0.142857 0.166667
0.333333 1.000000 2.000000 0.250000
7.000000 0.500000 1.000000 0.200000
6.000000 4.000000 5.000000 1.000000

Matrix 2453:
1.000000 2.000000 0.142857 1.000000
0.500000 1.000000 1.000000 1.000000
7.000000 1.000000 1.000000 0.125000
1.000000 1.000000 8.000000 1.000000

Matrix 2454:
1.000000 4.000000 0.111111 0.250000
0.250000 1.000000 0.500000 0.111111
9.000000 2.000000 1.000000 0.333333
4.000000 9.000000 3.000000 1.000000

Matrix 2455:
1.000000 3.000000 0.142857 0.333333
0.333333 1.000000 1.000000 1.000000
7.000000 1.000000 1.000000 4.000000
3.000000 1.000000 0.250000 1.000000

Matrix 2456:
1.000000 7.000000 0.111111 0.250000
0.142857 1.000000 0.200000 1.000000
9.000000 5.000000 1.000000 1.000000
4.000000 1.000000 1.000000 1.000000

Matrix 2457:
1.000000 8.000000 6.000000 2.000000
0.125000 1.000000 0.333333 7.000000
0.166667 3.000000 1.000000 4.000000
0.500000 0.142857 0.250000 1.000000

Matrix 2458:
1.000000 8.000000 7.000000 0.125000
0.125000 1.000000 6.000000 0.142857
0.142857 0.166667 1.000000 0.500000
8.000000 7.000000 2.000000 1.000000

Matrix 2459:
1.000000 3.000000 0.166667 5.000000
0.333333 1.000000 0.250000 1.000000
6.000000 4.000000 1.000000 6.000000
0.200000 1.000000 0.166667 1.000000

Matrix 2460:
1.000000 0.333333 6.000000 3.000000
3.000000 1.000000 6.000000 0.500000
0.166667 0.166667 1.000000 3.000000
0.333333 2.000000 0.333333 1.000000

Matrix 2461:
1.000000 4.000000 9.000000 3.000000
0.250000 1.000000 0.500000 1.000000
0.111111 2.000000 1.000000 5.000000
0.333333 1.000000 0.200000 1.000000

Matrix 2462:
1.000000 0.333333 0.111111 2.000000
3.000000 1.000000 2.000000 2.000000
9.000000 0.500000 1.000000 0.250000
0.500000 0.500000 4.000000 1.000000

Matrix 2463:
1.000000 0.111111 9.000000 0.333333
9.000000 1.000000 3.000000 9.000000
0.111111 0.333333 1.000000 1.000000
3.000000 0.111111 1.000000 1.000000

Matrix 2464:
1.000000 8.000000 6.000000 3.000000
0.125000 1.000000 6.000000 7.000000
0.166667 0.166667 1.000000 1.000000
0.333333 0.142857 1.000000 1.000000

Matrix 2465:
1.000000 7.000000 0.200000 3.000000
0.142857 1.000000 0.142857 9.000000
5.000000 7.000000 1.000000 9.000000
0.333333 0.111111 0.111111 1.000000

Matrix 2466:
1.000000 0.500000 2.000000 3.000000
2.000000 1.000000 4.000000 0.125000
0.500000 0.250000 1.000000 0.250000
0.333333 8.000000 4.000000 1.000000

Matrix 2467:
1.000000 0.125000 1.000000 0.111111
8.000000 1.000000 3.000000 1.000000
1.000000 0.333333 1.000000 4.000000
9.000000 1.000000 0.250000 1.000000

Matrix 2468:
1.000000 7.000000 6.000000 0.111111
0.142857 1.000000 0.333333 0.125000
0.166667 3.000000 1.000000 0.142857
9.000000 8.000000 7.000000 1.000000

Matrix 2469:
1.000000 1.000000 3.000000 1.000000
1.000000 1.000000 5.000000 9.000000
0.333333 0.200000 1.000000 0.125000
1.000000 0.111111 8.000000 1.000000

Matrix 2470:
1.000000 1.000000 0.111111 9.000000
1.000000 1.000000 0.125000 8.000000
9.000000 8.000000 1.000000 2.000000
0.111111 0.125000 0.500000 1.000000

Matrix 2471:
1.000000 0.166667 0.500000 5.000000
6.000000 1.000000 3.000000 0.500000
2.000000 0.333333 1.000000 0.500000
0.200000 2.000000 2.000000 1.000000

Matrix 2472:
1.000000 1.000000 6.000000 1.000000
1.000000 1.000000 5.000000 0.333333
0.166667 0.200000 1.000000 3.000000
1.000000 3.000000 0.333333 1.000000

Matrix 2473:
1.000000 6.000000 4.000000 4.000000
0.166667 1.000000 0.111111 0.500000
0.250000 9.000000 1.000000 9.000000
0.250000 2.000000 0.111111 1.000000

Matrix 2474:
1.000000 5.000000 0.125000 0.500000
0.200000 1.000000 1.000000 0.166667
8.000000 1.000000 1.000000 0.250000
2.000000 6.000000 4.000000 1.000000

Matrix 2475:
1.000000 4.000000 7.000000 2.000000
0.250000 1.000000 8.000000 9.000000
0.142857 0.125000 1.000000 0.142857
0.500000 0.111111 7.000000 1.000000

Matrix 2476:
1.000000 1.000000 4.000000 3.000000
1.000000 1.000000 0.142857 0.500000
0.250000 7.000000 1.000000 1.000000
0.333333 2.000000 1.000000 1.000000

Matrix 2477:
1.000000 0.142857 0.142857 1.000000
7.000000 1.000000 2.000000 0.500000
7.000000 0.500000 1.000000 8.000000
1.000000 2.000000 0.125000 1.000000

Matrix 2478:
1.000000 6.000000 2.000000 0.111111
0.166667 1.000000 0.500000 0.125000
0.500000 2.000000 1.000000 2.000000
9.000000 8.000000 0.500000 1.000000

Matrix 2479:
1.000000 0.250000 0.333333 3.000000
4.000000 1.000000 1.000000 4.000000
3.000000 1.000000 1.000000 0.333333
0.333333 0.250000 3.000000 1.000000

Matrix 2480:
1.000000 1.000000 0.111111 0.166667
1.000000 1.000000 1.000000 0.500000
9.000000 1.000000 1.000000 1.000000
6.000000 2.000000 1.000000 1.000000

Matrix 2481:
1.000000 5.000000 6.000000 8.000000
0.200000 1.000000 4.000000 5.000000
0.166667 0.250000 1.000000 4.000000
0.125000 0.200000 0.250000 1.000000

Matrix 2482:
1.000000 7.000000 0.333333 2.000000
0.142857 1.000000 1.000000 6.000000
3.000000 1.000000 1.000000 1.000000
0.500000 0.166667 1.000000 1.000000

Matrix 2483:
1.000000 4.000000 6.000000 0.125000
0.250000 1.000000 0.125000 0.250000
0.166667 8.000000 1.000000 0.333333
8.000000 4.000000 3.000000 1.000000

Matrix 2484:
1.000000 1.000000 1.000000 1.000000
1.000000 1.000000 0.166667 6.000000
1.000000 6.000000 1.000000 8.000000
1.000000 0.166667 0.125000 1.000000

Matrix 2485:
1.000000 0.250000 1.000000 0.111111
4.000000 1.000000 0.200000 0.250000
1.000000 5.000000 1.000000 0.111111
9.000000 4.000000 9.000000 1.000000

Matrix 2486:
1.000000 1.000000 5.000000 1.000000
1.000000 1.000000 1.000000 4.000000
0.200000 1.000000 1.000000 0.142857
1.000000 0.250000 7.000000 1.000000

Matrix 2487:
1.000000 7.000000 1.000000 2.000000
0.142857 1.000000 4.000000 0.250000
1.000000 0.250000 1.000000 0.250000
0.500000 4.000000 4.000000 1.000000

Matrix 2488:
1.000000 0.500000 8.000000 4.000000
2.000000 1.000000 4.000000 0.250000
0.125000 0.250000 1.000000 0.333333
0.250000 4.000000 3.000000 1.000000

Matrix 2489:
1.000000 0.500000 0.142857 2.000000
2.000000 1.000000 3.000000 4.000000
7.000000 0.333333 1.000000 5.000000
0.500000 0.250000 0.200000 1.000000

Matrix 2490:
1.000000 0.333333 6.000000 6.000000
3.000000 1.000000 2.000000 0.500000
0.166667 0.500000 1.000000 2.000000
0.166667 2.000000 0.500000 1.000000

Matrix 2491:
1.000000 0.250000 1.000000 4.000000
4.000000 1.000000 0.500000 1.000000
1.000000 2.000000 1.000000 6.000000
0.250000 1.000000 0.166667 1.000000

Matrix 2492:
1.000000 0.142857 0.333333 0.250000
7.000000 1.000000 8.000000 0.500000
3.000000 0.125000 1.000000 0.333333
4.000000 2.000000 3.000000 1.000000

Matrix 2493:
1.000000 0.500000 6.000000 1.000000
2.000000 1.000000 1.000000 0.200000
0.166667 1.000000 1.000000 1.000000
1.000000 5.000000 1.000000 1.000000

Matrix 2494:
1.000000 7.000000 3.000000 0.333333
0.142857 1.000000 0.250000 2.000000
0.333333 4.000000 1.000000 0.333333
3.000000 0.500000 3.000000 1.000000

Matrix 2495:
1.000000 0.142857 6.000000 0.500000
7.000000 1.000000 9.000000 7.000000
0.166667 0.111111 1.000000 0.125000
2.000000 0.142857 8.000000 1.000000

Matrix 2496:
1.000000 2.000000 1.000000 3.000000
0.500000 1.000000 0.125000 0.166667
1.000000 8.000000 1.000000 0.500000
0.333333 6.000000 2.000000 1.000000

Matrix 2497:
1.000000 0.142857 6.000000 0.111111
7.000000 1.000000 1.000000 1.000000
0.166667 1.000000 1.000000 0.200000
9.000000 1.000000 5.000000 1.000000

Matrix 2498:
1.000000 9.000000 0.125000 0.250000
0.111111 1.000000 0.250000 0.125000
8.000000 4.000000 1.000000 6.000000
4.000000 8.000000 0.166667 1.000000

Matrix 2499:
1.000000 0.125000 7.000000 2.000000
8.000000 1.000000 6.000000 3.000000
0.142857 0.166667 1.000000 5.000000
0.500000 0.333333 0.200000 1.000000

Matrix 2500:
1.000000 1.000000 0.166667 1.000000
1.000000 1.000000 0.250000 0.111111
6.000000 4.000000 1.000000 0.142857
1.000000 9.000000 7.000000 1.000000

Matrix 2501:
1.000000 0.500000 0.125000 0.250000
2.000000 1.000000 1.000000 0.333333
8.000000 1.000000 1.000000 0.250000
4.000000 3.000000 4.000000 1.000000

Matrix 2502:
1.000000 4.000000 6.000000 1.000000
0.250000 1.000000 0.200000 0.142857
0.166667 5.000000 1.000000 4.000000
1.000000 7.000000 0.250000 1.000000

Matrix 2503:
1.000000 0.200000 5.000000 4.000000
5.000000 1.000000 1.000000 1.000000
0.200000 1.000000 1.000000 0.333333
0.250000 1.000000 3.000000 1.000000

Matrix 2504:
1.000000 0.333333 0.166667 0.125000
3.000000 1.000000 7.000000 6.000000
6.000000 0.142857 1.000000 0.166667
8.000000 0.166667 6.000000 1.000000

Matrix 2505:
1.000000 7.000000 0.200000 0.200000
0.142857 1.000000 0.142857 1.000000
5.000000 7.000000 1.000000 7.000000
5.000000 1.000000 0.142857 1.000000

Matrix 2506:
1.000000 9.000000 5.000000 9.000000
0.111111 1.000000 0.333333 0.142857
0.200000 3.000000 1.000000 0.333333
0.111111 7.000000 3.000000 1.000000

Matrix 2507:
1.000000 0.500000 1.000000 0.333333
2.000000 1.000000 0.166667 1.000000
1.000000 6.000000 1.000000 0.250000
3.000000 1.000000 4.000000 1.000000

Matrix 2508:
1.000000 0.111111 2.000000 1.000000
9.000000 1.000000 1.000000 0.200000
0.500000 1.000000 1.000000 0.333333
1.000000 5.000000 3.000000 1.000000

Matrix 2509:
1.000000 0.333333 0.250000 6.000000
3.000000 1.000000 0.111111 4.000000
4.000000 9.000000 1.000000 6.000000
0.166667 0.250000 0.166667 1.000000

Matrix 2510:
1.000000 0.166667 2.000000 0.250000
6.000000 1.000000 9.000000 1.000000
0.500000 0.111111 1.000000 3.000000
4.000000 1.000000 0.333333 1.000000

Matrix 2511:
1.000000 0.200000 0.250000 1.000000
5.000000 1.000000 4.000000 0.200000
4.000000 0.250000 1.000000 1.000000
1.000000 5.000000 1.000000 1.000000

Matrix 2512:
1.000000 0.166667 1.000000 2.000000
6.000000 1.000000 3.000000 3.000000
1.000000 0.333333 1.000000 4.000000
0.500000 0.333333 0.250000 1.000000

Matrix 2513:
1.000000 0.250000 0.111111 6.000000
4.000000 1.000000 0.111111 0.333333
9.000000 9.000000 1.000000 5.000000
0.166667 3.000000 0.200000 1.000000

Matrix 2514:
1.000000 0.142857 1.000000 0.500000
7.000000 1.000000 0.500000 0.142857
1.000000 2.000000 1.000000 0.500000
2.000000 7.000000 2.000000 1.000000

Matrix 2515:
1.000000 4.000000 0.200000 0.250000
0.250000 1.000000 0.166667 0.250000
5.000000 6.000000 1.000000 3.000000
4.000000 4.000000 0.333333 1.000000

Matrix 2516:
1.000000 0.333333 0.142857 0.142857
3.000000 1.000000 0.125000 0.250000
7.000000 8.000000 1.000000 0.250000
7.000000 4.000000 4.000000 1.000000

Matrix 2517:
1.000000 1.000000 0.111111 1.000000
1.000000 1.000000 4.000000 3.000000
9.000000 0.250000 1.000000 6.000000
1.000000 0.333333 0.166667 1.000000

Matrix 2518:
1.000000 0.333333 3.000000 1.000000
3.000000 1.000000 6.000000 0.500000
0.333333 0.166667 1.000000 0.500000
1.000000 2.000000 2.000000 1.000000

Matrix 2519:
1.000000 0.142857 0.111111 0.250000
7.000000 1.000000 0.500000 7.000000
9.000000 2.000000 1.000000 3.000000
4.000000 0.142857 0.333333 1.000000

Matrix 2520:
1.000000 4.000000 7.000000 2.000000
0.250000 1.000000 7.000000 1.000000
0.142857 0.142857 1.000000 1.000000
0.500000 1.000000 1.000000 1.000000

Matrix 2521:
1.000000 6.000000 5.000000 0.333333
0.166667 1.000000 0.250000 0.200000
0.200000 4.000000 1.000000 0.125000
3.000000 5.000000 8.000000 1.000000

Matrix 2522:
1.000000 0.500000 5.000000 0.333333
2.000000 1.000000 1.000000 6.000000
0.200000 1.000000 1.000000 2.000000
3.000000 0.166667 0.500000 1.000000

Matrix 2523:
1.000000 9.000000 5.000000 3.000000
0.111111 1.000000 3.000000 7.000000
0.200000 0.333333 1.000000 0.166667
0.333333 0.142857 6.000000 1.000000

Matrix 2524:
1.000000 0.142857 0.250000 2.000000
7.000000 1.000000 0.333333 1.000000
4.000000 3.000000 1.000000 0.333333
0.500000 1.000000 3.000000 1.000000

Matrix 2525:
1.000000 0.333333 0.200000 9.000000
3.000000 1.000000 0.200000 9.000000
5.000000 5.000000 1.000000 6.000000
0.111111 0.111111 0.166667 1.000000

Matrix 2526:
1.000000 0.333333 0.250000 5.000000
3.000000 1.000000 5.000000 2.000000
4.000000 0.200000 1.000000 9.000000
0.200000 0.500000 0.111111 1.000000

Matrix 2527:
1.000000 6.000000 7.000000 8.000000
0.166667 1.000000 9.000000 6.000000
0.142857 0.111111 1.000000 0.250000
0.125000 0.166667 4.000000 1.000000

Matrix 2528:
1.000000 7.000000 5.000000 8.000000
0.142857 1.000000 0.111111 0.200000
0.200000 9.000000 1.000000 6.000000
0.125000 5.000000 0.166667 1.000000

Matrix 2529:
1.000000 6.000000 9.000000 1.000000
0.166667 1.000000 0.111111 0.500000
0.111111 9.000000 1.000000 0.142857
1.000000 2.000000 7.000000 1.000000

Matrix 2530:
1.000000 0.500000 0.250000 8.000000
2.000000 1.000000 7.000000 9.000000
4.000000 0.142857 1.000000 1.000000
0.125000 0.111111 1.000000 1.000000

Matrix 2531:
1.000000 5.000000 8.000000 9.000000
0.200000 1.000000 0.333333 0.250000
0.125000 3.000000 1.000000 0.500000
0.111111 4.000000 2.000000 1.000000

Matrix 2532:
1.000000 9.000000 2.000000 0.333333
0.111111 1.000000 5.000000 0.333333
0.500000 0.200000 1.000000 0.125000
3.000000 3.000000 8.000000 1.000000

Matrix 2533:
1.000000 0.166667 9.000000 2.000000
6.000000 1.000000 3.000000 6.000000
0.111111 0.333333 1.000000 0.111111
0.500000 0.166667 9.000000 1.000000

Matrix 2534:
1.000000 1.000000 8.000000 7.000000
1.000000 1.000000 2.000000 0.125000
0.125000 0.500000 1.000000 0.250000
0.142857 8.000000 4.000000 1.000000

Matrix 2535:
1.000000 0.200000 4.000000 8.000000
5.000000 1.000000 6.000000 3.000000
0.250000 0.166667 1.000000 5.000000
0.125000 0.333333 0.200000 1.000000

Matrix 2536:
1.000000 7.000000 1.000000 3.000000
0.142857 1.000000 0.200000 8.000000
1.000000 5.000000 1.000000 4.000000
0.333333 0.125000 0.250000 1.000000

Matrix 2537:
1.000000 3.000000 0.125000 6.000000
0.333333 1.000000 0.500000 1.000000
8.000000 2.000000 1.000000 4.000000
0.166667 1.000000 0.250000 1.000000

Matrix 2538:
1.000000 4.000000 0.250000 0.500000
0.250000 1.000000 0.333333 8.000000
4.000000 3.000000 1.000000 3.000000
2.000000 0.125000 0.333333 1.000000

Matrix 2539:
1.000000 2.000000 0.333333 0.142857
0.500000 1.000000 1.000000 0.142857
3.000000 1.000000 1.000000 1.000000
7.000000 7.000000 1.000000 1.000000

Matrix 2540:
1.000000 8.000000 1.000000 0.166667
0.125000 1.000000 0.166667 0.200000
1.000000 6.000000 1.000000 0.111111
6.000000 5.000000 9.000000 1.000000

Matrix 2541:
1.000000 5.000000 7.000000 2.000000
0.200000 1.000000 7.000000 0.142857
0.142857 0.142857 1.000000 0.200000
0.500000 7.000000 5.000000 1.000000

Matrix 2542:
1.000000 4.000000 3.000000 7.000000
0.250000 1.000000 0.500000 8.000000
0.333333 2.000000 1.000000 0.250000
0.142857 0.125000 4.000000 1.000000

Matrix 2543:
1.000000 0.500000 0.250000 0.200000
2.000000 1.000000 8.000000 0.333333
4.000000 0.125000 1.000000 0.111111
5.000000 3.000000 9.000000 1.000000

Matrix 2544:
1.000000 0.125000 0.166667 0.250000
8.000000 1.000000 7.000000 7.000000
6.000000 0.142857 1.000000 6.000000
4.000000 0.142857 0.166667 1.000000

Matrix 2545:
1.000000 0.250000 1.000000 1.000000
4.000000 1.000000 0.250000 0.333333
1.000000 4.000000 1.000000 5.000000
1.000000 3.000000 0.200000 1.000000

Matrix 2546:
1.000000 3.000000 0.333333 0.500000
0.333333 1.000000 0.333333 0.200000
3.000000 3.000000 1.000000 0.125000
2.000000 5.000000 8.000000 1.000000

Matrix 2547:
1.000000 0.125000 0.500000 0.250000
8.000000 1.000000 0.250000 0.200000
2.000000 4.000000 1.000000 0.500000
4.000000 5.000000 2.000000 1.000000

Matrix 2548:
1.000000 3.000000 0.333333 7.000000
0.333333 1.000000 1.000000 4.000000
3.000000 1.000000 1.000000 7.000000
0.142857 0.250000 0.142857 1.000000

Matrix 2549:
1.000000 3.000000 4.000000 0.250000
0.333333 1.000000 1.000000 0.500000
0.250000 1.000000 1.000000 0.166667
4.000000 2.000000 6.000000 1.000000

Matrix 2550:
1.000000 9.000000 3.000000 7.000000
0.111111 1.000000 1.000000 2.000000
0.333333 1.000000 1.000000 0.142857
0.142857 0.500000 7.000000 1.000000

Matrix 2551:
1.000000 2.000000 0.333333 8.000000
0.500000 1.000000 0.333333 0.200000
3.000000 3.000000 1.000000 5.000000
0.125000 5.000000 0.200000 1.000000

Matrix 2552:
1.000000 5.000000 1.000000 7.000000
0.200000 1.000000 1.000000 0.333333
1.000000 1.000000 1.000000 4.000000
0.142857 3.000000 0.250000 1.000000

Matrix 2553:
1.000000 2.000000 7.000000 2.000000
0.500000 1.000000 9.000000 5.000000
0.142857 0.111111 1.000000 0.166667
0.500000 0.200000 6.000000 1.000000

Matrix 2554:
1.000000 0.333333 6.000000 8.000000
3.000000 1.000000 3.000000 6.000000
0.166667 0.333333 1.000000 0.250000
0.125000 0.166667 4.000000 1.000000

Matrix 2555:
1.000000 0.111111 0.333333 5.000000
9.000000 1.000000 0.250000 8.000000
3.000000 4.000000 1.000000 3.000000
0.200000 0.125000 0.333333 1.000000

Matrix 2556:
1.000000 1.000000 0.500000 2.000000
1.000000 1.000000 5.000000 0.111111
2.000000 0.200000 1.000000 0.125000
0.500000 9.000000 8.000000 1.000000

Matrix 2557:
1.000000 1.000000 0.142857 0.250000
1.000000 1.000000 6.000000 3.000000
7.000000 0.166667 1.000000 0.333333
4.000000 0.333333 3.000000 1.000000

Matrix 2558:
1.000000 9.000000 0.333333 5.000000
0.111111 1.000000 0.200000 2.000000
3.000000 5.000000 1.000000 5.000000
0.200000 0.500000 0.200000 1.000000

Matrix 2559:
1.000000 4.000000 1.000000 7.000000
0.250000 1.000000 1.000000 0.111111
1.000000 1.000000 1.000000 0.111111
0.142857 9.000000 9.000000 1.000000

Matrix 2560:
1.000000 3.000000 0.250000 2.000000
0.333333 1.000000 0.333333 0.500000
4.000000 3.000000 1.000000 1.000000
0.500000 2.000000 1.000000 1.000000

Matrix 2561:
1.000000 8.000000 1.000000 9.000000
0.125000 1.000000 1.000000 0.111111
1.000000 1.000000 1.000000 0.500000
0.111111 9.000000 2.000000 1.000000

Matrix 2562:
1.000000 7.000000 0.142857 2.000000
0.142857 1.000000 0.111111 1.000000
7.000000 9.000000 1.000000 0.500000
0.500000 1.000000 2.000000 1.000000

Matrix 2563:
1.000000 0.166667 0.200000 7.000000
6.000000 1.000000 0.333333 1.000000
5.000000 3.000000 1.000000 2.000000
0.142857 1.000000 0.500000 1.000000

Matrix 2564:
1.000000 0.333333 9.000000 8.000000
3.000000 1.000000 1.000000 3.000000
0.111111 1.000000 1.000000 0.250000
0.125000 0.333333 4.000000 1.000000

Matrix 2565:
1.000000 0.111111 1.000000 1.000000
9.000000 1.000000 0.500000 6.000000
1.000000 2.000000 1.000000 9.000000
1.000000 0.166667 0.111111 1.000000

Matrix 2566:
1.000000 0.166667 0.111111 1.000000
6.000000 1.000000 1.000000 1.000000
9.000000 1.000000 1.000000 8.000000
1.000000 1.000000 0.125000 1.000000

Matrix 2567:
1.000000 1.000000 0.250000 0.111111
1.000000 1.000000 6.000000 0.500000
4.000000 0.166667 1.000000 0.200000
9.000000 2.000000 5.000000 1.000000

Matrix 2568:
1.000000 5.000000 2.000000 0.500000
0.200000 1.000000 0.500000 0.125000
0.500000 2.000000 1.000000 2.000000
2.000000 8.000000 0.500000 1.000000

Matrix 2569:
1.000000 1.000000 8.000000 9.000000
1.000000 1.000000 1.000000 4.000000
0.125000 1.000000 1.000000 4.000000
0.111111 0.250000 0.250000 1.000000

Matrix 2570:
1.000000 5.000000 1.000000 0.500000
0.200000 1.000000 0.111111 0.500000
1.000000 9.000000 1.000000 1.000000
2.000000 2.000000 1.000000 1.000000

Matrix 2571:
1.000000 4.000000 1.000000 0.166667
0.250000 1.000000 0.333333 2.000000
1.000000 3.000000 1.000000 2.000000
6.000000 0.500000 0.500000 1.000000

Matrix 2572:
1.000000 8.000000 4.000000 5.000000
0.125000 1.000000 0.333333 0.142857
0.250000 3.000000 1.000000 4.000000
0.200000 7.000000 0.250000 1.000000

Matrix 2573:
1.000000 3.000000 5.000000 9.000000
0.333333 1.000000 0.500000 0.111111
0.200000 2.000000 1.000000 1.000000
0.111111 9.000000 1.000000 1.000000

Matrix 2574:
1.000000 0.500000 3.000000 0.500000
2.000000 1.000000 1.000000 0.125000
0.333333 1.000000 1.000000 0.166667
2.000000 8.000000 6.000000 1.000000

Matrix 2575:
1.000000 1.000000 0.111111 6.000000
1.000000 1.000000 0.333333 0.333333
9.000000 3.000000 1.000000 3.000000
0.166667 3.000000 0.333333 1.000000

Matrix 2576:
1.000000 0.333333 1.000000 0.200000
3.000000 1.000000 4.000000 9.000000
1.000000 0.250000 1.000000 8.000000
5.000000 0.111111 0.125000 1.000000

Matrix 2577:
1.000000 9.000000 6.000000 6.000000
0.111111 1.000000 0.250000 0.500000
0.166667 4.000000 1.000000 5.000000
0.166667 2.000000 0.200000 1.000000

Matrix 2578:
1.000000 1.000000 3.000000 0.333333
1.000000 1.000000 3.000000 0.500000
0.333333 0.333333 1.000000 4.000000
3.000000 2.000000 0.250000 1.000000

Matrix 2579:
1.000000 0.333333 0.250000 0.111111
3.000000 1.000000 0.166667 6.000000
4.000000 6.000000 1.000000 7.000000
9.000000 0.166667 0.142857 1.000000

Matrix 2580:
1.000000 9.000000 2.000000 1.000000
0.111111 1.000000 5.000000 2.000000
0.500000 0.200000 1.000000 1.000000
1.000000 0.500000 1.000000 1.000000

Matrix 2581:
1.000000 1.000000 0.200000 7.000000
1.000000 1.000000 0.166667 0.200000
5.000000 6.000000 1.000000 6.000000
0.142857 5.000000 0.166667 1.000000

Matrix 2582:
1.000000 7.000000 0.111111 1.000000
0.142857 1.000000 0.200000 6.000000
9.000000 5.000000 1.000000 8.000000
1.000000 0.166667 0.125000 1.000000

Matrix 2583:
1.000000 1.000000 0.250000 0.500000
1.000000 1.000000 0.333333 5.000000
4.000000 3.000000 1.000000 1.000000
2.000000 0.200000 1.000000 1.000000

Matrix 2584:
1.000000 0.200000 0.166667 6.000000
5.000000 1.000000 9.000000 5.000000
6.000000 0.111111 1.000000 3.000000
0.166667 0.200000 0.333333 1.000000

Matrix 2585:
1.000000 2.000000 0.111111 6.000000
0.500000 1.000000 0.125000 0.125000
9.000000 8.000000 1.000000 5.000000
0.166667 8.000000 0.200000 1.000000

Matrix 2586:
1.000000 5.000000 9.000000 9.000000
0.200000 1.000000 8.000000 0.125000
0.111111 0.125000 1.000000 0.200000
0.111111 8.000000 5.000000 1.000000

Matrix 2587:
1.000000 0.111111 9.000000 4.000000
9.000000 1.000000 8.000000 4.000000
0.111111 0.125000 1.000000 2.000000
0.250000 0.250000 0.500000 1.000000

Matrix 2588:
1.000000 0.250000 0.333333 0.111111
4.000000 1.000000 0.200000 4.000000
3.000000 5.000000 1.000000 7.000000
9.000000 0.250000 0.142857 1.000000

Matrix 2589:
1.000000 0.500000 1.000000 0.200000
2.000000 1.000000 9.000000 0.111111
1.000000 0.111111 1.000000 0.166667
5.000000 9.000000 6.000000 1.000000

Matrix 2590:
1.000000 6.000000 8.000000 8.000000
0.166667 1.000000 0.200000 0.333333
0.125000 5.000000 1.000000 0.250000
0.125000 3.000000 4.000000 1.000000

Matrix 2591:
1.000000 0.250000 0.333333 0.166667
4.000000 1.000000 8.000000 2.000000
3.000000 0.125000 1.000000 8.000000
6.000000 0.500000 0.125000 1.000000

Matrix 2592:
1.000000 1.000000 0.200000 9.000000
1.000000 1.000000 0.500000 0.333333
5.000000 2.000000 1.000000 1.000000
0.111111 3.000000 1.000000 1.000000

Matrix 2593:
1.000000 0.125000 3.000000 3.000000
8.000000 1.000000 7.000000 0.333333
0.333333 0.142857 1.000000 0.166667
0.333333 3.000000 6.000000 1.000000

Matrix 2594:
1.000000 0.111111 0.200000 0.250000
9.000000 1.000000 0.333333 0.333333
5.000000 3.000000 1.000000 0.250000
4.000000 3.000000 4.000000 1.000000

Matrix 2595:
1.000000 4.000000 2.000000 2.000000
0.250000 1.000000 0.125000 0.166667
0.500000 8.000000 1.000000 0.500000
0.500000 6.000000 2.000000 1.000000

Matrix 2596:
1.000000 1.000000 0.142857 0.125000
1.000000 1.000000 0.333333 0.142857
7.000000 3.000000 1.000000 0.125000
8.000000 7.000000 8.000000 1.000000

Matrix 2597:
1.000000 0.125000 0.111111 0.333333
8.000000 1.000000 6.000000 6.000000
9.000000 0.166667 1.000000 0.166667
3.000000 0.166667 6.000000 1.000000

Matrix 2598:
1.000000 4.000000 0.200000 0.250000
0.250000 1.000000 1.000000 2.000000
5.000000 1.000000 1.000000 8.000000
4.000000 0.500000 0.125000 1.000000

Matrix 2599:
1.000000 0.500000 0.125000 0.111111
2.000000 1.000000 7.000000 1.000000
8.000000 0.142857 1.000000 3.000000
9.000000 1.000000 0.333333 1.000000

Matrix 2600:
1.000000 3.000000 6.000000 4.000000
0.333333 1.000000 0.111111 7.000000
0.166667 9.000000 1.000000 3.000000
0.250000 0.142857 0.333333 1.000000

Matrix 2601:
1.000000 3.000000 9.000000 3.000000
0.333333 1.000000 0.200000 0.250000
0.111111 5.000000 1.000000 0.250000
0.333333 4.000000 4.000000 1.000000

Matrix 2602:
1.000000 1.000000 8.000000 1.000000
1.000000 1.000000 1.000000 0.111111
0.125000 1.000000 1.000000 1.000000
1.000000 9.000000 1.000000 1.000000

Matrix 2603:
1.000000 7.000000 5.000000 6.000000
0.142857 1.000000 2.000000 0.333333
0.200000 0.500000 1.000000 0.111111
0.166667 3.000000 9.000000 1.000000

Matrix 2604:
1.000000 1.000000 0.333333 3.000000
1.000000 1.000000 0.142857 0.200000
3.000000 7.000000 1.000000 1.000000
0.333333 5.000000 1.000000 1.000000

Matrix 2605:
1.000000 1.000000 0.166667 7.000000
1.000000 1.000000 7.000000 4.000000
6.000000 0.142857 1.000000 4.000000
0.142857 0.250000 0.250000 1.000000

Matrix 2606:
1.000000 0.111111 0.111111 0.500000
9.000000 1.000000 0.111111 1.000000
9.000000 9.000000 1.000000 0.333333
2.000000 1.000000 3.000000 1.000000

Matrix 2607:
1.000000 0.111111 6.000000 1.000000
9.000000 1.000000 7.000000 0.250000
0.166667 0.142857 1.000000 0.200000
1.000000 4.000000 5.000000 1.000000

Matrix 2608:
1.000000 0.200000 0.111111 0.142857
5.000000 1.000000 9.000000 4.000000
9.000000 0.111111 1.000000 0.142857
7.000000 0.250000 7.000000 1.000000

Matrix 2609:
1.000000 4.000000 0.111111 1.000000
0.250000 1.000000 2.000000 1.000000
9.000000 0.500000 1.000000 2.000000
1.000000 1.000000 0.500000 1.000000

Matrix 2610:
1.000000 0.250000 1.000000 8.000000
4.000000 1.000000 0.500000 5.000000
1.000000 2.000000 1.000000 6.000000
0.125000 0.200000 0.166667 1.000000

Matrix 2611:
1.000000 0.200000 1.000000 0.200000
5.000000 1.000000 1.000000 3.000000
1.000000 1.000000 1.000000 9.000000
5.000000 0.333333 0.111111 1.000000

Matrix 2612:
1.000000 1.000000 1.000000 5.000000
1.000000 1.000000 4.000000 0.166667
1.000000 0.250000 1.000000 1.000000
0.200000 6.000000 1.000000 1.000000

Matrix 2613:
1.000000 0.200000 8.000000 0.500000
5.000000 1.000000 9.000000 2.000000
0.125000 0.111111 1.000000 0.500000
2.000000 0.500000 2.000000 1.000000

Matrix 2614:
1.000000 0.166667 0.500000 0.142857
6.000000 1.000000 0.500000 0.111111
2.000000 2.000000 1.000000 6.000000
7.000000 9.000000 0.166667 1.000000

Matrix 2615:
1.000000 0.250000 0.200000 0.125000
4.000000 1.000000 4.000000 6.000000
5.000000 0.250000 1.000000 5.000000
8.000000 0.166667 0.200000 1.000000

Matrix 2616:
1.000000 2.000000 0.166667 0.333333
0.500000 1.000000 0.166667 2.000000
6.000000 6.000000 1.000000 0.250000
3.000000 0.500000 4.000000 1.000000

Matrix 2617:
1.000000 1.000000 3.000000 8.000000
1.000000 1.000000 0.125000 1.000000
0.333333 8.000000 1.000000 8.000000
0.125000 1.000000 0.125000 1.000000

Matrix 2618:
1.000000 0.250000 0.333333 0.125000
4.000000 1.000000 1.000000 0.166667
3.000000 1.000000 1.000000 6.000000
8.000000 6.000000 0.166667 1.000000

Matrix 2619:
1.000000 0.333333 5.000000 0.200000
3.000000 1.000000 0.250000 0.500000
0.200000 4.000000 1.000000 1.000000
5.000000 2.000000 1.000000 1.000000

Matrix 2620:
1.000000 6.000000 7.000000 6.000000
0.166667 1.000000 7.000000 0.500000
0.142857 0.142857 1.000000 0.500000
0.166667 2.000000 2.000000 1.000000

Matrix 2621:
1.000000 3.000000 1.000000 0.125000
0.333333 1.000000 6.000000 0.200000
1.000000 0.166667 1.000000 0.200000
8.000000 5.000000 5.000000 1.000000

Matrix 2622:
1.000000 5.000000 4.000000 4.000000
0.200000 1.000000 0.166667 3.000000
0.250000 6.000000 1.000000 7.000000
0.250000 0.333333 0.142857 1.000000

Matrix 2623:
1.000000 1.000000 0.166667 0.125000
1.000000 1.000000 2.000000 1.000000
6.000000 0.500000 1.000000 0.125000
8.000000 1.000000 8.000000 1.000000

Matrix 2624:
1.000000 9.000000 8.000000 7.000000
0.111111 1.000000 4.000000 3.000000
0.125000 0.250000 1.000000 9.000000
0.142857 0.333333 0.111111 1.000000

Matrix 2625:
1.000000 0.250000 0.142857 2.000000
4.000000 1.000000 0.500000 3.000000
7.000000 2.000000 1.000000 1.000000
0.500000 0.333333 1.000000 1.000000

Matrix 2626:
1.000000 0.125000 0.250000 0.166667
8.000000 1.000000 0.142857 0.250000
4.000000 7.000000 1.000000 1.000000
6.000000 4.000000 1.000000 1.000000

Matrix 2627:
1.000000 0.250000 0.142857 6.000000
4.000000 1.000000 4.000000 3.000000
7.000000 0.250000 1.000000 2.000000
0.166667 0.333333 0.500000 1.000000

Matrix 2628:
1.000000 8.000000 0.333333 9.000000
0.125000 1.000000 0.333333 0.250000
3.000000 3.000000 1.000000 4.000000
0.111111 4.000000 0.250000 1.000000

Matrix 2629:
1.000000 7.000000 3.000000 7.000000
0.142857 1.000000 0.111111 1.000000
0.333333 9.000000 1.000000 1.000000
0.142857 1.000000 1.000000 1.000000

Matrix 2630:
1.000000 7.000000 0.250000 1.000000
0.142857 1.000000 0.142857 7.000000
4.000000 7.000000 1.000000 3.000000
1.000000 0.142857 0.333333 1.000000

Matrix 2631:
1.000000 0.166667 1.000000 0.500000
6.000000 1.000000 2.000000 0.250000
1.000000 0.500000 1.000000 2.000000
2.000000 4.000000 0.500000 1.000000

Matrix 2632:
1.000000 0.200000 0.500000 0.500000
5.000000 1.000000 1.000000 5.000000
2.000000 1.000000 1.000000 9.000000
2.000000 0.200000 0.111111 1.000000

Matrix 2633:
1.000000 0.333333 0.142857 0.250000
3.000000 1.000000 3.000000 8.000000
7.000000 0.333333 1.000000 7.000000
4.000000 0.125000 0.142857 1.000000

Matrix 2634:
1.000000 9.000000 8.000000 0.500000
0.111111 1.000000 0.111111 0.200000
0.125000 9.000000 1.000000 4.000000
2.000000 5.000000 0.250000 1.000000

Matrix 2635:
1.000000 0.333333 0.250000 0.250000
3.000000 1.000000 1.000000 9.000000
4.000000 1.000000 1.000000 8.000000
4.000000 0.111111 0.125000 1.000000

Matrix 2636:
1.000000 8.000000 0.166667 7.000000
0.125000 1.000000 0.333333 3.000000
6.000000 3.000000 1.000000 7.000000
0.142857 0.333333 0.142857 1.000000

Matrix 2637:
1.000000 7.000000 2.000000 0.500000
0.142857 1.000000 0.250000 0.142857
0.500000 4.000000 1.000000 2.000000
2.000000 7.000000 0.500000 1.000000

Matrix 2638:
1.000000 0.500000 0.166667 0.111111
2.000000 1.000000 3.000000 1.000000
6.000000 0.333333 1.000000 1.000000
9.000000 1.000000 1.000000 1.000000

Matrix 2639:
1.000000 0.125000 0.250000 0.142857
8.000000 1.000000 0.166667 3.000000
4.000000 6.000000 1.000000 4.000000
7.000000 0.333333 0.250000 1.000000

Matrix 2640:
1.000000 1.000000 4.000000 7.000000
1.000000 1.000000 0.333333 3.000000
0.250000 3.000000 1.000000 9.000000
0.142857 0.333333 0.111111 1.000000

Matrix 2641:
1.000000 0.142857 0.200000 0.166667
7.000000 1.000000 7.000000 1.000000
5.000000 0.142857 1.000000 0.333333
6.000000 1.000000 3.000000 1.000000

Matrix 2642:
1.000000 0.125000 1.000000 1.000000
8.000000 1.000000 0.500000 4.000000
1.000000 2.000000 1.000000 5.000000
1.000000 0.250000 0.200000 1.000000

Matrix 2643:
1.000000 7.000000 8.000000 0.200000
0.142857 1.000000 4.000000 0.166667
0.125000 0.250000 1.000000 0.200000
5.000000 6.000000 5.000000 1.000000

Matrix 2644:
1.000000 0.125000 0.250000 0.500000
8.000000 1.000000 3.000000 0.200000
4.000000 0.333333 1.000000 0.166667
2.000000 5.000000 6.000000 1.000000

Matrix 2645:
1.000000 0.111111 0.166667 0.250000
9.000000 1.000000 5.000000 0.142857
6.000000 0.200000 1.000000 1.000000
4.000000 7.000000 1.000000 1.000000

Matrix 2646:
1.000000 8.000000 0.500000 0.142857
0.125000 1.000000 1.000000 0.111111
2.000000 1.000000 1.000000 0.142857
7.000000 9.000000 7.000000 1.000000

Matrix 2647:
1.000000 1.000000 0.200000 0.333333
1.000000 1.000000 3.000000 4.000000
5.000000 0.333333 1.000000 0.166667
3.000000 0.250000 6.000000 1.000000

Matrix 2648:
1.000000 6.000000 0.125000 0.333333
0.166667 1.000000 1.000000 0.125000
8.000000 1.000000 1.000000 0.111111
3.000000 8.000000 9.000000 1.000000

Matrix 2649:
1.000000 5.000000 1.000000 0.500000
0.200000 1.000000 1.000000 6.000000
1.000000 1.000000 1.000000 8.000000
2.000000 0.166667 0.125000 1.000000

Matrix 2650:
1.000000 1.000000 1.000000 1.000000
1.000000 1.000000 9.000000 1.000000
1.000000 0.111111 1.000000 1.000000
1.000000 1.000000 1.000000 1.000000

Matrix 2651:
1.000000 0.500000 3.000000 6.000000
2.000000 1.000000 6.000000 2.000000
0.333333 0.166667 1.000000 3.000000
0.166667 0.500000 0.333333 1.000000

Matrix 2652:
1.000000 0.142857 0.125000 4.000000
7.000000 1.000000 0.166667 1.000000
8.000000 6.000000 1.000000 9.000000
0.250000 1.000000 0.111111 1.000000

Matrix 2653:
1.000000 8.000000 0.250000 0.142857
0.125000 1.000000 0.125000 0.111111
4.000000 8.000000 1.000000 0.500000
7.000000 9.000000 2.000000 1.000000

Matrix 2654:
1.000000 0.111111 2.000000 0.333333
9.000000 1.000000 8.000000 0.250000
0.500000 0.125000 1.000000 0.142857
3.000000 4.000000 7.000000 1.000000

Matrix 2655:
1.000000 0.142857 6.000000 1.000000
7.000000 1.000000 2.000000 1.000000
0.166667 0.500000 1.000000 4.000000
1.000000 1.000000 0.250000 1.000000

Matrix 2656:
1.000000 0.125000 1.000000 1.000000
8.000000 1.000000 7.000000 1.000000
1.000000 0.142857 1.000000 0.125000
1.000000 1.000000 8.000000 1.000000

Matrix 2657:
1.000000 0.142857 1.000000 0.500000
7.000000 1.000000 2.000000 0.125000
1.000000 0.500000 1.000000 1.000000
2.000000 8.000000 1.000000 1.000000

Matrix 2658:
1.000000 2.000000 0.333333 0.333333
0.500000 1.000000 6.000000 0.250000
3.000000 0.166667 1.000000 1.000000
3.000000 4.000000 1.000000 1.000000

Matrix 2659:
1.000000 0.125000 4.000000 5.000000
8.000000 1.000000 8.000000 5.000000
0.250000 0.125000 1.000000 1.000000
0.200000 0.200000 1.000000 1.000000

Matrix 2660:
1.000000 0.333333 0.200000 0.333333
3.000000 1.000000 1.000000 7.000000
5.000000 1.000000 1.000000 3.000000
3.000000 0.142857 0.333333 1.000000

Matrix 2661:
1.000000 5.000000 7.000000 5.000000
0.200000 1.000000 0.200000 0.200000
0.142857 5.000000 1.000000 4.000000
0.200000 5.000000 0.250000 1.000000

Matrix 2662:
1.000000 1.000000 0.125000 3.000000
1.000000 1.000000 0.166667 3.000000
8.000000 6.000000 1.000000 2.000000
0.333333 0.333333 0.500000 1.000000

Matrix 2663:
1.000000 0.125000 0.333333 7.000000
8.000000 1.000000 0.125000 6.000000
3.000000 8.000000 1.000000 4.000000
0.142857 0.166667 0.250000 1.000000

Matrix 2664:
1.000000 0.125000 1.000000 3.000000
8.000000 1.000000 0.111111 4.000000
1.000000 9.000000 1.000000 7.000000
0.333333 0.250000 0.142857 1.000000

Matrix 2665:
1.000000 3.000000 0.333333 0.250000
0.333333 1.000000 0.333333 0.111111
3.000000 3.000000 1.000000 0.125000
4.000000 9.000000 8.000000 1.000000

Matrix 2666:
1.000000 1.000000 0.125000 0.500000
1.000000 1.000000 0.125000 1.000000
8.000000 8.000000 1.000000 0.142857
2.000000 1.000000 7.000000 1.000000

Matrix 2667:
1.000000 6.000000 6.000000 8.000000
0.166667 1.000000 5.000000 1.000000
0.166667 0.200000 1.000000 9.000000
0.125000 1.000000 0.111111 1.000000

Matrix 2668:
1.000000 0.500000 0.111111 0.166667
2.000000 1.000000 4.000000 0.250000
9.000000 0.250000 1.000000 4.000000
6.000000 4.000000 0.250000 1.000000

Matrix 2669:
1.000000 1.000000 1.000000 0.333333
1.000000 1.000000 8.000000 7.000000
1.000000 0.125000 1.000000 4.000000
3.000000 0.142857 0.250000 1.000000

Matrix 2670:
1.000000 1.000000 7.000000 0.333333
1.000000 1.000000 2.000000 5.000000
0.142857 0.500000 1.000000 0.200000
3.000000 0.200000 5.000000 1.000000

Matrix 2671:
1.000000 6.000000 8.000000 1.000000
0.166667 1.000000 0.125000 0.125000
0.125000 8.000000 1.000000 0.200000
1.000000 8.000000 5.000000 1.000000

Matrix 2672:
1.000000 0.333333 0.166667 8.000000
3.000000 1.000000 0.166667 0.500000
6.000000 6.000000 1.000000 6.000000
0.125000 2.000000 0.166667 1.000000

Matrix 2673:
1.000000 0.125000 0.166667 0.500000
8.000000 1.000000 7.000000 4.000000
6.000000 0.142857 1.000000 6.000000
2.000000 0.250000 0.166667 1.000000

Matrix 2674:
1.000000 0.125000 0.166667 3.000000
8.000000 1.000000 1.000000 2.000000
6.000000 1.000000 1.000000 6.000000
0.333333 0.500000 0.166667 1.000000

Matrix 2675:
1.000000 0.200000 0.166667 0.250000
5.000000 1.000000 5.000000 5.000000
6.000000 0.200000 1.000000 1.000000
4.000000 0.200000 1.000000 1.000000

Matrix 2676:
1.000000 4.000000 0.125000 6.000000
0.250000 1.000000 0.166667 3.000000
8.000000 6.000000 1.000000 2.000000
0.166667 0.333333 0.500000 1.000000

Matrix 2677:
1.000000 0.142857 3.000000 9.000000
7.000000 1.000000 7.000000 4.000000
0.333333 0.142857 1.000000 2.000000
0.111111 0.250000 0.500000 1.000000

Matrix 2678:
1.000000 4.000000 0.500000 1.000000
0.250000 1.000000 0.142857 0.166667
2.000000 7.000000 1.000000 0.111111
1.000000 6.000000 9.000000 1.000000

Matrix 2679:
1.000000 6.000000 0.250000 0.500000
0.166667 1.000000 0.200000 6.000000
4.000000 5.000000 1.000000 3.000000
2.000000 0.166667 0.333333 1.000000

Matrix 2680:
1.000000 0.125000 7.000000 1.000000
8.000000 1.000000 3.000000 6.000000
0.142857 0.333333 1.000000 5.000000
1.000000 0.166667 0.200000 1.000000

Matrix 2681:
1.000000 7.000000 2.000000 4.000000
0.142857 1.000000 0.111111 0.111111
0.500000 9.000000 1.000000 0.200000
0.250000 9.000000 5.000000 1.000000

Matrix 2682:
1.000000 0.200000 0.200000 0.250000
5.000000 1.000000 9.000000 0.500000
5.000000 0.111111 1.000000 0.250000
4.000000 2.000000 4.000000 1.000000

Matrix 2683:
1.000000 0.250000 0.250000 0.166667
4.000000 1.000000 0.166667 0.166667
4.000000 6.000000 1.000000 0.250000
6.000000 6.000000 4.000000 1.000000

Matrix 2684:
1.000000 1.000000 2.000000 0.166667
1.000000 1.000000 6.000000 2.000000
0.500000 0.166667 1.000000 0.166667
6.000000 0.500000 6.000000 1.000000

Matrix 2685:
1.000000 0.166667 4.000000 0.333333
6.000000 1.000000 4.000000 7.000000
0.250000 0.250000 1.000000 0.125000
3.000000 0.142857 8.000000 1.000000

Matrix 2686:
1.000000 0.500000 0.333333 0.500000
2.000000 1.000000 7.000000 2.000000
3.000000 0.142857 1.000000 0.333333
2.000000 0.500000 3.000000 1.000000

Matrix 2687:
1.000000 3.000000 1.000000 0.500000
0.333333 1.000000 7.000000 0.500000
1.000000 0.142857 1.000000 1.000000
2.000000 2.000000 1.000000 1.000000

Matrix 2688:
1.000000 1.000000 8.000000 1.000000
1.000000 1.000000 0.200000 2.000000
0.125000 5.000000 1.000000 0.500000
1.000000 0.500000 2.000000 1.000000

Matrix 2689:
1.000000 1.000000 3.000000 0.500000
1.000000 1.000000 0.166667 1.000000
0.333333 6.000000 1.000000 2.000000
2.000000 1.000000 0.500000 1.000000

Matrix 2690:
1.000000 0.111111 0.142857 0.250000
9.000000 1.000000 0.333333 7.000000
7.000000 3.000000 1.000000 1.000000
4.000000 0.142857 1.000000 1.000000

Matrix 2691:
1.000000 0.142857 3.000000 7.000000
7.000000 1.000000 1.000000 1.000000
0.333333 1.000000 1.000000 2.000000
0.142857 1.000000 0.500000 1.000000

Matrix 2692:
1.000000 1.000000 1.000000 2.000000
1.000000 1.000000 4.000000 1.000000
1.000000 0.250000 1.000000 2.000000
0.500000 1.000000 0.500000 1.000000

Matrix 2693:
1.000000 0.250000 9.000000 0.142857
4.000000 1.000000 7.000000 0.500000
0.111111 0.142857 1.000000 0.111111
7.000000 2.000000 9.000000 1.000000

Matrix 2694:
1.000000 0.333333 1.000000 7.000000
3.000000 1.000000 2.000000 4.000000
1.000000 0.500000 1.000000 0.166667
0.142857 0.250000 6.000000 1.000000

Matrix 2695:
1.000000 0.333333 0.111111 0.500000
3.000000 1.000000 1.000000 1.000000
9.000000 1.000000 1.000000 7.000000
2.000000 1.000000 0.142857 1.000000

Matrix 2696:
1.000000 0.250000 0.200000 1.000000
4.000000 1.000000 0.200000 0.166667
5.000000 5.000000 1.000000 4.000000
1.000000 6.000000 0.250000 1.000000

Matrix 2697:
1.000000 6.000000 8.000000 7.000000
0.166667 1.000000 3.000000 8.000000
0.125000 0.333333 1.000000 0.500000
0.142857 0.125000 2.000000 1.000000

Matrix 2698:
1.000000 0.125000 4.000000 0.200000
8.000000 1.000000 7.000000 0.250000
0.250000 0.142857 1.000000 0.500000
5.000000 4.000000 2.000000 1.000000

Matrix 2699:
1.000000 9.000000 0.500000 0.500000
0.111111 1.000000 0.142857 4.000000
2.000000 7.000000 1.000000 4.000000
2.000000 0.250000 0.250000 1.000000

Matrix 2700:
1.000000 0.111111 0.125000 0.250000
9.000000 1.000000 0.125000 0.333333
8.000000 8.000000 1.000000 1.000000
4.000000 3.000000 1.000000 1.000000

Matrix 2701:
1.000000 5.000000 0.500000 4.000000
0.200000 1.000000 0.500000 0.333333
2.000000 2.000000 1.000000 4.000000
0.250000 3.000000 0.250000 1.000000

Matrix 2702:
1.000000 1.000000 1.000000 0.250000
1.000000 1.000000 1.000000 8.000000
1.000000 1.000000 1.000000 4.000000
4.000000 0.125000 0.250000 1.000000

Matrix 2703:
1.000000 0.111111 0.111111 0.333333
9.000000 1.000000 0.166667 0.200000
9.000000 6.000000 1.000000 6.000000
3.000000 5.000000 0.166667 1.000000

Matrix 2704:
1.000000 0.142857 8.000000 5.000000
7.000000 1.000000 5.000000 3.000000
0.125000 0.200000 1.000000 6.000000
0.200000 0.333333 0.166667 1.000000

Matrix 2705:
1.000000 5.000000 2.000000 0.142857
0.200000 1.000000 0.333333 0.333333
0.500000 3.000000 1.000000 4.000000
7.000000 3.000000 0.250000 1.000000

Matrix 2706:
1.000000 0.111111 0.166667 7.000000
9.000000 1.000000 0.500000 9.000000
6.000000 2.000000 1.000000 7.000000
0.142857 0.111111 0.142857 1.000000

Matrix 2707:
1.000000 0.200000 0.200000 0.500000
5.000000 1.000000 0.500000 5.000000
5.000000 2.000000 1.000000 0.200000
2.000000 0.200000 5.000000 1.000000

Matrix 2708:
1.000000 1.000000 6.000000 5.000000
1.000000 1.000000 1.000000 7.000000
0.166667 1.000000 1.000000 2.000000
0.200000 0.142857 0.500000 1.000000

Matrix 2709:
1.000000 6.000000 8.000000 3.000000
0.166667 1.000000 5.000000 5.000000
0.125000 0.200000 1.000000 5.000000
0.333333 0.200000 0.200000 1.000000

Matrix 2710:
1.000000 5.000000 0.333333 1.000000
0.200000 1.000000 1.000000 2.000000
3.000000 1.000000 1.000000 0.250000
1.000000 0.500000 4.000000 1.000000

Matrix 2711:
1.000000 0.166667 5.000000 2.000000
6.000000 1.000000 7.000000 1.000000
0.200000 0.142857 1.000000 1.000000
0.500000 1.000000 1.000000 1.000000

Matrix 2712:
1.000000 3.000000 0.250000 0.500000
0.333333 1.000000 0.250000 3.000000
4.000000 4.000000 1.000000 0.500000
2.000000 0.333333 2.000000 1.000000

Matrix 2713:
1.000000 4.000000 0.111111 0.111111
0.250000 1.000000 0.125000 0.125000
9.000000 8.000000 1.000000 0.166667
9.000000 8.000000 6.000000 1.000000

Matrix 2714:
1.000000 0.111111 3.000000 1.000000
9.000000 1.000000 8.000000 8.000000
0.333333 0.125000 1.000000 8.000000
1.000000 0.125000 0.125000 1.000000

Matrix 2715:
1.000000 5.000000 7.000000 6.000000
0.200000 1.000000 0.166667 0.166667
0.142857 6.000000 1.000000 0.200000
0.166667 6.000000 5.000000 1.000000

Matrix 2716:
1.000000 3.000000 1.000000 4.000000
0.333333 1.000000 0.142857 0.125000
1.000000 7.000000 1.000000 0.200000
0.250000 8.000000 5.000000 1.000000

Matrix 2717:
1.000000 0.166667 1.000000 0.142857
6.000000 1.000000 9.000000 6.000000
1.000000 0.111111 1.000000 0.500000
7.000000 0.166667 2.000000 1.000000

Matrix 2718:
1.000000 0.166667 1.000000 2.000000
6.000000 1.000000 8.000000 8.000000
1.000000 0.125000 1.000000 0.166667
0.500000 0.125000 6.000000 1.000000

Matrix 2719:
1.000000 0.111111 2.000000 4.000000
9.000000 1.000000 8.000000 4.000000
0.500000 0.125000 1.000000 0.250000
0.250000 0.250000 4.000000 1.000000

Matrix 2720:
1.000000 0.142857 2.000000 9.000000
7.000000 1.000000 4.000000 8.000000
0.500000 0.250000 1.000000 9.000000
0.111111 0.125000 0.111111 1.000000

Matrix 2721:
1.000000 2.000000 1.000000 0.500000
0.500000 1.000000 0.142857 0.125000
1.000000 7.000000 1.000000 6.000000
2.000000 8.000000 0.166667 1.000000

Matrix 2722:
1.000000 0.500000 6.000000 5.000000
2.000000 1.000000 0.200000 1.000000
0.166667 5.000000 1.000000 4.000000
0.200000 1.000000 0.250000 1.000000

Matrix 2723:
1.000000 0.333333 2.000000 0.142857
3.000000 1.000000 0.166667 0.333333
0.500000 6.000000 1.000000 0.500000
7.000000 3.000000 2.000000 1.000000

Matrix 2724:
1.000000 0.200000 4.000000 8.000000
5.000000 1.000000 0.333333 8.000000
0.250000 3.000000 1.000000 9.000000
0.125000 0.125000 0.111111 1.000000

Matrix 2725:
1.000000 9.000000 5.000000 0.200000
0.111111 1.000000 0.250000 0.166667
0.200000 4.000000 1.000000 0.125000
5.000000 6.000000 8.000000 1.000000

Matrix 2726:
1.000000 0.250000 1.000000 0.125000
4.000000 1.000000 1.000000 7.000000
1.000000 1.000000 1.000000 0.111111
8.000000 0.142857 9.000000 1.000000

Matrix 2727:
1.000000 0.125000 0.200000 4.000000
8.000000 1.000000 6.000000 5.000000
5.000000 0.166667 1.000000 8.000000
0.250000 0.200000 0.125000 1.000000

Matrix 2728:
1.000000 9.000000 0.125000 8.000000
0.111111 1.000000 0.250000 1.000000
8.000000 4.000000 1.000000 3.000000
0.125000 1.000000 0.333333 1.000000

Matrix 2729:
1.000000 6.000000 1.000000 0.333333
0.166667 1.000000 4.000000 0.166667
1.000000 0.250000 1.000000 0.200000
3.000000 6.000000 5.000000 1.000000

Matrix 2730:
1.000000 0.200000 0.111111 0.250000
5.000000 1.000000 2.000000 0.111111
9.000000 0.500000 1.000000 0.142857
4.000000 9.000000 7.000000 1.000000

Matrix 2731:
1.000000 6.000000 1.000000 8.000000
0.166667 1.000000 0.333333 9.000000
1.000000 3.000000 1.000000 0.500000
0.125000 0.111111 2.000000 1.000000

Matrix 2732:
1.000000 0.500000 0.166667 0.500000
2.000000 1.000000 0.250000 0.125000
6.000000 4.000000 1.000000 0.333333
2.000000 8.000000 3.000000 1.000000

Matrix 2733:
1.000000 0.250000 1.000000 0.111111
4.000000 1.000000 2.000000 0.142857
1.000000 0.500000 1.000000 1.000000
9.000000 7.000000 1.000000 1.000000

Matrix 2734:
1.000000 7.000000 9.000000 7.000000
0.142857 1.000000 1.000000 9.000000
0.111111 1.000000 1.000000 0.500000
0.142857 0.111111 2.000000 1.000000

Matrix 2735:
1.000000 0.125000 0.250000 0.166667
8.000000 1.000000 0.500000 0.111111
4.000000 2.000000 1.000000 2.000000
6.000000 9.000000 0.500000 1.000000

Matrix 2736:
1.000000 4.000000 7.000000 0.333333
0.250000 1.000000 4.000000 4.000000
0.142857 0.250000 1.000000 0.333333
3.000000 0.250000 3.000000 1.000000

Matrix 2737:
1.000000 4.000000 3.000000 4.000000
0.250000 1.000000 0.111111 0.166667
0.333333 9.000000 1.000000 0.125000
0.250000 6.000000 8.000000 1.000000

Matrix 2738:
1.000000 1.000000 0.333333 5.000000
1.000000 1.000000 0.111111 0.125000
3.000000 9.000000 1.000000 4.000000
0.200000 8.000000 0.250000 1.000000

Matrix 2739:
1.000000 8.000000 0.200000 4.000000
0.125000 1.000000 1.000000 0.500000
5.000000 1.000000 1.000000 7.000000
0.250000 2.000000 0.142857 1.000000

Matrix 2740:
1.000000 4.000000 1.000000 8.000000
0.250000 1.000000 4.000000 6.000000
1.000000 0.250000 1.000000 7.000000
0.125000 0.166667 0.142857 1.000000

Matrix 2741:
1.000000 6.000000 0.333333 5.000000
0.166667 1.000000 0.111111 0.166667
3.000000 9.000000 1.000000 9.000000
0.200000 6.000000 0.111111 1.000000

Matrix 2742:
1.000000 4.000000 0.200000 0.125000
0.250000 1.000000 0.500000 0.111111
5.000000 2.000000 1.000000 0.500000
8.000000 9.000000 2.000000 1.000000

Matrix 2743:
1.000000 0.111111 0.166667 1.000000
9.000000 1.000000 9.000000 6.000000
6.000000 0.111111 1.000000 5.000000
1.000000 0.166667 0.200000 1.000000

Matrix 2744:
1.000000 0.500000 0.333333 2.000000
2.000000 1.000000 3.000000 8.000000
3.000000 0.333333 1.000000 0.500000
0.500000 0.125000 2.000000 1.000000

Matrix 2745:
1.000000 0.142857 0.125000 9.000000
7.000000 1.000000 5.000000 5.000000
8.000000 0.200000 1.000000 6.000000
0.111111 0.200000 0.166667 1.000000

Matrix 2746:
1.000000 0.142857 1.000000 1.000000
7.000000 1.000000 6.000000 1.000000
1.000000 0.166667 1.000000 0.111111
1.000000 1.000000 9.000000 1.000000

Matrix 2747:
1.000000 0.500000 2.000000 0.333333
2.000000 1.000000 0.500000 0.200000
0.500000 2.000000 1.000000 6.000000
3.000000 5.000000 0.166667 1.000000

Matrix 2748:
1.000000 4.000000 9.000000 4.000000
0.250000 1.000000 8.000000 0.250000
0.111111 0.125000 1.000000 2.000000
0.250000 4.000000 0.500000 1.000000

Matrix 2749:
1.000000 0.166667 0.166667 0.200000
6.000000 1.000000 0.333333 1.000000
6.000000 3.000000 1.000000 0.250000
5.000000 1.000000 4.000000 1.000000

Matrix 2750:
1.000000 0.333333 0.250000 4.000000
3.000000 1.000000 9.000000 9.000000
4.000000 0.111111 1.000000 6.000000
0.250000 0.111111 0.166667 1.000000

Matrix 2751:
1.000000 8.000000 4.000000 1.000000
0.125000 1.000000 0.333333 1.000000
0.250000 3.000000 1.000000 4.000000
1.000000 1.000000 0.250000 1.000000

Matrix 2752:
1.000000 7.000000 6.000000 6.000000
0.142857 1.000000 5.000000 2.000000
0.166667 0.200000 1.000000 6.000000
0.166667 0.500000 0.166667 1.000000

Matrix 2753:
1.000000 1.000000 7.000000 9.000000
1.000000 1.000000 8.000000 0.142857
0.142857 0.125000 1.000000 0.333333
0.111111 7.000000 3.000000 1.000000

Matrix 2754:
1.000000 0.200000 9.000000 3.000000
5.000000 1.000000 7.000000 3.000000
0.111111 0.142857 1.000000 0.200000
0.333333 0.333333 5.000000 1.000000

Matrix 2755:
1.000000 7.000000 0.333333 8.000000
0.142857 1.000000 0.125000 0.200000
3.000000 8.000000 1.000000 1.000000
0.125000 5.000000 1.000000 1.000000

Matrix 2756:
1.000000 9.000000 9.000000 3.000000
0.111111 1.000000 4.000000 4.000000
0.111111 0.250000 1.000000 8.000000
0.333333 0.250000 0.125000 1.000000

Matrix 2757:
1.000000 8.000000 8.000000 3.000000
0.125000 1.000000 1.000000 1.000000
0.125000 1.000000 1.000000 0.111111
0.333333 1.000000 9.000000 1.000000

Matrix 2758:
1.000000 0.166667 0.250000 0.333333
6.000000 1.000000 5.000000 0.500000
4.000000 0.200000 1.000000 0.111111
3.000000 2.000000 9.000000 1.000000

Matrix 2759:
1.000000 0.200000 9.000000 0.142857
5.000000 1.000000 9.000000 0.333333
0.111111 0.111111 1.000000 0.500000
7.000000 3.000000 2.000000 1.000000

Matrix 2760:
1.000000 5.000000 9.000000 3.000000
0.200000 1.000000 1.000000 2.000000
0.111111 1.000000 1.000000 0.333333
0.333333 0.500000 3.000000 1.000000

Matrix 2761:
1.000000 0.250000 8.000000 1.000000
4.000000 1.000000 9.000000 9.000000
0.125000 0.111111 1.000000 2.000000
1.000000 0.111111 0.500000 1.000000

Matrix 2762:
1.000000 0.200000 0.333333 0.111111
5.000000 1.000000 6.000000 4.000000
3.000000 0.166667 1.000000 8.000000
9.000000 0.250000 0.125000 1.000000

Matrix 2763:
1.000000 1.000000 6.000000 0.125000
1.000000 1.000000 4.000000 0.142857
0.166667 0.250000 1.000000 1.000000
8.000000 7.000000 1.000000 1.000000

Matrix 2764:
1.000000 0.500000 0.200000 8.000000
2.000000 1.000000 0.500000 4.000000
5.000000 2.000000 1.000000 9.000000
0.125000 0.250000 0.111111 1.000000

Matrix 2765:
1.000000 0.333333 0.250000 0.250000
3.000000 1.000000 1.000000 7.000000
4.000000 1.000000 1.000000 0.500000
4.000000 0.142857 2.000000 1.000000

Matrix 2766:
1.000000 0.500000 0.142857 0.111111
2.000000 1.000000 0.500000 0.250000
7.000000 2.000000 1.000000 8.000000
9.000000 4.000000 0.125000 1.000000

Matrix 2767:
1.000000 1.000000 9.000000 8.000000
1.000000 1.000000 2.000000 0.125000
0.111111 0.500000 1.000000 0.333333
0.125000 8.000000 3.000000 1.000000

Matrix 2768:
1.000000 1.000000 4.000000 0.125000
1.000000 1.000000 1.000000 3.000000
0.250000 1.000000 1.000000 1.000000
8.000000 0.333333 1.000000 1.000000

Matrix 2769:
1.000000 2.000000 2.000000 5.000000
0.500000 1.000000 5.000000 8.000000
0.500000 0.200000 1.000000 1.000000
0.200000 0.125000 1.000000 1.000000

Matrix 2770:
1.000000 0.166667 4.000000 0.500000
6.000000 1.000000 5.000000 0.111111
0.250000 0.200000 1.000000 0.125000
2.000000 9.000000 8.000000 1.000000

Matrix 2771:
1.000000 1.000000 0.250000 6.000000
1.000000 1.000000 0.250000 0.111111
4.000000 4.000000 1.000000 1.000000
0.166667 9.000000 1.000000 1.000000

Matrix 2772:
1.000000 1.000000 5.000000 6.000000
1.000000 1.000000 7.000000 1.000000
0.200000 0.142857 1.000000 1.000000
0.166667 1.000000 1.000000 1.000000

Matrix 2773:
1.000000 0.500000 8.000000 0.500000
2.000000 1.000000 0.333333 3.000000
0.125000 3.000000 1.000000 1.000000
2.000000 0.333333 1.000000 1.000000

Matrix 2774:
1.000000 0.200000 1.000000 0.125000
5.000000 1.000000 9.000000 3.000000
1.000000 0.111111 1.000000 6.000000
8.000000 0.333333 0.166667 1.000000

Matrix 2775:
1.000000 1.000000 1.000000 0.200000
1.000000 1.000000 9.000000 7.000000
1.000000 0.111111 1.000000 0.142857
5.000000 0.142857 7.000000 1.000000

Matrix 2776:
1.000000 0.333333 1.000000 0.142857
3.000000 1.000000 4.000000 6.000000
1.000000 0.250000 1.000000 7.000000
7.000000 0.166667 0.142857 1.000000

Matrix 2777:
1.000000 0.500000 2.000000 8.000000
2.000000 1.000000 4.000000 5.000000
0.500000 0.250000 1.000000 0.166667
0.125000 0.200000 6.000000 1.000000

Matrix 2778:
1.000000 4.000000 0.333333 4.000000
0.250000 1.000000 2.000000 0.142857
3.000000 0.500000 1.000000 2.000000
0.250000 7.000000 0.500000 1.000000

Matrix 2779:
1.000000 4.000000 1.000000 5.000000
0.250000 1.000000 2.000000 2.000000
1.000000 0.500000 1.000000 8.000000
0.200000 0.500000 0.125000 1.000000

Matrix 2780:
1.000000 2.000000 3.000000 0.111111
0.500000 1.000000 0.500000 0.250000
0.333333 2.000000 1.000000 3.000000
9.000000 4.000000 0.333333 1.000000

Matrix 2781:
1.000000 2.000000 1.000000 1.000000
0.500000 1.000000 5.000000 1.000000
1.000000 0.200000 1.000000 0.125000
1.000000 1.000000 8.000000 1.000000

Matrix 2782:
1.000000 1.000000 4.000000 1.000000
1.000000 1.000000 1.000000 1.000000
0.250000 1.000000 1.000000 6.000000
1.000000 1.000000 0.166667 1.000000

Matrix 2783:
1.000000 0.111111 1.000000 0.125000
9.000000 1.000000 3.000000 8.000000
1.000000 0.333333 1.000000 2.000000
8.000000 0.125000 0.500000 1.000000

Matrix 2784:
1.000000 3.000000 5.000000 4.000000
0.333333 1.000000 7.000000 0.200000
0.200000 0.142857 1.000000 0.111111
0.250000 5.000000 9.000000 1.000000

Matrix 2785:
1.000000 1.000000 4.000000 1.000000
1.000000 1.000000 4.000000 0.142857
0.250000 0.250000 1.000000 0.142857
1.000000 7.000000 7.000000 1.000000

Matrix 2786:
1.000000 0.250000 1.000000 0.250000
4.000000 1.000000 1.000000 0.200000
1.000000 1.000000 1.000000 7.000000
4.000000 5.000000 0.142857 1.000000

Matrix 2787:
1.000000 0.142857 0.166667 6.000000
7.000000 1.000000 7.000000 6.000000
6.000000 0.142857 1.000000 9.000000
0.166667 0.166667 0.111111 1.000000

Matrix 2788:
1.000000 0.166667 0.111111 1.000000
6.000000 1.000000 0.500000 0.166667
9.000000 2.000000 1.000000 5.000000
1.000000 6.000000 0.200000 1.000000

Matrix 2789:
1.000000 1.000000 0.125000 0.200000
1.000000 1.000000 0.333333 0.111111
8.000000 3.000000 1.000000 8.000000
5.000000 9.000000 0.125000 1.000000

Matrix 2790:
1.000000 0.166667 0.166667 0.500000
6.000000 1.000000 0.111111 0.200000
6.000000 9.000000 1.000000 0.250000
2.000000 5.000000 4.000000 1.000000

Matrix 2791:
1.000000 0.250000 4.000000 4.000000
4.000000 1.000000 3.000000 1.000000
0.250000 0.333333 1.000000 0.142857
0.250000 1.000000 7.000000 1.000000

Matrix 2792:
1.000000 1.000000 1.000000 1.000000
1.000000 1.000000 6.000000 1.000000
1.000000 0.166667 1.000000 0.200000
1.000000 1.000000 5.000000 1.000000

Matrix 2793:
1.000000 0.125000 0.166667 0.111111
8.000000 1.000000 0.111111 7.000000
6.000000 9.000000 1.000000 9.000000
9.000000 0.142857 0.111111 1.000000

Matrix 2794:
1.000000 9.000000 1.000000 2.000000
0.111111 1.000000 0.250000 0.166667
1.000000 4.000000 1.000000 0.250000
0.500000 6.000000 4.000000 1.000000

Matrix 2795:
1.000000 3.000000 8.000000 1.000000
0.333333 1.000000 8.000000 8.000000
0.125000 0.125000 1.000000 1.000000
1.000000 0.125000 1.000000 1.000000

Matrix 2796:
1.000000 0.125000 0.200000 3.000000
8.000000 1.000000 0.200000 0.333333
5.000000 5.000000 1.000000 3.000000
0.333333 3.000000 0.333333 1.000000

Matrix 2797:
1.000000 6.000000 6.000000 0.111111
0.166667 1.000000 1.000000 0.142857
0.166667 1.000000 1.000000 1.000000
9.000000 7.000000 1.000000 1.000000

Matrix 2798:
1.000000 1.000000 1.000000 0.111111
1.000000 1.000000 2.000000 0.142857
1.000000 0.500000 1.000000 0.500000
9.000000 7.000000 2.000000 1.000000

Matrix 2799:
1.000000 0.333333 0.166667 0.166667
3.000000 1.000000 2.000000 6.000000
6.000000 0.500000 1.000000 5.000000
6.000000 0.166667 0.200000 1.000000

Matrix 2800:
1.000000 0.111111 0.200000 0.500000
9.000000 1.000000 0.142857 5.000000
5.000000 7.000000 1.000000 3.000000
2.000000 0.200000 0.333333 1.000000

Matrix 2801:
1.000000 0.200000 7.000000 4.000000
5.000000 1.000000 7.000000 1.000000
0.142857 0.142857 1.000000 5.000000
0.250000 1.000000 0.200000 1.000000

Matrix 2802:
1.000000 1.000000 1.000000 0.500000
1.000000 1.000000 9.000000 7.000000
1.000000 0.111111 1.000000 8.000000
2.000000 0.142857 0.125000 1.000000

Matrix 2803:
1.000000 0.500000 8.000000 7.000000
2.000000 1.000000 1.000000 0.250000
0.125000 1.000000 1.000000 1.000000
0.142857 4.000000 1.000000 1.000000

Matrix 2804:
1.000000 8.000000 6.000000 8.000000
0.125000 1.000000 0.333333 2.000000
0.166667 3.000000 1.000000 0.142857
0.125000 0.500000 7.000000 1.000000

Matrix 2805:
1.000000 1.000000 3.000000 1.000000
1.000000 1.000000 9.000000 0.166667
0.333333 0.111111 1.000000 0.111111
1.000000 6.000000 9.000000 1.000000

Matrix 2806:
1.000000 1.000000 0.166667 0.125000
1.000000 1.000000 3.000000 3.000000
6.000000 0.333333 1.000000 1.000000
8.000000 0.333333 1.000000 1.000000

Matrix 2807:
1.000000 0.500000 0.111111 7.000000
2.000000 1.000000 0.111111 8.000000
9.000000 9.000000 1.000000 6.000000
0.142857 0.125000 0.166667 1.000000

Matrix 2808:
1.000000 5.000000 1.000000 6.000000
0.200000 1.000000 6.000000 1.000000
1.000000 0.166667 1.000000 0.111111
0.166667 1.000000 9.000000 1.000000

Matrix 2809:
1.000000 4.000000 4.000000 1.000000
0.250000 1.000000 1.000000 7.000000
0.250000 1.000000 1.000000 6.000000
1.000000 0.142857 0.166667 1.000000

Matrix 2810:
1.000000 9.000000 6.000000 8.000000
0.111111 1.000000 5.000000 2.000000
0.166667 0.200000 1.000000 0.200000
0.125000 0.500000 5.000000 1.000000

Matrix 2811:
1.000000 0.200000 2.000000 0.333333
5.000000 1.000000 1.000000 7.000000
0.500000 1.000000 1.000000 0.166667
3.000000 0.142857 6.000000 1.000000

Matrix 2812:
1.000000 9.000000 0.500000 2.000000
0.111111 1.000000 1.000000 0.111111
2.000000 1.000000 1.000000 7.000000
0.500000 9.000000 0.142857 1.000000

Matrix 2813:
1.000000 2.000000 4.000000 4.000000
0.500000 1.000000 4.000000 0.250000
0.250000 0.250000 1.000000 4.000000
0.250000 4.000000 0.250000 1.000000

Matrix 2814:
1.000000 0.250000 0.111111 2.000000
4.000000 1.000000 5.000000 0.500000
9.000000 0.200000 1.000000 1.000000
0.500000 2.000000 1.000000 1.000000

Matrix 2815:
1.000000 9.000000 9.000000 1.000000
0.111111 1.000000 8.000000 0.166667
0.111111 0.125000 1.000000 1.000000
1.000000 6.000000 1.000000 1.000000

Matrix 2816:
1.000000 0.111111 1.000000 1.000000
9.000000 1.000000 0.250000 1.000000
1.000000 4.000000 1.000000 2.000000
1.000000 1.000000 0.500000 1.000000

Matrix 2817:
1.000000 0.500000 5.000000 0.200000
2.000000 1.000000 2.000000 1.000000
0.200000 0.500000 1.000000 0.166667
5.000000 1.000000 6.000000 1.000000

Matrix 2818:
1.000000 0.166667 1.000000 0.166667
6.000000 1.000000 0.200000 0.125000
1.000000 5.000000 1.000000 0.200000
6.000000 8.000000 5.000000 1.000000

Matrix 2819:
1.000000 0.200000 0.333333 0.333333
5.000000 1.000000 8.000000 0.200000
3.000000 0.125000 1.000000 0.125000
3.000000 5.000000 8.000000 1.000000

Matrix 2820:
1.000000 0.166667 0.125000 0.166667
6.000000 1.000000 7.000000 4.000000
8.000000 0.142857 1.000000 2.000000
6.000000 0.250000 0.500000 1.000000

Matrix 2821:
1.000000 0.500000 4.000000 0.500000
2.000000 1.000000 4.000000 5.000000
0.250000 0.250000 1.000000 0.125000
2.000000 0.200000 8.000000 1.000000

Matrix 2822:
1.000000 0.125000 0.333333 3.000000
8.000000 1.000000 0.333333 4.000000
3.000000 3.000000 1.000000 9.000000
0.333333 0.250000 0.111111 1.000000

Matrix 2823:
1.000000 0.333333 0.250000 4.000000
3.000000 1.000000 3.000000 2.000000
4.000000 0.333333 1.000000 5.000000
0.250000 0.500000 0.200000 1.000000

Matrix 2824:
1.000000 2.000000 6.000000 0.125000
0.500000 1.000000 0.166667 0.250000
0.166667 6.000000 1.000000 0.333333
8.000000 4.000000 3.000000 1.000000

Matrix 2825:
1.000000 0.125000 1.000000 0.333333
8.000000 1.000000 0.166667 0.500000
1.000000 6.000000 1.000000 4.000000
3.000000 2.000000 0.250000 1.000000

Matrix 2826:
1.000000 0.125000 8.000000 0.500000
8.000000 1.000000 7.000000 5.000000
0.125000 0.142857 1.000000 4.000000
2.000000 0.200000 0.250000 1.000000

Matrix 2827:
1.000000 0.125000 6.000000 4.000000
8.000000 1.000000 6.000000 8.000000
0.166667 0.166667 1.000000 9.000000
0.250000 0.125000 0.111111 1.000000

Matrix 2828:
1.000000 6.000000 1.000000 0.142857
0.166667 1.000000 4.000000 0.500000
1.000000 0.250000 1.000000 0.125000
7.000000 2.000000 8.000000 1.000000

Matrix 2829:
1.000000 7.000000 6.000000 5.000000
0.142857 1.000000 0.142857 8.000000
0.166667 7.000000 1.000000 9.000000
0.200000 0.125000 0.111111 1.000000

Matrix 2830:
1.000000 0.500000 1.000000 0.500000
2.000000 1.000000 0.200000 2.000000
1.000000 5.000000 1.000000 8.000000
2.000000 0.500000 0.125000 1.000000

Matrix 2831:
1.000000 0.111111 0.111111 0.125000
9.000000 1.000000 7.000000 2.000000
9.000000 0.142857 1.000000 0.166667
8.000000 0.500000 6.000000 1.000000

Matrix 2832:
1.000000 8.000000 7.000000 9.000000
0.125000 1.000000 7.000000 0.142857
0.142857 0.142857 1.000000 0.111111
0.111111 7.000000 9.000000 1.000000

Matrix 2833:
1.000000 9.000000 1.000000 7.000000
0.111111 1.000000 1.000000 5.000000
1.000000 1.000000 1.000000 9.000000
0.142857 0.200000 0.111111 1.000000

Matrix 2834:
1.000000 0.142857 0.142857 1.000000
7.000000 1.000000 4.000000 6.000000
7.000000 0.250000 1.000000 9.000000
1.000000 0.166667 0.111111 1.000000

Matrix 2835:
1.000000 0.125000 4.000000 0.125000
8.000000 1.000000 9.000000 4.000000
0.250000 0.111111 1.000000 0.166667
8.000000 0.250000 6.000000 1.000000

Matrix 2836:
1.000000 1.000000 0.500000 0.333333
1.000000 1.000000 0.111111 1.000000
2.000000 9.000000 1.000000 5.000000
3.000000 1.000000 0.200000 1.000000

Matrix 2837:
1.000000 1.000000 6.000000 2.000000
1.000000 1.000000 5.000000 0.200000
0.166667 0.200000 1.000000 2.000000
0.500000 5.000000 0.500000 1.000000

Matrix 2838:
1.000000 0.166667 0.111111 0.111111
6.000000 1.000000 0.142857 1.000000
9.000000 7.000000 1.000000 1.000000
9.000000 1.000000 1.000000 1.000000

Matrix 2839:
1.000000 0.200000 9.000000 6.000000
5.000000 1.000000 2.000000 4.000000
0.111111 0.500000 1.000000 0.111111
0.166667 0.250000 9.000000 1.000000

Matrix 2840:
1.000000 0.333333 4.000000 1.000000
3.000000 1.000000 0.250000 0.200000
0.250000 4.000000 1.000000 1.000000
1.000000 5.000000 1.000000 1.000000

Matrix 2841:
1.000000 4.000000 6.000000 0.333333
0.250000 1.000000 5.000000 3.000000
0.166667 0.200000 1.000000 0.333333
3.000000 0.333333 3.000000 1.000000

Matrix 2842:
1.000000 6.000000 4.000000 1.000000
0.166667 1.000000 0.200000 0.142857
0.250000 5.000000 1.000000 9.000000
1.000000 7.000000 0.111111 1.000000

Matrix 2843:
1.000000 3.000000 1.000000 5.000000
0.333333 1.000000 0.250000 0.500000
1.000000 4.000000 1.000000 0.125000
0.200000 2.000000 8.000000 1.000000

Matrix 2844:
1.000000 0.500000 2.000000 0.200000
2.000000 1.000000 3.000000 4.000000
0.500000 0.333333 1.000000 0.333333
5.000000 0.250000 3.000000 1.000000

Matrix 2845:
1.000000 4.000000 7.000000 8.000000
0.250000 1.000000 0.166667 0.125000
0.142857 6.000000 1.000000 1.000000
0.125000 8.000000 1.000000 1.000000

Matrix 2846:
1.000000 6.000000 0.166667 5.000000
0.166667 1.000000 1.000000 0.166667
6.000000 1.000000 1.000000 2.000000
0.200000 6.000000 0.500000 1.000000

Matrix 2847:
1.000000 0.125000 0.250000 0.500000
8.000000 1.000000 9.000000 0.125000
4.000000 0.111111 1.000000 0.333333
2.000000 8.000000 3.000000 1.000000

Matrix 2848:
1.000000 7.000000 9.000000 9.000000
0.142857 1.000000 8.000000 2.000000
0.111111 0.125000 1.000000 8.000000
0.111111 0.500000 0.125000 1.000000

Matrix 2849:
1.000000 0.200000 0.200000 0.500000
5.000000 1.000000 5.000000 0.333333
5.000000 0.200000 1.000000 0.111111
2.000000 3.000000 9.000000 1.000000

Matrix 2850:
1.000000 5.000000 3.000000 4.000000
0.200000 1.000000 1.000000 7.000000
0.333333 1.000000 1.000000 7.000000
0.250000 0.142857 0.142857 1.000000

Matrix 2851:
1.000000 4.000000 8.000000 7.000000
0.250000 1.000000 4.000000 1.000000
0.125000 0.250000 1.000000 4.000000
0.142857 1.000000 0.250000 1.000000

Matrix 2852:
1.000000 0.250000 0.200000 0.111111
4.000000 1.000000 9.000000 8.000000
5.000000 0.111111 1.000000 0.142857
9.000000 0.125000 7.000000 1.000000

Matrix 2853:
1.000000 0.250000 0.111111 7.000000
4.000000 1.000000 0.500000 6.000000
9.000000 2.000000 1.000000 2.000000
0.142857 0.166667 0.500000 1.000000

Matrix 2854:
1.000000 0.500000 0.142857 8.000000
2.000000 1.000000 1.000000 3.000000
7.000000 1.000000 1.000000 2.000000
0.125000 0.333333 0.500000 1.000000

Matrix 2855:
1.000000 5.000000 1.000000 7.000000
0.200000 1.000000 0.500000 0.166667
1.000000 2.000000 1.000000 0.125000
0.142857 6.000000 8.000000 1.000000

Matrix 2856:
1.000000 4.000000 6.000000 4.000000
0.250000 1.000000 4.000000 0.250000
0.166667 0.250000 1.000000 0.200000
0.250000 4.000000 5.000000 1.000000

Matrix 2857:
1.000000 3.000000 6.000000 9.000000
0.333333 1.000000 6.000000 0.333333
0.166667 0.166667 1.000000 0.333333
0.111111 3.000000 3.000000 1.000000

Matrix 2858:
1.000000 8.000000 8.000000 2.000000
0.125000 1.000000 5.000000 1.000000
0.125000 0.200000 1.000000 0.111111
0.500000 1.000000 9.000000 1.000000

Matrix 2859:
1.000000 0.250000 0.200000 8.000000
4.000000 1.000000 5.000000 5.000000
5.000000 0.200000 1.000000 1.000000
0.125000 0.200000 1.000000 1.000000

Matrix 2860:
1.000000 8.000000 0.250000 0.166667
0.125000 1.000000 0.200000 0.333333
4.000000 5.000000 1.000000 3.000000
6.000000 3.000000 0.333333 1.000000

Matrix 2861:
1.000000 0.250000 0.111111 1.000000
4.000000 1.000000 0.500000 4.000000
9.000000 2.000000 1.000000 1.000000
1.000000 0.250000 1.000000 1.000000

Matrix 2862:
1.000000 2.000000 0.333333 7.000000
0.500000 1.000000 0.500000 0.142857
3.000000 2.000000 1.000000 6.000000
0.142857 7.000000 0.166667 1.000000

Matrix 2863:
1.000000 1.000000 0.142857 0.250000
1.000000 1.000000 8.000000 0.333333
7.000000 0.125000 1.000000 1.000000
4.000000 3.000000 1.000000 1.000000

Matrix 2864:
1.000000 8.000000 1.000000 7.000000
0.125000 1.000000 0.250000 3.000000
1.000000 4.000000 1.000000 2.000000
0.142857 0.333333 0.500000 1.000000

Matrix 2865:
1.000000 0.500000 5.000000 5.000000
2.000000 1.000000 0.250000 2.000000
0.200000 4.000000 1.000000 1.000000
0.200000 0.500000 1.000000 1.000000

Matrix 2866:
1.000000 0.142857 3.000000 0.111111
7.000000 1.000000 1.000000 0.125000
0.333333 1.000000 1.000000 0.166667
9.000000 8.000000 6.000000 1.000000

Matrix 2867:
1.000000 6.000000 0.142857 0.500000
0.166667 1.000000 0.200000 0.200000
7.000000 5.000000 1.000000 5.000000
2.000000 5.000000 0.200000 1.000000

Matrix 2868:
1.000000 0.142857 0.142857 0.200000
7.000000 1.000000 3.000000 6.000000
7.000000 0.333333 1.000000 5.000000
5.000000 0.166667 0.200000 1.000000

Matrix 2869:
1.000000 7.000000 2.000000 1.000000
0.142857 1.000000 1.000000 3.000000
0.500000 1.000000 1.000000 1.000000
1.000000 0.333333 1.000000 1.000000

Matrix 2870:
1.000000 0.125000 0.500000 3.000000
8.000000 1.000000 1.000000 9.000000
2.000000 1.000000 1.000000 0.250000
0.333333 0.111111 4.000000 1.000000

Matrix 2871:
1.000000 0.500000 0.500000 0.200000
2.000000 1.000000 0.500000 6.000000
2.000000 2.000000 1.000000 0.500000
5.000000 0.166667 2.000000 1.000000

Matrix 2872:
1.000000 3.000000 0.250000 3.000000
0.333333 1.000000 5.000000 1.000000
4.000000 0.200000 1.000000 2.000000
0.333333 1.000000 0.500000 1.000000

Matrix 2873:
1.000000 0.333333 0.250000 0.500000
3.000000 1.000000 0.500000 6.000000
4.000000 2.000000 1.000000 1.000000
2.000000 0.166667 1.000000 1.000000

Matrix 2874:
1.000000 0.142857 1.000000 3.000000
7.000000 1.000000 0.250000 4.000000
1.000000 4.000000 1.000000 1.000000
0.333333 0.250000 1.000000 1.000000

Matrix 2875:
1.000000 0.166667 6.000000 5.000000
6.000000 1.000000 2.000000 3.000000
0.166667 0.500000 1.000000 0.500000
0.200000 0.333333 2.000000 1.000000

Matrix 2876:
1.000000 0.200000 9.000000 1.000000
5.000000 1.000000 2.000000 2.000000
0.111111 0.500000 1.000000 0.125000
1.000000 0.500000 8.000000 1.000000

Matrix 2877:
1.000000 4.000000 3.000000 2.000000
0.250000 1.000000 0.500000 0.500000
0.333333 2.000000 1.000000 0.200000
0.500000 2.000000 5.000000 1.000000

Matrix 2878:
1.000000 9.000000 0.500000 8.000000
0.111111 1.000000 0.333333 2.000000
2.000000 3.000000 1.000000 0.333333
0.125000 0.500000 3.000000 1.000000

Matrix 2879:
1.000000 9.000000 6.000000 9.000000
0.111111 1.000000 1.000000 0.111111
0.166667 1.000000 1.000000 1.000000
0.111111 9.000000 1.000000 1.000000

Matrix 2880:
1.000000 0.250000 6.000000 0.111111
4.000000 1.000000 5.000000 7.000000
0.166667 0.200000 1.000000 1.000000
9.000000 0.142857 1.000000 1.000000

Matrix 2881:
1.000000 0.500000 1.000000 0.250000
2.000000 1.000000 5.000000 5.000000
1.000000 0.200000 1.000000 0.500000
4.000000 0.200000 2.000000 1.000000

Matrix 2882:
1.000000 0.500000 1.000000 0.250000
2.000000 1.000000 1.000000 3.000000
1.000000 1.000000 1.000000 0.125000
4.000000 0.333333 8.000000 1.000000

Matrix 2883:
1.000000 3.000000 0.250000 4.000000
0.333333 1.000000 0.500000 5.000000
4.000000 2.000000 1.000000 1.000000
0.250000 0.200000 1.000000 1.000000

Matrix 2884:
1.000000 7.000000 1.000000 0.500000
0.142857 1.000000 0.250000 0.200000
1.000000 4.000000 1.000000 5.000000
2.000000 5.000000 0.200000 1.000000

Matrix 2885:
1.000000 5.000000 7.000000 0.200000
0.200000 1.000000 0.111111 0.166667
0.142857 9.000000 1.000000 1.000000
5.000000 6.000000 1.000000 1.000000

Matrix 2886:
1.000000 0.111111 0.166667 0.250000
9.000000 1.000000 0.166667 0.142857
6.000000 6.000000 1.000000 2.000000
4.000000 7.000000 0.500000 1.000000

Matrix 2887:
1.000000 3.000000 0.166667 7.000000
0.333333 1.000000 0.142857 9.000000
6.000000 7.000000 1.000000 5.000000
0.142857 0.111111 0.200000 1.000000

Matrix 2888:
1.000000 1.000000 3.000000 0.166667
1.000000 1.000000 8.000000 6.000000
0.333333 0.125000 1.000000 0.200000
6.000000 0.166667 5.000000 1.000000

Matrix 2889:
1.000000 7.000000 8.000000 0.166667
0.142857 1.000000 4.000000 0.125000
0.125000 0.250000 1.000000 0.125000
6.000000 8.000000 8.000000 1.000000

Matrix 2890:
1.000000 0.333333 1.000000 1.000000
3.000000 1.000000 0.142857 2.000000
1.000000 7.000000 1.000000 0.250000
1.000000 0.500000 4.000000 1.000000

Matrix 2891:
1.000000 2.000000 0.200000 4.000000
0.500000 1.000000 1.000000 6.000000
5.000000 1.000000 1.000000 1.000000
0.250000 0.166667 1.000000 1.000000

Matrix 2892:
1.000000 0.250000 1.000000 0.333333
4.000000 1.000000 1.000000 5.000000
1.000000 1.000000 1.000000 0.142857
3.000000 0.200000 7.000000 1.000000

Matrix 2893:
1.000000 0.142857 0.125000 0.125000
7.000000 1.000000 0.250000 0.500000
8.000000 4.000000 1.000000 0.125000
8.000000 2.000000 8.000000 1.000000

Matrix 2894:
1.000000 6.000000 0.500000 8.000000
0.166667 1.000000 3.000000 3.000000
2.000000 0.333333 1.000000 3.000000
0.125000 0.333333 0.333333 1.000000

Matrix 2895:
1.000000 0.200000 0.166667 0.500000
5.000000 1.000000 0.125000 5.000000
6.000000 8.000000 1.000000 3.000000
2.000000 0.200000 0.333333 1.000000

Matrix 2896:
1.000000 0.500000 2.000000 0.500000
2.000000 1.000000 0.500000 1.000000
0.500000 2.000000 1.000000 8.000000
2.000000 1.000000 0.125000 1.000000

Matrix 2897:
1.000000 0.200000 0.333333 0.142857
5.000000 1.000000 0.125000 0.166667
3.000000 8.000000 1.000000 8.000000
7.000000 6.000000 0.125000 1.000000

Matrix 2898:
1.000000 3.000000 4.000000 7.000000
0.333333 1.000000 0.111111 0.200000
0.250000 9.000000 1.000000 0.250000
0.142857 5.000000 4.000000 1.000000

Matrix 2899:
1.000000 5.000000 4.000000 7.000000
0.200000 1.000000 8.000000 4.000000
0.250000 0.125000 1.000000 0.142857
0.142857 0.250000 7.000000 1.000000

Matrix 2900:
1.000000 0.500000 4.000000 0.500000
2.000000 1.000000 1.000000 8.000000
0.250000 1.000000 1.000000 6.000000
2.000000 0.125000 0.166667 1.000000

Matrix 2901:
1.000000 0.166667 0.333333 1.000000
6.000000 1.000000 1.000000 0.111111
3.000000 1.000000 1.000000 0.500000
1.000000 9.000000 2.000000 1.000000

Matrix 2902:
1.000000 6.000000 5.000000 3.000000
0.166667 1.000000 0.142857 0.200000
0.200000 7.000000 1.000000 0.500000
0.333333 5.000000 2.000000 1.000000

Matrix 2903:
1.000000 9.000000 9.000000 7.000000
0.111111 1.000000 0.200000 2.000000
0.111111 5.000000 1.000000 1.000000
0.142857 0.500000 1.000000 1.000000

Matrix 2904:
1.000000 7.000000 2.000000 8.000000
0.142857 1.000000 6.000000 0.333333
0.500000 0.166667 1.000000 0.250000
0.125000 3.000000 4.000000 1.000000

Matrix 2905:
1.000000 0.125000 0.200000 5.000000
8.000000 1.000000 1.000000 9.000000
5.000000 1.000000 1.000000 5.000000
0.200000 0.111111 0.200000 1.000000

Matrix 2906:
1.000000 2.000000 0.142857 0.142857
0.500000 1.000000 3.000000 0.200000
7.000000 0.333333 1.000000 0.500000
7.000000 5.000000 2.000000 1.000000

Matrix 2907:
1.000000 8.000000 0.111111 1.000000
0.125000 1.000000 0.200000 0.333333
9.000000 5.000000 1.000000 8.000000
1.000000 3.000000 0.125000 1.000000

Matrix 2908:
1.000000 1.000000 0.111111 1.000000
1.000000 1.000000 0.142857 0.111111
9.000000 7.000000 1.000000 8.000000
1.000000 9.000000 0.125000 1.000000

Matrix 2909:
1.000000 0.333333 1.000000 0.125000
3.000000 1.000000 1.000000 4.000000
1.000000 1.000000 1.000000 3.000000
8.000000 0.250000 0.333333 1.000000

Matrix 2910:
1.000000 0.142857 1.000000 2.000000
7.000000 1.000000 0.250000 2.000000
1.000000 4.000000 1.000000 9.000000
0.500000 0.500000 0.111111 1.000000

Matrix 2911:
1.000000 4.000000 0.200000 6.000000
0.250000 1.000000 1.000000 1.000000
5.000000 1.000000 1.000000 6.000000
0.166667 1.000000 0.166667 1.000000

Matrix 2912:
1.000000 5.000000 7.000000 0.250000
0.200000 1.000000 4.000000 1.000000
0.142857 0.250000 1.000000 0.142857
4.000000 1.000000 7.000000 1.000000

Matrix 2913:
1.000000 0.166667 0.333333 4.000000
6.000000 1.000000 0.333333 3.000000
3.000000 3.000000 1.000000 4.000000
0.250000 0.333333 0.250000 1.000000

Matrix 2914:
1.000000 9.000000 0.250000 5.000000
0.111111 1.000000 0.200000 5.000000
4.000000 5.000000 1.000000 2.000000
0.200000 0.200000 0.500000 1.000000

Matrix 2915:
1.000000 0.166667 0.125000 0.200000
6.000000 1.000000 9.000000 2.000000
8.000000 0.111111 1.000000 0.142857
5.000000 0.500000 7.000000 1.000000

Matrix 2916:
1.000000 7.000000 3.000000 6.000000
0.142857 1.000000 8.000000 7.000000
0.333333 0.125000 1.000000 0.333333
0.166667 0.142857 3.000000 1.000000

Matrix 2917:
1.000000 0.333333 0.250000 2.000000
3.000000 1.000000 0.250000 0.111111
4.000000 4.000000 1.000000 7.000000
0.500000 9.000000 0.142857 1.000000

Matrix 2918:
1.000000 0.142857 0.166667 0.250000
7.000000 1.000000 0.142857 0.142857
6.000000 7.000000 1.000000 2.000000
4.000000 7.000000 0.500000 1.000000

Matrix 2919:
1.000000 0.125000 0.200000 1.000000
8.000000 1.000000 0.125000 0.333333
5.000000 8.000000 1.000000 9.000000
1.000000 3.000000 0.111111 1.000000

Matrix 2920:
1.000000 7.000000 6.000000 8.000000
0.142857 1.000000 1.000000 1.000000
0.166667 1.000000 1.000000 5.000000
0.125000 1.000000 0.200000 1.000000

Matrix 2921:
1.000000 7.000000 0.166667 3.000000
0.142857 1.000000 1.000000 3.000000
6.000000 1.000000 1.000000 1.000000
0.333333 0.333333 1.000000 1.000000

Matrix 2922:
1.000000 0.125000 7.000000 5.000000
8.000000 1.000000 2.000000 9.000000
0.142857 0.500000 1.000000 0.142857
0.200000 0.111111 7.000000 1.000000

Matrix 2923:
1.000000 0.166667 0.333333 9.000000
6.000000 1.000000 0.142857 3.000000
3.000000 7.000000 1.000000 9.000000
0.111111 0.333333 0.111111 1.000000

Matrix 2924:
1.000000 5.000000 0.200000 0.166667
0.200000 1.000000 0.500000 1.000000
5.000000 2.000000 1.000000 1.000000
6.000000 1.000000 1.000000 1.000000

Matrix 2925:
1.000000 0.125000 2.000000 0.200000
8.000000 1.000000 7.000000 6.000000
0.500000 0.142857 1.000000 0.125000
5.000000 0.166667 8.000000 1.000000

Matrix 2926:
1.000000 2.000000 1.000000 3.000000
0.500000 1.000000 0.125000 0.166667
1.000000 8.000000 1.000000 1.000000
0.333333 6.000000 1.000000 1.000000

Matrix 2927:
1.000000 0.500000 0.250000 2.000000
2.000000 1.000000 0.250000 0.111111
4.000000 4.000000 1.000000 6.000000
0.500000 9.000000 0.166667 1.000000

Matrix 2928:
1.000000 0.125000 6.000000 0.500000
8.000000 1.000000 8.000000 3.000000
0.166667 0.125000 1.000000 0.125000
2.000000 0.333333 8.000000 1.000000

Matrix 2929:
1.000000 0.333333 0.333333 2.000000
3.000000 1.000000 0.500000 0.333333
3.000000 2.000000 1.000000 5.000000
0.500000 3.000000 0.200000 1.000000

Matrix 2930:
1.000000 8.000000 0.200000 8.000000
0.125000 1.000000 0.250000 0.142857
5.000000 4.000000 1.000000 3.000000
0.125000 7.000000 0.333333 1.000000

Matrix 2931:
1.000000 6.000000 0.200000 0.200000
0.166667 1.000000 0.166667 0.250000
5.000000 6.000000 1.000000 2.000000
5.000000 4.000000 0.500000 1.000000

Matrix 2932:
1.000000 1.000000 1.000000 0.500000
1.000000 1.000000 3.000000 1.000000
1.000000 0.333333 1.000000 6.000000
2.000000 1.000000 0.166667 1.000000

Matrix 2933:
1.000000 6.000000 2.000000 0.166667
0.166667 1.000000 0.125000 1.000000
0.500000 8.000000 1.000000 0.500000
6.000000 1.000000 2.000000 1.000000

Matrix 2934:
1.000000 8.000000 1.000000 0.333333
0.125000 1.000000 0.500000 0.142857
1.000000 2.000000 1.000000 4.000000
3.000000 7.000000 0.250000 1.000000

Matrix 2935:
1.000000 1.000000 5.000000 9.000000
1.000000 1.000000 1.000000 3.000000
0.200000 1.000000 1.000000 6.000000
0.111111 0.333333 0.166667 1.000000

Matrix 2936:
1.000000 0.200000 5.000000 9.000000
5.000000 1.000000 6.000000 8.000000
0.200000 0.166667 1.000000 0.166667
0.111111 0.125000 6.000000 1.000000

Matrix 2937:
1.000000 6.000000 6.000000 4.000000
0.166667 1.000000 1.000000 9.000000
0.166667 1.000000 1.000000 0.500000
0.250000 0.111111 2.000000 1.000000

Matrix 2938:
1.000000 7.000000 8.000000 0.166667
0.142857 1.000000 3.000000 0.166667
0.125000 0.333333 1.000000 0.200000
6.000000 6.000000 5.000000 1.000000

Matrix 2939:
1.000000 0.200000 9.000000 3.000000
5.000000 1.000000 7.000000 2.000000
0.111111 0.142857 1.000000 0.166667
0.333333 0.500000 6.000000 1.000000

Matrix 2940:
1.000000 2.000000 1.000000 5.000000
0.500000 1.000000 0.333333 9.000000
1.000000 3.000000 1.000000 1.000000
0.200000 0.111111 1.000000 1.000000

Matrix 2941:
1.000000 0.200000 4.000000 0.125000
5.000000 1.000000 4.000000 0.200000
0.250000 0.250000 1.000000 0.166667
8.000000 5.000000 6.000000 1.000000

Matrix 2942:
1.000000 3.000000 3.000000 6.000000
0.333333 1.000000 0.200000 5.000000
0.333333 5.000000 1.000000 4.000000
0.166667 0.200000 0.250000 1.000000

Matrix 2943:
1.000000 3.000000 5.000000 0.250000
0.333333 1.000000 2.000000 1.000000
0.200000 0.500000 1.000000 1.000000
4.000000 1.000000 1.000000 1.000000

Matrix 2944:
1.000000 0.125000 1.000000 0.500000
8.000000 1.000000 1.000000 0.166667
1.000000 1.000000 1.000000 4.000000
2.000000 6.000000 0.250000 1.000000

Matrix 2945:
1.000000 5.000000 2.000000 0.125000
0.200000 1.000000 1.000000 0.333333
0.500000 1.000000 1.000000 1.000000
8.000000 3.000000 1.000000 1.000000

Matrix 2946:
1.000000 9.000000 4.000000 5.000000
0.111111 1.000000 4.000000 0.500000
0.250000 0.250000 1.000000 6.000000
0.200000 2.000000 0.166667 1.000000

Matrix 2947:
1.000000 1.000000 0.142857 0.142857
1.000000 1.000000 0.250000 4.000000
7.000000 4.000000 1.000000 1.000000
7.000000 0.250000 1.000000 1.000000

Matrix 2948:
1.000000 6.000000 0.166667 9.000000
0.166667 1.000000 1.000000 2.000000
6.000000 1.000000 1.000000 9.000000
0.111111 0.500000 0.111111 1.000000

Matrix 2949:
1.000000 0.142857 9.000000 9.000000
7.000000 1.000000 9.000000 7.000000
0.111111 0.111111 1.000000 0.250000
0.111111 0.142857 4.000000 1.000000

Matrix 2950:
1.000000 2.000000 5.000000 5.000000
0.500000 1.000000 0.250000 9.000000
0.200000 4.000000 1.000000 3.000000
0.200000 0.111111 0.333333 1.000000

Matrix 2951:
1.000000 0.142857 0.250000 0.125000
7.000000 1.000000 0.111111 0.333333
4.000000 9.000000 1.000000 7.000000
8.000000 3.000000 0.142857 1.000000

Matrix 2952:
1.000000 0.200000 0.500000 0.200000
5.000000 1.000000 0.500000 0.250000
2.000000 2.000000 1.000000 9.000000
5.000000 4.000000 0.111111 1.000000

Matrix 2953:
1.000000 5.000000 0.200000 6.000000
0.200000 1.000000 0.142857 9.000000
5.000000 7.000000 1.000000 3.000000
0.166667 0.111111 0.333333 1.000000

Matrix 2954:
1.000000 0.250000 0.333333 0.125000
4.000000 1.000000 1.000000 9.000000
3.000000 1.000000 1.000000 8.000000
8.000000 0.111111 0.125000 1.000000

Matrix 2955:
1.000000 5.000000 9.000000 6.000000
0.200000 1.000000 0.200000 0.250000
0.111111 5.000000 1.000000 0.200000
0.166667 4.000000 5.000000 1.000000

Matrix 2956:
1.000000 0.333333 0.500000 7.000000
3.000000 1.000000 9.000000 5.000000
2.000000 0.111111 1.000000 0.333333
0.142857 0.200000 3.000000 1.000000

Matrix 2957:
1.000000 2.000000 0.200000 5.000000
0.500000 1.000000 4.000000 9.000000
5.000000 0.250000 1.000000 8.000000
0.200000 0.111111 0.125000 1.000000

Matrix 2958:
1.000000 1.000000 1.000000 5.000000
1.000000 1.000000 0.125000 0.500000
1.000000 8.000000 1.000000 9.000000
0.200000 2.000000 0.111111 1.000000

Matrix 2959:
1.000000 8.000000 1.000000 5.000000
0.125000 1.000000 1.000000 2.000000
1.000000 1.000000 1.000000 9.000000
0.200000 0.500000 0.111111 1.000000

Matrix 2960:
1.000000 9.000000 0.500000 3.000000
0.111111 1.000000 0.333333 0.125000
2.000000 3.000000 1.000000 0.333333
0.333333 8.000000 3.000000 1.000000

Matrix 2961:
1.000000 6.000000 2.000000 8.000000
0.166667 1.000000 4.000000 3.000000
0.500000 0.250000 1.000000 1.000000
0.125000 0.333333 1.000000 1.000000

Matrix 2962:
1.000000 1.000000 6.000000 3.000000
1.000000 1.000000 0.250000 1.000000
0.166667 4.000000 1.000000 8.000000
0.333333 1.000000 0.125000 1.000000

Matrix 2963:
1.000000 0.200000 0.142857 0.250000
5.000000 1.000000 2.000000 0.333333
7.000000 0.500000 1.000000 5.000000
4.000000 3.000000 0.200000 1.000000

Matrix 2964:
1.000000 9.000000 0.250000 6.000000
0.111111 1.000000 0.142857 3.000000
4.000000 7.000000 1.000000 7.000000
0.166667 0.333333 0.142857 1.000000

Matrix 2965:
1.000000 0.200000 0.250000 0.142857
5.000000 1.000000 8.000000 6.000000
4.000000 0.125000 1.000000 0.142857
7.000000 0.166667 7.000000 1.000000

Matrix 2966:
1.000000 3.000000 2.000000 2.000000
0.333333 1.000000 0.125000 1.000000
0.500000 8.000000 1.000000 6.000000
0.500000 1.000000 0.166667 1.000000

Matrix 2967:
1.000000 3.000000 0.142857 0.200000
0.333333 1.000000 0.166667 0.250000
7.000000 6.000000 1.000000 9.000000
5.000000 4.000000 0.111111 1.000000

Matrix 2968:
1.000000 4.000000 0.250000 0.500000
0.250000 1.000000 2.000000 0.500000
4.000000 0.500000 1.000000 8.000000
2.000000 2.000000 0.125000 1.000000

Matrix 2969:
1.000000 0.500000 0.142857 0.142857
2.000000 1.000000 0.250000 0.166667
7.000000 4.000000 1.000000 8.000000
7.000000 6.000000 0.125000 1.000000

Matrix 2970:
1.000000 4.000000 6.000000 3.000000
0.250000 1.000000 6.000000 0.250000
0.166667 0.166667 1.000000 0.111111
0.333333 4.000000 9.000000 1.000000

Matrix 2971:
1.000000 0.200000 1.000000 0.111111
5.000000 1.000000 0.166667 0.250000
1.000000 6.000000 1.000000 1.000000
9.000000 4.000000 1.000000 1.000000

Matrix 2972:
1.000000 1.000000 0.250000 0.500000
1.000000 1.000000 4.000000 0.500000
4.000000 0.250000 1.000000 6.000000
2.000000 2.000000 0.166667 1.000000

Matrix 2973:
1.000000 4.000000 2.000000 3.000000
0.250000 1.000000 0.166667 0.333333
0.500000 6.000000 1.000000 6.000000
0.333333 3.000000 0.166667 1.000000

Matrix 2974:
1.000000 1.000000 0.250000 0.200000
1.000000 1.000000 0.111111 0.166667
4.000000 9.000000 1.000000 8.000000
5.000000 6.000000 0.125000 1.000000

Matrix 2975:
1.000000 5.000000 5.000000 6.000000
0.200000 1.000000 1.000000 0.200000
0.200000 1.000000 1.000000 8.000000
0.166667 5.000000 0.125000 1.000000

Matrix 2976:
1.000000 5.000000 1.000000 4.000000
0.200000 1.000000 6.000000 4.000000
1.000000 0.166667 1.000000 4.000000
0.250000 0.250000 0.250000 1.000000

Matrix 2977:
1.000000 1.000000 0.142857 0.166667
1.000000 1.000000 4.000000 0.125000
7.000000 0.250000 1.000000 0.250000
6.000000 8.000000 4.000000 1.000000

Matrix 2978:
1.000000 3.000000 7.000000 9.000000
0.333333 1.000000 0.125000 5.000000
0.142857 8.000000 1.000000 2.000000
0.111111 0.200000 0.500000 1.000000

Matrix 2979:
1.000000 2.000000 0.333333 0.166667
0.500000 1.000000 0.200000 3.000000
3.000000 5.000000 1.000000 0.333333
6.000000 0.333333 3.000000 1.000000

Matrix 2980:
1.000000 9.000000 0.500000 4.000000
0.111111 1.000000 0.111111 5.000000
2.000000 9.000000 1.000000 8.000000
0.250000 0.200000 0.125000 1.000000

Matrix 2981:
1.000000 0.166667 7.000000 2.000000
6.000000 1.000000 2.000000 4.000000
0.142857 0.500000 1.000000 6.000000
0.500000 0.250000 0.166667 1.000000

Matrix 2982:
1.000000 6.000000 0.142857 2.000000
0.166667 1.000000 0.166667 8.000000
7.000000 6.000000 1.000000 4.000000
0.500000 0.125000 0.250000 1.000000

Matrix 2983:
1.000000 0.200000 0.250000 0.142857
5.000000 1.000000 5.000000 0.500000
4.000000 0.200000 1.000000 0.500000
7.000000 2.000000 2.000000 1.000000

Matrix 2984:
1.000000 3.000000 5.000000 0.200000
0.333333 1.000000 1.000000 2.000000
0.200000 1.000000 1.000000 1.000000
5.000000 0.500000 1.000000 1.000000

Matrix 2985:
1.000000 7.000000 1.000000 7.000000
0.142857 1.000000 0.111111 0.166667
1.000000 9.000000 1.000000 4.000000
0.142857 6.000000 0.250000 1.000000

Matrix 2986:
1.000000 2.000000 3.000000 9.000000
0.500000 1.000000 0.200000 6.000000
0.333333 5.000000 1.000000 3.000000
0.111111 0.166667 0.333333 1.000000

Matrix 2987:
1.000000 0.200000 5.000000 1.000000
5.000000 1.000000 0.500000 2.000000
0.200000 2.000000 1.000000 3.000000
1.000000 0.500000 0.333333 1.000000

Matrix 2988:
1.000000 8.000000 0.250000 0.500000
0.125000 1.000000 0.250000 0.333333
4.000000 4.000000 1.000000 0.125000
2.000000 3.000000 8.000000 1.000000

Matrix 2989:
1.000000 8.000000 1.000000 0.125000
0.125000 1.000000 0.333333 0.166667
1.000000 3.000000 1.000000 2.000000
8.000000 6.000000 0.500000 1.000000

Matrix 2990:
1.000000 2.000000 0.500000 0.111111
0.500000 1.000000 0.142857 0.500000
2.000000 7.000000 1.000000 7.000000
9.000000 2.000000 0.142857 1.000000

Matrix 2991:
1.000000 0.125000 1.000000 0.142857
8.000000 1.000000 1.000000 0.250000
1.000000 1.000000 1.000000 0.111111
7.000000 4.000000 9.000000 1.000000

Matrix 2992:
1.000000 0.250000 0.166667 8.000000
4.000000 1.000000 4.000000 9.000000
6.000000 0.250000 1.000000 1.000000
0.125000 0.111111 1.000000 1.000000

Matrix 2993:
1.000000 0.250000 0.166667 1.000000
4.000000 1.000000 0.250000 2.000000
6.000000 4.000000 1.000000 0.500000
1.000000 0.500000 2.000000 1.000000

Matrix 2994:
1.000000 8.000000 1.000000 1.000000
0.125000 1.000000 0.500000 0.200000
1.000000 2.000000 1.000000 6.000000
1.000000 5.000000 0.166667 1.000000

Matrix 2995:
1.000000 3.000000 0.200000 7.000000
0.333333 1.000000 0.142857 5.000000
5.000000 7.000000 1.000000 3.000000
0.142857 0.200000 0.333333 1.000000

Matrix 2996:
1.000000 0.250000 7.000000 8.000000
4.000000 1.000000 1.000000 3.000000
0.142857 1.000000 1.000000 1.000000
0.125000 0.333333 1.000000 1.000000

Matrix 2997:
1.000000 0.142857 3.000000 2.000000
7.000000 1.000000 2.000000 2.000000
0.333333 0.500000 1.000000 9.000000
0.500000 0.500000 0.111111 1.000000

Matrix 2998:
1.000000 0.111111 0.125000 4.000000
9.000000 1.000000 0.111111 8.000000
8.000000 9.000000 1.000000 3.000000
0.250000 0.125000 0.333333 1.000000

Matrix 2999:
1.000000 3.000000 1.000000 7.000000
0.333333 1.000000 0.500000 0.142857
1.000000 2.000000 1.000000 3.000000
0.142857 7.000000 0.333333 1.000000

Matrix 3000:
1.000000 9.000000 1.000000 6.000000
0.111111 1.000000 0.125000 0.125000
1.000000 8.000000 1.000000 0.333333
0.166667 8.000000 3.000000 1.000000

Matrix 3001:
1.000000 8.000000 9.000000 1.000000
0.125000 1.000000 7.000000 9.000000
0.111111 0.142857 1.000000 0.166667
1.000000 0.111111 6.000000 1.000000

Matrix 3002:
1.000000 0.500000 0.142857 0.142857
2.000000 1.000000 7.000000 4.000000
7.000000 0.142857 1.000000 2.000000
7.000000 0.250000 0.500000 1.000000

Matrix 3003:
1.000000 6.000000 0.111111 1.000000
0.166667 1.000000 1.000000 0.166667
9.000000 1.000000 1.000000 3.000000
1.000000 6.000000 0.333333 1.000000

Matrix 3004:
1.000000 8.000000 2.000000 0.333333
0.125000 1.000000 0.125000 0.142857
0.500000 8.000000 1.000000 8.000000
3.000000 7.000000 0.125000 1.000000

Matrix 3005:
1.000000 1.000000 0.250000 2.000000
1.000000 1.000000 2.000000 0.125000
4.000000 0.500000 1.000000 2.000000
0.500000 8.000000 0.500000 1.000000

Matrix 3006:
1.000000 7.000000 8.000000 0.142857
0.142857 1.000000 6.000000 0.500000
0.125000 0.166667 1.000000 0.250000
7.000000 2.000000 4.000000 1.000000

Matrix 3007:
1.000000 3.000000 0.166667 0.250000
0.333333 1.000000 0.166667 6.000000
6.000000 6.000000 1.000000 5.000000
4.000000 0.166667 0.200000 1.000000

Matrix 3008:
1.000000 5.000000 7.000000 0.125000
0.200000 1.000000 4.000000 0.142857
0.142857 0.250000 1.000000 0.200000
8.000000 7.000000 5.000000 1.000000

Matrix 3009:
1.000000 4.000000 0.500000 4.000000
0.250000 1.000000 0.200000 0.142857
2.000000 5.000000 1.000000 0.333333
0.250000 7.000000 3.000000 1.000000

Matrix 3010:
1.000000 0.200000 0.111111 9.000000
5.000000 1.000000 7.000000 9.000000
9.000000 0.142857 1.000000 9.000000
0.111111 0.111111 0.111111 1.000000

Matrix 3011:
1.000000 0.500000 1.000000 9.000000
2.000000 1.000000 0.333333 8.000000
1.000000 3.000000 1.000000 6.000000
0.111111 0.125000 0.166667 1.000000

Matrix 3012:
1.000000 2.000000 3.000000 8.000000
0.500000 1.000000 8.000000 6.000000
0.333333 0.125000 1.000000 6.000000
0.125000 0.166667 0.166667 1.000000

Matrix 3013:
1.000000 1.000000 4.000000 0.125000
1.000000 1.000000 6.000000 0.200000
0.250000 0.166667 1.000000 0.142857
8.000000 5.000000 7.000000 1.000000

Matrix 3014:
1.000000 0.142857 0.500000 7.000000
7.000000 1.000000 6.000000 1.000000
2.000000 0.166667 1.000000 2.000000
0.142857 1.000000 0.500000 1.000000

Matrix 3015:
1.000000 4.000000 0.125000 4.000000
0.250000 1.000000 0.166667 6.000000
8.000000 6.000000 1.000000 6.000000
0.250000 0.166667 0.166667 1.000000

Matrix 3016:
1.000000 7.000000 3.000000 0.500000
0.142857 1.000000 3.000000 0.125000
0.333333 0.333333 1.000000 0.333333
2.000000 8.000000 3.000000 1.000000

Matrix 3017:
1.000000 9.000000 9.000000 4.000000
0.111111 1.000000 4.000000 7.000000
0.111111 0.250000 1.000000 0.166667
0.250000 0.142857 6.000000 1.000000

Matrix 3018:
1.000000 5.000000 4.000000 9.000000
0.200000 1.000000 4.000000 0.250000
0.250000 0.250000 1.000000 4.000000
0.111111 4.000000 0.250000 1.000000

Matrix 3019:
1.000000 1.000000 1.000000 5.000000
1.000000 1.000000 4.000000 0.500000
1.000000 0.250000 1.000000 0.200000
0.200000 2.000000 5.000000 1.000000

Matrix 3020:
1.000000 1.000000 0.166667 0.333333
1.000000 1.000000 0.125000 5.000000
6.000000 8.000000 1.000000 3.000000
3.000000 0.200000 0.333333 1.000000

Matrix 3021:
1.000000 0.500000 8.000000 9.000000
2.000000 1.000000 1.000000 0.500000
0.125000 1.000000 1.000000 0.142857
0.111111 2.000000 7.000000 1.000000

Matrix 3022:
1.000000 0.500000 0.111111 0.111111
2.000000 1.000000 6.000000 4.000000
9.000000 0.166667 1.000000 1.000000
9.000000 0.250000 1.000000 1.000000

Matrix 3023:
1.000000 1.000000 0.166667 0.200000
1.000000 1.000000 0.125000 1.000000
6.000000 8.000000 1.000000 0.200000
5.000000 1.000000 5.000000 1.000000

Matrix 3024:
1.000000 5.000000 0.142857 9.000000
0.200000 1.000000 0.125000 1.000000
7.000000 8.000000 1.000000 7.000000
0.111111 1.000000 0.142857 1.000000

Matrix 3025:
1.000000 0.142857 0.250000 0.111111
7.000000 1.000000 9.000000 4.000000
4.000000 0.111111 1.000000 6.000000
9.000000 0.250000 0.166667 1.000000

Matrix 3026:
1.000000 4.000000 1.000000 5.000000
0.250000 1.000000 4.000000 0.200000
1.000000 0.250000 1.000000 0.333333
0.200000 5.000000 3.000000 1.000000

Matrix 3027:
1.000000 1.000000 0.500000 3.000000
1.000000 1.000000 0.333333 0.500000
2.000000 3.000000 1.000000 9.000000
0.333333 2.000000 0.111111 1.000000

Matrix 3028:
1.000000 1.000000 6.000000 3.000000
1.000000 1.000000 0.200000 9.000000
0.166667 5.000000 1.000000 5.000000
0.333333 0.111111 0.200000 1.000000

Matrix 3029:
1.000000 1.000000 2.000000 7.000000
1.000000 1.000000 4.000000 0.250000
0.500000 0.250000 1.000000 0.250000
0.142857 4.000000 4.000000 1.000000

Matrix 3030:
1.000000 4.000000 2.000000 1.000000
0.250000 1.000000 0.142857 5.000000
0.500000 7.000000 1.000000 6.000000
1.000000 0.200000 0.166667 1.000000

Matrix 3031:
1.000000 2.000000 0.250000 0.500000
0.500000 1.000000 0.500000 0.111111
4.000000 2.000000 1.000000 2.000000
2.000000 9.000000 0.500000 1.000000

Matrix 3032:
1.000000 3.000000 0.333333 4.000000
0.333333 1.000000 6.000000 8.000000
3.000000 0.166667 1.000000 5.000000
0.250000 0.125000 0.200000 1.000000

Matrix 3033:
1.000000 4.000000 0.250000 3.000000
0.250000 1.000000 0.500000 8.000000
4.000000 2.000000 1.000000 1.000000
0.333333 0.125000 1.000000 1.000000

Matrix 3034:
1.000000 0.333333 0.142857 2.000000
3.000000 1.000000 0.142857 0.333333
7.000000 7.000000 1.000000 4.000000
0.500000 3.000000 0.250000 1.000000

Matrix 3035:
1.000000 9.000000 1.000000 5.000000
0.111111 1.000000 1.000000 8.000000
1.000000 1.000000 1.000000 1.000000
0.200000 0.125000 1.000000 1.000000

Matrix 3036:
1.000000 0.200000 7.000000 4.000000
5.000000 1.000000 6.000000 1.000000
0.142857 0.166667 1.000000 2.000000
0.250000 1.000000 0.500000 1.000000

Matrix 3037:
1.000000 6.000000 4.000000 7.000000
0.166667 1.000000 0.142857 0.142857
0.250000 7.000000 1.000000 3.000000
0.142857 7.000000 0.333333 1.000000

Matrix 3038:
1.000000 2.000000 9.000000 8.000000
0.500000 1.000000 0.142857 6.000000
0.111111 7.000000 1.000000 1.000000
0.125000 0.166667 1.000000 1.000000

Matrix 3039:
1.000000 0.111111 0.250000 0.166667
9.000000 1.000000 1.000000 0.166667
4.000000 1.000000 1.000000 1.000000
6.000000 6.000000 1.000000 1.000000

Matrix 3040:
1.000000 9.000000 8.000000 1.000000
0.111111 1.000000 1.000000 2.000000
0.125000 1.000000 1.000000 1.000000
1.000000 0.500000 1.000000 1.000000

Matrix 3041:
1.000000 0.111111 0.111111 0.166667
9.000000 1.000000 1.000000 1.000000
9.000000 1.000000 1.000000 0.142857
6.000000 1.000000 7.000000 1.000000

Matrix 3042:
1.000000 0.333333 4.000000 0.111111
3.000000 1.000000 5.000000 0.333333
0.250000 0.200000 1.000000 1.000000
9.000000 3.000000 1.000000 1.000000

Matrix 3043:
1.000000 6.000000 1.000000 9.000000
0.166667 1.000000 0.250000 1.000000
1.000000 4.000000 1.000000 1.000000
0.111111 1.000000 1.000000 1.000000

Matrix 3044:
1.000000 0.200000 7.000000 2.000000
5.000000 1.000000 6.000000 3.000000
0.142857 0.166667 1.000000 4.000000
0.500000 0.333333 0.250000 1.000000

Matrix 3045:
1.000000 0.142857 1.000000 0.333333
7.000000 1.000000 0.166667 0.500000
1.000000 6.000000 1.000000 1.000000
3.000000 2.000000 1.000000 1.000000

Matrix 3046:
1.000000 0.125000 0.125000 0.125000
8.000000 1.000000 8.000000 0.500000
8.000000 0.125000 1.000000 3.000000
8.000000 2.000000 0.333333 1.000000

Matrix 3047:
1.000000 3.000000 7.000000 4.000000
0.333333 1.000000 1.000000 4.000000
0.142857 1.000000 1.000000 0.333333
0.250000 0.250000 3.000000 1.000000

Matrix 3048:
1.000000 7.000000 0.250000 0.125000
0.142857 1.000000 0.125000 0.166667
4.000000 8.000000 1.000000 0.142857
8.000000 6.000000 7.000000 1.000000

Matrix 3049:
1.000000 7.000000 6.000000 0.500000
0.142857 1.000000 9.000000 0.200000
0.166667 0.111111 1.000000 0.142857
2.000000 5.000000 7.000000 1.000000

Matrix 3050:
1.000000 6.000000 4.000000 1.000000
0.166667 1.000000 9.000000 1.000000
0.250000 0.111111 1.000000 0.250000
1.000000 1.000000 4.000000 1.000000

Matrix 3051:
1.000000 6.000000 0.250000 9.000000
0.166667 1.000000 0.250000 1.000000
4.000000 4.000000 1.000000 9.000000
0.111111 1.000000 0.111111 1.000000

Matrix 3052:
1.000000 0.200000 8.000000 3.000000
5.000000 1.000000 2.000000 7.000000
0.125000 0.500000 1.000000 0.250000
0.333333 0.142857 4.000000 1.000000

Matrix 3053:
1.000000 0.111111 9.000000 5.000000
9.000000 1.000000 3.000000 1.000000
0.111111 0.333333 1.000000 0.166667
0.200000 1.000000 6.000000 1.000000

Matrix 3054:
1.000000 0.500000 0.333333 0.142857
2.000000 1.000000 7.000000 8.000000
3.000000 0.142857 1.000000 6.000000
7.000000 0.125000 0.166667 1.000000

Matrix 3055:
1.000000 1.000000 1.000000 8.000000
1.000000 1.000000 0.125000 7.000000
1.000000 8.000000 1.000000 5.000000
0.125000 0.142857 0.200000 1.000000

Matrix 3056:
1.000000 3.000000 0.200000 9.000000
0.333333 1.000000 1.000000 4.000000
5.000000 1.000000 1.000000 4.000000
0.111111 0.250000 0.250000 1.000000

Matrix 3057:
1.000000 4.000000 1.000000 0.500000
0.250000 1.000000 0.200000 4.000000
1.000000 5.000000 1.000000 9.000000
2.000000 0.250000 0.111111 1.000000

Matrix 3058:
1.000000 4.000000 7.000000 1.000000
0.250000 1.000000 2.000000 1.000000
0.142857 0.500000 1.000000 3.000000
1.000000 1.000000 0.333333 1.000000

Matrix 3059:
1.000000 0.166667 2.000000 4.000000
6.000000 1.000000 0.333333 4.000000
0.500000 3.000000 1.000000 0.500000
0.250000 0.250000 2.000000 1.000000

Matrix 3060:
1.000000 6.000000 0.333333 0.111111
0.166667 1.000000 4.000000 0.111111
3.000000 0.250000 1.000000 0.250000
9.000000 9.000000 4.000000 1.000000

Matrix 3061:
1.000000 0.142857 0.166667 0.125000
7.000000 1.000000 1.000000 9.000000
6.000000 1.000000 1.000000 6.000000
8.000000 0.111111 0.166667 1.000000

Matrix 3062:
1.000000 1.000000 0.125000 6.000000
1.000000 1.000000 6.000000 3.000000
8.000000 0.166667 1.000000 9.000000
0.166667 0.333333 0.111111 1.000000

Matrix 3063:
1.000000 0.125000 4.000000 0.200000
8.000000 1.000000 8.000000 4.000000
0.250000 0.125000 1.000000 0.333333
5.000000 0.250000 3.000000 1.000000

Matrix 3064:
1.000000 7.000000 0.200000 2.000000
0.142857 1.000000 0.200000 0.250000
5.000000 5.000000 1.000000 0.250000
0.500000 4.000000 4.000000 1.000000

Matrix 3065:
1.000000 0.142857 0.200000 0.125000
7.000000 1.000000 1.000000 7.000000
5.000000 1.000000 1.000000 0.125000
8.000000 0.142857 8.000000 1.000000

Matrix 3066:
1.000000 4.000000 3.000000 0.500000
0.250000 1.000000 5.000000 0.111111
0.333333 0.200000 1.000000 0.111111
2.000000 9.000000 9.000000 1.000000

Matrix 3067:
1.000000 0.166667 0.500000 0.142857
6.000000 1.000000 1.000000 5.000000
2.000000 1.000000 1.000000 1.000000
7.000000 0.200000 1.000000 1.000000

Matrix 3068:
1.000000 0.333333 1.000000 0.111111
3.000000 1.000000 0.250000 0.125000
1.000000 4.000000 1.000000 1.000000
9.000000 8.000000 1.000000 1.000000

Matrix 3069:
1.000000 0.166667 0.166667 0.333333
6.000000 1.000000 0.333333 4.000000
6.000000 3.000000 1.000000 0.200000
3.000000 0.250000 5.000000 1.000000

Matrix 3070:
1.000000 4.000000 6.000000 0.142857
0.250000 1.000000 0.125000 0.111111
0.166667 8.000000 1.000000 0.111111
7.000000 9.000000 9.000000 1.000000

Matrix 3071:
1.000000 2.000000 0.111111 0.500000
0.500000 1.000000 1.000000 0.142857
9.000000 1.000000 1.000000 0.111111
2.000000 7.000000 9.000000 1.000000

Matrix 3072:
1.000000 8.000000 1.000000 3.000000
0.125000 1.000000 4.000000 9.000000
1.000000 0.250000 1.000000 7.000000
0.333333 0.111111 0.142857 1.000000

Matrix 3073:
1.000000 0.200000 0.142857 2.000000
5.000000 1.000000 2.000000 0.500000
7.000000 0.500000 1.000000 0.250000
0.500000 2.000000 4.000000 1.000000

Matrix 3074:
1.000000 0.111111 0.166667 0.250000
9.000000 1.000000 7.000000 1.000000
6.000000 0.142857 1.000000 4.000000
4.000000 1.000000 0.250000 1.000000

Matrix 3075:
1.000000 0.166667 1.000000 0.200000
6.000000 1.000000 0.125000 0.166667
1.000000 8.000000 1.000000 0.142857
5.000000 6.000000 7.000000 1.000000

Matrix 3076:
1.000000 0.250000 0.333333 0.111111
4.000000 1.000000 9.000000 1.000000
3.000000 0.111111 1.000000 0.250000
9.000000 1.000000 4.000000 1.000000

Matrix 3077:
1.000000 6.000000 0.200000 0.500000
0.166667 1.000000 0.111111 0.166667
5.000000 9.000000 1.000000 0.125000
2.000000 6.000000 8.000000 1.000000

Matrix 3078:
1.000000 0.111111 0.166667 1.000000
9.000000 1.000000 0.500000 6.000000
6.000000 2.000000 1.000000 0.250000
1.000000 0.166667 4.000000 1.000000

Matrix 3079:
1.000000 6.000000 5.000000 3.000000
0.166667 1.000000 8.000000 0.142857
0.200000 0.125000 1.000000 1.000000
0.333333 7.000000 1.000000 1.000000

Matrix 3080:
1.000000 0.166667 6.000000 0.200000
6.000000 1.000000 7.000000 6.000000
0.166667 0.142857 1.000000 0.333333
5.000000 0.166667 3.000000 1.000000

Matrix 3081:
1.000000 9.000000 0.250000 4.000000
0.111111 1.000000 0.250000 0.333333
4.000000 4.000000 1.000000 2.000000
0.250000 3.000000 0.500000 1.000000

Matrix 3082:
1.000000 0.111111 0.250000 0.125000
9.000000 1.000000 8.000000 8.000000
4.000000 0.125000 1.000000 1.000000
8.000000 0.125000 1.000000 1.000000

Matrix 3083:
1.000000 7.000000 0.125000 5.000000
0.142857 1.000000 0.125000 0.125000
8.000000 8.000000 1.000000 1.000000
0.200000 8.000000 1.000000 1.000000

Matrix 3084:
1.000000 7.000000 0.166667 0.200000
0.142857 1.000000 0.125000 0.125000
6.000000 8.000000 1.000000 3.000000
5.000000 8.000000 0.333333 1.000000

Matrix 3085:
1.000000 0.166667 5.000000 0.166667
6.000000 1.000000 6.000000 3.000000
0.200000 0.166667 1.000000 0.200000
6.000000 0.333333 5.000000 1.000000

Matrix 3086:
1.000000 0.166667 3.000000 0.333333
6.000000 1.000000 1.000000 0.500000
0.333333 1.000000 1.000000 0.166667
3.000000 2.000000 6.000000 1.000000

Matrix 3087:
1.000000 9.000000 0.250000 1.000000
0.111111 1.000000 1.000000 0.166667
4.000000 1.000000 1.000000 6.000000
1.000000 6.000000 0.166667 1.000000

Matrix 3088:
1.000000 0.142857 6.000000 4.000000
7.000000 1.000000 1.000000 1.000000
0.166667 1.000000 1.000000 2.000000
0.250000 1.000000 0.500000 1.000000

Matrix 3089:
1.000000 3.000000 5.000000 8.000000
0.333333 1.000000 0.250000 1.000000
0.200000 4.000000 1.000000 1.000000
0.125000 1.000000 1.000000 1.000000

Matrix 3090:
1.000000 1.000000 6.000000 1.000000
1.000000 1.000000 7.000000 0.250000
0.166667 0.142857 1.000000 1.000000
1.000000 4.000000 1.000000 1.000000

Matrix 3091:
1.000000 8.000000 5.000000 3.000000
0.125000 1.000000 0.333333 0.142857
0.200000 3.000000 1.000000 9.000000
0.333333 7.000000 0.111111 1.000000

Matrix 3092:
1.000000 4.000000 9.000000 0.166667
0.250000 1.000000 1.000000 0.125000
0.111111 1.000000 1.000000 0.250000
6.000000 8.000000 4.000000 1.000000

Matrix 3093:
1.000000 6.000000 1.000000 0.500000
0.166667 1.000000 5.000000 0.111111
1.000000 0.200000 1.000000 0.166667
2.000000 9.000000 6.000000 1.000000

Matrix 3094:
1.000000 7.000000 7.000000 2.000000
0.142857 1.000000 7.000000 4.000000
0.142857 0.142857 1.000000 0.166667
0.500000 0.250000 6.000000 1.000000

Matrix 3095:
1.000000 0.125000 0.200000 3.000000
8.000000 1.000000 0.142857 5.000000
5.000000 7.000000 1.000000 9.000000
0.333333 0.200000 0.111111 1.000000

Matrix 3096:
1.000000 9.000000 6.000000 0.111111
0.111111 1.000000 0.111111 0.200000
0.166667 9.000000 1.000000 0.125000
9.000000 5.000000 8.000000 1.000000

Matrix 3097:
1.000000 0.250000 6.000000 9.000000
4.000000 1.000000 5.000000 1.000000
0.166667 0.200000 1.000000 4.000000
0.111111 1.000000 0.250000 1.000000

Matrix 3098:
1.000000 1.000000 6.000000 9.000000
1.000000 1.000000 7.000000 2.000000
0.166667 0.142857 1.000000 4.000000
0.111111 0.500000 0.250000 1.000000

Matrix 3099:
1.000000 1.000000 0.142857 0.200000
1.000000 1.000000 0.250000 2.000000
7.000000 4.000000 1.000000 7.000000
5.000000 0.500000 0.142857 1.000000

Matrix 3100:
1.000000 7.000000 0.200000 3.000000
0.142857 1.000000 0.142857 1.000000
5.000000 7.000000 1.000000 1.000000
0.333333 1.000000 1.000000 1.000000

Matrix 3101:
1.000000 1.000000 3.000000 2.000000
1.000000 1.000000 0.166667 0.111111
0.333333 6.000000 1.000000 0.142857
0.500000 9.000000 7.000000 1.000000

Matrix 3102:
1.000000 0.125000 0.142857 0.125000
8.000000 1.000000 5.000000 0.250000
7.000000 0.200000 1.000000 4.000000
8.000000 4.000000 0.250000 1.000000

Matrix 3103:
1.000000 0.142857 0.125000 0.500000
7.000000 1.000000 0.333333 0.333333
8.000000 3.000000 1.000000 0.125000
2.000000 3.000000 8.000000 1.000000

Matrix 3104:
1.000000 2.000000 1.000000 5.000000
0.500000 1.000000 1.000000 0.333333
1.000000 1.000000 1.000000 0.250000
0.200000 3.000000 4.000000 1.000000

Matrix 3105:
1.000000 0.333333 7.000000 0.500000
3.000000 1.000000 0.500000 0.142857
0.142857 2.000000 1.000000 0.111111
2.000000 7.000000 9.000000 1.000000

Matrix 3106:
1.000000 9.000000 0.333333 9.000000
0.111111 1.000000 0.250000 0.333333
3.000000 4.000000 1.000000 0.500000
0.111111 3.000000 2.000000 1.000000

Matrix 3107:
1.000000 1.000000 1.000000 6.000000
1.000000 1.000000 4.000000 4.000000
1.000000 0.250000 1.000000 9.000000
0.166667 0.250000 0.111111 1.000000

Matrix 3108:
1.000000 0.250000 1.000000 1.000000
4.000000 1.000000 5.000000 0.166667
1.000000 0.200000 1.000000 0.142857
1.000000 6.000000 7.000000 1.000000

Matrix 3109:
1.000000 0.125000 2.000000 0.500000
8.000000 1.000000 9.000000 4.000000
0.500000 0.111111 1.000000 2.000000
2.000000 0.250000 0.500000 1.000000

Matrix 3110:
1.000000 1.000000 1.000000 2.000000
1.000000 1.000000 3.000000 1.000000
1.000000 0.333333 1.000000 2.000000
0.500000 1.000000 0.500000 1.000000

Matrix 3111:
1.000000 0.250000 7.000000 8.000000
4.000000 1.000000 2.000000 1.000000
0.142857 0.500000 1.000000 0.250000
0.125000 1.000000 4.000000 1.000000

Matrix 3112:
1.000000 5.000000 0.333333 2.000000
0.200000 1.000000 0.125000 9.000000
3.000000 8.000000 1.000000 4.000000
0.500000 0.111111 0.250000 1.000000

Matrix 3113:
1.000000 1.000000 6.000000 1.000000
1.000000 1.000000 0.333333 6.000000
0.166667 3.000000 1.000000 4.000000
1.000000 0.166667 0.250000 1.000000

Matrix 3114:
1.000000 0.111111 1.000000 0.200000
9.000000 1.000000 9.000000 6.000000
1.000000 0.111111 1.000000 8.000000
5.000000 0.166667 0.125000 1.000000

Matrix 3115:
1.000000 6.000000 8.000000 4.000000
0.166667 1.000000 0.111111 0.200000
0.125000 9.000000 1.000000 0.200000
0.250000 5.000000 5.000000 1.000000

Matrix 3116:
1.000000 1.000000 4.000000 0.142857
1.000000 1.000000 2.000000 5.000000
0.250000 0.500000 1.000000 0.166667
7.000000 0.200000 6.000000 1.000000

Matrix 3117:
1.000000 0.111111 1.000000 0.200000
9.000000 1.000000 2.000000 4.000000
1.000000 0.500000 1.000000 1.000000
5.000000 0.250000 1.000000 1.000000

Matrix 3118:
1.000000 6.000000 0.500000 7.000000
0.166667 1.000000 0.333333 1.000000
2.000000 3.000000 1.000000 0.333333
0.142857 1.000000 3.000000 1.000000

Matrix 3119:
1.000000 0.142857 7.000000 2.000000
7.000000 1.000000 3.000000 7.000000
0.142857 0.333333 1.000000 0.200000
0.500000 0.142857 5.000000 1.000000

Matrix 3120:
1.000000 1.000000 9.000000 0.125000
1.000000 1.000000 5.000000 4.000000
0.111111 0.200000 1.000000 0.333333
8.000000 0.250000 3.000000 1.000000

Matrix 3121:
1.000000 9.000000 0.166667 0.500000
0.111111 1.000000 0.333333 3.000000
6.000000 3.000000 1.000000 4.000000
2.000000 0.333333 0.250000 1.000000

Matrix 3122:
1.000000 9.000000 0.200000 1.000000
0.111111 1.000000 0.333333 0.333333
5.000000 3.000000 1.000000 8.000000
1.000000 3.000000 0.125000 1.000000

Matrix 3123:
1.000000 0.125000 0.500000 0.142857
8.000000 1.000000 0.142857 2.000000
2.000000 7.000000 1.000000 8.000000
7.000000 0.500000 0.125000 1.000000

Matrix 3124:
1.000000 4.000000 0.200000 0.166667
0.250000 1.000000 0.250000 0.500000
5.000000 4.000000 1.000000 1.000000
6.000000 2.000000 1.000000 1.000000

Matrix 3125:
1.000000 6.000000 0.125000 1.000000
0.166667 1.000000 0.333333 5.000000
8.000000 3.000000 1.000000 8.000000
1.000000 0.200000 0.125000 1.000000

Matrix 3126:
1.000000 5.000000 5.000000 7.000000
0.200000 1.000000 8.000000 6.000000
0.200000 0.125000 1.000000 0.166667
0.142857 0.166667 6.000000 1.000000

Matrix 3127:
1.000000 9.000000 4.000000 8.000000
0.111111 1.000000 0.125000 1.000000
0.250000 8.000000 1.000000 0.125000
0.125000 1.000000 8.000000 1.000000

Matrix 3128:
1.000000 0.125000 0.125000 0.125000
8.000000 1.000000 7.000000 0.111111
8.000000 0.142857 1.000000 0.142857
8.000000 9.000000 7.000000 1.000000

Matrix 3129:
1.000000 3.000000 0.200000 0.166667
0.333333 1.000000 2.000000 0.111111
5.000000 0.500000 1.000000 0.200000
6.000000 9.000000 5.000000 1.000000

Matrix 3130:
1.000000 1.000000 0.111111 0.111111
1.000000 1.000000 0.500000 0.125000
9.000000 2.000000 1.000000 0.125000
9.000000 8.000000 8.000000 1.000000

Matrix 3131:
1.000000 0.166667 1.000000 0.142857
6.000000 1.000000 4.000000 9.000000
1.000000 0.250000 1.000000 9.000000
7.000000 0.111111 0.111111 1.000000

Matrix 3132:
1.000000 0.500000 0.111111 0.250000
2.000000 1.000000 0.333333 0.200000
9.000000 3.000000 1.000000 5.000000
4.000000 5.000000 0.200000 1.000000

Matrix 3133:
1.000000 1.000000 1.000000 0.166667
1.000000 1.000000 9.000000 8.000000
1.000000 0.111111 1.000000 0.111111
6.000000 0.125000 9.000000 1.000000

Matrix 3134:
1.000000 2.000000 2.000000 0.500000
0.500000 1.000000 1.000000 0.333333
0.500000 1.000000 1.000000 8.000000
2.000000 3.000000 0.125000 1.000000

Matrix 3135:
1.000000 0.166667 3.000000 3.000000
6.000000 1.000000 6.000000 8.000000
0.333333 0.166667 1.000000 7.000000
0.333333 0.125000 0.142857 1.000000

Matrix 3136:
1.000000 1.000000 5.000000 6.000000
1.000000 1.000000 1.000000 8.000000
0.200000 1.000000 1.000000 0.250000
0.166667 0.125000 4.000000 1.000000

Matrix 3137:
1.000000 0.166667 0.333333 0.111111
6.000000 1.000000 0.166667 0.142857
3.000000 6.000000 1.000000 7.000000
9.000000 7.000000 0.142857 1.000000

Matrix 3138:
1.000000 4.000000 3.000000 8.000000
0.250000 1.000000 7.000000 9.000000
0.333333 0.142857 1.000000 6.000000
0.125000 0.111111 0.166667 1.000000

Matrix 3139:
1.000000 8.000000 1.000000 0.333333
0.125000 1.000000 6.000000 0.200000
1.000000 0.166667 1.000000 0.111111
3.000000 5.000000 9.000000 1.000000

Matrix 3140:
1.000000 5.000000 0.142857 9.000000
0.200000 1.000000 0.142857 0.333333
7.000000 7.000000 1.000000 7.000000
0.111111 3.000000 0.142857 1.000000

Matrix 3141:
1.000000 0.250000 0.200000 3.000000
4.000000 1.000000 0.500000 1.000000
5.000000 2.000000 1.000000 9.000000
0.333333 1.000000 0.111111 1.000000

Matrix 3142:
1.000000 1.000000 2.000000 9.000000
1.000000 1.000000 0.142857 0.250000
0.500000 7.000000 1.000000 7.000000
0.111111 4.000000 0.142857 1.000000

Matrix 3143:
1.000000 0.166667 0.111111 0.250000
6.000000 1.000000 0.500000 0.500000
9.000000 2.000000 1.000000 0.125000
4.000000 2.000000 8.000000 1.000000

Matrix 3144:
1.000000 5.000000 0.250000 0.250000
0.200000 1.000000 1.000000 0.500000
4.000000 1.000000 1.000000 0.166667
4.000000 2.000000 6.000000 1.000000

Matrix 3145:
1.000000 9.000000 2.000000 7.000000
0.111111 1.000000 7.000000 0.166667
0.500000 0.142857 1.000000 0.250000
0.142857 6.000000 4.000000 1.000000

Matrix 3146:
1.000000 0.333333 0.125000 0.142857
3.000000 1.000000 0.125000 0.125000
8.000000 8.000000 1.000000 5.000000
7.000000 8.000000 0.200000 1.000000

Matrix 3147:
1.000000 5.000000 9.000000 2.000000
0.200000 1.000000 8.000000 5.000000
0.111111 0.125000 1.000000 5.000000
0.500000 0.200000 0.200000 1.000000

Matrix 3148:
1.000000 4.000000 5.000000 7.000000
0.250000 1.000000 0.125000 1.000000
0.200000 8.000000 1.000000 8.000000
0.142857 1.000000 0.125000 1.000000

Matrix 3149:
1.000000 8.000000 0.111111 9.000000
0.125000 1.000000 0.500000 0.250000
9.000000 2.000000 1.000000 6.000000
0.111111 4.000000 0.166667 1.000000

Matrix 3150:
1.000000 0.200000 0.125000 0.333333
5.000000 1.000000 8.000000 0.142857
8.000000 0.125000 1.000000 0.142857
3.000000 7.000000 7.000000 1.000000

Matrix 3151:
1.000000 0.200000 2.000000 0.500000
5.000000 1.000000 0.333333 7.000000
0.500000 3.000000 1.000000 4.000000
2.000000 0.142857 0.250000 1.000000

Matrix 3152:
1.000000 5.000000 7.000000 8.000000
0.200000 1.000000 0.250000 4.000000
0.142857 4.000000 1.000000 0.250000
0.125000 0.250000 4.000000 1.000000

Matrix 3153:
1.000000 0.500000 1.000000 0.250000
2.000000 1.000000 0.200000 0.111111
1.000000 5.000000 1.000000 6.000000
4.000000 9.000000 0.166667 1.000000

Matrix 3154:
1.000000 1.000000 5.000000 0.500000
1.000000 1.000000 3.000000 4.000000
0.200000 0.333333 1.000000 0.333333
2.000000 0.250000 3.000000 1.000000

Matrix 3155:
1.000000 8.000000 0.200000 6.000000
0.125000 1.000000 0.250000 4.000000
5.000000 4.000000 1.000000 1.000000
0.166667 0.250000 1.000000 1.000000

Matrix 3156:
1.000000 6.000000 0.250000 2.000000
0.166667 1.000000 0.125000 9.000000
4.000000 8.000000 1.000000 9.000000
0.500000 0.111111 0.111111 1.000000

Matrix 3157:
1.000000 1.000000 0.333333 0.500000
1.000000 1.000000 6.000000 7.000000
3.000000 0.166667 1.000000 9.000000
2.000000 0.142857 0.111111 1.000000

Matrix 3158:
1.000000 2.000000 1.000000 3.000000
0.500000 1.000000 0.500000 3.000000
1.000000 2.000000 1.000000 0.333333
0.333333 0.333333 3.000000 1.000000

Matrix 3159:
1.000000 1.000000 9.000000 3.000000
1.000000 1.000000 0.500000 6.000000
0.111111 2.000000 1.000000 9.000000
0.333333 0.166667 0.111111 1.000000

Matrix 3160:
1.000000 0.333333 7.000000 0.125000
3.000000 1.000000 2.000000 3.000000
0.142857 0.500000 1.000000 0.200000
8.000000 0.333333 5.000000 1.000000

Matrix 3161:
1.000000 8.000000 9.000000 1.000000
0.125000 1.000000 0.250000 0.250000
0.111111 4.000000 1.000000 1.000000
1.000000 4.000000 1.000000 1.000000

Matrix 3162:
1.000000 9.000000 5.000000 8.000000
0.111111 1.000000 5.000000 0.500000
0.200000 0.200000 1.000000 0.142857
0.125000 2.000000 7.000000 1.000000

Matrix 3163:
1.000000 7.000000 4.000000 2.000000
0.142857 1.000000 0.111111 7.000000
0.250000 9.000000 1.000000 3.000000
0.500000 0.142857 0.333333 1.000000

Matrix 3164:
1.000000 7.000000 1.000000 0.200000
0.142857 1.000000 0.142857 0.111111
1.000000 7.000000 1.000000 1.000000
5.000000 9.000000 1.000000 1.000000

Matrix 3165:
1.000000 4.000000 1.000000 0.500000
0.250000 1.000000 1.000000 3.000000
1.000000 1.000000 1.000000 0.142857
2.000000 0.333333 7.000000 1.000000

Matrix 3166:
1.000000 8.000000 1.000000 5.000000
0.125000 1.000000 1.000000 0.250000
1.000000 1.000000 1.000000 0.166667
0.200000 4.000000 6.000000 1.000000

Matrix 3167:
1.000000 5.000000 3.000000 0.500000
0.200000 1.000000 7.000000 0.333333
0.333333 0.142857 1.000000 1.000000
2.000000 3.000000 1.000000 1.000000

Matrix 3168:
1.000000 1.000000 2.000000 0.200000
1.000000 1.000000 0.142857 0.166667
0.500000 7.000000 1.000000 0.142857
5.000000 6.000000 7.000000 1.000000

Matrix 3169:
1.000000 1.000000 3.000000 0.125000
1.000000 1.000000 5.000000 1.000000
0.333333 0.200000 1.000000 1.000000
8.000000 1.000000 1.000000 1.000000

Matrix 3170:
1.000000 5.000000 1.000000 0.500000
0.200000 1.000000 3.000000 0.125000
1.000000 0.333333 1.000000 0.125000
2.000000 8.000000 8.000000 1.000000

Matrix 3171:
1.000000 0.111111 0.166667 0.250000
9.000000 1.000000 9.000000 0.250000
6.000000 0.111111 1.000000 0.166667
4.000000 4.000000 6.000000 1.000000

Matrix 3172:
1.000000 7.000000 1.000000 1.000000
0.142857 1.000000 1.000000 7.000000
1.000000 1.000000 1.000000 3.000000
1.000000 0.142857 0.333333 1.000000

Matrix 3173:
1.000000 0.142857 1.000000 6.000000
7.000000 1.000000 0.333333 3.000000
1.000000 3.000000 1.000000 3.000000
0.166667 0.333333 0.333333 1.000000

Matrix 3174:
1.000000 0.250000 1.000000 0.500000
4.000000 1.000000 0.333333 2.000000
1.000000 3.000000 1.000000 8.000000
2.000000 0.500000 0.125000 1.000000

Matrix 3175:
1.000000 4.000000 0.142857 7.000000
0.250000 1.000000 0.111111 0.333333
7.000000 9.000000 1.000000 7.000000
0.142857 3.000000 0.142857 1.000000

Matrix 3176:
1.000000 0.200000 0.250000 0.200000
5.000000 1.000000 9.000000 0.111111
4.000000 0.111111 1.000000 0.111111
5.000000 9.000000 9.000000 1.000000

Matrix 3177:
1.000000 0.333333 0.125000 0.333333
3.000000 1.000000 3.000000 1.000000
8.000000 0.333333 1.000000 0.333333
3.000000 1.000000 3.000000 1.000000

Matrix 3178:
1.000000 9.000000 1.000000 0.166667
0.111111 1.000000 6.000000 0.250000
1.000000 0.166667 1.000000 0.125000
6.000000 4.000000 8.000000 1.000000

Matrix 3179:
1.000000 0.200000 0.333333 0.200000
5.000000 1.000000 6.000000 3.000000
3.000000 0.166667 1.000000 0.142857
5.000000 0.333333 7.000000 1.000000

Matrix 3180:
1.000000 2.000000 0.166667 0.500000
0.500000 1.000000 0.111111 0.250000
6.000000 9.000000 1.000000 0.142857
2.000000 4.000000 7.000000 1.000000

Matrix 3181:
1.000000 9.000000 1.000000 1.000000
0.111111 1.000000 1.000000 1.000000
1.000000 1.000000 1.000000 0.111111
1.000000 1.000000 9.000000 1.000000

Matrix 3182:
1.000000 8.000000 8.000000 4.000000
0.125000 1.000000 0.142857 0.125000
0.125000 7.000000 1.000000 0.250000
0.250000 8.000000 4.000000 1.000000

Matrix 3183:
1.000000 1.000000 0.250000 0.333333
1.000000 1.000000 0.500000 0.500000
4.000000 2.000000 1.000000 0.250000
3.000000 2.000000 4.000000 1.000000

Matrix 3184:
1.000000 1.000000 1.000000 6.000000
1.000000 1.000000 9.000000 4.000000
1.000000 0.111111 1.000000 0.142857
0.166667 0.250000 7.000000 1.000000

Matrix 3185:
1.000000 9.000000 4.000000 7.000000
0.111111 1.000000 7.000000 6.000000
0.250000 0.142857 1.000000 0.250000
0.142857 0.166667 4.000000 1.000000

Matrix 3186:
1.000000 0.166667 0.166667 1.000000
6.000000 1.000000 0.250000 0.200000
6.000000 4.000000 1.000000 5.000000
1.000000 5.000000 0.200000 1.000000

Matrix 3187:
1.000000 3.000000 7.000000 4.000000
0.333333 1.000000 6.000000 1.000000
0.142857 0.166667 1.000000 6.000000
0.250000 1.000000 0.166667 1.000000

Matrix 3188:
1.000000 7.000000 1.000000 5.000000
0.142857 1.000000 0.200000 4.000000
1.000000 5.000000 1.000000 7.000000
0.200000 0.250000 0.142857 1.000000

Matrix 3189:
1.000000 0.111111 0.250000 0.142857
9.000000 1.000000 0.125000 0.142857
4.000000 8.000000 1.000000 0.500000
7.000000 7.000000 2.000000 1.000000

Matrix 3190:
1.000000 1.000000 2.000000 7.000000
1.000000 1.000000 4.000000 7.000000
0.500000 0.250000 1.000000 0.200000
0.142857 0.142857 5.000000 1.000000

Matrix 3191:
1.000000 0.200000 0.333333 1.000000
5.000000 1.000000 0.250000 1.000000
3.000000 4.000000 1.000000 0.333333
1.000000 1.000000 3.000000 1.000000

Matrix 3192:
1.000000 4.000000 4.000000 8.000000
0.250000 1.000000 1.000000 0.166667
0.250000 1.000000 1.000000 0.333333
0.125000 6.000000 3.000000 1.000000

Matrix 3193:
1.000000 0.500000 0.111111 0.200000
2.000000 1.000000 4.000000 7.000000
9.000000 0.250000 1.000000 0.333333
5.000000 0.142857 3.000000 1.000000

Matrix 3194:
1.000000 1.000000 0.250000 0.333333
1.000000 1.000000 6.000000 7.000000
4.000000 0.166667 1.000000 6.000000
3.000000 0.142857 0.166667 1.000000

Matrix 3195:
1.000000 1.000000 3.000000 1.000000
1.000000 1.000000 0.142857 3.000000
0.333333 7.000000 1.000000 3.000000
1.000000 0.333333 0.333333 1.000000

Matrix 3196:
1.000000 9.000000 8.000000 2.000000
0.111111 1.000000 0.250000 3.000000
0.125000 4.000000 1.000000 1.000000
0.500000 0.333333 1.000000 1.000000

Matrix 3197:
1.000000 0.111111 9.000000 0.250000
9.000000 1.000000 9.000000 2.000000
0.111111 0.111111 1.000000 0.111111
4.000000 0.500000 9.000000 1.000000

Matrix 3198:
1.000000 1.000000 2.000000 0.500000
1.000000 1.000000 2.000000 6.000000
0.500000 0.500000 1.000000 0.500000
2.000000 0.166667 2.000000 1.000000

Matrix 3199:
1.000000 0.166667 1.000000 0.250000
6.000000 1.000000 0.333333 0.166667
1.000000 3.000000 1.000000 0.200000
4.000000 6.000000 5.000000 1.000000

Matrix 3200:
1.000000 0.333333 1.000000 0.111111
3.000000 1.000000 4.000000 5.000000
1.000000 0.250000 1.000000 2.000000
9.000000 0.200000 0.500000 1.000000

Matrix 3201:
1.000000 1.000000 0.250000 5.000000
1.000000 1.000000 0.333333 0.142857
4.000000 3.000000 1.000000 2.000000
0.200000 7.000000 0.500000 1.000000

Matrix 3202:
1.000000 3.000000 5.000000 0.500000
0.333333 1.000000 0.166667 0.333333
0.200000 6.000000 1.000000 0.500000
2.000000 3.000000 2.000000 1.000000

Matrix 3203:
1.000000 0.111111 3.000000 2.000000
9.000000 1.000000 1.000000 7.000000
0.333333 1.000000 1.000000 5.000000
0.500000 0.142857 0.200000 1.000000

Matrix 3204:
1.000000 2.000000 0.200000 2.000000
0.500000 1.000000 0.333333 6.000000
5.000000 3.000000 1.000000 6.000000
0.500000 0.166667 0.166667 1.000000

Matrix 3205:
1.000000 9.000000 4.000000 7.000000
0.111111 1.000000 0.111111 0.500000
0.250000 9.000000 1.000000 0.250000
0.142857 2.000000 4.000000 1.000000

Matrix 3206:
1.000000 7.000000 4.000000 0.500000
0.142857 1.000000 8.000000 0.142857
0.250000 0.125000 1.000000 0.500000
2.000000 7.000000 2.000000 1.000000

Matrix 3207:
1.000000 0.500000 0.166667 4.000000
2.000000 1.000000 2.000000 3.000000
6.000000 0.500000 1.000000 0.333333
0.250000 0.333333 3.000000 1.000000

Matrix 3208:
1.000000 9.000000 9.000000 0.111111
0.111111 1.000000 0.125000 0.200000
0.111111 8.000000 1.000000 0.250000
9.000000 5.000000 4.000000 1.000000

Matrix 3209:
1.000000 5.000000 6.000000 9.000000
0.200000 1.000000 6.000000 0.500000
0.166667 0.166667 1.000000 0.333333
0.111111 2.000000 3.000000 1.000000

Matrix 3210:
1.000000 6.000000 5.000000 1.000000
0.166667 1.000000 0.200000 0.333333
0.200000 5.000000 1.000000 5.000000
1.000000 3.000000 0.200000 1.000000

Matrix 3211:
1.000000 5.000000 8.000000 2.000000
0.200000 1.000000 0.142857 1.000000
0.125000 7.000000 1.000000 5.000000
0.500000 1.000000 0.200000 1.000000

Matrix 3212:
1.000000 9.000000 0.111111 7.000000
0.111111 1.000000 0.142857 0.111111
9.000000 7.000000 1.000000 1.000000
0.142857 9.000000 1.000000 1.000000

Matrix 3213:
1.000000 0.111111 8.000000 0.166667
9.000000 1.000000 3.000000 8.000000
0.125000 0.333333 1.000000 0.125000
6.000000 0.125000 8.000000 1.000000

Matrix 3214:
1.000000 9.000000 0.250000 6.000000
0.111111 1.000000 1.000000 0.200000
4.000000 1.000000 1.000000 7.000000
0.166667 5.000000 0.142857 1.000000

Matrix 3215:
1.000000 9.000000 8.000000 2.000000
0.111111 1.000000 9.000000 0.125000
0.125000 0.111111 1.000000 0.166667
0.500000 8.000000 6.000000 1.000000

Matrix 3216:
1.000000 2.000000 6.000000 9.000000
0.500000 1.000000 1.000000 0.125000
0.166667 1.000000 1.000000 0.250000
0.111111 8.000000 4.000000 1.000000

Matrix 3217:
1.000000 5.000000 5.000000 6.000000
0.200000 1.000000 6.000000 3.000000
0.200000 0.166667 1.000000 2.000000
0.166667 0.333333 0.500000 1.000000

Matrix 3218:
1.000000 0.111111 0.111111 0.200000
9.000000 1.000000 9.000000 1.000000
9.000000 0.111111 1.000000 3.000000
5.000000 1.000000 0.333333 1.000000

Matrix 3219:
1.000000 6.000000 1.000000 0.111111
0.166667 1.000000 0.333333 0.333333
1.000000 3.000000 1.000000 4.000000
9.000000 3.000000 0.250000 1.000000

Matrix 3220:
1.000000 6.000000 0.250000 0.500000
0.166667 1.000000 0.125000 1.000000
4.000000 8.000000 1.000000 0.333333
2.000000 1.000000 3.000000 1.000000

Matrix 3221:
1.000000 3.000000 7.000000 6.000000
0.333333 1.000000 9.000000 1.000000
0.142857 0.111111 1.000000 0.142857
0.166667 1.000000 7.000000 1.000000

Matrix 3222:
1.000000 1.000000 0.250000 3.000000
1.000000 1.000000 4.000000 5.000000
4.000000 0.250000 1.000000 4.000000
0.333333 0.200000 0.250000 1.000000

Matrix 3223:
1.000000 4.000000 1.000000 0.142857
0.250000 1.000000 9.000000 0.500000
1.000000 0.111111 1.000000 0.142857
7.000000 2.000000 7.000000 1.000000

Matrix 3224:
1.000000 9.000000 3.000000 3.000000
0.111111 1.000000 0.250000 0.500000
0.333333 4.000000 1.000000 6.000000
0.333333 2.000000 0.166667 1.000000

Matrix 3225:
1.000000 0.333333 0.333333 7.000000
3.000000 1.000000 4.000000 5.000000
3.000000 0.250000 1.000000 5.000000
0.142857 0.200000 0.200000 1.000000

Matrix 3226:
1.000000 0.250000 5.000000 2.000000
4.000000 1.000000 1.000000 1.000000
0.200000 1.000000 1.000000 4.000000
0.500000 1.000000 0.250000 1.000000

Matrix 3227:
1.000000 5.000000 0.333333 1.000000
0.200000 1.000000 0.125000 3.000000
3.000000 8.000000 1.000000 1.000000
1.000000 0.333333 1.000000 1.000000

Matrix 3228:
1.000000 8.000000 5.000000 5.000000
0.125000 1.000000 8.000000 9.000000
0.200000 0.125000 1.000000 0.500000
0.200000 0.111111 2.000000 1.000000

Matrix 3229:
1.000000 0.111111 4.000000 0.333333
9.000000 1.000000 6.000000 3.000000
0.250000 0.166667 1.000000 0.250000
3.000000 0.333333 4.000000 1.000000

Matrix 3230:
1.000000 2.000000 0.333333 0.111111
0.500000 1.000000 1.000000 0.333333
3.000000 1.000000 1.000000 0.142857
9.000000 3.000000 7.000000 1.000000

Matrix 3231:
1.000000 1.000000 0.142857 0.250000
1.000000 1.000000 0.333333 7.000000
7.000000 3.000000 1.000000 3.000000
4.000000 0.142857 0.333333 1.000000

Matrix 3232:
1.000000 1.000000 5.000000 0.166667
1.000000 1.000000 0.142857 0.111111
0.200000 7.000000 1.000000 0.500000
6.000000 9.000000 2.000000 1.000000

Matrix 3233:
1.000000 0.125000 0.166667 7.000000
8.000000 1.000000 7.000000 7.000000
6.000000 0.142857 1.000000 5.000000
0.142857 0.142857 0.200000 1.000000

Matrix 3234:
1.000000 2.000000 0.166667 0.142857
0.500000 1.000000 0.333333 1.000000
6.000000 3.000000 1.000000 0.333333
7.000000 1.000000 3.000000 1.000000

Matrix 3235:
1.000000 4.000000 8.000000 1.000000
0.250000 1.000000 0.111111 0.166667
0.125000 9.000000 1.000000 2.000000
1.000000 6.000000 0.500000 1.000000

Matrix 3236:
1.000000 0.500000 0.200000 0.200000
2.000000 1.000000 7.000000 0.142857
5.000000 0.142857 1.000000 0.333333
5.000000 7.000000 3.000000 1.000000

Matrix 3237:
1.000000 0.166667 1.000000 0.500000
6.000000 1.000000 1.000000 0.500000
1.000000 1.000000 1.000000 5.000000
2.000000 2.000000 0.200000 1.000000

Matrix 3238:
1.000000 2.000000 3.000000 5.000000
0.500000 1.000000 5.000000 9.000000
0.333333 0.200000 1.000000 4.000000
0.200000 0.111111 0.250000 1.000000

Matrix 3239:
1.000000 4.000000 8.000000 8.000000
0.250000 1.000000 7.000000 0.500000
0.125000 0.142857 1.000000 2.000000
0.125000 2.000000 0.500000 1.000000

Matrix 3240:
1.000000 0.111111 0.200000 1.000000
9.000000 1.000000 1.000000 5.000000
5.000000 1.000000 1.000000 1.000000
1.000000 0.200000 1.000000 1.000000

Matrix 3241:
1.000000 0.166667 8.000000 1.000000
6.000000 1.000000 2.000000 0.142857
0.125000 0.500000 1.000000 0.125000
1.000000 7.000000 8.000000 1.000000

Matrix 3242:
1.000000 0.500000 0.166667 0.333333
2.000000 1.000000 9.000000 8.000000
6.000000 0.111111 1.000000 1.000000
3.000000 0.125000 1.000000 1.000000

Matrix 3243:
1.000000 0.166667 0.200000 6.000000
6.000000 1.000000 6.000000 7.000000
5.000000 0.166667 1.000000 3.000000
0.166667 0.142857 0.333333 1.000000

Matrix 3244:
1.000000 5.000000 5.000000 6.000000
0.200000 1.000000 7.000000 0.166667
0.200000 0.142857 1.000000 0.125000
0.166667 6.000000 8.000000 1.000000

Matrix 3245:
1.000000 0.250000 6.000000 5.000000
4.000000 1.000000 1.000000 4.000000
0.166667 1.000000 1.000000 0.166667
0.200000 0.250000 6.000000 1.000000

Matrix 3246:
1.000000 0.166667 4.000000 8.000000
6.000000 1.000000 1.000000 8.000000
0.250000 1.000000 1.000000 1.000000
0.125000 0.125000 1.000000 1.000000

Matrix 3247:
1.000000 3.000000 1.000000 9.000000
0.333333 1.000000 5.000000 6.000000
1.000000 0.200000 1.000000 0.200000
0.111111 0.166667 5.000000 1.000000

Matrix 3248:
1.000000 0.166667 0.166667 0.250000
6.000000 1.000000 7.000000 6.000000
6.000000 0.142857 1.000000 0.166667
4.000000 0.166667 6.000000 1.000000

Matrix 3249:
1.000000 0.166667 3.000000 5.000000
6.000000 1.000000 6.000000 6.000000
0.333333 0.166667 1.000000 5.000000
0.200000 0.166667 0.200000 1.000000

Matrix 3250:
1.000000 0.333333 0.125000 0.250000
3.000000 1.000000 1.000000 0.111111
8.000000 1.000000 1.000000 0.142857
4.000000 9.000000 7.000000 1.000000

Matrix 3251:
1.000000 0.333333 0.250000 0.142857
3.000000 1.000000 7.000000 6.000000
4.000000 0.142857 1.000000 1.000000
7.000000 0.166667 1.000000 1.000000

Matrix 3252:
1.000000 6.000000 4.000000 1.000000
0.166667 1.000000 9.000000 0.250000
0.250000 0.111111 1.000000 0.200000
1.000000 4.000000 5.000000 1.000000

Matrix 3253:
1.000000 0.250000 0.250000 1.000000
4.000000 1.000000 0.111111 0.111111
4.000000 9.000000 1.000000 1.000000
1.000000 9.000000 1.000000 1.000000

Matrix 3254:
1.000000 0.333333 0.166667 0.142857
3.000000 1.000000 6.000000 0.111111
6.000000 0.166667 1.000000 0.111111
7.000000 9.000000 9.000000 1.000000

Matrix 3255:
1.000000 0.166667 5.000000 0.200000
6.000000 1.000000 4.000000 0.125000
0.200000 0.250000 1.000000 0.142857
5.000000 8.000000 7.000000 1.000000

Matrix 3256:
1.000000 0.250000 2.000000 5.000000
4.000000 1.000000 4.000000 0.333333
0.500000 0.250000 1.000000 1.000000
0.200000 3.000000 1.000000 1.000000

Matrix 3257:
1.000000 0.111111 6.000000 1.000000
9.000000 1.000000 3.000000 8.000000
0.166667 0.333333 1.000000 1.000000
1.000000 0.125000 1.000000 1.000000

Matrix 3258:
1.000000 1.000000 0.250000 9.000000
1.000000 1.000000 0.142857 6.000000
4.000000 7.000000 1.000000 3.000000
0.111111 0.166667 0.333333 1.000000

Matrix 3259:
1.000000 1.000000 1.000000 0.250000
1.000000 1.000000 9.000000 0.166667
1.000000 0.111111 1.000000 1.000000
4.000000 6.000000 1.000000 1.000000

Matrix 3260:
1.000000 3.000000 2.000000 7.000000
0.333333 1.000000 0.500000 0.333333
0.500000 2.000000 1.000000 0.200000
0.142857 3.000000 5.000000 1.000000

Matrix 3261:
1.000000 0.142857 0.200000 0.250000
7.000000 1.000000 9.000000 0.111111
5.000000 0.111111 1.000000 0.142857
4.000000 9.000000 7.000000 1.000000

Matrix 3262:
1.000000 1.000000 9.000000 8.000000
1.000000 1.000000 0.125000 6.000000
0.111111 8.000000 1.000000 7.000000
0.125000 0.166667 0.142857 1.000000

Matrix 3263:
1.000000 1.000000 3.000000 4.000000
1.000000 1.000000 0.250000 0.250000
0.333333 4.000000 1.000000 0.166667
0.250000 4.000000 6.000000 1.000000

Matrix 3264:
1.000000 8.000000 1.000000 4.000000
0.125000 1.000000 4.000000 0.125000
1.000000 0.250000 1.000000 0.111111
0.250000 8.000000 9.000000 1.000000

Matrix 3265:
1.000000 0.125000 0.333333 1.000000
8.000000 1.000000 0.250000 1.000000
3.000000 4.000000 1.000000 0.500000
1.000000 1.000000 2.000000 1.000000

Matrix 3266:
1.000000 2.000000 0.125000 0.333333
0.500000 1.000000 0.111111 0.166667
8.000000 9.000000 1.000000 0.250000
3.000000 6.000000 4.000000 1.000000

Matrix 3267:
1.000000 5.000000 4.000000 3.000000
0.200000 1.000000 4.000000 1.000000
0.250000 0.250000 1.000000 9.000000
0.333333 1.000000 0.111111 1.000000

Matrix 3268:
1.000000 5.000000 4.000000 0.500000
0.200000 1.000000 1.000000 4.000000
0.250000 1.000000 1.000000 1.000000
2.000000 0.250000 1.000000 1.000000

Matrix 3269:
1.000000 3.000000 1.000000 6.000000
0.333333 1.000000 4.000000 6.000000
1.000000 0.250000 1.000000 8.000000
0.166667 0.166667 0.125000 1.000000

Matrix 3270:
1.000000 7.000000 0.111111 0.500000
0.142857 1.000000 0.500000 0.250000
9.000000 2.000000 1.000000 4.000000
2.000000 4.000000 0.250000 1.000000

Matrix 3271:
1.000000 4.000000 6.000000 3.000000
0.250000 1.000000 4.000000 3.000000
0.166667 0.250000 1.000000 6.000000
0.333333 0.333333 0.166667 1.000000

Matrix 3272:
1.000000 1.000000 3.000000 0.125000
1.000000 1.000000 5.000000 4.000000
0.333333 0.200000 1.000000 0.125000
8.000000 0.250000 8.000000 1.000000

Matrix 3273:
1.000000 6.000000 0.111111 1.000000
0.166667 1.000000 0.200000 8.000000
9.000000 5.000000 1.000000 3.000000
1.000000 0.125000 0.333333 1.000000

Matrix 3274:
1.000000 2.000000 0.166667 0.125000
0.500000 1.000000 1.000000 2.000000
6.000000 1.000000 1.000000 1.000000
8.000000 0.500000 1.000000 1.000000

Matrix 3275:
1.000000 0.125000 0.333333 0.500000
8.000000 1.000000 0.125000 1.000000
3.000000 8.000000 1.000000 3.000000
2.000000 1.000000 0.333333 1.000000

Matrix 3276:
1.000000 3.000000 3.000000 0.166667
0.333333 1.000000 5.000000 0.333333
0.333333 0.200000 1.000000 0.250000
6.000000 3.000000 4.000000 1.000000

Matrix 3277:
1.000000 2.000000 0.125000 0.166667
0.500000 1.000000 0.111111 0.500000
8.000000 9.000000 1.000000 0.333333
6.000000 2.000000 3.000000 1.000000

Matrix 3278:
1.000000 1.000000 3.000000 1.000000
1.000000 1.000000 0.500000 1.000000
0.333333 2.000000 1.000000 0.125000
1.000000 1.000000 8.000000 1.000000

Matrix 3279:
1.000000 0.166667 0.250000 1.000000
6.000000 1.000000 4.000000 0.200000
4.000000 0.250000 1.000000 0.111111
1.000000 5.000000 9.000000 1.000000

Matrix 3280:
1.000000 0.500000 0.166667 0.250000
2.000000 1.000000 0.125000 0.142857
6.000000 8.000000 1.000000 6.000000
4.000000 7.000000 0.166667 1.000000

Matrix 3281:
1.000000 4.000000 2.000000 2.000000
0.250000 1.000000 5.000000 5.000000
0.500000 0.200000 1.000000 6.000000
0.500000 0.200000 0.166667 1.000000

Matrix 3282:
1.000000 5.000000 1.000000 4.000000
0.200000 1.000000 8.000000 3.000000
1.000000 0.125000 1.000000 1.000000
0.250000 0.333333 1.000000 1.000000

Matrix 3283:
1.000000 0.500000 0.500000 7.000000
2.000000 1.000000 0.166667 7.000000
2.000000 6.000000 1.000000 2.000000
0.142857 0.142857 0.500000 1.000000

Matrix 3284:
1.000000 0.125000 4.000000 0.250000
8.000000 1.000000 9.000000 1.000000
0.250000 0.111111 1.000000 3.000000
4.000000 1.000000 0.333333 1.000000

Matrix 3285:
1.000000 9.000000 9.000000 4.000000
0.111111 1.000000 0.333333 7.000000
0.111111 3.000000 1.000000 8.000000
0.250000 0.142857 0.125000 1.000000

Matrix 3286:
1.000000 7.000000 0.142857 0.200000
0.142857 1.000000 0.500000 0.500000
7.000000 2.000000 1.000000 0.142857
5.000000 2.000000 7.000000 1.000000

Matrix 3287:
1.000000 8.000000 0.333333 0.333333
0.125000 1.000000 0.111111 1.000000
3.000000 9.000000 1.000000 3.000000
3.000000 1.000000 0.333333 1.000000

Matrix 3288:
1.000000 0.333333 1.000000 1.000000
3.000000 1.000000 3.000000 2.000000
1.000000 0.333333 1.000000 0.142857
1.000000 0.500000 7.000000 1.000000

Matrix 3289:
1.000000 2.000000 1.000000 3.000000
0.500000 1.000000 5.000000 1.000000
1.000000 0.200000 1.000000 5.000000
0.333333 1.000000 0.200000 1.000000

Matrix 3290:
1.000000 4.000000 8.000000 6.000000
0.250000 1.000000 7.000000 0.125000
0.125000 0.142857 1.000000 0.250000
0.166667 8.000000 4.000000 1.000000

Matrix 3291:
1.000000 0.200000 4.000000 0.166667
5.000000 1.000000 1.000000 8.000000
0.250000 1.000000 1.000000 1.000000
6.000000 0.125000 1.000000 1.000000

Matrix 3292:
1.000000 6.000000 0.111111 0.166667
0.166667 1.000000 0.111111 0.125000
9.000000 9.000000 1.000000 0.142857
6.000000 8.000000 7.000000 1.000000

Matrix 3293:
1.000000 7.000000 4.000000 7.000000
0.142857 1.000000 0.142857 0.166667
0.250000 7.000000 1.000000 0.142857
0.142857 6.000000 7.000000 1.000000

Matrix 3294:
1.000000 8.000000 6.000000 0.166667
0.125000 1.000000 2.000000 1.000000
0.166667 0.500000 1.000000 0.111111
6.000000 1.000000 9.000000 1.000000

Matrix 3295:
1.000000 5.000000 3.000000 6.000000
0.200000 1.000000 1.000000 2.000000
0.333333 1.000000 1.000000 8.000000
0.166667 0.500000 0.125000 1.000000

Matrix 3296:
1.000000 0.200000 0.142857 1.000000
5.000000 1.000000 0.250000 0.200000
7.000000 4.000000 1.000000 1.000000
1.000000 5.000000 1.000000 1.000000

Matrix 3297:
1.000000 9.000000 1.000000 1.000000
0.111111 1.000000 5.000000 0.200000
1.000000 0.200000 1.000000 0.500000
1.000000 5.000000 2.000000 1.000000

Matrix 3298:
1.000000 0.111111 0.166667 0.200000
9.000000 1.000000 8.000000 7.000000
6.000000 0.125000 1.000000 0.250000
5.000000 0.142857 4.000000 1.000000

Matrix 3299:
1.000000 0.250000 0.166667 0.333333
4.000000 1.000000 9.000000 0.125000
6.000000 0.111111 1.000000 0.200000
3.000000 8.000000 5.000000 1.000000

Matrix 3300:
1.000000 0.125000 0.200000 0.166667
8.000000 1.000000 0.500000 0.111111
5.000000 2.000000 1.000000 1.000000
6.000000 9.000000 1.000000 1.000000

Matrix 3301:
1.000000 0.250000 0.166667 0.125000
4.000000 1.000000 0.500000 0.200000
6.000000 2.000000 1.000000 8.000000
8.000000 5.000000 0.125000 1.000000

Matrix 3302:
1.000000 0.200000 0.500000 9.000000
5.000000 1.000000 0.333333 2.000000
2.000000 3.000000 1.000000 9.000000
0.111111 0.500000 0.111111 1.000000

Matrix 3303:
1.000000 0.125000 2.000000 0.166667
8.000000 1.000000 5.000000 7.000000
0.500000 0.200000 1.000000 1.000000
6.000000 0.142857 1.000000 1.000000

Matrix 3304:
1.000000 0.111111 4.000000 3.000000
9.000000 1.000000 4.000000 7.000000
0.250000 0.250000 1.000000 2.000000
0.333333 0.142857 0.500000 1.000000

Matrix 3305:
1.000000 1.000000 9.000000 2.000000
1.000000 1.000000 0.250000 2.000000
0.111111 4.000000 1.000000 2.000000
0.500000 0.500000 0.500000 1.000000

Matrix 3306:
1.000000 6.000000 0.500000 0.111111
0.166667 1.000000 0.250000 0.500000
2.000000 4.000000 1.000000 9.000000
9.000000 2.000000 0.111111 1.000000

Matrix 3307:
1.000000 5.000000 8.000000 3.000000
0.200000 1.000000 0.142857 5.000000
0.125000 7.000000 1.000000 6.000000
0.333333 0.200000 0.166667 1.000000

Matrix 3308:
1.000000 0.250000 0.200000 2.000000
4.000000 1.000000 4.000000 0.500000
5.000000 0.250000 1.000000 6.000000
0.500000 2.000000 0.166667 1.000000

Matrix 3309:
1.000000 0.166667 1.000000 0.111111
6.000000 1.000000 0.333333 3.000000
1.000000 3.000000 1.000000 0.166667
9.000000 0.333333 6.000000 1.000000

Matrix 3310:
1.000000 0.166667 0.125000 0.125000
6.000000 1.000000 0.111111 0.142857
8.000000 9.000000 1.000000 5.000000
8.000000 7.000000 0.200000 1.000000

Matrix 3311:
1.000000 9.000000 3.000000 3.000000
0.111111 1.000000 0.250000 5.000000
0.333333 4.000000 1.000000 7.000000
0.333333 0.200000 0.142857 1.000000

Matrix 3312:
1.000000 1.000000 6.000000 0.500000
1.000000 1.000000 4.000000 0.111111
0.166667 0.250000 1.000000 0.111111
2.000000 9.000000 9.000000 1.000000

Matrix 3313:
1.000000 6.000000 0.333333 1.000000
0.166667 1.000000 0.200000 4.000000
3.000000 5.000000 1.000000 6.000000
1.000000 0.250000 0.166667 1.000000

Matrix 3314:
1.000000 1.000000 4.000000 1.000000
1.000000 1.000000 0.250000 9.000000
0.250000 4.000000 1.000000 1.000000
1.000000 0.111111 1.000000 1.000000

Matrix 3315:
1.000000 9.000000 0.333333 8.000000
0.111111 1.000000 0.200000 0.111111
3.000000 5.000000 1.000000 7.000000
0.125000 9.000000 0.142857 1.000000

Matrix 3316:
1.000000 0.111111 0.111111 0.111111
9.000000 1.000000 2.000000 3.000000
9.000000 0.500000 1.000000 0.200000
9.000000 0.333333 5.000000 1.000000

Matrix 3317:
1.000000 0.200000 4.000000 0.125000
5.000000 1.000000 7.000000 0.250000
0.250000 0.142857 1.000000 1.000000
8.000000 4.000000 1.000000 1.000000

Matrix 3318:
1.000000 4.000000 1.000000 0.333333
0.250000 1.000000 4.000000 0.111111
1.000000 0.250000 1.000000 0.166667
3.000000 9.000000 6.000000 1.000000

Matrix 3319:
1.000000 0.200000 2.000000 0.500000
5.000000 1.000000 7.000000 1.000000
0.500000 0.142857 1.000000 1.000000
2.000000 1.000000 1.000000 1.000000

Matrix 3320:
1.000000 2.000000 6.000000 2.000000
0.500000 1.000000 0.500000 3.000000
0.166667 2.000000 1.000000 0.250000
0.500000 0.333333 4.000000 1.000000

Matrix 3321:
1.000000 0.200000 1.000000 8.000000
5.000000 1.000000 2.000000 1.000000
1.000000 0.500000 1.000000 1.000000
0.125000 1.000000 1.000000 1.000000

Matrix 3322:
1.000000 5.000000 2.000000 3.000000
0.200000 1.000000 0.142857 1.000000
0.500000 7.000000 1.000000 8.000000
0.333333 1.000000 0.125000 1.000000

Matrix 3323:
1.000000 0.125000 0.142857 0.142857
8.000000 1.000000 0.333333 0.333333
7.000000 3.000000 1.000000 0.200000
7.000000 3.000000 5.000000 1.000000

Matrix 3324:
1.000000 3.000000 1.000000 1.000000
0.333333 1.000000 0.166667 2.000000
1.000000 6.000000 1.000000 0.500000
1.000000 0.500000 2.000000 1.000000

Matrix 3325:
1.000000 1.000000 5.000000 2.000000
1.000000 1.000000 2.000000 1.000000
0.200000 0.500000 1.000000 9.000000
0.500000 1.000000 0.111111 1.000000

Matrix 3326:
1.000000 5.000000 7.000000 2.000000
0.200000 1.000000 9.000000 5.000000
0.142857 0.111111 1.000000 1.000000
0.500000 0.200000 1.000000 1.000000

Matrix 3327:
1.000000 9.000000 1.000000 6.000000
0.111111 1.000000 1.000000 0.500000
1.000000 1.000000 1.000000 0.166667
0.166667 2.000000 6.000000 1.000000

Matrix 3328:
1.000000 7.000000 2.000000 7.000000
0.142857 1.000000 0.200000 1.000000
0.500000 5.000000 1.000000 1.000000
0.142857 1.000000 1.000000 1.000000

Matrix 3329:
1.000000 4.000000 6.000000 5.000000
0.250000 1.000000 0.500000 0.250000
0.166667 2.000000 1.000000 9.000000
0.200000 4.000000 0.111111 1.000000

Matrix 3330:
1.000000 6.000000 9.000000 5.000000
0.166667 1.000000 0.166667 3.000000
0.111111 6.000000 1.000000 8.000000
0.200000 0.333333 0.125000 1.000000

Matrix 3331:
1.000000 0.125000 1.000000 0.200000
8.000000 1.000000 0.166667 2.000000
1.000000 6.000000 1.000000 1.000000
5.000000 0.500000 1.000000 1.000000

Matrix 3332:
1.000000 8.000000 5.000000 5.000000
0.125000 1.000000 6.000000 0.250000
0.200000 0.166667 1.000000 0.166667
0.200000 4.000000 6.000000 1.000000

Matrix 3333:
1.000000 0.125000 1.000000 0.166667
8.000000 1.000000 0.333333 0.111111
1.000000 3.000000 1.000000 0.250000
6.000000 9.000000 4.000000 1.000000

Matrix 3334:
1.000000 9.000000 1.000000 0.500000
0.111111 1.000000 0.142857 0.200000
1.000000 7.000000 1.000000 3.000000
2.000000 5.000000 0.333333 1.000000

Matrix 3335:
1.000000 1.000000 0.111111 0.250000
1.000000 1.000000 0.500000 6.000000
9.000000 2.000000 1.000000 1.000000
4.000000 0.166667 1.000000 1.000000

Matrix 3336:
1.000000 0.142857 1.000000 0.142857
7.000000 1.000000 0.200000 0.166667
1.000000 5.000000 1.000000 1.000000
7.000000 6.000000 1.000000 1.000000

Matrix 3337:
1.000000 0.125000 3.000000 4.000000
8.000000 1.000000 3.000000 1.000000
0.333333 0.333333 1.000000 0.500000
0.250000 1.000000 2.000000 1.000000

Matrix 3338:
1.000000 0.111111 0.200000 4.000000
9.000000 1.000000 9.000000 6.000000
5.000000 0.111111 1.000000 0.333333
0.250000 0.166667 3.000000 1.000000

Matrix 3339:
1.000000 1.000000 1.000000 5.000000
1.000000 1.000000 0.166667 5.000000
1.000000 6.000000 1.000000 1.000000
0.200000 0.200000 1.000000 1.000000

Matrix 3340:
1.000000 0.142857 0.166667 0.500000
7.000000 1.000000 0.250000 0.200000
6.000000 4.000000 1.000000 0.250000
2.000000 5.000000 4.000000 1.000000

Matrix 3341:
1.000000 1.000000 0.166667 0.333333
1.000000 1.000000 2.000000 5.000000
6.000000 0.500000 1.000000 0.166667
3.000000 0.200000 6.000000 1.000000

Matrix 3342:
1.000000 0.500000 0.333333 0.166667
2.000000 1.000000 5.000000 9.000000
3.000000 0.200000 1.000000 2.000000
6.000000 0.111111 0.500000 1.000000

Matrix 3343:
1.000000 0.166667 1.000000 7.000000
6.000000 1.000000 9.000000 9.000000
1.000000 0.111111 1.000000 1.000000
0.142857 0.111111 1.000000 1.000000

Matrix 3344:
1.000000 0.250000 7.000000 0.125000
4.000000 1.000000 6.000000 2.000000
0.142857 0.166667 1.000000 0.500000
8.000000 0.500000 2.000000 1.000000

Matrix 3345:
1.000000 0.250000 0.333333 6.000000
4.000000 1.000000 0.166667 9.000000
3.000000 6.000000 1.000000 9.000000
0.166667 0.111111 0.111111 1.000000

Matrix 3346:
1.000000 1.000000 9.000000 0.142857
1.000000 1.000000 0.200000 0.111111
0.111111 5.000000 1.000000 0.125000
7.000000 9.000000 8.000000 1.000000

Matrix 3347:
1.000000 4.000000 1.000000 8.000000
0.250000 1.000000 0.333333 0.250000
1.000000 3.000000 1.000000 3.000000
0.125000 4.000000 0.333333 1.000000

Matrix 3348:
1.000000 0.142857 2.000000 4.000000
7.000000 1.000000 3.000000 7.000000
0.500000 0.333333 1.000000 4.000000
0.250000 0.142857 0.250000 1.000000

Matrix 3349:
1.000000 2.000000 1.000000 5.000000
0.500000 1.000000 0.125000 8.000000
1.000000 8.000000 1.000000 6.000000
0.200000 0.125000 0.166667 1.000000

Matrix 3350:
1.000000 0.200000 0.250000 4.000000
5.000000 1.000000 0.166667 6.000000
4.000000 6.000000 1.000000 2.000000
0.250000 0.166667 0.500000 1.000000

Matrix 3351:
1.000000 0.250000 0.333333 6.000000
4.000000 1.000000 0.125000 0.333333
3.000000 8.000000 1.000000 9.000000
0.166667 3.000000 0.111111 1.000000

Matrix 3352:
1.000000 1.000000 6.000000 1.000000
1.000000 1.000000 0.250000 0.142857
0.166667 4.000000 1.000000 0.250000
1.000000 7.000000 4.000000 1.000000

Matrix 3353:
1.000000 0.166667 5.000000 0.250000
6.000000 1.000000 3.000000 1.000000
0.200000 0.333333 1.000000 2.000000
4.000000 1.000000 0.500000 1.000000

Matrix 3354:
1.000000 3.000000 0.111111 0.500000
0.333333 1.000000 1.000000 5.000000
9.000000 1.000000 1.000000 6.000000
2.000000 0.200000 0.166667 1.000000

Matrix 3355:
1.000000 0.333333 2.000000 7.000000
3.000000 1.000000 3.000000 0.500000
0.500000 0.333333 1.000000 4.000000
0.142857 2.000000 0.250000 1.000000

Matrix 3356:
1.000000 0.200000 0.166667 0.250000
5.000000 1.000000 5.000000 6.000000
6.000000 0.200000 1.000000 1.000000
4.000000 0.166667 1.000000 1.000000

Matrix 3357:
1.000000 0.500000 0.166667 0.333333
2.000000 1.000000 0.142857 0.166667
6.000000 7.000000 1.000000 0.142857
3.000000 6.000000 7.000000 1.000000

Matrix 3358:
1.000000 6.000000 8.000000 2.000000
0.166667 1.000000 3.000000 7.000000
0.125000 0.333333 1.000000 1.000000
0.500000 0.142857 1.000000 1.000000

Matrix 3359:
1.000000 0.500000 1.000000 7.000000
2.000000 1.000000 0.111111 9.000000
1.000000 9.000000 1.000000 9.000000
0.142857 0.111111 0.111111 1.000000

Matrix 3360:
1.000000 0.250000 1.000000 1.000000
4.000000 1.000000 0.125000 0.250000
1.000000 8.000000 1.000000 0.166667
1.000000 4.000000 6.000000 1.000000

Matrix 3361:
1.000000 0.250000 1.000000 0.166667
4.000000 1.000000 3.000000 2.000000
1.000000 0.333333 1.000000 3.000000
6.000000 0.500000 0.333333 1.000000

Matrix 3362:
1.000000 9.000000 5.000000 7.000000
0.111111 1.000000 9.000000 8.000000
0.200000 0.111111 1.000000 5.000000
0.142857 0.125000 0.200000 1.000000

Matrix 3363:
1.000000 3.000000 0.200000 1.000000
0.333333 1.000000 0.111111 6.000000
5.000000 9.000000 1.000000 2.000000
1.000000 0.166667 0.500000 1.000000

Matrix 3364:
1.000000 9.000000 5.000000 0.166667
0.111111 1.000000 0.142857 0.166667
0.200000 7.000000 1.000000 1.000000
6.000000 6.000000 1.000000 1.000000

Matrix 3365:
1.000000 7.000000 5.000000 0.125000
0.142857 1.000000 0.111111 0.142857
0.200000 9.000000 1.000000 0.166667
8.000000 7.000000 6.000000 1.000000

Matrix 3366:
1.000000 4.000000 1.000000 0.250000
0.250000 1.000000 0.250000 0.250000
1.000000 4.000000 1.000000 0.200000
4.000000 4.000000 5.000000 1.000000

Matrix 3367:
1.000000 9.000000 8.000000 0.142857
0.111111 1.000000 7.000000 0.142857
0.125000 0.142857 1.000000 0.125000
7.000000 7.000000 8.000000 1.000000

Matrix 3368:
1.000000 8.000000 0.142857 2.000000
0.125000 1.000000 1.000000 0.333333
7.000000 1.000000 1.000000 3.000000
0.500000 3.000000 0.333333 1.000000

Matrix 3369:
1.000000 0.166667 0.166667 0.200000
6.000000 1.000000 0.333333 0.142857
6.000000 3.000000 1.000000 3.000000
5.000000 7.000000 0.333333 1.000000

Matrix 3370:
1.000000 0.200000 5.000000 0.166667
5.000000 1.000000 9.000000 6.000000
0.200000 0.111111 1.000000 0.125000
6.000000 0.166667 8.000000 1.000000

Matrix 3371:
1.000000 2.000000 2.000000 8.000000
0.500000 1.000000 2.000000 0.500000
0.500000 0.500000 1.000000 3.000000
0.125000 2.000000 0.333333 1.000000

Matrix 3372:
1.000000 2.000000 1.000000 0.333333
0.500000 1.000000 0.111111 5.000000
1.000000 9.000000 1.000000 5.000000
3.000000 0.200000 0.200000 1.000000

Matrix 3373:
1.000000 0.250000 0.200000 4.000000
4.000000 1.000000 7.000000 2.000000
5.000000 0.142857 1.000000 9.000000
0.250000 0.500000 0.111111 1.000000

Matrix 3374:
1.000000 1.000000 6.000000 5.000000
1.000000 1.000000 0.250000 0.142857
0.166667 4.000000 1.000000 1.000000
0.200000 7.000000 1.000000 1.000000

Matrix 3375:
1.000000 0.200000 0.250000 0.125000
5.000000 1.000000 4.000000 2.000000
4.000000 0.250000 1.000000 2.000000
8.000000 0.500000 0.500000 1.000000

Matrix 3376:
1.000000 0.166667 6.000000 0.142857
6.000000 1.000000 5.000000 1.000000
0.166667 0.200000 1.000000 0.111111
7.000000 1.000000 9.000000 1.000000

Matrix 3377:
1.000000 9.000000 1.000000 6.000000
0.111111 1.000000 3.000000 4.000000
1.000000 0.333333 1.000000 8.000000
0.166667 0.250000 0.125000 1.000000

Matrix 3378:
1.000000 2.000000 0.250000 0.333333
0.500000 1.000000 0.166667 0.142857
4.000000 6.000000 1.000000 6.000000
3.000000 7.000000 0.166667 1.000000

Matrix 3379:
1.000000 1.000000 0.125000 0.125000
1.000000 1.000000 0.250000 2.000000
8.000000 4.000000 1.000000 1.000000
8.000000 0.500000 1.000000 1.000000

Matrix 3380:
1.000000 3.000000 0.142857 0.125000
0.333333 1.000000 0.125000 0.200000
7.000000 8.000000 1.000000 0.200000
8.000000 5.000000 5.000000 1.000000

Matrix 3381:
1.000000 5.000000 3.000000 0.142857
0.200000 1.000000 1.000000 0.200000
0.333333 1.000000 1.000000 1.000000
7.000000 5.000000 1.000000 1.000000

Matrix 3382:
1.000000 5.000000 0.125000 0.111111
0.200000 1.000000 0.166667 0.500000
8.000000 6.000000 1.000000 4.000000
9.000000 2.000000 0.250000 1.000000

Matrix 3383:
1.000000 1.000000 0.250000 9.000000
1.000000 1.000000 0.142857 0.250000
4.000000 7.000000 1.000000 3.000000
0.111111 4.000000 0.333333 1.000000

Matrix 3384:
1.000000 0.200000 0.125000 0.125000
5.000000 1.000000 7.000000 0.142857
8.000000 0.142857 1.000000 0.125000
8.000000 7.000000 8.000000 1.000000

Matrix 3385:
1.000000 7.000000 4.000000 8.000000
0.142857 1.000000 1.000000 0.500000
0.250000 1.000000 1.000000 8.000000
0.125000 2.000000 0.125000 1.000000

Matrix 3386:
1.000000 0.142857 9.000000 0.200000
7.000000 1.000000 5.000000 0.125000
0.111111 0.200000 1.000000 0.333333
5.000000 8.000000 3.000000 1.000000

Matrix 3387:
1.000000 5.000000 3.000000 8.000000
0.200000 1.000000 4.000000 0.500000
0.333333 0.250000 1.000000 8.000000
0.125000 2.000000 0.125000 1.000000

Matrix 3388:
1.000000 0.500000 8.000000 3.000000
2.000000 1.000000 1.000000 0.333333
0.125000 1.000000 1.000000 3.000000
0.333333 3.000000 0.333333 1.000000

Matrix 3389:
1.000000 5.000000 0.500000 0.333333
0.200000 1.000000 0.250000 1.000000
2.000000 4.000000 1.000000 1.000000
3.000000 1.000000 1.000000 1.000000

Matrix 3390:
1.000000 3.000000 9.000000 0.250000
0.333333 1.000000 0.200000 0.250000
0.111111 5.000000 1.000000 0.125000
4.000000 4.000000 8.000000 1.000000

Matrix 3391:
1.000000 6.000000 0.166667 0.250000
0.166667 1.000000 0.200000 0.200000
6.000000 5.000000 1.000000 3.000000
4.000000 5.000000 0.333333 1.000000

Matrix 3392:
1.000000 0.333333 0.111111 1.000000
3.000000 1.000000 2.000000 7.000000
9.000000 0.500000 1.000000 1.000000
1.000000 0.142857 1.000000 1.000000

Matrix 3393:
1.000000 0.200000 0.166667 3.000000
5.000000 1.000000 6.000000 3.000000
6.000000 0.166667 1.000000 0.500000
0.333333 0.333333 2.000000 1.000000

Matrix 3394:
1.000000 1.000000 0.111111 1.000000
1.000000 1.000000 0.125000 1.000000
9.000000 8.000000 1.000000 0.200000
1.000000 1.000000 5.000000 1.000000

Matrix 3395:
1.000000 0.111111 0.250000 0.166667
9.000000 1.000000 8.000000 8.000000
4.000000 0.125000 1.000000 0.333333
6.000000 0.125000 3.000000 1.000000

Matrix 3396:
1.000000 4.000000 4.000000 0.125000
0.250000 1.000000 9.000000 1.000000
0.250000 0.111111 1.000000 0.166667
8.000000 1.000000 6.000000 1.000000

Matrix 3397:
1.000000 0.142857 0.250000 9.000000
7.000000 1.000000 0.142857 9.000000
4.000000 7.000000 1.000000 5.000000
0.111111 0.111111 0.200000 1.000000

Matrix 3398:
1.000000 0.166667 5.000000 0.125000
6.000000 1.000000 9.000000 6.000000
0.200000 0.111111 1.000000 0.200000
8.000000 0.166667 5.000000 1.000000

Matrix 3399:
1.000000 2.000000 1.000000 6.000000
0.500000 1.000000 4.000000 8.000000
1.000000 0.250000 1.000000 0.333333
0.166667 0.125000 3.000000 1.000000

Matrix 3400:
1.000000 0.125000 6.000000 0.166667
8.000000 1.000000 5.000000 6.000000
0.166667 0.200000 1.000000 0.142857
6.000000 0.166667 7.000000 1.000000

Matrix 3401:
1.000000 0.111111 4.000000 8.000000
9.000000 1.000000 4.000000 1.000000
0.250000 0.250000 1.000000 1.000000
0.125000 1.000000 1.000000 1.000000

Matrix 3402:
1.000000 0.333333 8.000000 8.000000
3.000000 1.000000 7.000000 2.000000
0.125000 0.142857 1.000000 3.000000
0.125000 0.500000 0.333333 1.000000

Matrix 3403:
1.000000 2.000000 0.250000 1.000000
0.500000 1.000000 1.000000 8.000000
4.000000 1.000000 1.000000 2.000000
1.000000 0.125000 0.500000 1.000000

Matrix 3404:
1.000000 0.250000 1.000000 0.166667
4.000000 1.000000 3.000000 8.000000
1.000000 0.333333 1.000000 0.142857
6.000000 0.125000 7.000000 1.000000

Matrix 3405:
1.000000 9.000000 0.166667 0.333333
0.111111 1.000000 0.111111 0.125000
6.000000 9.000000 1.000000 1.000000
3.000000 8.000000 1.000000 1.000000

Matrix 3406:
1.000000 0.125000 1.000000 8.000000
8.000000 1.000000 4.000000 6.000000
1.000000 0.250000 1.000000 4.000000
0.125000 0.166667 0.250000 1.000000

Matrix 3407:
1.000000 9.000000 0.166667 8.000000
0.111111 1.000000 0.333333 3.000000
6.000000 3.000000 1.000000 4.000000
0.125000 0.333333 0.250000 1.000000

Matrix 3408:
1.000000 0.333333 0.250000 4.000000
3.000000 1.000000 3.000000 0.500000
4.000000 0.333333 1.000000 9.000000
0.250000 2.000000 0.111111 1.000000

Matrix 3409:
1.000000 0.250000 0.125000 7.000000
4.000000 1.000000 0.111111 4.000000
8.000000 9.000000 1.000000 7.000000
0.142857 0.250000 0.142857 1.000000

Matrix 3410:
1.000000 0.250000 4.000000 0.200000
4.000000 1.000000 1.000000 3.000000
0.250000 1.000000 1.000000 1.000000
5.000000 0.333333 1.000000 1.000000

Matrix 3411:
1.000000 8.000000 9.000000 4.000000
0.125000 1.000000 4.000000 2.000000
0.111111 0.250000 1.000000 4.000000
0.250000 0.500000 0.250000 1.000000

Matrix 3412:
1.000000 1.000000 1.000000 5.000000
1.000000 1.000000 0.500000 0.166667
1.000000 2.000000 1.000000 0.111111
0.200000 6.000000 9.000000 1.000000

Matrix 3413:
1.000000 4.000000 4.000000 8.000000
0.250000 1.000000 0.125000 0.250000
0.250000 8.000000 1.000000 2.000000
0.125000 4.000000 0.500000 1.000000

Matrix 3414:
1.000000 5.000000 3.000000 1.000000
0.200000 1.000000 4.000000 4.000000
0.333333 0.250000 1.000000 4.000000
1.000000 0.250000 0.250000 1.000000

Matrix 3415:
1.000000 5.000000 4.000000 0.250000
0.200000 1.000000 0.250000 0.500000
0.250000 4.000000 1.000000 0.166667
4.000000 2.000000 6.000000 1.000000

Matrix 3416:
1.000000 0.333333 0.166667 5.000000
3.000000 1.000000 9.000000 6.000000
6.000000 0.111111 1.000000 8.000000
0.200000 0.166667 0.125000 1.000000

Matrix 3417:
1.000000 5.000000 9.000000 9.000000
0.200000 1.000000 0.333333 2.000000
0.111111 3.000000 1.000000 0.111111
0.111111 0.500000 9.000000 1.000000

Matrix 3418:
1.000000 0.200000 4.000000 0.142857
5.000000 1.000000 5.000000 0.200000
0.250000 0.200000 1.000000 0.500000
7.000000 5.000000 2.000000 1.000000

Matrix 3419:
1.000000 0.333333 0.500000 0.250000
3.000000 1.000000 0.500000 0.142857
2.000000 2.000000 1.000000 4.000000
4.000000 7.000000 0.250000 1.000000

Matrix 3420:
1.000000 1.000000 7.000000 8.000000
1.000000 1.000000 5.000000 1.000000
0.142857 0.200000 1.000000 0.166667
0.125000 1.000000 6.000000 1.000000

Matrix 3421:
1.000000 0.166667 0.250000 0.250000
6.000000 1.000000 1.000000 0.250000
4.000000 1.000000 1.000000 1.000000
4.000000 4.000000 1.000000 1.000000

Matrix 3422:
1.000000 1.000000 0.166667 0.142857
1.000000 1.000000 0.166667 6.000000
6.000000 6.000000 1.000000 8.000000
7.000000 0.166667 0.125000 1.000000

Matrix 3423:
1.000000 0.250000 2.000000 0.500000
4.000000 1.000000 1.000000 0.125000
0.500000 1.000000 1.000000 0.111111
2.000000 8.000000 9.000000 1.000000

Matrix 3424:
1.000000 0.142857 1.000000 2.000000
7.000000 1.000000 1.000000 2.000000
1.000000 1.000000 1.000000 4.000000
0.500000 0.500000 0.250000 1.000000

Matrix 3425:
1.000000 2.000000 1.000000 5.000000
0.500000 1.000000 3.000000 7.000000
1.000000 0.333333 1.000000 0.200000
0.200000 0.142857 5.000000 1.000000

Matrix 3426:
1.000000 6.000000 7.000000 1.000000
0.166667 1.000000 0.500000 0.333333
0.142857 2.000000 1.000000 8.000000
1.000000 3.000000 0.125000 1.000000

Matrix 3427:
1.000000 0.111111 0.250000 7.000000
9.000000 1.000000 0.125000 3.000000
4.000000 8.000000 1.000000 8.000000
0.142857 0.333333 0.125000 1.000000

Matrix 3428:
1.000000 0.166667 0.333333 0.333333
6.000000 1.000000 0.125000 1.000000
3.000000 8.000000 1.000000 0.166667
3.000000 1.000000 6.000000 1.000000

Matrix 3429:
1.000000 6.000000 0.250000 0.250000
0.166667 1.000000 1.000000 0.250000
4.000000 1.000000 1.000000 1.000000
4.000000 4.000000 1.000000 1.000000

Matrix 3430:
1.000000 0.200000 8.000000 6.000000
5.000000 1.000000 1.000000 8.000000
0.125000 1.000000 1.000000 5.000000
0.166667 0.125000 0.200000 1.000000

Matrix 3431:
1.000000 0.250000 2.000000 2.000000
4.000000 1.000000 3.000000 0.500000
0.500000 0.333333 1.000000 6.000000
0.500000 2.000000 0.166667 1.000000

Matrix 3432:
1.000000 0.200000 0.333333 0.142857
5.000000 1.000000 0.200000 0.200000
3.000000 5.000000 1.000000 4.000000
7.000000 5.000000 0.250000 1.000000

Matrix 3433:
1.000000 9.000000 3.000000 1.000000
0.111111 1.000000 5.000000 3.000000
0.333333 0.200000 1.000000 0.333333
1.000000 0.333333 3.000000 1.000000

Matrix 3434:
1.000000 0.333333 0.166667 0.250000
3.000000 1.000000 3.000000 1.000000
6.000000 0.333333 1.000000 0.200000
4.000000 1.000000 5.000000 1.000000

Matrix 3435:
1.000000 0.200000 0.125000 1.000000
5.000000 1.000000 0.500000 0.333333
8.000000 2.000000 1.000000 0.125000
1.000000 3.000000 8.000000 1.000000

Matrix 3436:
1.000000 0.166667 3.000000 0.250000
6.000000 1.000000 7.000000 4.000000
0.333333 0.142857 1.000000 2.000000
4.000000 0.250000 0.500000 1.000000

Matrix 3437:
1.000000 5.000000 3.000000 4.000000
0.200000 1.000000 0.142857 1.000000
0.333333 7.000000 1.000000 0.500000
0.250000 1.000000 2.000000 1.000000

Matrix 3438:
1.000000 1.000000 3.000000 4.000000
1.000000 1.000000 8.000000 4.000000
0.333333 0.125000 1.000000 0.166667
0.250000 0.250000 6.000000 1.000000

Matrix 3439:
1.000000 7.000000 0.333333 0.333333
0.142857 1.000000 3.000000 0.142857
3.000000 0.333333 1.000000 1.000000
3.000000 7.000000 1.000000 1.000000

Matrix 3440:
1.000000 9.000000 1.000000 2.000000
0.111111 1.000000 0.200000 0.142857
1.000000 5.000000 1.000000 0.125000
0.500000 7.000000 8.000000 1.000000

Matrix 3441:
1.000000 5.000000 0.500000 9.000000
0.200000 1.000000 0.333333 0.250000
2.000000 3.000000 1.000000 1.000000
0.111111 4.000000 1.000000 1.000000

Matrix 3442:
1.000000 2.000000 1.000000 4.000000
0.500000 1.000000 8.000000 8.000000
1.000000 0.125000 1.000000 1.000000
0.250000 0.125000 1.000000 1.000000

Matrix 3443:
1.000000 7.000000 4.000000 0.500000
0.142857 1.000000 0.333333 0.333333
0.250000 3.000000 1.000000 5.000000
2.000000 3.000000 0.200000 1.000000

Matrix 3444:
1.000000 0.500000 0.500000 0.200000
2.000000 1.000000 0.111111 0.142857
2.000000 9.000000 1.000000 0.500000
5.000000 7.000000 2.000000 1.000000

Matrix 3445:
1.000000 0.111111 6.000000 0.125000
9.000000 1.000000 8.000000 0.125000
0.166667 0.125000 1.000000 0.166667
8.000000 8.000000 6.000000 1.000000

Matrix 3446:
1.000000 0.125000 1.000000 7.000000
8.000000 1.000000 1.000000 5.000000
1.000000 1.000000 1.000000 0.500000
0.142857 0.200000 2.000000 1.000000

Matrix 3447:
1.000000 0.200000 0.250000 0.142857
5.000000 1.000000 1.000000 2.000000
4.000000 1.000000 1.000000 5.000000
7.000000 0.500000 0.200000 1.000000

Matrix 3448:
1.000000 0.125000 1.000000 0.166667
8.000000 1.000000 8.000000 8.000000
1.000000 0.125000 1.000000 0.111111
6.000000 0.125000 9.000000 1.000000

Matrix 3449:
1.000000 0.333333 8.000000 1.000000
3.000000 1.000000 1.000000 0.250000
0.125000 1.000000 1.000000 0.250000
1.000000 4.000000 4.000000 1.000000

Matrix 3450:
1.000000 8.000000 0.142857 9.000000
0.125000 1.000000 0.200000 7.000000
7.000000 5.000000 1.000000 8.000000
0.111111 0.142857 0.125000 1.000000

Matrix 3451:
1.000000 1.000000 0.142857 7.000000
1.000000 1.000000 0.142857 0.166667
7.000000 7.000000 1.000000 6.000000
0.142857 6.000000 0.166667 1.000000

Matrix 3452:
1.000000 4.000000 0.250000 1.000000
0.250000 1.000000 1.000000 9.000000
4.000000 1.000000 1.000000 1.000000
1.000000 0.111111 1.000000 1.000000

Matrix 3453:
1.000000 0.111111 0.333333 0.125000
9.000000 1.000000 9.000000 0.142857
3.000000 0.111111 1.000000 1.000000
8.000000 7.000000 1.000000 1.000000

Matrix 3454:
1.000000 7.000000 0.500000 8.000000
0.142857 1.000000 0.333333 6.000000
2.000000 3.000000 1.000000 9.000000
0.125000 0.166667 0.111111 1.000000

Matrix 3455:
1.000000 4.000000 7.000000 1.000000
0.250000 1.000000 1.000000 1.000000
0.142857 1.000000 1.000000 0.142857
1.000000 1.000000 7.000000 1.000000

Matrix 3456:
1.000000 0.125000 0.250000 0.500000
8.000000 1.000000 0.125000 1.000000
4.000000 8.000000 1.000000 8.000000
2.000000 1.000000 0.125000 1.000000

Matrix 3457:
1.000000 0.166667 0.200000 1.000000
6.000000 1.000000 3.000000 0.142857
5.000000 0.333333 1.000000 0.142857
1.000000 7.000000 7.000000 1.000000

Matrix 3458:
1.000000 2.000000 0.166667 0.125000
0.500000 1.000000 0.125000 0.111111
6.000000 8.000000 1.000000 0.125000
8.000000 9.000000 8.000000 1.000000

Matrix 3459:
1.000000 7.000000 9.000000 0.250000
0.142857 1.000000 0.333333 0.250000
0.111111 3.000000 1.000000 0.500000
4.000000 4.000000 2.000000 1.000000

Matrix 3460:
1.000000 3.000000 0.500000 7.000000
0.333333 1.000000 0.125000 0.111111
2.000000 8.000000 1.000000 2.000000
0.142857 9.000000 0.500000 1.000000

Matrix 3461:
1.000000 0.500000 5.000000 1.000000
2.000000 1.000000 1.000000 0.142857
0.200000 1.000000 1.000000 1.000000
1.000000 7.000000 1.000000 1.000000

Matrix 3462:
1.000000 0.200000 6.000000 6.000000
5.000000 1.000000 3.000000 1.000000
0.166667 0.333333 1.000000 4.000000
0.166667 1.000000 0.250000 1.000000

Matrix 3463:
1.000000 1.000000 0.500000 0.142857
1.000000 1.000000 6.000000 2.000000
2.000000 0.166667 1.000000 0.200000
7.000000 0.500000 5.000000 1.000000

Matrix 3464:
1.000000 4.000000 0.142857 0.142857
0.250000 1.000000 0.333333 1.000000
7.000000 3.000000 1.000000 6.000000
7.000000 1.000000 0.166667 1.000000

Matrix 3465:
1.000000 0.333333 2.000000 6.000000
3.000000 1.000000 3.000000 9.000000
0.500000 0.333333 1.000000 0.500000
0.166667 0.111111 2.000000 1.000000

Matrix 3466:
1.000000 3.000000 0.142857 0.142857
0.333333 1.000000 3.000000 0.142857
7.000000 0.333333 1.000000 1.000000
7.000000 7.000000 1.000000 1.000000

Matrix 3467:
1.000000 0.111111 2.000000 3.000000
9.000000 1.000000 8.000000 1.000000
0.500000 0.125000 1.000000 5.000000
0.333333 1.000000 0.200000 1.000000

Matrix 3468:
1.000000 6.000000 2.000000 6.000000
0.166667 1.000000 0.333333 0.111111
0.500000 3.000000 1.000000 0.166667
0.166667 9.000000 6.000000 1.000000

Matrix 3469:
1.000000 1.000000 0.166667 0.333333
1.000000 1.000000 2.000000 0.250000
6.000000 0.500000 1.000000 6.000000
3.000000 4.000000 0.166667 1.000000

Matrix 3470:
1.000000 6.000000 2.000000 3.000000
0.166667 1.000000 0.166667 0.111111
0.500000 6.000000 1.000000 3.000000
0.333333 9.000000 0.333333 1.000000

Matrix 3471:
1.000000 1.000000 1.000000 3.000000
1.000000 1.000000 0.111111 0.166667
1.000000 9.000000 1.000000 9.000000
0.333333 6.000000 0.111111 1.000000

Matrix 3472:
1.000000 8.000000 5.000000 8.000000
0.125000 1.000000 0.111111 1.000000
0.200000 9.000000 1.000000 0.166667
0.125000 1.000000 6.000000 1.000000

Matrix 3473:
1.000000 6.000000 0.500000 7.000000
0.166667 1.000000 0.200000 8.000000
2.000000 5.000000 1.000000 3.000000
0.142857 0.125000 0.333333 1.000000

Matrix 3474:
1.000000 7.000000 1.000000 0.166667
0.142857 1.000000 0.142857 0.166667
1.000000 7.000000 1.000000 8.000000
6.000000 6.000000 0.125000 1.000000

Matrix 3475:
1.000000 1.000000 2.000000 0.200000
1.000000 1.000000 0.500000 4.000000
0.500000 2.000000 1.000000 4.000000
5.000000 0.250000 0.250000 1.000000

Matrix 3476:
1.000000 0.333333 0.500000 0.250000
3.000000 1.000000 0.200000 2.000000
2.000000 5.000000 1.000000 8.000000
4.000000 0.500000 0.125000 1.000000

Matrix 3477:
1.000000 9.000000 9.000000 9.000000
0.111111 1.000000 0.125000 1.000000
0.111111 8.000000 1.000000 8.000000
0.111111 1.000000 0.125000 1.000000

Matrix 3478:
1.000000 0.333333 0.500000 0.166667
3.000000 1.000000 0.200000 7.000000
2.000000 5.000000 1.000000 5.000000
6.000000 0.142857 0.200000 1.000000

Matrix 3479:
1.000000 0.200000 0.500000 8.000000
5.000000 1.000000 7.000000 4.000000
2.000000 0.142857 1.000000 3.000000
0.125000 0.250000 0.333333 1.000000

Matrix 3480:
1.000000 6.000000 4.000000 0.500000
0.166667 1.000000 8.000000 2.000000
0.250000 0.125000 1.000000 0.166667
2.000000 0.500000 6.000000 1.000000

Matrix 3481:
1.000000 0.200000 0.111111 0.142857
5.000000 1.000000 0.142857 0.250000
9.000000 7.000000 1.000000 0.250000
7.000000 4.000000 4.000000 1.000000

Matrix 3482:
1.000000 0.111111 0.500000 2.000000
9.000000 1.000000 2.000000 4.000000
2.000000 0.500000 1.000000 0.250000
0.500000 0.250000 4.000000 1.000000

Matrix 3483:
1.000000 0.250000 0.166667 3.000000
4.000000 1.000000 1.000000 1.000000
6.000000 1.000000 1.000000 9.000000
0.333333 1.000000 0.111111 1.000000

Matrix 3484:
1.000000 0.200000 2.000000 4.000000
5.000000 1.000000 1.000000 1.000000
0.500000 1.000000 1.000000 0.142857
0.250000 1.000000 7.000000 1.000000

Matrix 3485:
1.000000 0.166667 0.111111 0.250000
6.000000 1.000000 4.000000 6.000000
9.000000 0.250000 1.000000 6.000000
4.000000 0.166667 0.166667 1.000000

Matrix 3486:
1.000000 0.200000 3.000000 3.000000
5.000000 1.000000 4.000000 6.000000
0.333333 0.250000 1.000000 0.333333
0.333333 0.166667 3.000000 1.000000

Matrix 3487:
1.000000 2.000000 3.000000 7.000000
0.500000 1.000000 0.111111 0.200000
0.333333 9.000000 1.000000 2.000000
0.142857 5.000000 0.500000 1.000000

Matrix 3488:
1.000000 7.000000 1.000000 9.000000
0.142857 1.000000 3.000000 1.000000
1.000000 0.333333 1.000000 4.000000
0.111111 1.000000 0.250000 1.000000

Matrix 3489:
1.000000 1.000000 0.111111 5.000000
1.000000 1.000000 0.111111 1.000000
9.000000 9.000000 1.000000 8.000000
0.200000 1.000000 0.125000 1.000000

Matrix 3490:
1.000000 0.500000 6.000000 2.000000
2.000000 1.000000 1.000000 9.000000
0.166667 1.000000 1.000000 0.166667
0.500000 0.111111 6.000000 1.000000

Matrix 3491:
1.000000 1.000000 2.000000 4.000000
1.000000 1.000000 5.000000 0.111111
0.500000 0.200000 1.000000 0.125000
0.250000 9.000000 8.000000 1.000000

Matrix 3492:
1.000000 4.000000 6.000000 2.000000
0.250000 1.000000 0.111111 6.000000
0.166667 9.000000 1.000000 6.000000
0.500000 0.166667 0.166667 1.000000

Matrix 3493:
1.000000 0.142857 0.111111 0.200000
7.000000 1.000000 1.000000 0.200000
9.000000 1.000000 1.000000 1.000000
5.000000 5.000000 1.000000 1.000000

Matrix 3494:
1.000000 9.000000 3.000000 5.000000
0.111111 1.000000 0.200000 3.000000
0.333333 5.000000 1.000000 2.000000
0.200000 0.333333 0.500000 1.000000

Matrix 3495:
1.000000 3.000000 0.142857 0.200000
0.333333 1.000000 1.000000 0.250000
7.000000 1.000000 1.000000 0.500000
5.000000 4.000000 2.000000 1.000000

Matrix 3496:
1.000000 0.111111 3.000000 8.000000
9.000000 1.000000 9.000000 4.000000
0.333333 0.111111 1.000000 0.166667
0.125000 0.250000 6.000000 1.000000

Matrix 3497:
1.000000 3.000000 7.000000 0.250000
0.333333 1.000000 6.000000 2.000000
0.142857 0.166667 1.000000 0.250000
4.000000 0.500000 4.000000 1.000000

Matrix 3498:
1.000000 6.000000 8.000000 0.250000
0.166667 1.000000 0.333333 0.200000
0.125000 3.000000 1.000000 1.000000
4.000000 5.000000 1.000000 1.000000

Matrix 3499:
1.000000 3.000000 9.000000 0.500000
0.333333 1.000000 0.125000 0.200000
0.111111 8.000000 1.000000 0.200000
2.000000 5.000000 5.000000 1.000000

Matrix 3500:
1.000000 0.333333 0.166667 0.500000
3.000000 1.000000 0.166667 0.125000
6.000000 6.000000 1.000000 5.000000
2.000000 8.000000 0.200000 1.000000

Matrix 3501:
1.000000 5.000000 9.000000 8.000000
0.200000 1.000000 7.000000 7.000000
0.111111 0.142857 1.000000 0.250000
0.125000 0.142857 4.000000 1.000000

Matrix 3502:
1.000000 2.000000 0.200000 0.500000
0.500000 1.000000 2.000000 0.500000
5.000000 0.500000 1.000000 0.166667
2.000000 2.000000 6.000000 1.000000

Matrix 3503:
1.000000 0.200000 0.166667 3.000000
5.000000 1.000000 0.250000 7.000000
6.000000 4.000000 1.000000 8.000000
0.333333 0.142857 0.125000 1.000000

Matrix 3504:
1.000000 7.000000 0.500000 0.333333
0.142857 1.000000 0.111111 0.111111
2.000000 9.000000 1.000000 0.111111
3.000000 9.000000 9.000000 1.000000

Matrix 3505:
1.000000 5.000000 7.000000 4.000000
0.200000 1.000000 3.000000 5.000000
0.142857 0.333333 1.000000 1.000000
0.250000 0.200000 1.000000 1.000000

Matrix 3506:
1.000000 9.000000 5.000000 1.000000
0.111111 1.000000 1.000000 3.000000
0.200000 1.000000 1.000000 0.500000
1.000000 0.333333 2.000000 1.000000

Matrix 3507:
1.000000 1.000000 0.200000 1.000000
1.000000 1.000000 3.000000 1.000000
5.000000 0.333333 1.000000 0.500000
1.000000 1.000000 2.000000 1.000000

Matrix 3508:
1.000000 0.125000 2.000000 0.250000
8.000000 1.000000 0.250000 0.142857
0.500000 4.000000 1.000000 0.125000
4.000000 7.000000 8.000000 1.000000

Matrix 3509:
1.000000 1.000000 0.200000 0.111111
1.000000 1.000000 1.000000 0.200000
5.000000 1.000000 1.000000 2.000000
9.000000 5.000000 0.500000 1.000000

Matrix 3510:
1.000000 0.333333 0.111111 0.166667
3.000000 1.000000 3.000000 0.200000
9.000000 0.333333 1.000000 1.000000
6.000000 5.000000 1.000000 1.000000

Matrix 3511:
1.000000 0.125000 7.000000 4.000000
8.000000 1.000000 6.000000 1.000000
0.142857 0.166667 1.000000 3.000000
0.250000 1.000000 0.333333 1.000000

Matrix 3512:
1.000000 0.142857 0.125000 0.166667
7.000000 1.000000 6.000000 0.200000
8.000000 0.166667 1.000000 0.142857
6.000000 5.000000 7.000000 1.000000

Matrix 3513:
1.000000 0.200000 4.000000 0.166667
5.000000 1.000000 9.000000 1.000000
0.250000 0.111111 1.000000 0.333333
6.000000 1.000000 3.000000 1.000000

Matrix 3514:
1.000000 1.000000 0.333333 0.250000
1.000000 1.000000 7.000000 0.166667
3.000000 0.142857 1.000000 0.111111
4.000000 6.000000 9.000000 1.000000

Matrix 3515:
1.000000 9.000000 0.200000 0.500000
0.111111 1.000000 0.166667 1.000000
5.000000 6.000000 1.000000 6.000000
2.000000 1.000000 0.166667 1.000000

Matrix 3516:
1.000000 0.500000 8.000000 1.000000
2.000000 1.000000 0.500000 2.000000
0.125000 2.000000 1.000000 5.000000
1.000000 0.500000 0.200000 1.000000

Matrix 3517:
1.000000 9.000000 0.125000 0.142857
0.111111 1.000000 0.142857 0.111111
8.000000 7.000000 1.000000 0.500000
7.000000 9.000000 2.000000 1.000000

Matrix 3518:
1.000000 1.000000 1.000000 0.500000
1.000000 1.000000 3.000000 2.000000
1.000000 0.333333 1.000000 0.142857
2.000000 0.500000 7.000000 1.000000

Matrix 3519:
1.000000 0.125000 0.250000 0.250000
8.000000 1.000000 0.166667 0.500000
4.000000 6.000000 1.000000 0.333333
4.000000 2.000000 3.000000 1.000000

Matrix 3520:
1.000000 5.000000 9.000000 0.250000
0.200000 1.000000 0.142857 0.333333
0.111111 7.000000 1.000000 1.000000
4.000000 3.000000 1.000000 1.000000

Matrix 3521:
1.000000 4.000000 0.500000 2.000000
0.250000 1.000000 3.000000 0.125000
2.000000 0.333333 1.000000 0.111111
0.500000 8.000000 9.000000 1.000000

Matrix 3522:
1.000000 8.000000 8.000000 0.250000
0.125000 1.000000 0.111111 0.500000
0.125000 9.000000 1.000000 0.500000
4.000000 2.000000 2.000000 1.000000

Matrix 3523:
1.000000 9.000000 0.333333 0.200000
0.111111 1.000000 1.000000 0.333333
3.000000 1.000000 1.000000 0.111111
5.000000 3.000000 9.000000 1.000000

Matrix 3524:
1.000000 6.000000 0.200000 7.000000
0.166667 1.000000 0.250000 0.125000
5.000000 4.000000 1.000000 2.000000
0.142857 8.000000 0.500000 1.000000

Matrix 3525:
1.000000 5.000000 9.000000 3.000000
0.200000 1.000000 0.200000 9.000000
0.111111 5.000000 1.000000 1.000000
0.333333 0.111111 1.000000 1.000000

Matrix 3526:
1.000000 2.000000 2.000000 0.500000
0.500000 1.000000 1.000000 8.000000
0.500000 1.000000 1.000000 4.000000
2.000000 0.125000 0.250000 1.000000

Matrix 3527:
1.000000 6.000000 1.000000 1.000000
0.166667 1.000000 2.000000 1.000000
1.000000 0.500000 1.000000 2.000000
1.000000 1.000000 0.500000 1.000000

Matrix 3528:
1.000000 0.200000 0.200000 0.142857
5.000000 1.000000 0.142857 0.200000
5.000000 7.000000 1.000000 0.333333
7.000000 5.000000 3.000000 1.000000

Matrix 3529:
1.000000 0.500000 0.200000 9.000000
2.000000 1.000000 7.000000 5.000000
5.000000 0.142857 1.000000 8.000000
0.111111 0.200000 0.125000 1.000000

Matrix 3530:
1.000000 3.000000 0.125000 0.200000
0.333333 1.000000 1.000000 2.000000
8.000000 1.000000 1.000000 4.000000
5.000000 0.500000 0.250000 1.000000

Matrix 3531:
1.000000 0.250000 1.000000 3.000000
4.000000 1.000000 0.500000 1.000000
1.000000 2.000000 1.000000 0.200000
0.333333 1.000000 5.000000 1.000000

Matrix 3532:
1.000000 1.000000 9.000000 4.000000
1.000000 1.000000 2.000000 0.500000
0.111111 0.500000 1.000000 1.000000
0.250000 2.000000 1.000000 1.000000

Matrix 3533:
1.000000 0.200000 8.000000 1.000000
5.000000 1.000000 9.000000 5.000000
0.125000 0.111111 1.000000 8.000000
1.000000 0.200000 0.125000 1.000000

Matrix 3534:
1.000000 9.000000 1.000000 7.000000
0.111111 1.000000 0.333333 0.111111
1.000000 3.000000 1.000000 6.000000
0.142857 9.000000 0.166667 1.000000

Matrix 3535:
1.000000 6.000000 1.000000 0.111111
0.166667 1.000000 5.000000 0.200000
1.000000 0.200000 1.000000 0.142857
9.000000 5.000000 7.000000 1.000000

Matrix 3536:
1.000000 6.000000 1.000000 0.500000
0.166667 1.000000 8.000000 2.000000
1.000000 0.125000 1.000000 0.200000
2.000000 0.500000 5.000000 1.000000

Matrix 3537:
1.000000 1.000000 0.142857 1.000000
1.000000 1.000000 0.250000 0.125000
7.000000 4.000000 1.000000 1.000000
1.000000 8.000000 1.000000 1.000000

Matrix 3538:
1.000000 0.166667 0.500000 1.000000
6.000000 1.000000 1.000000 2.000000
2.000000 1.000000 1.000000 6.000000
1.000000 0.500000 0.166667 1.000000

Matrix 3539:
1.000000 0.142857 7.000000 5.000000
7.000000 1.000000 6.000000 9.000000
0.142857 0.166667 1.000000 8.000000
0.200000 0.111111 0.125000 1.000000

Matrix 3540:
1.000000 8.000000 0.250000 4.000000
0.125000 1.000000 0.333333 0.111111
4.000000 3.000000 1.000000 1.000000
0.250000 9.000000 1.000000 1.000000

Matrix 3541:
1.000000 9.000000 8.000000 9.000000
0.111111 1.000000 0.142857 3.000000
0.125000 7.000000 1.000000 5.000000
0.111111 0.333333 0.200000 1.000000

Matrix 3542:
1.000000 9.000000 7.000000 0.111111
0.111111 1.000000 9.000000 0.333333
0.142857 0.111111 1.000000 0.250000
9.000000 3.000000 4.000000 1.000000

Matrix 3543:
1.000000 2.000000 0.333333 6.000000
0.500000 1.000000 0.142857 0.111111
3.000000 7.000000 1.000000 5.000000
0.166667 9.000000 0.200000 1.000000

Matrix 3544:
1.000000 0.125000 6.000000 0.200000
8.000000 1.000000 4.000000 6.000000
0.166667 0.250000 1.000000 0.142857
5.000000 0.166667 7.000000 1.000000

Matrix 3545:
1.000000 1.000000 0.142857 7.000000
1.000000 1.000000 1.000000 0.250000
7.000000 1.000000 1.000000 2.000000
0.142857 4.000000 0.500000 1.000000

Matrix 3546:
1.000000 0.166667 0.500000 0.125000
6.000000 1.000000 0.500000 0.111111
2.000000 2.000000 1.000000 3.000000
8.000000 9.000000 0.333333 1.000000

Matrix 3547:
1.000000 0.250000 1.000000 0.111111
4.000000 1.000000 0.200000 0.200000
1.000000 5.000000 1.000000 2.000000
9.000000 5.000000 0.500000 1.000000

Matrix 3548:
1.000000 5.000000 0.142857 0.111111
0.200000 1.000000 2.000000 0.250000
7.000000 0.500000 1.000000 0.500000
9.000000 4.000000 2.000000 1.000000

Matrix 3549:
1.000000 0.500000 0.500000 0.250000
2.000000 1.000000 0.111111 0.250000
2.000000 9.000000 1.000000 6.000000
4.000000 4.000000 0.166667 1.000000

Matrix 3550:
1.000000 0.166667 0.500000 0.166667
6.000000 1.000000 0.250000 0.166667
2.000000 4.000000 1.000000 0.250000
6.000000 6.000000 4.000000 1.000000

Matrix 3551:
1.000000 8.000000 9.000000 9.000000
0.125000 1.000000 4.000000 3.000000
0.111111 0.250000 1.000000 0.125000
0.111111 0.333333 8.000000 1.000000

Matrix 3552:
1.000000 0.200000 0.166667 0.333333
5.000000 1.000000 0.166667 3.000000
6.000000 6.000000 1.000000 1.000000
3.000000 0.333333 1.000000 1.000000

Matrix 3553:
1.000000 0.333333 0.500000 4.000000
3.000000 1.000000 7.000000 4.000000
2.000000 0.142857 1.000000 7.000000
0.250000 0.250000 0.142857 1.000000

Matrix 3554:
1.000000 0.200000 9.000000 2.000000
5.000000 1.000000 8.000000 2.000000
0.111111 0.125000 1.000000 4.000000
0.500000 0.500000 0.250000 1.000000

Matrix 3555:
1.000000 0.200000 0.200000 0.250000
5.000000 1.000000 0.111111 0.500000
5.000000 9.000000 1.000000 6.000000
4.000000 2.000000 0.166667 1.000000

Matrix 3556:
1.000000 3.000000 0.333333 2.000000
0.333333 1.000000 8.000000 6.000000
3.000000 0.125000 1.000000 4.000000
0.500000 0.166667 0.250000 1.000000

Matrix 3557:
1.000000 7.000000 0.500000 8.000000
0.142857 1.000000 4.000000 6.000000
2.000000 0.250000 1.000000 1.000000
0.125000 0.166667 1.000000 1.000000

Matrix 3558:
1.000000 3.000000 4.000000 5.000000
0.333333 1.000000 0.111111 0.250000
0.250000 9.000000 1.000000 0.111111
0.200000 4.000000 9.000000 1.000000

Matrix 3559:
1.000000 0.166667 8.000000 3.000000
6.000000 1.000000 3.000000 0.500000
0.125000 0.333333 1.000000 0.125000
0.333333 2.000000 8.000000 1.000000

Matrix 3560:
1.000000 4.000000 0.200000 0.111111
0.250000 1.000000 0.500000 0.500000
5.000000 2.000000 1.000000 0.142857
9.000000 2.000000 7.000000 1.000000

Matrix 3561:
1.000000 5.000000 0.125000 1.000000
0.200000 1.000000 0.500000 3.000000
8.000000 2.000000 1.000000 1.000000
1.000000 0.333333 1.000000 1.000000

Matrix 3562:
1.000000 0.142857 0.111111 0.111111
7.000000 1.000000 4.000000 4.000000
9.000000 0.250000 1.000000 3.000000
9.000000 0.250000 0.333333 1.000000

Matrix 3563:
1.000000 0.142857 0.166667 9.000000
7.000000 1.000000 0.500000 7.000000
6.000000 2.000000 1.000000 2.000000
0.111111 0.142857 0.500000 1.000000

Matrix 3564:
1.000000 7.000000 0.200000 1.000000
0.142857 1.000000 0.333333 0.111111
5.000000 3.000000 1.000000 0.166667
1.000000 9.000000 6.000000 1.000000

Matrix 3565:
1.000000 1.000000 1.000000 0.142857
1.000000 1.000000 0.125000 0.250000
1.000000 8.000000 1.000000 0.111111
7.000000 4.000000 9.000000 1.000000

Matrix 3566:
1.000000 0.200000 7.000000 8.000000
5.000000 1.000000 8.000000 7.000000
0.142857 0.125000 1.000000 5.000000
0.125000 0.142857 0.200000 1.000000

Matrix 3567:
1.000000 1.000000 2.000000 0.111111
1.000000 1.000000 9.000000 1.000000
0.500000 0.111111 1.000000 0.333333
9.000000 1.000000 3.000000 1.000000

Matrix 3568:
1.000000 6.000000 1.000000 5.000000
0.166667 1.000000 0.111111 0.166667
1.000000 9.000000 1.000000 0.500000
0.200000 6.000000 2.000000 1.000000

Matrix 3569:
1.000000 4.000000 4.000000 7.000000
0.250000 1.000000 0.250000 5.000000
0.250000 4.000000 1.000000 4.000000
0.142857 0.200000 0.250000 1.000000

Matrix 3570:
1.000000 0.333333 1.000000 4.000000
3.000000 1.000000 0.250000 8.000000
1.000000 4.000000 1.000000 1.000000
0.250000 0.125000 1.000000 1.000000

Matrix 3571:
1.000000 0.111111 0.111111 6.000000
9.000000 1.000000 5.000000 3.000000
9.000000 0.200000 1.000000 7.000000
0.166667 0.333333 0.142857 1.000000

Matrix 3572:
1.000000 0.500000 0.333333 0.125000
2.000000 1.000000 0.500000 4.000000
3.000000 2.000000 1.000000 0.125000
8.000000 0.250000 8.000000 1.000000

Matrix 3573:
1.000000 9.000000 0.111111 5.000000
0.111111 1.000000 0.250000 5.000000
9.000000 4.000000 1.000000 5.000000
0.200000 0.200000 0.200000 1.000000

Matrix 3574:
1.000000 7.000000 3.000000 1.000000
0.142857 1.000000 0.200000 0.500000
0.333333 5.000000 1.000000 4.000000
1.000000 2.000000 0.250000 1.000000

Matrix 3575:
1.000000 1.000000 0.500000 3.000000
1.000000 1.000000 0.142857 9.000000
2.000000 7.000000 1.000000 2.000000
0.333333 0.111111 0.500000 1.000000

Matrix 3576:
1.000000 2.000000 0.142857 8.000000
0.500000 1.000000 0.111111 2.000000
7.000000 9.000000 1.000000 1.000000
0.125000 0.500000 1.000000 1.000000

Matrix 3577:
1.000000 0.125000 0.166667 0.200000
8.000000 1.000000 0.125000 0.500000
6.000000 8.000000 1.000000 0.142857
5.000000 2.000000 7.000000 1.000000

Matrix 3578:
1.000000 0.142857 0.200000 0.200000
7.000000 1.000000 6.000000 0.111111
5.000000 0.166667 1.000000 0.125000
5.000000 9.000000 8.000000 1.000000

Matrix 3579:
1.000000 0.166667 0.166667 0.200000
6.000000 1.000000 0.200000 2.000000
6.000000 5.000000 1.000000 1.000000
5.000000 0.500000 1.000000 1.000000

Matrix 3580:
1.000000 0.500000 0.166667 6.000000
2.000000 1.000000 0.500000 7.000000
6.000000 2.000000 1.000000 1.000000
0.166667 0.142857 1.000000 1.000000

Matrix 3581:
1.000000 2.000000 5.000000 0.333333
0.500000 1.000000 0.500000 1.000000
0.200000 2.000000 1.000000 0.125000
3.000000 1.000000 8.000000 1.000000

Matrix 3582:
1.000000 6.000000 5.000000 0.333333
0.166667 1.000000 1.000000 2.000000
0.200000 1.000000 1.000000 0.142857
3.000000 0.500000 7.000000 1.000000

Matrix 3583:
1.000000 0.333333 5.000000 0.200000
3.000000 1.000000 1.000000 1.000000
0.200000 1.000000 1.000000 0.125000
5.000000 1.000000 8.000000 1.000000

Matrix 3584:
1.000000 9.000000 3.000000 9.000000
0.111111 1.000000 0.250000 2.000000
0.333333 4.000000 1.000000 0.142857
0.111111 0.500000 7.000000 1.000000

Matrix 3585:
1.000000 1.000000 1.000000 0.333333
1.000000 1.000000 3.000000 1.000000
1.000000 0.333333 1.000000 0.125000
3.000000 1.000000 8.000000 1.000000

Matrix 3586:
1.000000 0.500000 8.000000 0.142857
2.000000 1.000000 7.000000 0.250000
0.125000 0.142857 1.000000 0.125000
7.000000 4.000000 8.000000 1.000000

Matrix 3587:
1.000000 2.000000 1.000000 5.000000
0.500000 1.000000 1.000000 0.333333
1.000000 1.000000 1.000000 6.000000
0.200000 3.000000 0.166667 1.000000

Matrix 3588:
1.000000 4.000000 9.000000 2.000000
0.250000 1.000000 0.200000 4.000000
0.111111 5.000000 1.000000 8.000000
0.500000 0.250000 0.125000 1.000000

Matrix 3589:
1.000000 2.000000 4.000000 7.000000
0.500000 1.000000 1.000000 1.000000
0.250000 1.000000 1.000000 4.000000
0.142857 1.000000 0.250000 1.000000

Matrix 3590:
1.000000 3.000000 3.000000 2.000000
0.333333 1.000000 9.000000 9.000000
0.333333 0.111111 1.000000 9.000000
0.500000 0.111111 0.111111 1.000000

Matrix 3591:
1.000000 0.142857 0.500000 0.500000
7.000000 1.000000 2.000000 0.111111
2.000000 0.500000 1.000000 0.166667
2.000000 9.000000 6.000000 1.000000

Matrix 3592:
1.000000 1.000000 0.500000 1.000000
1.000000 1.000000 8.000000 9.000000
2.000000 0.125000 1.000000 6.000000
1.000000 0.111111 0.166667 1.000000

Matrix 3593:
1.000000 0.250000 0.333333 3.000000
4.000000 1.000000 0.500000 3.000000
3.000000 2.000000 1.000000 3.000000
0.333333 0.333333 0.333333 1.000000

Matrix 3594:
1.000000 4.000000 0.166667 0.111111
0.250000 1.000000 1.000000 0.200000
6.000000 1.000000 1.000000 0.200000
9.000000 5.000000 5.000000 1.000000

Matrix 3595:
1.000000 2.000000 2.000000 1.000000
0.500000 1.000000 0.250000 1.000000
0.500000 4.000000 1.000000 4.000000
1.000000 1.000000 0.250000 1.000000

Matrix 3596:
1.000000 6.000000 0.500000 1.000000
0.166667 1.000000 1.000000 4.000000
2.000000 1.000000 1.000000 5.000000
1.000000 0.250000 0.200000 1.000000

Matrix 3597:
1.000000 2.000000 8.000000 4.000000
0.500000 1.000000 1.000000 1.000000
0.125000 1.000000 1.000000 0.111111
0.250000 1.000000 9.000000 1.000000

Matrix 3598:
1.000000 3.000000 1.000000 1.000000
0.333333 1.000000 6.000000 0.125000
1.000000 0.166667 1.000000 0.333333
1.000000 8.000000 3.000000 1.000000

Matrix 3599:
1.000000 2.000000 0.125000 7.000000
0.500000 1.000000 1.000000 8.000000
8.000000 1.000000 1.000000 8.000000
0.142857 0.125000 0.125000 1.000000

Matrix 3600:
1.000000 0.333333 2.000000 0.166667
3.000000 1.000000 0.500000 7.000000
0.500000 2.000000 1.000000 1.000000
6.000000 0.142857 1.000000 1.000000

Matrix 3601:
1.000000 5.000000 6.000000 3.000000
0.200000 1.000000 0.333333 6.000000
0.166667 3.000000 1.000000 0.333333
0.333333 0.166667 3.000000 1.000000

Matrix 3602:
1.000000 8.000000 0.200000 0.500000
0.125000 1.000000 1.000000 0.333333
5.000000 1.000000 1.000000 0.111111
2.000000 3.000000 9.000000 1.000000

Matrix 3603:
1.000000 4.000000 0.500000 0.125000
0.250000 1.000000 0.142857 0.200000
2.000000 7.000000 1.000000 0.500000
8.000000 5.000000 2.000000 1.000000

Matrix 3604:
1.000000 1.000000 7.000000 1.000000
1.000000 1.000000 4.000000 0.200000
0.142857 0.250000 1.000000 0.200000
1.000000 5.000000 5.000000 1.000000

Matrix 3605:
1.000000 5.000000 9.000000 0.200000
0.200000 1.000000 4.000000 0.166667
0.111111 0.250000 1.000000 1.000000
5.000000 6.000000 1.000000 1.000000

Matrix 3606:
1.000000 7.000000 9.000000 6.000000
0.142857 1.000000 5.000000 6.000000
0.111111 0.200000 1.000000 1.000000
0.166667 0.166667 1.000000 1.000000

Matrix 3607:
1.000000 5.000000 7.000000 7.000000
0.200000 1.000000 0.166667 2.000000
0.142857 6.000000 1.000000 4.000000
0.142857 0.500000 0.250000 1.000000

Matrix 3608:
1.000000 0.333333 3.000000 6.000000
3.000000 1.000000 2.000000 4.000000
0.333333 0.500000 1.000000 0.142857
0.166667 0.250000 7.000000 1.000000

Matrix 3609:
1.000000 0.111111 6.000000 2.000000
9.000000 1.000000 6.000000 3.000000
0.166667 0.166667 1.000000 0.111111
0.500000 0.333333 9.000000 1.000000

Matrix 3610:
1.000000 1.000000 3.000000 1.000000
1.000000 1.000000 4.000000 7.000000
0.333333 0.250000 1.000000 0.142857
1.000000 0.142857 7.000000 1.000000

Matrix 3611:
1.000000 0.200000 0.200000 0.500000
5.000000 1.000000 0.166667 0.142857
5.000000 6.000000 1.000000 1.000000
2.000000 7.000000 1.000000 1.000000

Matrix 3612:
1.000000 0.200000 4.000000 0.250000
5.000000 1.000000 3.000000 8.000000
0.250000 0.333333 1.000000 3.000000
4.000000 0.125000 0.333333 1.000000

Matrix 3613:
1.000000 8.000000 1.000000 2.000000
0.125000 1.000000 2.000000 6.000000
1.000000 0.500000 1.000000 8.000000
0.500000 0.166667 0.125000 1.000000

Matrix 3614:
1.000000 0.142857 1.000000 9.000000
7.000000 1.000000 0.111111 5.000000
1.000000 9.000000 1.000000 8.000000
0.111111 0.200000 0.125000 1.000000

Matrix 3615:
1.000000 0.166667 8.000000 1.000000
6.000000 1.000000 3.000000 4.000000
0.125000 0.333333 1.000000 0.250000
1.000000 0.250000 4.000000 1.000000

Matrix 3616:
1.000000 3.000000 0.333333 1.000000
0.333333 1.000000 0.333333 0.166667
3.000000 3.000000 1.000000 3.000000
1.000000 6.000000 0.333333 1.000000

Matrix 3617:
1.000000 0.250000 0.200000 0.500000
4.000000 1.000000 4.000000 2.000000
5.000000 0.250000 1.000000 0.200000
2.000000 0.500000 5.000000 1.000000

Matrix 3618:
1.000000 0.166667 5.000000 8.000000
6.000000 1.000000 3.000000 3.000000
0.200000 0.333333 1.000000 2.000000
0.125000 0.333333 0.500000 1.000000

Matrix 3619:
1.000000 0.200000 0.142857 0.142857
5.000000 1.000000 0.200000 3.000000
7.000000 5.000000 1.000000 6.000000
7.000000 0.333333 0.166667 1.000000

Matrix 3620:
1.000000 0.333333 0.200000 0.333333
3.000000 1.000000 0.333333 4.000000
5.000000 3.000000 1.000000 7.000000
3.000000 0.250000 0.142857 1.000000

Matrix 3621:
1.000000 0.111111 0.250000 0.250000
9.000000 1.000000 0.250000 7.000000
4.000000 4.000000 1.000000 2.000000
4.000000 0.142857 0.500000 1.000000

Matrix 3622:
1.000000 4.000000 3.000000 6.000000
0.250000 1.000000 1.000000 2.000000
0.333333 1.000000 1.000000 9.000000
0.166667 0.500000 0.111111 1.000000

Matrix 3623:
1.000000 3.000000 0.111111 0.333333
0.333333 1.000000 0.250000 3.000000
9.000000 4.000000 1.000000 1.000000
3.000000 0.333333 1.000000 1.000000

Matrix 3624:
1.000000 3.000000 0.250000 7.000000
0.333333 1.000000 0.111111 9.000000
4.000000 9.000000 1.000000 4.000000
0.142857 0.111111 0.250000 1.000000

Matrix 3625:
1.000000 5.000000 0.111111 1.000000
0.200000 1.000000 1.000000 2.000000
9.000000 1.000000 1.000000 2.000000
1.000000 0.500000 0.500000 1.000000

Matrix 3626:
1.000000 3.000000 8.000000 0.142857
0.333333 1.000000 4.000000 0.333333
0.125000 0.250000 1.000000 0.166667
7.000000 3.000000 6.000000 1.000000

Matrix 3627:
1.000000 1.000000 3.000000 0.333333
1.000000 1.000000 0.200000 0.250000
0.333333 5.000000 1.000000 0.142857
3.000000 4.000000 7.000000 1.000000

Matrix 3628:
1.000000 1.000000 0.166667 5.000000
1.000000 1.000000 3.000000 1.000000
6.000000 0.333333 1.000000 5.000000
0.200000 1.000000 0.200000 1.000000

Matrix 3629:
1.000000 0.125000 5.000000 0.333333
8.000000 1.000000 2.000000 0.125000
0.200000 0.500000 1.000000 0.500000
3.000000 8.000000 2.000000 1.000000

Matrix 3630:
1.000000 0.500000 0.125000 0.200000
2.000000 1.000000 6.000000 0.200000
8.000000 0.166667 1.000000 0.111111
5.000000 5.000000 9.000000 1.000000

Matrix 3631:
1.000000 0.166667 0.250000 2.000000
6.000000 1.000000 1.000000 1.000000
4.000000 1.000000 1.000000 1.000000
0.500000 1.000000 1.000000 1.000000

Matrix 3632:
1.000000 5.000000 5.000000 6.000000
0.200000 1.000000 4.000000 5.000000
0.200000 0.250000 1.000000 9.000000
0.166667 0.200000 0.111111 1.000000

Matrix 3633:
1.000000 5.000000 5.000000 8.000000
0.200000 1.000000 8.000000 3.000000
0.200000 0.125000 1.000000 1.000000
0.125000 0.333333 1.000000 1.000000

Matrix 3634:
1.000000 1.000000 0.111111 3.000000
1.000000 1.000000 8.000000 7.000000
9.000000 0.125000 1.000000 7.000000
0.333333 0.142857 0.142857 1.000000

Matrix 3635:
1.000000 0.166667 0.142857 0.200000
6.000000 1.000000 7.000000 1.000000
7.000000 0.142857 1.000000 0.500000
5.000000 1.000000 2.000000 1.000000

Matrix 3636:
1.000000 0.111111 4.000000 0.111111
9.000000 1.000000 7.000000 0.125000
0.250000 0.142857 1.000000 0.250000
9.000000 8.000000 4.000000 1.000000

Matrix 3637:
1.000000 0.333333 1.000000 0.125000
3.000000 1.000000 0.500000 4.000000
1.000000 2.000000 1.000000 0.166667
8.000000 0.250000 6.000000 1.000000

Matrix 3638:
1.000000 0.142857 0.250000 0.200000
7.000000 1.000000 0.111111 0.200000
4.000000 9.000000 1.000000 0.333333
5.000000 5.000000 3.000000 1.000000

Matrix 3639:
1.000000 0.500000 0.142857 0.142857
2.000000 1.000000 7.000000 0.250000
7.000000 0.142857 1.000000 0.250000
7.000000 4.000000 4.000000 1.000000

Matrix 3640:
1.000000 5.000000 3.000000 3.000000
0.200000 1.000000 2.000000 0.125000
0.333333 0.500000 1.000000 1.000000
0.333333 8.000000 1.000000 1.000000

Matrix 3641:
1.000000 6.000000 6.000000 1.000000
0.166667 1.000000 1.000000 0.333333
0.166667 1.000000 1.000000 3.000000
1.000000 3.000000 0.333333 1.000000

Matrix 3642:
1.000000 0.333333 0.125000 0.500000
3.000000 1.000000 3.000000 0.166667
8.000000 0.333333 1.000000 0.500000
2.000000 6.000000 2.000000 1.000000

Matrix 3643:
1.000000 1.000000 9.000000 9.000000
1.000000 1.000000 5.000000 0.200000
0.111111 0.200000 1.000000 0.142857
0.111111 5.000000 7.000000 1.000000

Matrix 3644:
1.000000 0.200000 1.000000 0.125000
5.000000 1.000000 2.000000 0.333333
1.000000 0.500000 1.000000 2.000000
8.000000 3.000000 0.500000 1.000000

Matrix 3645:
1.000000 8.000000 0.333333 0.250000
0.125000 1.000000 0.111111 0.166667
3.000000 9.000000 1.000000 0.200000
4.000000 6.000000 5.000000 1.000000

Matrix 3646:
1.000000 0.111111 4.000000 0.333333
9.000000 1.000000 7.000000 0.111111
0.250000 0.142857 1.000000 0.142857
3.000000 9.000000 7.000000 1.000000

Matrix 3647:
1.000000 3.000000 0.200000 1.000000
0.333333 1.000000 1.000000 8.000000
5.000000 1.000000 1.000000 2.000000
1.000000 0.125000 0.500000 1.000000

Matrix 3648:
1.000000 3.000000 0.125000 0.111111
0.333333 1.000000 0.250000 1.000000
8.000000 4.000000 1.000000 1.000000
9.000000 1.000000 1.000000 1.000000

Matrix 3649:
1.000000 1.000000 0.166667 0.500000
1.000000 1.000000 7.000000 7.000000
6.000000 0.142857 1.000000 0.333333
2.000000 0.142857 3.000000 1.000000

Matrix 3650:
1.000000 0.166667 4.000000 7.000000
6.000000 1.000000 5.000000 2.000000
0.250000 0.200000 1.000000 4.000000
0.142857 0.500000 0.250000 1.000000

Matrix 3651:
1.000000 0.200000 0.142857 3.000000
5.000000 1.000000 0.142857 9.000000
7.000000 7.000000 1.000000 3.000000
0.333333 0.111111 0.333333 1.000000

Matrix 3652:
1.000000 3.000000 4.000000 5.000000
0.333333 1.000000 0.333333 0.250000
0.250000 3.000000 1.000000 5.000000
0.200000 4.000000 0.200000 1.000000

Matrix 3653:
1.000000 0.250000 0.333333 5.000000
4.000000 1.000000 4.000000 0.500000
3.000000 0.250000 1.000000 3.000000
0.200000 2.000000 0.333333 1.000000

Matrix 3654:
1.000000 7.000000 5.000000 9.000000
0.142857 1.000000 0.142857 5.000000
0.200000 7.000000 1.000000 3.000000
0.111111 0.200000 0.333333 1.000000

Matrix 3655:
1.000000 3.000000 5.000000 6.000000
0.333333 1.000000 0.111111 0.125000
0.200000 9.000000 1.000000 2.000000
0.166667 8.000000 0.500000 1.000000

Matrix 3656:
1.000000 0.111111 0.500000 8.000000
9.000000 1.000000 8.000000 4.000000
2.000000 0.125000 1.000000 4.000000
0.125000 0.250000 0.250000 1.000000

Matrix 3657:
1.000000 1.000000 8.000000 1.000000
1.000000 1.000000 8.000000 0.125000
0.125000 0.125000 1.000000 0.333333
1.000000 8.000000 3.000000 1.000000

Matrix 3658:
1.000000 6.000000 7.000000 0.250000
0.166667 1.000000 4.000000 0.200000
0.142857 0.250000 1.000000 0.125000
4.000000 5.000000 8.000000 1.000000

Matrix 3659:
1.000000 9.000000 4.000000 4.000000
0.111111 1.000000 0.500000 7.000000
0.250000 2.000000 1.000000 5.000000
0.250000 0.142857 0.200000 1.000000

Matrix 3660:
1.000000 3.000000 0.250000 6.000000
0.333333 1.000000 1.000000 0.200000
4.000000 1.000000 1.000000 0.500000
0.166667 5.000000 2.000000 1.000000

Matrix 3661:
1.000000 9.000000 2.000000 8.000000
0.111111 1.000000 0.333333 0.142857
0.500000 3.000000 1.000000 2.000000
0.125000 7.000000 0.500000 1.000000

Matrix 3662:
1.000000 0.200000 3.000000 4.000000
5.000000 1.000000 9.000000 4.000000
0.333333 0.111111 1.000000 0.142857
0.250000 0.250000 7.000000 1.000000

Matrix 3663:
1.000000 1.000000 0.125000 1.000000
1.000000 1.000000 0.111111 1.000000
8.000000 9.000000 1.000000 1.000000
1.000000 1.000000 1.000000 1.000000

Matrix 3664:
1.000000 7.000000 1.000000 0.166667
0.142857 1.000000 9.000000 0.125000
1.000000 0.111111 1.000000 0.142857
6.000000 8.000000 7.000000 1.000000

Matrix 3665:
1.000000 7.000000 8.000000 2.000000
0.142857 1.000000 7.000000 0.333333
0.125000 0.142857 1.000000 0.166667
0.500000 3.000000 6.000000 1.000000

Matrix 3666:
1.000000 7.000000 6.000000 3.000000
0.142857 1.000000 5.000000 0.200000
0.166667 0.200000 1.000000 1.000000
0.333333 5.000000 1.000000 1.000000

Matrix 3667:
1.000000 0.200000 4.000000 0.142857
5.000000 1.000000 7.000000 3.000000
0.250000 0.142857 1.000000 0.166667
7.000000 0.333333 6.000000 1.000000

Matrix 3668:
1.000000 1.000000 4.000000 7.000000
1.000000 1.000000 0.333333 0.333333
0.250000 3.000000 1.000000 1.000000
0.142857 3.000000 1.000000 1.000000

Matrix 3669:
1.000000 0.125000 1.000000 1.000000
8.000000 1.000000 1.000000 9.000000
1.000000 1.000000 1.000000 7.000000
1.000000 0.111111 0.142857 1.000000

Matrix 3670:
1.000000 0.111111 0.166667 0.142857
9.000000 1.000000 1.000000 0.250000
6.000000 1.000000 1.000000 8.000000
7.000000 4.000000 0.125000 1.000000

Matrix 3671:
1.000000 6.000000 1.000000 6.000000
0.166667 1.000000 0.111111 0.250000
1.000000 9.000000 1.000000 0.125000
0.166667 4.000000 8.000000 1.000000

Matrix 3672:
1.000000 5.000000 5.000000 6.000000
0.200000 1.000000 2.000000 7.000000
0.200000 0.500000 1.000000 0.200000
0.166667 0.142857 5.000000 1.000000

Matrix 3673:
1.000000 5.000000 2.000000 3.000000
0.200000 1.000000 9.000000 0.250000
0.500000 0.111111 1.000000 0.125000
0.333333 4.000000 8.000000 1.000000

Matrix 3674:
1.000000 0.111111 0.333333 5.000000
9.000000 1.000000 3.000000 2.000000
3.000000 0.333333 1.000000 2.000000
0.200000 0.500000 0.500000 1.000000

Matrix 3675:
1.000000 1.000000 0.250000 1.000000
1.000000 1.000000 0.500000 0.166667
4.000000 2.000000 1.000000 6.000000
1.000000 6.000000 0.166667 1.000000

Matrix 3676:
1.000000 5.000000 6.000000 1.000000
0.200000 1.000000 0.250000 1.000000
0.166667 4.000000 1.000000 0.500000
1.000000 1.000000 2.000000 1.000000

Matrix 3677:
1.000000 0.200000 0.200000 1.000000
5.000000 1.000000 1.000000 0.142857
5.000000 1.000000 1.000000 0.500000
1.000000 7.000000 2.000000 1.000000

Matrix 3678:
1.000000 3.000000 2.000000 0.200000
0.333333 1.000000 5.000000 0.111111
0.500000 0.200000 1.000000 0.250000
5.000000 9.000000 4.000000 1.000000

Matrix 3679:
1.000000 0.142857 0.250000 0.500000
7.000000 1.000000 0.250000 0.250000
4.000000 4.000000 1.000000 0.500000
2.000000 4.000000 2.000000 1.000000

Matrix 3680:
1.000000 9.000000 2.000000 5.000000
0.111111 1.000000 3.000000 1.000000
0.500000 0.333333 1.000000 2.000000
0.200000 1.000000 0.500000 1.000000

Matrix 3681:
1.000000 8.000000 0.250000 1.000000
0.125000 1.000000 0.250000 0.166667
4.000000 4.000000 1.000000 5.000000
1.000000 6.000000 0.200000 1.000000

Matrix 3682:
1.000000 7.000000 0.333333 0.500000
0.142857 1.000000 1.000000 0.142857
3.000000 1.000000 1.000000 0.125000
2.000000 7.000000 8.000000 1.000000

Matrix 3683:
1.000000 6.000000 6.000000 6.000000
0.166667 1.000000 0.125000 1.000000
0.166667 8.000000 1.000000 0.166667
0.166667 1.000000 6.000000 1.000000

Matrix 3684:
1.000000 0.200000 0.500000 5.000000
5.000000 1.000000 0.111111 5.000000
2.000000 9.000000 1.000000 2.000000
0.200000 0.200000 0.500000 1.000000

Matrix 3685:
1.000000 2.000000 0.250000 0.166667
0.500000 1.000000 1.000000 0.500000
4.000000 1.000000 1.000000 7.000000
6.000000 2.000000 0.142857 1.000000

Matrix 3686:
1.000000 0.200000 0.250000 5.000000
5.000000 1.000000 4.000000 8.000000
4.000000 0.250000 1.000000 9.000000
0.200000 0.125000 0.111111 1.000000

Matrix 3687:
1.000000 0.142857 0.166667 0.166667
7.000000 1.000000 0.250000 4.000000
6.000000 4.000000 1.000000 4.000000
6.000000 0.250000 0.250000 1.000000

Matrix 3688:
1.000000 8.000000 6.000000 3.000000
0.125000 1.000000 4.000000 2.000000
0.166667 0.250000 1.000000 2.000000
0.333333 0.500000 0.500000 1.000000

Matrix 3689:
1.000000 0.111111 1.000000 0.166667
9.000000 1.000000 0.142857 0.200000
1.000000 7.000000 1.000000 0.333333
6.000000 5.000000 3.000000 1.000000

Matrix 3690:
1.000000 3.000000 0.125000 0.333333
0.333333 1.000000 0.142857 0.250000
8.000000 7.000000 1.000000 0.142857
3.000000 4.000000 7.000000 1.000000

Matrix 3691:
1.000000 6.000000 7.000000 0.111111
0.166667 1.000000 0.166667 0.333333
0.142857 6.000000 1.000000 0.166667
9.000000 3.000000 6.000000 1.000000

Matrix 3692:
1.000000 1.000000 0.333333 0.333333
1.000000 1.000000 0.142857 0.333333
3.000000 7.000000 1.000000 7.000000
3.000000 3.000000 0.142857 1.000000

Matrix 3693:
1.000000 0.250000 5.000000 0.142857
4.000000 1.000000 6.000000 1.000000
0.200000 0.166667 1.000000 0.200000
7.000000 1.000000 5.000000 1.000000

Matrix 3694:
1.000000 8.000000 7.000000 1.000000
0.125000 1.000000 8.000000 4.000000
0.142857 0.125000 1.000000 3.000000
1.000000 0.250000 0.333333 1.000000

Matrix 3695:
1.000000 1.000000 0.166667 0.142857
1.000000 1.000000 1.000000 6.000000
6.000000 1.000000 1.000000 0.500000
7.000000 0.166667 2.000000 1.000000

Matrix 3696:
1.000000 1.000000 1.000000 7.000000
1.000000 1.000000 0.142857 7.000000
1.000000 7.000000 1.000000 9.000000
0.142857 0.142857 0.111111 1.000000

Matrix 3697:
1.000000 0.111111 7.000000 2.000000
9.000000 1.000000 6.000000 5.000000
0.142857 0.166667 1.000000 1.000000
0.500000 0.200000 1.000000 1.000000

Matrix 3698:
1.000000 4.000000 0.500000 0.166667
0.250000 1.000000 0.142857 0.111111
2.000000 7.000000 1.000000 4.000000
6.000000 9.000000 0.250000 1.000000

Matrix 3699:
1.000000 9.000000 2.000000 1.000000
0.111111 1.000000 0.166667 3.000000
0.500000 6.000000 1.000000 4.000000
1.000000 0.333333 0.250000 1.000000

Matrix 3700:
1.000000 0.142857 7.000000 5.000000
7.000000 1.000000 1.000000 6.000000
0.142857 1.000000 1.000000 4.000000
0.200000 0.166667 0.250000 1.000000

Matrix 3701:
1.000000 4.000000 0.500000 7.000000
0.250000 1.000000 1.000000 9.000000
2.000000 1.000000 1.000000 8.000000
0.142857 0.111111 0.125000 1.000000

Matrix 3702:
1.000000 0.125000 0.125000 0.500000
8.000000 1.000000 6.000000 1.000000
8.000000 0.166667 1.000000 2.000000
2.000000 1.000000 0.500000 1.000000

Matrix 3703:
1.000000 3.000000 9.000000 0.500000
0.333333 1.000000 4.000000 7.000000
0.111111 0.250000 1.000000 0.333333
2.000000 0.142857 3.000000 1.000000

Matrix 3704:
1.000000 0.111111 0.250000 0.333333
9.000000 1.000000 1.000000 0.250000
4.000000 1.000000 1.000000 6.000000
3.000000 4.000000 0.166667 1.000000

Matrix 3705:
1.000000 2.000000 7.000000 7.000000
0.500000 1.000000 0.333333 0.125000
0.142857 3.000000 1.000000 0.333333
0.142857 8.000000 3.000000 1.000000

Matrix 3706:
1.000000 8.000000 3.000000 3.000000
0.125000 1.000000 0.500000 8.000000
0.333333 2.000000 1.000000 5.000000
0.333333 0.125000 0.200000 1.000000

Matrix 3707:
1.000000 0.125000 0.166667 0.142857
8.000000 1.000000 2.000000 0.333333
6.000000 0.500000 1.000000 4.000000
7.000000 3.000000 0.250000 1.000000

Matrix 3708:
1.000000 8.000000 1.000000 6.000000
0.125000 1.000000 0.125000 7.000000
1.000000 8.000000 1.000000 8.000000
0.166667 0.142857 0.125000 1.000000

Matrix 3709:
1.000000 7.000000 1.000000 7.000000
0.142857 1.000000 0.111111 0.111111
1.000000 9.000000 1.000000 9.000000
0.142857 9.000000 0.111111 1.000000

Matrix 3710:
1.000000 7.000000 3.000000 0.250000
0.142857 1.000000 0.125000 0.111111
0.333333 8.000000 1.000000 0.125000
4.000000 9.000000 8.000000 1.000000

Matrix 3711:
1.000000 0.111111 2.000000 0.200000
9.000000 1.000000 5.000000 4.000000
0.500000 0.200000 1.000000 4.000000
5.000000 0.250000 0.250000 1.000000

Matrix 3712:
1.000000 0.166667 2.000000 0.500000
6.000000 1.000000 0.333333 0.333333
0.500000 3.000000 1.000000 3.000000
2.000000 3.000000 0.333333 1.000000

Matrix 3713:
1.000000 2.000000 8.000000 3.000000
0.500000 1.000000 0.142857 0.333333
0.125000 7.000000 1.000000 0.250000
0.333333 3.000000 4.000000 1.000000

Matrix 3714:
1.000000 5.000000 9.000000 0.500000
0.200000 1.000000 9.000000 0.111111
0.111111 0.111111 1.000000 0.125000
2.000000 9.000000 8.000000 1.000000

Matrix 3715:
1.000000 1.000000 4.000000 4.000000
1.000000 1.000000 0.250000 1.000000
0.250000 4.000000 1.000000 7.000000
0.250000 1.000000 0.142857 1.000000

Matrix 3716:
1.000000 1.000000 0.166667 0.111111
1.000000 1.000000 0.500000 1.000000
6.000000 2.000000 1.000000 0.333333
9.000000 1.000000 3.000000 1.000000

Matrix 3717:
1.000000 0.333333 0.500000 5.000000
3.000000 1.000000 0.200000 4.000000
2.000000 5.000000 1.000000 6.000000
0.200000 0.250000 0.166667 1.000000

Matrix 3718:
1.000000 5.000000 8.000000 8.000000
0.200000 1.000000 0.200000 1.000000
0.125000 5.000000 1.000000 1.000000
0.125000 1.000000 1.000000 1.000000

Matrix 3719:
1.000000 3.000000 1.000000 0.500000
0.333333 1.000000 0.500000 1.000000
1.000000 2.000000 1.000000 6.000000
2.000000 1.000000 0.166667 1.000000

Matrix 3720:
1.000000 3.000000 9.000000 3.000000
0.333333 1.000000 0.333333 0.125000
0.111111 3.000000 1.000000 2.000000
0.333333 8.000000 0.500000 1.000000

Matrix 3721:
1.000000 0.200000 5.000000 0.142857
5.000000 1.000000 9.000000 3.000000
0.200000 0.111111 1.000000 0.111111
7.000000 0.333333 9.000000 1.000000

Matrix 3722:
1.000000 5.000000 7.000000 1.000000
0.200000 1.000000 0.333333 0.125000
0.142857 3.000000 1.000000 2.000000
1.000000 8.000000 0.500000 1.000000

Matrix 3723:
1.000000 8.000000 5.000000 6.000000
0.125000 1.000000 5.000000 1.000000
0.200000 0.200000 1.000000 0.333333
0.166667 1.000000 3.000000 1.000000

Matrix 3724:
1.000000 0.500000 0.111111 0.111111
2.000000 1.000000 2.000000 9.000000
9.000000 0.500000 1.000000 1.000000
9.000000 0.111111 1.000000 1.000000

Matrix 3725:
1.000000 2.000000 1.000000 5.000000
0.500000 1.000000 0.333333 0.142857
1.000000 3.000000 1.000000 0.500000
0.200000 7.000000 2.000000 1.000000

Matrix 3726:
1.000000 0.166667 2.000000 5.000000
6.000000 1.000000 4.000000 5.000000
0.500000 0.250000 1.000000 0.500000
0.200000 0.200000 2.000000 1.000000

Matrix 3727:
1.000000 0.142857 4.000000 0.250000
7.000000 1.000000 8.000000 0.142857
0.250000 0.125000 1.000000 0.500000
4.000000 7.000000 2.000000 1.000000

Matrix 3728:
1.000000 2.000000 0.333333 9.000000
0.500000 1.000000 1.000000 9.000000
3.000000 1.000000 1.000000 2.000000
0.111111 0.111111 0.500000 1.000000

Matrix 3729:
1.000000 1.000000 2.000000 7.000000
1.000000 1.000000 0.125000 0.500000
0.500000 8.000000 1.000000 0.333333
0.142857 2.000000 3.000000 1.000000

Matrix 3730:
1.000000 0.200000 0.142857 3.000000
5.000000 1.000000 0.200000 8.000000
7.000000 5.000000 1.000000 1.000000
0.333333 0.125000 1.000000 1.000000

Matrix 3731:
1.000000 0.111111 0.200000 0.125000
9.000000 1.000000 5.000000 0.166667
5.000000 0.200000 1.000000 0.500000
8.000000 6.000000 2.000000 1.000000

Matrix 3732:
1.000000 2.000000 0.166667 2.000000
0.500000 1.000000 0.500000 8.000000
6.000000 2.000000 1.000000 1.000000
0.500000 0.125000 1.000000 1.000000

Matrix 3733:
1.000000 1.000000 0.166667 0.250000
1.000000 1.000000 0.500000 1.000000
6.000000 2.000000 1.000000 0.125000
4.000000 1.000000 8.000000 1.000000

Matrix 3734:
1.000000 4.000000 3.000000 3.000000
0.250000 1.000000 3.000000 0.111111
0.333333 0.333333 1.000000 3.000000
0.333333 9.000000 0.333333 1.000000

Matrix 3735:
1.000000 0.166667 0.200000 7.000000
6.000000 1.000000 3.000000 4.000000
5.000000 0.333333 1.000000 3.000000
0.142857 0.250000 0.333333 1.000000

Matrix 3736:
1.000000 0.200000 0.166667 1.000000
5.000000 1.000000 8.000000 0.500000
6.000000 0.125000 1.000000 0.500000
1.000000 2.000000 2.000000 1.000000

Matrix 3737:
1.000000 0.166667 0.200000 0.200000
6.000000 1.000000 3.000000 0.166667
5.000000 0.333333 1.000000 3.000000
5.000000 6.000000 0.333333 1.000000

Matrix 3738:
1.000000 0.166667 1.000000 0.200000
6.000000 1.000000 0.166667 0.200000
1.000000 6.000000 1.000000 0.200000
5.000000 5.000000 5.000000 1.000000

Matrix 3739:
1.000000 2.000000 0.200000 0.500000
0.500000 1.000000 3.000000 0.500000
5.000000 0.333333 1.000000 0.166667
2.000000 2.000000 6.000000 1.000000

Matrix 3740:
1.000000 0.125000 0.500000 0.166667
8.000000 1.000000 0.250000 0.166667
2.000000 4.000000 1.000000 0.333333
6.000000 6.000000 3.000000 1.000000

Matrix 3741:
1.000000 1.000000 0.200000 0.111111
1.000000 1.000000 0.250000 0.125000
5.000000 4.000000 1.000000 3.000000
9.000000 8.000000 0.333333 1.000000

Matrix 3742:
1.000000 3.000000 9.000000 4.000000
0.333333 1.000000 1.000000 0.125000
0.111111 1.000000 1.000000 6.000000
0.250000 8.000000 0.166667 1.000000

Matrix 3743:
1.000000 0.200000 0.166667 0.142857
5.000000 1.000000 0.250000 0.125000
6.000000 4.000000 1.000000 9.000000
7.000000 8.000000 0.111111 1.000000

Matrix 3744:
1.000000 0.111111 0.250000 0.250000
9.000000 1.000000 0.200000 6.000000
4.000000 5.000000 1.000000 8.000000
4.000000 0.166667 0.125000 1.000000

Matrix 3745:
1.000000 6.000000 0.333333 8.000000
0.166667 1.000000 1.000000 8.000000
3.000000 1.000000 1.000000 5.000000
0.125000 0.125000 0.200000 1.000000

Matrix 3746:
1.000000 6.000000 1.000000 0.166667
0.166667 1.000000 8.000000 0.250000
1.000000 0.125000 1.000000 0.111111
6.000000 4.000000 9.000000 1.000000

Matrix 3747:
1.000000 6.000000 6.000000 5.000000
0.166667 1.000000 0.250000 7.000000
0.166667 4.000000 1.000000 5.000000
0.200000 0.142857 0.200000 1.000000

Matrix 3748:
1.000000 0.250000 0.250000 2.000000
4.000000 1.000000 8.000000 3.000000
4.000000 0.125000 1.000000 1.000000
0.500000 0.333333 1.000000 1.000000

Matrix 3749:
1.000000 0.111111 0.125000 0.500000
9.000000 1.000000 0.250000 0.111111
8.000000 4.000000 1.000000 2.000000
2.000000 9.000000 0.500000 1.000000

Matrix 3750:
1.000000 0.200000 7.000000 9.000000
5.000000 1.000000 7.000000 7.000000
0.142857 0.142857 1.000000 1.000000
0.111111 0.142857 1.000000 1.000000

Matrix 3751:
1.000000 0.500000 5.000000 0.500000
2.000000 1.000000 6.000000 9.000000
0.200000 0.166667 1.000000 7.000000
2.000000 0.111111 0.142857 1.000000

Matrix 3752:
1.000000 1.000000 1.000000 0.125000
1.000000 1.000000 7.000000 2.000000
1.000000 0.142857 1.000000 0.250000
8.000000 0.500000 4.000000 1.000000

Matrix 3753:
1.000000 1.000000 0.166667 0.500000
1.000000 1.000000 0.200000 0.333333
6.000000 5.000000 1.000000 0.500000
2.000000 3.000000 2.000000 1.000000

Matrix 3754:
1.000000 0.142857 0.200000 0.125000
7.000000 1.000000 0.125000 1.000000
5.000000 8.000000 1.000000 9.000000
8.000000 1.000000 0.111111 1.000000

Matrix 3755:
1.000000 3.000000 5.000000 0.200000
0.333333 1.000000 3.000000 1.000000
0.200000 0.333333 1.000000 2.000000
5.000000 1.000000 0.500000 1.000000

Matrix 3756:
1.000000 6.000000 9.000000 9.000000
0.166667 1.000000 0.200000 9.000000
0.111111 5.000000 1.000000 1.000000
0.111111 0.111111 1.000000 1.000000

Matrix 3757:
1.000000 0.250000 3.000000 9.000000
4.000000 1.000000 1.000000 8.000000
0.333333 1.000000 1.000000 5.000000
0.111111 0.125000 0.200000 1.000000

Matrix 3758:
1.000000 0.200000 8.000000 0.142857
5.000000 1.000000 4.000000 2.000000
0.125000 0.250000 1.000000 1.000000
7.000000 0.500000 1.000000 1.000000

Matrix 3759:
1.000000 4.000000 1.000000 0.500000
0.250000 1.000000 6.000000 5.000000
1.000000 0.166667 1.000000 1.000000
2.000000 0.200000 1.000000 1.000000

Matrix 3760:
1.000000 2.000000 3.000000 0.333333
0.500000 1.000000 0.142857 0.500000
0.333333 7.000000 1.000000 8.000000
3.000000 2.000000 0.125000 1.000000

Matrix 3761:
1.000000 0.250000 0.142857 0.125000
4.000000 1.000000 0.250000 2.000000
7.000000 4.000000 1.000000 0.125000
8.000000 0.500000 8.000000 1.000000

Matrix 3762:
1.000000 6.000000 1.000000 5.000000
0.166667 1.000000 3.000000 0.333333
1.000000 0.333333 1.000000 0.333333
0.200000 3.000000 3.000000 1.000000

Matrix 3763:
1.000000 1.000000 0.333333 0.166667
1.000000 1.000000 0.111111 0.111111
3.000000 9.000000 1.000000 3.000000
6.000000 9.000000 0.333333 1.000000

Matrix 3764:
1.000000 0.200000 0.166667 0.125000
5.000000 1.000000 4.000000 0.125000
6.000000 0.250000 1.000000 1.000000
8.000000 8.000000 1.000000 1.000000

Matrix 3765:
1.000000 8.000000 5.000000 1.000000
0.125000 1.000000 3.000000 0.250000
0.200000 0.333333 1.000000 0.250000
1.000000 4.000000 4.000000 1.000000

Matrix 3766:
1.000000 9.000000 3.000000 8.000000
0.111111 1.000000 3.000000 0.125000
0.333333 0.333333 1.000000 0.125000
0.125000 8.000000 8.000000 1.000000

Matrix 3767:
1.000000 0.142857 0.142857 0.250000
7.000000 1.000000 1.000000 1.000000
7.000000 1.000000 1.000000 0.250000
4.000000 1.000000 4.000000 1.000000

Matrix 3768:
1.000000 8.000000 5.000000 3.000000
0.125000 1.000000 7.000000 2.000000
0.200000 0.142857 1.000000 7.000000
0.333333 0.500000 0.142857 1.000000

Matrix 3769:
1.000000 5.000000 0.166667 0.250000
0.200000 1.000000 0.200000 0.111111
6.000000 5.000000 1.000000 3.000000
4.000000 9.000000 0.333333 1.000000

Matrix 3770:
1.000000 5.000000 0.250000 0.125000
0.200000 1.000000 1.000000 0.142857
4.000000 1.000000 1.000000 1.000000
8.000000 7.000000 1.000000 1.000000

Matrix 3771:
1.000000 0.166667 0.500000 0.500000
6.000000 1.000000 6.000000 5.000000
2.000000 0.166667 1.000000 5.000000
2.000000 0.200000 0.200000 1.000000

Matrix 3772:
1.000000 0.142857 0.111111 0.500000
7.000000 1.000000 0.125000 7.000000
9.000000 8.000000 1.000000 7.000000
2.000000 0.142857 0.142857 1.000000

Matrix 3773:
1.000000 0.125000 0.111111 1.000000
8.000000 1.000000 0.333333 0.142857
9.000000 3.000000 1.000000 0.333333
1.000000 7.000000 3.000000 1.000000

Matrix 3774:
1.000000 1.000000 2.000000 5.000000
1.000000 1.000000 0.250000 2.000000
0.500000 4.000000 1.000000 7.000000
0.200000 0.500000 0.142857 1.000000

Matrix 3775:
1.000000 4.000000 0.200000 0.250000
0.250000 1.000000 0.111111 0.250000
5.000000 9.000000 1.000000 0.333333
4.000000 4.000000 3.000000 1.000000

Matrix 3776:
1.000000 2.000000 0.111111 0.111111
0.500000 1.000000 0.200000 0.200000
9.000000 5.000000 1.000000 2.000000
9.000000 5.000000 0.500000 1.000000

Matrix 3777:
1.000000 5.000000 4.000000 0.111111
0.200000 1.000000 0.333333 0.250000
0.250000 3.000000 1.000000 0.333333
9.000000 4.000000 3.000000 1.000000

Matrix 3778:
1.000000 0.333333 0.500000 0.125000
3.000000 1.000000 0.142857 0.500000
2.000000 7.000000 1.000000 0.125000
8.000000 2.000000 8.000000 1.000000

Matrix 3779:
1.000000 9.000000 6.000000 3.000000
0.111111 1.000000 3.000000 0.200000
0.166667 0.333333 1.000000 0.142857
0.333333 5.000000 7.000000 1.000000

Matrix 3780:
1.000000 9.000000 0.142857 6.000000
0.111111 1.000000 0.125000 0.333333
7.000000 8.000000 1.000000 3.000000
0.166667 3.000000 0.333333 1.000000

Matrix 3781:
1.000000 5.000000 5.000000 0.111111
0.200000 1.000000 0.250000 0.200000
0.200000 4.000000 1.000000 0.142857
9.000000 5.000000 7.000000 1.000000

Matrix 3782:
1.000000 3.000000 0.333333 4.000000
0.333333 1.000000 0.500000 9.000000
3.000000 2.000000 1.000000 1.000000
0.250000 0.111111 1.000000 1.000000

Matrix 3783:
1.000000 3.000000 7.000000 7.000000
0.333333 1.000000 9.000000 0.125000
0.142857 0.111111 1.000000 0.250000
0.142857 8.000000 4.000000 1.000000

Matrix 3784:
1.000000 4.000000 9.000000 4.000000
0.250000 1.000000 1.000000 0.250000
0.111111 1.000000 1.000000 1.000000
0.250000 4.000000 1.000000 1.000000

Matrix 3785:
1.000000 0.250000 0.111111 8.000000
4.000000 1.000000 8.000000 4.000000
9.000000 0.125000 1.000000 3.000000
0.125000 0.250000 0.333333 1.000000

Matrix 3786:
1.000000 1.000000 0.200000 4.000000
1.000000 1.000000 4.000000 4.000000
5.000000 0.250000 1.000000 0.333333
0.250000 0.250000 3.000000 1.000000

Matrix 3787:
1.000000 0.333333 0.250000 1.000000
3.000000 1.000000 0.125000 0.142857
4.000000 8.000000 1.000000 5.000000
1.000000 7.000000 0.200000 1.000000

Matrix 3788:
1.000000 0.166667 4.000000 0.500000
6.000000 1.000000 3.000000 0.333333
0.250000 0.333333 1.000000 1.000000
2.000000 3.000000 1.000000 1.000000

Matrix 3789:
1.000000 1.000000 0.333333 4.000000
1.000000 1.000000 0.166667 0.166667
3.000000 6.000000 1.000000 2.000000
0.250000 6.000000 0.500000 1.000000

Matrix 3790:
1.000000 0.500000 0.333333 1.000000
2.000000 1.000000 0.250000 7.000000
3.000000 4.000000 1.000000 2.000000
1.000000 0.142857 0.500000 1.000000

Matrix 3791:
1.000000 0.125000 0.333333 0.200000
8.000000 1.000000 7.000000 0.500000
3.000000 0.142857 1.000000 3.000000
5.000000 2.000000 0.333333 1.000000

Matrix 3792:
1.000000 0.500000 0.142857 0.250000
2.000000 1.000000 9.000000 0.333333
7.000000 0.111111 1.000000 1.000000
4.000000 3.000000 1.000000 1.000000

Matrix 3793:
1.000000 0.500000 0.166667 0.125000
2.000000 1.000000 7.000000 0.200000
6.000000 0.142857 1.000000 1.000000
8.000000 5.000000 1.000000 1.000000

Matrix 3794:
1.000000 0.142857 4.000000 1.000000
7.000000 1.000000 1.000000 6.000000
0.250000 1.000000 1.000000 1.000000
1.000000 0.166667 1.000000 1.000000

Matrix 3795:
1.000000 4.000000 7.000000 1.000000
0.250000 1.000000 0.166667 1.000000
0.142857 6.000000 1.000000 4.000000
1.000000 1.000000 0.250000 1.000000

Matrix 3796:
1.000000 1.000000 1.000000 8.000000
1.000000 1.000000 0.333333 0.166667
1.000000 3.000000 1.000000 1.000000
0.125000 6.000000 1.000000 1.000000

Matrix 3797:
1.000000 3.000000 4.000000 6.000000
0.333333 1.000000 8.000000 2.000000
0.250000 0.125000 1.000000 0.166667
0.166667 0.500000 6.000000 1.000000

Matrix 3798:
1.000000 4.000000 6.000000 1.000000
0.250000 1.000000 0.125000 0.500000
0.166667 8.000000 1.000000 7.000000
1.000000 2.000000 0.142857 1.000000

Matrix 3799:
1.000000 0.111111 0.125000 0.500000
9.000000 1.000000 0.142857 0.111111
8.000000 7.000000 1.000000 0.333333
2.000000 9.000000 3.000000 1.000000

Matrix 3800:
1.000000 8.000000 0.500000 1.000000
0.125000 1.000000 0.200000 0.166667
2.000000 5.000000 1.000000 0.333333
1.000000 6.000000 3.000000 1.000000

Matrix 3801:
1.000000 0.333333 6.000000 0.125000
3.000000 1.000000 5.000000 1.000000
0.166667 0.200000 1.000000 0.142857
8.000000 1.000000 7.000000 1.000000

Matrix 3802:
1.000000 6.000000 0.142857 2.000000
0.166667 1.000000 0.166667 0.333333
7.000000 6.000000 1.000000 7.000000
0.500000 3.000000 0.142857 1.000000

Matrix 3803:
1.000000 0.142857 0.200000 8.000000
7.000000 1.000000 0.125000 8.000000
5.000000 8.000000 1.000000 4.000000
0.125000 0.125000 0.250000 1.000000

Matrix 3804:
1.000000 2.000000 4.000000 0.500000
0.500000 1.000000 9.000000 4.000000
0.250000 0.111111 1.000000 1.000000
2.000000 0.250000 1.000000 1.000000

Matrix 3805:
1.000000 7.000000 8.000000 0.333333
0.142857 1.000000 0.333333 0.200000
0.125000 3.000000 1.000000 0.500000
3.000000 5.000000 2.000000 1.000000

Matrix 3806:
1.000000 3.000000 0.250000 8.000000
0.333333 1.000000 0.125000 9.000000
4.000000 8.000000 1.000000 4.000000
0.125000 0.111111 0.250000 1.000000

Matrix 3807:
1.000000 0.125000 0.111111 0.333333
8.000000 1.000000 9.000000 9.000000
9.000000 0.111111 1.000000 0.200000
3.000000 0.111111 5.000000 1.000000

Matrix 3808:
1.000000 2.000000 1.000000 0.200000
0.500000 1.000000 0.250000 3.000000
1.000000 4.000000 1.000000 7.000000
5.000000 0.333333 0.142857 1.000000

Matrix 3809:
1.000000 8.000000 6.000000 0.333333
0.125000 1.000000 2.000000 0.166667
0.166667 0.500000 1.000000 2.000000
3.000000 6.000000 0.500000 1.000000

Matrix 3810:
1.000000 0.125000 1.000000 0.111111
8.000000 1.000000 0.500000 0.333333
1.000000 2.000000 1.000000 0.111111
9.000000 3.000000 9.000000 1.000000

Matrix 3811:
1.000000 0.166667 0.111111 7.000000
6.000000 1.000000 0.333333 6.000000
9.000000 3.000000 1.000000 6.000000
0.142857 0.166667 0.166667 1.000000

Matrix 3812:
1.000000 0.166667 1.000000 0.166667
6.000000 1.000000 0.250000 5.000000
1.000000 4.000000 1.000000 8.000000
6.000000 0.200000 0.125000 1.000000

Matrix 3813:
1.000000 8.000000 1.000000 1.000000
0.125000 1.000000 0.142857 0.200000
1.000000 7.000000 1.000000 0.200000
1.000000 5.000000 5.000000 1.000000

Matrix 3814:
1.000000 0.111111 5.000000 2.000000
9.000000 1.000000 1.000000 7.000000
0.200000 1.000000 1.000000 4.000000
0.500000 0.142857 0.250000 1.000000

Matrix 3815:
1.000000 0.125000 0.250000 0.111111
8.000000 1.000000 0.142857 0.111111
4.000000 7.000000 1.000000 6.000000
9.000000 9.000000 0.166667 1.000000

Matrix 3816:
1.000000 2.000000 7.000000 7.000000
0.500000 1.000000 8.000000 9.000000
0.142857 0.125000 1.000000 0.333333
0.142857 0.111111 3.000000 1.000000

Matrix 3817:
1.000000 0.125000 0.200000 0.111111
8.000000 1.000000 9.000000 4.000000
5.000000 0.111111 1.000000 0.111111
9.000000 0.250000 9.000000 1.000000

Matrix 3818:
1.000000 0.333333 2.000000 0.250000
3.000000 1.000000 2.000000 4.000000
0.500000 0.500000 1.000000 1.000000
4.000000 0.250000 1.000000 1.000000

Matrix 3819:
1.000000 1.000000 5.000000 2.000000
1.000000 1.000000 0.111111 6.000000
0.200000 9.000000 1.000000 4.000000
0.500000 0.166667 0.250000 1.000000

Matrix 3820:
1.000000 1.000000 0.333333 0.200000
1.000000 1.000000 0.142857 1.000000
3.000000 7.000000 1.000000 5.000000
5.000000 1.000000 0.200000 1.000000

Matrix 3821:
1.000000 0.111111 9.000000 0.111111
9.000000 1.000000 9.000000 2.000000
0.111111 0.111111 1.000000 0.142857
9.000000 0.500000 7.000000 1.000000

Matrix 3822:
1.000000 4.000000 2.000000 4.000000
0.250000 1.000000 6.000000 0.142857
0.500000 0.166667 1.000000 0.333333
0.250000 7.000000 3.000000 1.000000

Matrix 3823:
1.000000 1.000000 2.000000 8.000000
1.000000 1.000000 0.142857 0.333333
0.500000 7.000000 1.000000 4.000000
0.125000 3.000000 0.250000 1.000000

Matrix 3824:
1.000000 0.500000 1.000000 0.142857
2.000000 1.000000 2.000000 6.000000
1.000000 0.500000 1.000000 0.333333
7.000000 0.166667 3.000000 1.000000

Matrix 3825:
1.000000 9.000000 0.200000 8.000000
0.111111 1.000000 0.500000 0.250000
5.000000 2.000000 1.000000 6.000000
0.125000 4.000000 0.166667 1.000000

Matrix 3826:
1.000000 1.000000 8.000000 0.500000
1.000000 1.000000 7.000000 6.000000
0.125000 0.142857 1.000000 0.250000
2.000000 0.166667 4.000000 1.000000

Matrix 3827:
1.000000 7.000000 0.333333 1.000000
0.142857 1.000000 0.166667 9.000000
3.000000 6.000000 1.000000 7.000000
1.000000 0.111111 0.142857 1.000000

Matrix 3828:
1.000000 0.333333 0.111111 0.200000
3.000000 1.000000 7.000000 3.000000
9.000000 0.142857 1.000000 0.250000
5.000000 0.333333 4.000000 1.000000

Matrix 3829:
1.000000 0.166667 3.000000 4.000000
6.000000 1.000000 8.000000 3.000000
0.333333 0.125000 1.000000 7.000000
0.250000 0.333333 0.142857 1.000000

Matrix 3830:
1.000000 8.000000 6.000000 5.000000
0.125000 1.000000 7.000000 6.000000
0.166667 0.142857 1.000000 7.000000
0.200000 0.166667 0.142857 1.000000

Matrix 3831:
1.000000 7.000000 3.000000 0.333333
0.142857 1.000000 0.125000 0.125000
0.333333 8.000000 1.000000 4.000000
3.000000 8.000000 0.250000 1.000000

Matrix 3832:
1.000000 0.333333 6.000000 0.500000
3.000000 1.000000 5.000000 0.250000
0.166667 0.200000 1.000000 0.333333
2.000000 4.000000 3.000000 1.000000

Matrix 3833:
1.000000 0.125000 0.333333 3.000000
8.000000 1.000000 1.000000 7.000000
3.000000 1.000000 1.000000 2.000000
0.333333 0.142857 0.500000 1.000000

Matrix 3834:
1.000000 0.500000 4.000000 1.000000
2.000000 1.000000 1.000000 0.200000
0.250000 1.000000 1.000000 1.000000
1.000000 5.000000 1.000000 1.000000

Matrix 3835:
1.000000 0.166667 0.333333 0.200000
6.000000 1.000000 0.125000 0.125000
3.000000 8.000000 1.000000 0.111111
5.000000 8.000000 9.000000 1.000000

Matrix 3836:
1.000000 1.000000 0.250000 0.142857
1.000000 1.000000 8.000000 4.000000
4.000000 0.125000 1.000000 0.333333
7.000000 0.250000 3.000000 1.000000

Matrix 3837:
1.000000 5.000000 4.000000 5.000000
0.200000 1.000000 7.000000 9.000000
0.250000 0.142857 1.000000 0.333333
0.200000 0.111111 3.000000 1.000000

Matrix 3838:
1.000000 1.000000 0.166667 6.000000
1.000000 1.000000 1.000000 2.000000
6.000000 1.000000 1.000000 5.000000
0.166667 0.500000 0.200000 1.000000

Matrix 3839:
1.000000 0.125000 0.333333 7.000000
8.000000 1.000000 2.000000 7.000000
3.000000 0.500000 1.000000 2.000000
0.142857 0.142857 0.500000 1.000000

Matrix 3840:
1.000000 0.333333 0.200000 0.142857
3.000000 1.000000 1.000000 6.000000
5.000000 1.000000 1.000000 0.500000
7.000000 0.166667 2.000000 1.000000

Matrix 3841:
1.000000 6.000000 9.000000 5.000000
0.166667 1.000000 1.000000 0.142857
0.111111 1.000000 1.000000 0.333333
0.200000 7.000000 3.000000 1.000000

Matrix 3842:
1.000000 0.142857 0.166667 0.125000
7.000000 1.000000 4.000000 0.125000
6.000000 0.250000 1.000000 1.000000
8.000000 8.000000 1.000000 1.000000

Matrix 3843:
1.000000 0.333333 0.111111 0.125000
3.000000 1.000000 4.000000 7.000000
9.000000 0.250000 1.000000 0.200000
8.000000 0.142857 5.000000 1.000000

Matrix 3844:
1.000000 1.000000 2.000000 2.000000
1.000000 1.000000 1.000000 0.142857
0.500000 1.000000 1.000000 4.000000
0.500000 7.000000 0.250000 1.000000

Matrix 3845:
1.000000 3.000000 4.000000 4.000000
0.333333 1.000000 4.000000 6.000000
0.250000 0.250000 1.000000 0.111111
0.250000 0.166667 9.000000 1.000000

Matrix 3846:
1.000000 4.000000 0.500000 0.500000
0.250000 1.000000 1.000000 0.500000
2.000000 1.000000 1.000000 4.000000
2.000000 2.000000 0.250000 1.000000

Matrix 3847:
1.000000 0.142857 0.200000 5.000000
7.000000 1.000000 0.166667 8.000000
5.000000 6.000000 1.000000 8.000000
0.200000 0.125000 0.125000 1.000000

Matrix 3848:
1.000000 5.000000 2.000000 3.000000
0.200000 1.000000 7.000000 7.000000
0.500000 0.142857 1.000000 9.000000
0.333333 0.142857 0.111111 1.000000

Matrix 3849:
1.000000 0.500000 0.142857 0.125000
2.000000 1.000000 0.333333 3.000000
7.000000 3.000000 1.000000 5.000000
8.000000 0.333333 0.200000 1.000000

Matrix 3850:
1.000000 9.000000 5.000000 8.000000
0.111111 1.000000 3.000000 3.000000
0.200000 0.333333 1.000000 4.000000
0.125000 0.333333 0.250000 1.000000

Matrix 3851:
1.000000 7.000000 6.000000 8.000000
0.142857 1.000000 0.111111 1.000000
0.166667 9.000000 1.000000 9.000000
0.125000 1.000000 0.111111 1.000000

Matrix 3852:
1.000000 0.500000 6.000000 2.000000
2.000000 1.000000 0.500000 0.200000
0.166667 2.000000 1.000000 1.000000
0.500000 5.000000 1.000000 1.000000

Matrix 3853:
1.000000 0.500000 0.125000 0.500000
2.000000 1.000000 3.000000 0.142857
8.000000 0.333333 1.000000 0.500000
2.000000 7.000000 2.000000 1.000000

Matrix 3854:
1.000000 0.500000 3.000000 0.333333
2.000000 1.000000 0.125000 0.125000
0.333333 8.000000 1.000000 0.200000
3.000000 8.000000 5.000000 1.000000

Matrix 3855:
1.000000 1.000000 7.000000 0.111111
1.000000 1.000000 0.125000 0.125000
0.142857 8.000000 1.000000 0.125000
9.000000 8.000000 8.000000 1.000000

Matrix 3856:
1.000000 0.333333 1.000000 0.333333
3.000000 1.000000 0.166667 0.250000
1.000000 6.000000 1.000000 0.250000
3.000000 4.000000 4.000000 1.000000

Matrix 3857:
1.000000 1.000000 1.000000 9.000000
1.000000 1.000000 0.500000 0.200000
1.000000 2.000000 1.000000 2.000000
0.111111 5.000000 0.500000 1.000000

Matrix 3858:
1.000000 8.000000 8.000000 8.000000
0.125000 1.000000 1.000000 0.111111
0.125000 1.000000 1.000000 0.142857
0.125000 9.000000 7.000000 1.000000

Matrix 3859:
1.000000 8.000000 9.000000 4.000000
0.125000 1.000000 0.125000 4.000000
0.111111 8.000000 1.000000 8.000000
0.250000 0.250000 0.125000 1.000000

Matrix 3860:
1.000000 0.166667 3.000000 1.000000
6.000000 1.000000 0.333333 9.000000
0.333333 3.000000 1.000000 3.000000
1.000000 0.111111 0.333333 1.000000

Matrix 3861:
1.000000 0.200000 0.500000 0.200000
5.000000 1.000000 0.125000 4.000000
2.000000 8.000000 1.000000 6.000000
5.000000 0.250000 0.166667 1.000000

Matrix 3862:
1.000000 1.000000 1.000000 3.000000
1.000000 1.000000 9.000000 8.000000
1.000000 0.111111 1.000000 0.125000
0.333333 0.125000 8.000000 1.000000

Matrix 3863:
1.000000 0.125000 6.000000 2.000000
8.000000 1.000000 5.000000 7.000000
0.166667 0.200000 1.000000 0.500000
0.500000 0.142857 2.000000 1.000000

Matrix 3864:
1.000000 2.000000 0.333333 0.166667
0.500000 1.000000 3.000000 0.500000
3.000000 0.333333 1.000000 0.200000
6.000000 2.000000 5.000000 1.000000

Matrix 3865:
1.000000 9.000000 8.000000 3.000000
0.111111 1.000000 2.000000 7.000000
0.125000 0.500000 1.000000 4.000000
0.333333 0.142857 0.250000 1.000000

Matrix 3866:
1.000000 1.000000 0.125000 2.000000
1.000000 1.000000 1.000000 0.500000
8.000000 1.000000 1.000000 7.000000
0.500000 2.000000 0.142857 1.000000

Matrix 3867:
1.000000 1.000000 0.166667 0.250000
1.000000 1.000000 0.142857 7.000000
6.000000 7.000000 1.000000 1.000000
4.000000 0.142857 1.000000 1.000000

Matrix 3868:
1.000000 7.000000 1.000000 9.000000
0.142857 1.000000 0.125000 1.000000
1.000000 8.000000 1.000000 1.000000
0.111111 1.000000 1.000000 1.000000

Matrix 3869:
1.000000 1.000000 1.000000 1.000000
1.000000 1.000000 7.000000 5.000000
1.000000 0.142857 1.000000 4.000000
1.000000 0.200000 0.250000 1.000000

Matrix 3870:
1.000000 3.000000 7.000000 4.000000
0.333333 1.000000 7.000000 0.166667
0.142857 0.142857 1.000000 0.125000
0.250000 6.000000 8.000000 1.000000

Matrix 3871:
1.000000 9.000000 7.000000 9.000000
0.111111 1.000000 0.142857 0.125000
0.142857 7.000000 1.000000 8.000000
0.111111 8.000000 0.125000 1.000000

Matrix 3872:
1.000000 2.000000 2.000000 6.000000
0.500000 1.000000 2.000000 7.000000
0.500000 0.500000 1.000000 0.125000
0.166667 0.142857 8.000000 1.000000

Matrix 3873:
1.000000 9.000000 3.000000 7.000000
0.111111 1.000000 4.000000 0.166667
0.333333 0.250000 1.000000 0.333333
0.142857 6.000000 3.000000 1.000000

Matrix 3874:
1.000000 0.166667 0.142857 0.200000
6.000000 1.000000 0.166667 1.000000
7.000000 6.000000 1.000000 0.250000
5.000000 1.000000 4.000000 1.000000

Matrix 3875:
1.000000 1.000000 7.000000 4.000000
1.000000 1.000000 1.000000 2.000000
0.142857 1.000000 1.000000 0.125000
0.250000 0.500000 8.000000 1.000000

Matrix 3876:
1.000000 0.166667 5.000000 0.166667
6.000000 1.000000 5.000000 0.500000
0.200000 0.200000 1.000000 0.200000
6.000000 2.000000 5.000000 1.000000

Matrix 3877:
1.000000 1.000000 1.000000 9.000000
1.000000 1.000000 4.000000 7.000000
1.000000 0.250000 1.000000 9.000000
0.111111 0.142857 0.111111 1.000000

Matrix 3878:
1.000000 5.000000 7.000000 1.000000
0.200000 1.000000 0.200000 0.500000
0.142857 5.000000 1.000000 5.000000
1.000000 2.000000 0.200000 1.000000

Matrix 3879:
1.000000 1.000000 1.000000 0.166667
1.000000 1.000000 0.333333 6.000000
1.000000 3.000000 1.000000 5.000000
6.000000 0.166667 0.200000 1.000000

Matrix 3880:
1.000000 0.111111 2.000000 0.142857
9.000000 1.000000 4.000000 0.125000
0.500000 0.250000 1.000000 0.200000
7.000000 8.000000 5.000000 1.000000

Matrix 3881:
1.000000 0.250000 5.000000 6.000000
4.000000 1.000000 2.000000 5.000000
0.200000 0.500000 1.000000 6.000000
0.166667 0.200000 0.166667 1.000000

Matrix 3882:
1.000000 1.000000 7.000000 0.333333
1.000000 1.000000 4.000000 0.250000
0.142857 0.250000 1.000000 1.000000
3.000000 4.000000 1.000000 1.000000

Matrix 3883:
1.000000 8.000000 6.000000 4.000000
0.125000 1.000000 7.000000 0.333333
0.166667 0.142857 1.000000 2.000000
0.250000 3.000000 0.500000 1.000000

Matrix 3884:
1.000000 0.142857 0.250000 6.000000
7.000000 1.000000 3.000000 2.000000
4.000000 0.333333 1.000000 4.000000
0.166667 0.500000 0.250000 1.000000

Matrix 3885:
1.000000 0.333333 1.000000 9.000000
3.000000 1.000000 1.000000 5.000000
1.000000 1.000000 1.000000 4.000000
0.111111 0.200000 0.250000 1.000000

Matrix 3886:
1.000000 0.166667 0.142857 6.000000
6.000000 1.000000 1.000000 5.000000
7.000000 1.000000 1.000000 5.000000
0.166667 0.200000 0.200000 1.000000

Matrix 3887:
1.000000 5.000000 7.000000 5.000000
0.200000 1.000000 5.000000 9.000000
0.142857 0.200000 1.000000 7.000000
0.200000 0.111111 0.142857 1.000000

Matrix 3888:
1.000000 0.111111 0.125000 0.333333
9.000000 1.000000 0.250000 0.250000
8.000000 4.000000 1.000000 0.142857
3.000000 4.000000 7.000000 1.000000

Matrix 3889:
1.000000 1.000000 0.166667 0.250000
1.000000 1.000000 4.000000 6.000000
6.000000 0.250000 1.000000 0.500000
4.000000 0.166667 2.000000 1.000000

Matrix 3890:
1.000000 0.166667 0.200000 1.000000
6.000000 1.000000 0.250000 1.000000
5.000000 4.000000 1.000000 0.333333
1.000000 1.000000 3.000000 1.000000

Matrix 3891:
1.000000 0.200000 0.142857 0.166667
5.000000 1.000000 4.000000 5.000000
7.000000 0.250000 1.000000 2.000000
6.000000 0.200000 0.500000 1.000000

Matrix 3892:
1.000000 6.000000 4.000000 2.000000
0.166667 1.000000 0.500000 6.000000
0.250000 2.000000 1.000000 1.000000
0.500000 0.166667 1.000000 1.000000

Matrix 3893:
1.000000 2.000000 2.000000 1.000000
0.500000 1.000000 1.000000 1.000000
0.500000 1.000000 1.000000 4.000000
1.000000 1.000000 0.250000 1.000000

Matrix 3894:
1.000000 0.166667 1.000000 6.000000
6.000000 1.000000 3.000000 1.000000
1.000000 0.333333 1.000000 2.000000
0.166667 1.000000 0.500000 1.000000

Matrix 3895:
1.000000 4.000000 8.000000 5.000000
0.250000 1.000000 1.000000 1.000000
0.125000 1.000000 1.000000 4.000000
0.200000 1.000000 0.250000 1.000000

Matrix 3896:
1.000000 5.000000 3.000000 3.000000
0.200000 1.000000 5.000000 1.000000
0.333333 0.200000 1.000000 0.125000
0.333333 1.000000 8.000000 1.000000

Matrix 3897:
1.000000 0.500000 8.000000 7.000000
2.000000 1.000000 9.000000 8.000000
0.125000 0.111111 1.000000 4.000000
0.142857 0.125000 0.250000 1.000000

Matrix 3898:
1.000000 2.000000 3.000000 7.000000
0.500000 1.000000 5.000000 9.000000
0.333333 0.200000 1.000000 0.250000
0.142857 0.111111 4.000000 1.000000

Matrix 3899:
1.000000 9.000000 0.125000 2.000000
0.111111 1.000000 0.125000 0.333333
8.000000 8.000000 1.000000 9.000000
0.500000 3.000000 0.111111 1.000000

Matrix 3900:
1.000000 0.500000 3.000000 0.142857
2.000000 1.000000 8.000000 0.111111
0.333333 0.125000 1.000000 0.200000
7.000000 9.000000 5.000000 1.000000

Matrix 3901:
1.000000 0.111111 0.333333 2.000000
9.000000 1.000000 9.000000 4.000000
3.000000 0.111111 1.000000 7.000000
0.500000 0.250000 0.142857 1.000000

Matrix 3902:
1.000000 0.111111 1.000000 0.142857
9.000000 1.000000 1.000000 0.166667
1.000000 1.000000 1.000000 1.000000
7.000000 6.000000 1.000000 1.000000

Matrix 3903:
1.000000 1.000000 3.000000 0.333333
1.000000 1.000000 0.333333 2.000000
0.333333 3.000000 1.000000 0.200000
3.000000 0.500000 5.000000 1.000000

Matrix 3904:
1.000000 5.000000 3.000000 0.250000
0.200000 1.000000 0.333333 1.000000
0.333333 3.000000 1.000000 0.166667
4.000000 1.000000 6.000000 1.000000

Matrix 3905:
1.000000 0.166667 2.000000 0.142857
6.000000 1.000000 1.000000 1.000000
0.500000 1.000000 1.000000 0.166667
7.000000 1.000000 6.000000 1.000000

Matrix 3906:
1.000000 0.333333 0.250000 0.125000
3.000000 1.000000 4.000000 6.000000
4.000000 0.250000 1.000000 3.000000
8.000000 0.166667 0.333333 1.000000

Matrix 3907:
1.000000 7.000000 4.000000 7.000000
0.142857 1.000000 0.166667 0.500000
0.250000 6.000000 1.000000 0.333333
0.142857 2.000000 3.000000 1.000000

Matrix 3908:
1.000000 2.000000 1.000000 4.000000
0.500000 1.000000 6.000000 2.000000
1.000000 0.166667 1.000000 1.000000
0.250000 0.500000 1.000000 1.000000

Matrix 3909:
1.000000 0.500000 7.000000 0.333333
2.000000 1.000000 5.000000 1.000000
0.142857 0.200000 1.000000 0.500000
3.000000 1.000000 2.000000 1.000000

Matrix 3910:
1.000000 3.000000 0.500000 3.000000
0.333333 1.000000 4.000000 7.000000
2.000000 0.250000 1.000000 1.000000
0.333333 0.142857 1.000000 1.000000

Matrix 3911:
1.000000 8.000000 4.000000 7.000000
0.125000 1.000000 0.111111 0.250000
0.250000 9.000000 1.000000 1.000000
0.142857 4.000000 1.000000 1.000000

Matrix 3912:
1.000000 0.142857 0.166667 0.333333
7.000000 1.000000 6.000000 9.000000
6.000000 0.166667 1.000000 9.000000
3.000000 0.111111 0.111111 1.000000

Matrix 3913:
1.000000 0.125000 6.000000 0.111111
8.000000 1.000000 1.000000 0.500000
0.166667 1.000000 1.000000 0.200000
9.000000 2.000000 5.000000 1.000000

Matrix 3914:
1.000000 2.000000 4.000000 4.000000
0.500000 1.000000 6.000000 0.250000
0.250000 0.166667 1.000000 0.166667
0.250000 4.000000 6.000000 1.000000

Matrix 3915:
1.000000 0.111111 0.142857 7.000000
9.000000 1.000000 7.000000 8.000000
7.000000 0.142857 1.000000 4.000000
0.142857 0.125000 0.250000 1.000000

Matrix 3916:
1.000000 6.000000 5.000000 0.142857
0.166667 1.000000 0.500000 0.333333
0.200000 2.000000 1.000000 1.000000
7.000000 3.000000 1.000000 1.000000

Matrix 3917:
1.000000 0.142857 8.000000 0.250000
7.000000 1.000000 1.000000 1.000000
0.125000 1.000000 1.000000 0.333333
4.000000 1.000000 3.000000 1.000000

Matrix 3918:
1.000000 0.111111 0.166667 0.166667
9.000000 1.000000 0.125000 0.166667
6.000000 8.000000 1.000000 0.200000
6.000000 6.000000 5.000000 1.000000

Matrix 3919:
1.000000 0.250000 0.125000 1.000000
4.000000 1.000000 0.166667 9.000000
8.000000 6.000000 1.000000 2.000000
1.000000 0.111111 0.500000 1.000000

Matrix 3920:
1.000000 0.250000 0.111111 7.000000
4.000000 1.000000 2.000000 9.000000
9.000000 0.500000 1.000000 1.000000
0.142857 0.111111 1.000000 1.000000

Matrix 3921:
1.000000 0.500000 0.500000 8.000000
2.000000 1.000000 3.000000 4.000000
2.000000 0.333333 1.000000 1.000000
0.125000 0.250000 1.000000 1.000000

Matrix 3922:
1.000000 0.142857 0.500000 0.166667
7.000000 1.000000 0.125000 1.000000
2.000000 8.000000 1.000000 6.000000
6.000000 1.000000 0.166667 1.000000

Matrix 3923:
1.000000 0.250000 2.000000 0.166667
4.000000 1.000000 6.000000 0.200000
0.500000 0.166667 1.000000 0.250000
6.000000 5.000000 4.000000 1.000000

Matrix 3924:
1.000000 5.000000 0.166667 1.000000
0.200000 1.000000 1.000000 1.000000
6.000000 1.000000 1.000000 1.000000
1.000000 1.000000 1.000000 1.000000

Matrix 3925:
1.000000 0.125000 0.200000 0.142857
8.000000 1.000000 5.000000 0.166667
5.000000 0.200000 1.000000 0.500000
7.000000 6.000000 2.000000 1.000000

Matrix 3926:
1.000000 6.000000 0.142857 5.000000
0.166667 1.000000 1.000000 9.000000
7.000000 1.000000 1.000000 3.000000
0.200000 0.111111 0.333333 1.000000

Matrix 3927:
1.000000 0.125000 1.000000 6.000000
8.000000 1.000000 9.000000 6.000000
1.000000 0.111111 1.000000 9.000000
0.166667 0.166667 0.111111 1.000000

Matrix 3928:
1.000000 0.125000 3.000000 8.000000
8.000000 1.000000 2.000000 5.000000
0.333333 0.500000 1.000000 0.166667
0.125000 0.200000 6.000000 1.000000

Matrix 3929:
1.000000 7.000000 0.250000 3.000000
0.142857 1.000000 0.333333 0.333333
4.000000 3.000000 1.000000 2.000000
0.333333 3.000000 0.500000 1.000000

Matrix 3930:
1.000000 2.000000 3.000000 1.000000
0.500000 1.000000 0.333333 1.000000
0.333333 3.000000 1.000000 1.000000
1.000000 1.000000 1.000000 1.000000

Matrix 3931:
1.000000 5.000000 3.000000 6.000000
0.200000 1.000000 0.166667 3.000000
0.333333 6.000000 1.000000 7.000000
0.166667 0.333333 0.142857 1.000000

Matrix 3932:
1.000000 0.250000 0.250000 1.000000
4.000000 1.000000 0.333333 0.250000
4.000000 3.000000 1.000000 0.333333
1.000000 4.000000 3.000000 1.000000

Matrix 3933:
1.000000 1.000000 0.333333 0.500000
1.000000 1.000000 0.125000 0.500000
3.000000 8.000000 1.000000 0.200000
2.000000 2.000000 5.000000 1.000000

Matrix 3934:
1.000000 0.333333 1.000000 0.500000
3.000000 1.000000 0.250000 0.142857
1.000000 4.000000 1.000000 8.000000
2.000000 7.000000 0.125000 1.000000

Matrix 3935:
1.000000 0.500000 0.250000 1.000000
2.000000 1.000000 5.000000 6.000000
4.000000 0.200000 1.000000 1.000000
1.000000 0.166667 1.000000 1.000000

Matrix 3936:
1.000000 3.000000 1.000000 6.000000
0.333333 1.000000 1.000000 5.000000
1.000000 1.000000 1.000000 0.142857
0.166667 0.200000 7.000000 1.000000

Matrix 3937:
1.000000 2.000000 3.000000 3.000000
0.500000 1.000000 0.333333 0.333333
0.333333 3.000000 1.000000 1.000000
0.333333 3.000000 1.000000 1.000000

Matrix 3938:
1.000000 2.000000 8.000000 4.000000
0.500000 1.000000 0.500000 9.000000
0.125000 2.000000 1.000000 0.500000
0.250000 0.111111 2.000000 1.000000

Matrix 3939:
1.000000 0.333333 0.250000 5.000000
3.000000 1.000000 0.200000 5.000000
4.000000 5.000000 1.000000 1.000000
0.200000 0.200000 1.000000 1.000000

Matrix 3940:
1.000000 0.500000 1.000000 0.250000
2.000000 1.000000 3.000000 5.000000
1.000000 0.333333 1.000000 0.500000
4.000000 0.200000 2.000000 1.000000

Matrix 3941:
1.000000 0.250000 0.250000 1.000000
4.000000 1.000000 5.000000 0.125000
4.000000 0.200000 1.000000 0.200000
1.000000 8.000000 5.000000 1.000000

Matrix 3942:
1.000000 3.000000 8.000000 8.000000
0.333333 1.000000 0.200000 6.000000
0.125000 5.000000 1.000000 1.000000
0.125000 0.166667 1.000000 1.000000

Matrix 3943:
1.000000 1.000000 0.250000 1.000000
1.000000 1.000000 2.000000 4.000000
4.000000 0.500000 1.000000 5.000000
1.000000 0.250000 0.200000 1.000000

Matrix 3944:
1.000000 1.000000 7.000000 9.000000
1.000000 1.000000 3.000000 1.000000
0.142857 0.333333 1.000000 2.000000
0.111111 1.000000 0.500000 1.000000

Matrix 3945:
1.000000 4.000000 4.000000 2.000000
0.250000 1.000000 0.111111 3.000000
0.250000 9.000000 1.000000 1.000000
0.500000 0.333333 1.000000 1.000000

Matrix 3946:
1.000000 2.000000 0.250000 3.000000
0.500000 1.000000 0.500000 0.500000
4.000000 2.000000 1.000000 0.250000
0.333333 2.000000 4.000000 1.000000

Matrix 3947:
1.000000 1.000000 7.000000 1.000000
1.000000 1.000000 0.125000 0.166667
0.142857 8.000000 1.000000 0.200000
1.000000 6.000000 5.000000 1.000000

Matrix 3948:
1.000000 0.111111 0.200000 0.500000
9.000000 1.000000 0.125000 0.200000
5.000000 8.000000 1.000000 0.166667
2.000000 5.000000 6.000000 1.000000

Matrix 3949:
1.000000 0.500000 6.000000 1.000000
2.000000 1.000000 2.000000 8.000000
0.166667 0.500000 1.000000 4.000000
1.000000 0.125000 0.250000 1.000000

Matrix 3950:
1.000000 5.000000 9.000000 2.000000
0.200000 1.000000 0.200000 3.000000
0.111111 5.000000 1.000000 1.000000
0.500000 0.333333 1.000000 1.000000

Matrix 3951:
1.000000 4.000000 1.000000 8.000000
0.250000 1.000000 0.111111 8.000000
1.000000 9.000000 1.000000 3.000000
0.125000 0.125000 0.333333 1.000000

Matrix 3952:
1.000000 1.000000 0.250000 0.111111
1.000000 1.000000 0.166667 1.000000
4.000000 6.000000 1.000000 0.500000
9.000000 1.000000 2.000000 1.000000

Matrix 3953:
1.000000 0.250000 9.000000 5.000000
4.000000 1.000000 3.000000 1.000000
0.111111 0.333333 1.000000 0.166667
0.200000 1.000000 6.000000 1.000000

Matrix 3954:
1.000000 5.000000 0.125000 8.000000
0.200000 1.000000 0.166667 7.000000
8.000000 6.000000 1.000000 6.000000
0.125000 0.142857 0.166667 1.000000

Matrix 3955:
1.000000 0.111111 8.000000 4.000000
9.000000 1.000000 8.000000 2.000000
0.125000 0.125000 1.000000 3.000000
0.250000 0.500000 0.333333 1.000000

Matrix 3956:
1.000000 4.000000 1.000000 0.111111
0.250000 1.000000 1.000000 1.000000
1.000000 1.000000 1.000000 0.500000
9.000000 1.000000 2.000000 1.000000

Matrix 3957:
1.000000 4.000000 9.000000 4.000000
0.250000 1.000000 6.000000 8.000000
0.111111 0.166667 1.000000 0.166667
0.250000 0.125000 6.000000 1.000000

Matrix 3958:
1.000000 0.111111 5.000000 0.500000
9.000000 1.000000 3.000000 8.000000
0.200000 0.333333 1.000000 0.111111
2.000000 0.125000 9.000000 1.000000

Matrix 3959:
1.000000 0.125000 7.000000 3.000000
8.000000 1.000000 2.000000 9.000000
0.142857 0.500000 1.000000 0.250000
0.333333 0.111111 4.000000 1.000000

Matrix 3960:
1.000000 2.000000 0.333333 1.000000
0.500000 1.000000 5.000000 0.500000
3.000000 0.200000 1.000000 1.000000
1.000000 2.000000 1.000000 1.000000

Matrix 3961:
1.000000 2.000000 1.000000 2.000000
0.500000 1.000000 5.000000 0.111111
1.000000 0.200000 1.000000 0.333333
0.500000 9.000000 3.000000 1.000000

Matrix 3962:
1.000000 0.500000 0.125000 0.500000
2.000000 1.000000 5.000000 0.200000
8.000000 0.200000 1.000000 2.000000
2.000000 5.000000 0.500000 1.000000

Matrix 3963:
1.000000 0.125000 0.125000 0.125000
8.000000 1.000000 0.166667 7.000000
8.000000 6.000000 1.000000 9.000000
8.000000 0.142857 0.111111 1.000000

Matrix 3964:
1.000000 1.000000 0.125000 0.200000
1.000000 1.000000 0.166667 0.500000
8.000000 6.000000 1.000000 0.166667
5.000000 2.000000 6.000000 1.000000

Matrix 3965:
1.000000 0.500000 0.333333 1.000000
2.000000 1.000000 3.000000 7.000000
3.000000 0.333333 1.000000 0.250000
1.000000 0.142857 4.000000 1.000000

Matrix 3966:
1.000000 0.500000 8.000000 0.500000
2.000000 1.000000 0.333333 2.000000
0.125000 3.000000 1.000000 0.250000
2.000000 0.500000 4.000000 1.000000

Matrix 3967:
1.000000 9.000000 4.000000 1.000000
0.111111 1.000000 7.000000 0.250000
0.250000 0.142857 1.000000 1.000000
1.000000 4.000000 1.000000 1.000000

Matrix 3968:
1.000000 0.142857 0.111111 1.000000
7.000000 1.000000 1.000000 1.000000
9.000000 1.000000 1.000000 3.000000
1.000000 1.000000 0.333333 1.000000

Matrix 3969:
1.000000 6.000000 3.000000 6.000000
0.166667 1.000000 0.125000 7.000000
0.333333 8.000000 1.000000 2.000000
0.166667 0.142857 0.500000 1.000000

Matrix 3970:
1.000000 8.000000 6.000000 1.000000
0.125000 1.000000 6.000000 7.000000
0.166667 0.166667 1.000000 1.000000
1.000000 0.142857 1.000000 1.000000

Matrix 3971:
1.000000 6.000000 3.000000 8.000000
0.166667 1.000000 9.000000 4.000000
0.333333 0.111111 1.000000 0.250000
0.125000 0.250000 4.000000 1.000000

Matrix 3972:
1.000000 0.125000 9.000000 7.000000
8.000000 1.000000 5.000000 3.000000
0.111111 0.200000 1.000000 1.000000
0.142857 0.333333 1.000000 1.000000

Matrix 3973:
1.000000 4.000000 0.200000 9.000000
0.250000 1.000000 0.500000 0.333333
5.000000 2.000000 1.000000 5.000000
0.111111 3.000000 0.200000 1.000000

Matrix 3974:
1.000000 0.142857 0.166667 1.000000
7.000000 1.000000 4.000000 2.000000
6.000000 0.250000 1.000000 4.000000
1.000000 0.500000 0.250000 1.000000

Matrix 3975:
1.000000 0.200000 0.166667 0.142857
5.000000 1.000000 8.000000 9.000000
6.000000 0.125000 1.000000 1.000000
7.000000 0.111111 1.000000 1.000000

Matrix 3976:
1.000000 0.200000 0.333333 1.000000
5.000000 1.000000 6.000000 5.000000
3.000000 0.166667 1.000000 5.000000
1.000000 0.200000 0.200000 1.000000

Matrix 3977:
1.000000 0.200000 0.500000 0.333333
5.000000 1.000000 0.200000 0.125000
2.000000 5.000000 1.000000 2.000000
3.000000 8.000000 0.500000 1.000000

Matrix 3978:
1.000000 0.142857 1.000000 0.500000
7.000000 1.000000 2.000000 6.000000
1.000000 0.500000 1.000000 9.000000
2.000000 0.166667 0.111111 1.000000

Matrix 3979:
1.000000 0.200000 0.200000 0.333333
5.000000 1.000000 4.000000 3.000000
5.000000 0.250000 1.000000 0.250000
3.000000 0.333333 4.000000 1.000000

Matrix 3980:
1.000000 1.000000 7.000000 0.250000
1.000000 1.000000 1.000000 5.000000
0.142857 1.000000 1.000000 0.250000
4.000000 0.200000 4.000000 1.000000

Matrix 3981:
1.000000 7.000000 7.000000 0.125000
0.142857 1.000000 3.000000 0.200000
0.142857 0.333333 1.000000 0.111111
8.000000 5.000000 9.000000 1.000000

Matrix 3982:
1.000000 1.000000 4.000000 1.000000
1.000000 1.000000 9.000000 0.250000
0.250000 0.111111 1.000000 2.000000
1.000000 4.000000 0.500000 1.000000

Matrix 3983:
1.000000 0.250000 0.111111 3.000000
4.000000 1.000000 0.142857 0.500000
9.000000 7.000000 1.000000 3.000000
0.333333 2.000000 0.333333 1.000000

Matrix 3984:
1.000000 6.000000 4.000000 0.333333
0.166667 1.000000 8.000000 1.000000
0.250000 0.125000 1.000000 0.200000
3.000000 1.000000 5.000000 1.000000

Matrix 3985:
1.000000 0.125000 0.200000 1.000000
8.000000 1.000000 0.333333 0.333333
5.000000 3.000000 1.000000 4.000000
1.000000 3.000000 0.250000 1.000000

Matrix 3986:
1.000000 1.000000 0.200000 8.000000
1.000000 1.000000 3.000000 1.000000
5.000000 0.333333 1.000000 6.000000
0.125000 1.000000 0.166667 1.000000

Matrix 3987:
1.000000 7.000000 0.200000 0.166667
0.142857 1.000000 1.000000 0.333333
5.000000 1.000000 1.000000 3.000000
6.000000 3.000000 0.333333 1.000000

Matrix 3988:
1.000000 1.000000 0.200000 0.142857
1.000000 1.000000 7.000000 0.142857
5.000000 0.142857 1.000000 0.166667
7.000000 7.000000 6.000000 1.000000

Matrix 3989:
1.000000 8.000000 9.000000 2.000000
0.125000 1.000000 7.000000 6.000000
0.111111 0.142857 1.000000 3.000000
0.500000 0.166667 0.333333 1.000000

Matrix 3990:
1.000000 0.250000 0.142857 2.000000
4.000000 1.000000 6.000000 8.000000
7.000000 0.166667 1.000000 5.000000
0.500000 0.125000 0.200000 1.000000

Matrix 3991:
1.000000 0.333333 8.000000 0.125000
3.000000 1.000000 5.000000 1.000000
0.125000 0.200000 1.000000 0.250000
8.000000 1.000000 4.000000 1.000000

Matrix 3992:
1.000000 4.000000 2.000000 1.000000
0.250000 1.000000 2.000000 0.111111
0.500000 0.500000 1.000000 2.000000
1.000000 9.000000 0.500000 1.000000

Matrix 3993:
1.000000 0.111111 0.250000 0.200000
9.000000 1.000000 6.000000 6.000000
4.000000 0.166667 1.000000 0.111111
5.000000 0.166667 9.000000 1.000000

Matrix 3994:
1.000000 0.500000 4.000000 7.000000
2.000000 1.000000 2.000000 2.000000
0.250000 0.500000 1.000000 1.000000
0.142857 0.500000 1.000000 1.000000

Matrix 3995:
1.000000 3.000000 0.333333 0.500000
0.333333 1.000000 1.000000 0.200000
3.000000 1.000000 1.000000 6.000000
2.000000 5.000000 0.166667 1.000000

Matrix 3996:
1.000000 0.111111 4.000000 0.200000
9.000000 1.000000 1.000000 1.000000
0.250000 1.000000 1.000000 0.111111
5.000000 1.000000 9.000000 1.000000

Matrix 3997:
1.000000 4.000000 7.000000 1.000000
0.250000 1.000000 0.500000 9.000000
0.142857 2.000000 1.000000 5.000000
1.000000 0.111111 0.200000 1.000000

Matrix 3998:
1.000000 0.200000 4.000000 3.000000
5.000000 1.000000 6.000000 9.000000
0.250000 0.166667 1.000000 0.333333
0.333333 0.111111 3.000000 1.000000

Matrix 3999:
1.000000 2.000000 0.250000 0.500000
0.500000 1.000000 5.000000 0.142857
4.000000 0.200000 1.000000 1.000000
2.000000 7.000000 1.000000 1.000000

Matrix 4000:
1.000000 0.200000 0.250000 0.125000
5.000000 1.000000 1.000000 8.000000
4.000000 1.000000 1.000000 0.142857
8.000000 0.125000 7.000000 1.000000

Matrix 4001:
1.000000 0.200000 0.125000 0.142857
5.000000 1.000000 0.166667 0.125000
8.000000 6.000000 1.000000 1.000000
7.000000 8.000000 1.000000 1.000000

Matrix 4002:
1.000000 9.000000 2.000000 0.111111
0.111111 1.000000 8.000000 0.166667
0.500000 0.125000 1.000000 0.125000
9.000000 6.000000 8.000000 1.000000

Matrix 4003:
1.000000 9.000000 7.000000 0.500000
0.111111 1.000000 2.000000 0.250000
0.142857 0.500000 1.000000 3.000000
2.000000 4.000000 0.333333 1.000000

Matrix 4004:
1.000000 6.000000 0.142857 7.000000
0.166667 1.000000 0.142857 3.000000
7.000000 7.000000 1.000000 8.000000
0.142857 0.333333 0.125000 1.000000

Matrix 4005:
1.000000 6.000000 6.000000 1.000000
0.166667 1.000000 1.000000 8.000000
0.166667 1.000000 1.000000 1.000000
1.000000 0.125000 1.000000 1.000000

Matrix 4006:
1.000000 3.000000 0.111111 0.142857
0.333333 1.000000 0.111111 0.250000
9.000000 9.000000 1.000000 0.250000
7.000000 4.000000 4.000000 1.000000

Matrix 4007:
1.000000 1.000000 0.166667 9.000000
1.000000 1.000000 0.111111 6.000000
6.000000 9.000000 1.000000 3.000000
0.111111 0.166667 0.333333 1.000000

Matrix 4008:
1.000000 0.333333 0.333333 0.333333
3.000000 1.000000 0.166667 1.000000
3.000000 6.000000 1.000000 3.000000
3.000000 1.000000 0.333333 1.000000

Matrix 4009:
1.000000 3.000000 7.000000 0.333333
0.333333 1.000000 7.000000 1.000000
0.142857 0.142857 1.000000 0.250000
3.000000 1.000000 4.000000 1.000000

Matrix 4010:
1.000000 0.166667 3.000000 7.000000
6.000000 1.000000 7.000000 7.000000
0.333333 0.142857 1.000000 1.000000
0.142857 0.142857 1.000000 1.000000

Matrix 4011:
1.000000 6.000000 6.000000 8.000000
0.166667 1.000000 0.200000 0.333333
0.166667 5.000000 1.000000 0.333333
0.125000 3.000000 3.000000 1.000000

Matrix 4012:
1.000000 3.000000 8.000000 3.000000
0.333333 1.000000 1.000000 0.200000
0.125000 1.000000 1.000000 0.166667
0.333333 5.000000 6.000000 1.000000

Matrix 4013:
1.000000 1.000000 0.142857 7.000000
1.000000 1.000000 0.500000 3.000000
7.000000 2.000000 1.000000 9.000000
0.142857 0.333333 0.111111 1.000000

Matrix 4014:
1.000000 7.000000 7.000000 8.000000
0.142857 1.000000 0.111111 7.000000
0.142857 9.000000 1.000000 8.000000
0.125000 0.142857 0.125000 1.000000

Matrix 4015:
1.000000 0.250000 3.000000 3.000000
4.000000 1.000000 6.000000 5.000000
0.333333 0.166667 1.000000 8.000000
0.333333 0.200000 0.125000 1.000000

Matrix 4016:
1.000000 1.000000 9.000000 5.000000
1.000000 1.000000 7.000000 3.000000
0.111111 0.142857 1.000000 9.000000
0.200000 0.333333 0.111111 1.000000

Matrix 4017:
1.000000 0.200000 0.142857 0.333333
5.000000 1.000000 0.500000 4.000000
7.000000 2.000000 1.000000 0.250000
3.000000 0.250000 4.000000 1.000000

Matrix 4018:
1.000000 6.000000 1.000000 3.000000
0.166667 1.000000 0.166667 0.125000
1.000000 6.000000 1.000000 0.500000
0.333333 8.000000 2.000000 1.000000

Matrix 4019:
1.000000 9.000000 9.000000 0.200000
0.111111 1.000000 3.000000 0.125000
0.111111 0.333333 1.000000 0.142857
5.000000 8.000000 7.000000 1.000000

Matrix 4020:
1.000000 5.000000 9.000000 0.500000
0.200000 1.000000 0.333333 0.111111
0.111111 3.000000 1.000000 0.200000
2.000000 9.000000 5.000000 1.000000

Matrix 4021:
1.000000 8.000000 6.000000 6.000000
0.125000 1.000000 0.125000 0.125000
0.166667 8.000000 1.000000 0.500000
0.166667 8.000000 2.000000 1.000000

Matrix 4022:
1.000000 1.000000 7.000000 0.142857
1.000000 1.000000 1.000000 1.000000
0.142857 1.000000 1.000000 0.166667
7.000000 1.000000 6.000000 1.000000

Matrix 4023:
1.000000 0.142857 0.200000 0.111111
7.000000 1.000000 3.000000 5.000000
5.000000 0.333333 1.000000 0.111111
9.000000 0.200000 9.000000 1.000000

Matrix 4024:
1.000000 0.166667 2.000000 0.500000
6.000000 1.000000 6.000000 0.250000
0.500000 0.166667 1.000000 1.000000
2.000000 4.000000 1.000000 1.000000

Matrix 4025:
1.000000 0.125000 0.111111 0.200000
8.000000 1.000000 0.200000 0.250000
9.000000 5.000000 1.000000 0.125000
5.000000 4.000000 8.000000 1.000000

Matrix 4026:
1.000000 4.000000 9.000000 2.000000
0.250000 1.000000 9.000000 0.125000
0.111111 0.111111 1.000000 0.200000
0.500000 8.000000 5.000000 1.000000

Matrix 4027:
1.000000 4.000000 6.000000 0.200000
0.250000 1.000000 1.000000 0.111111
0.166667 1.000000 1.000000 0.250000
5.000000 9.000000 4.000000 1.000000

Matrix 4028:
1.000000 7.000000 0.333333 1.000000
0.142857 1.000000 0.333333 2.000000
3.000000 3.000000 1.000000 3.000000
1.000000 0.500000 0.333333 1.000000

Matrix 4029:
1.000000 1.000000 6.000000 8.000000
1.000000 1.000000 0.250000 3.000000
0.166667 4.000000 1.000000 2.000000
0.125000 0.333333 0.500000 1.000000

Matrix 4030:
1.000000 1.000000 3.000000 9.000000
1.000000 1.000000 0.125000 2.000000
0.333333 8.000000 1.000000 1.000000
0.111111 0.500000 1.000000 1.000000

Matrix 4031:
1.000000 2.000000 2.000000 0.125000
0.500000 1.000000 0.200000 0.250000
0.500000 5.000000 1.000000 0.200000
8.000000 4.000000 5.000000 1.000000

Matrix 4032:
1.000000 3.000000 0.333333 8.000000
0.333333 1.000000 0.142857 0.500000
3.000000 7.000000 1.000000 3.000000
0.125000 2.000000 0.333333 1.000000

Matrix 4033:
1.000000 1.000000 0.200000 1.000000
1.000000 1.000000 0.250000 0.111111
5.000000 4.000000 1.000000 7.000000
1.000000 9.000000 0.142857 1.000000

Matrix 4034:
1.000000 9.000000 1.000000 3.000000
0.111111 1.000000 6.000000 0.500000
1.000000 0.166667 1.000000 0.142857
0.333333 2.000000 7.000000 1.000000

Matrix 4035:
1.000000 0.142857 2.000000 0.166667
7.000000 1.000000 3.000000 9.000000
0.500000 0.333333 1.000000 4.000000
6.000000 0.111111 0.250000 1.000000

Matrix 4036:
1.000000 0.166667 0.125000 3.000000
6.000000 1.000000 6.000000 5.000000
8.000000 0.166667 1.000000 5.000000
0.333333 0.200000 0.200000 1.000000

Matrix 4037:
1.000000 1.000000 0.250000 0.166667
1.000000 1.000000 0.250000 1.000000
4.000000 4.000000 1.000000 0.200000
6.000000 1.000000 5.000000 1.000000

Matrix 4038:
1.000000 0.500000 0.333333 1.000000
2.000000 1.000000 0.125000 0.250000
3.000000 8.000000 1.000000 0.111111
1.000000 4.000000 9.000000 1.000000

Matrix 4039:
1.000000 6.000000 0.125000 5.000000
0.166667 1.000000 1.000000 3.000000
8.000000 1.000000 1.000000 5.000000
0.200000 0.333333 0.200000 1.000000

Matrix 4040:
1.000000 5.000000 3.000000 0.333333
0.200000 1.000000 2.000000 0.125000
0.333333 0.500000 1.000000 3.000000
3.000000 8.000000 0.333333 1.000000

Matrix 4041:
1.000000 8.000000 6.000000 3.000000
0.125000 1.000000 0.250000 9.000000
0.166667 4.000000 1.000000 3.000000
0.333333 0.111111 0.333333 1.000000

Matrix 4042:
1.000000 6.000000 0.333333 2.000000
0.166667 1.000000 1.000000 1.000000
3.000000 1.000000 1.000000 3.000000
0.500000 1.000000 0.333333 1.000000

Matrix 4043:
1.000000 0.250000 7.000000 0.111111
4.000000 1.000000 4.000000 1.000000
0.142857 0.250000 1.000000 0.333333
9.000000 1.000000 3.000000 1.000000

Matrix 4044:
1.000000 3.000000 6.000000 7.000000
0.333333 1.000000 0.500000 0.250000
0.166667 2.000000 1.000000 8.000000
0.142857 4.000000 0.125000 1.000000

Matrix 4045:
1.000000 1.000000 2.000000 0.142857
1.000000 1.000000 4.000000 0.166667
0.500000 0.250000 1.000000 1.000000
7.000000 6.000000 1.000000 1.000000

Matrix 4046:
1.000000 2.000000 6.000000 8.000000
0.500000 1.000000 0.125000 4.000000
0.166667 8.000000 1.000000 7.000000
0.125000 0.250000 0.142857 1.000000

Matrix 4047:
1.000000 0.250000 3.000000 0.200000
4.000000 1.000000 0.166667 0.111111
0.333333 6.000000 1.000000 0.125000
5.000000 9.000000 8.000000 1.000000

Matrix 4048:
1.000000 1.000000 0.250000 3.000000
1.000000 1.000000 6.000000 3.000000
4.000000 0.166667 1.000000 4.000000
0.333333 0.333333 0.250000 1.000000

Matrix 4049:
1.000000 0.111111 0.142857 3.000000
9.000000 1.000000 0.500000 7.000000
7.000000 2.000000 1.000000 4.000000
0.333333 0.142857 0.250000 1.000000

Matrix 4050:
1.000000 1.000000 0.200000 0.166667
1.000000 1.000000 2.000000 8.000000
5.000000 0.500000 1.000000 3.000000
6.000000 0.125000 0.333333 1.000000

Matrix 4051:
1.000000 3.000000 2.000000 1.000000
0.333333 1.000000 0.500000 0.125000
0.500000 2.000000 1.000000 2.000000
1.000000 8.000000 0.500000 1.000000

Matrix 4052:
1.000000 0.125000 0.111111 0.125000
8.000000 1.000000 5.000000 8.000000
9.000000 0.200000 1.000000 9.000000
8.000000 0.125000 0.111111 1.000000

Matrix 4053:
1.000000 0.166667 1.000000 5.000000
6.000000 1.000000 5.000000 1.000000
1.000000 0.200000 1.000000 1.000000
0.200000 1.000000 1.000000 1.000000

Matrix 4054:
1.000000 6.000000 6.000000 0.200000
0.166667 1.000000 1.000000 0.500000
0.166667 1.000000 1.000000 2.000000
5.000000 2.000000 0.500000 1.000000

Matrix 4055:
1.000000 0.200000 2.000000 1.000000
5.000000 1.000000 4.000000 0.333333
0.500000 0.250000 1.000000 3.000000
1.000000 3.000000 0.333333 1.000000

Matrix 4056:
1.000000 0.250000 0.125000 9.000000
4.000000 1.000000 4.000000 6.000000
8.000000 0.250000 1.000000 2.000000
0.111111 0.166667 0.500000 1.000000

Matrix 4057:
1.000000 0.500000 0.166667 5.000000
2.000000 1.000000 0.166667 2.000000
6.000000 6.000000 1.000000 2.000000
0.200000 0.500000 0.500000 1.000000

Matrix 4058:
1.000000 0.166667 0.250000 0.500000
6.000000 1.000000 9.000000 0.166667
4.000000 0.111111 1.000000 1.000000
2.000000 6.000000 1.000000 1.000000

Matrix 4059:
1.000000 0.166667 0.250000 0.200000
6.000000 1.000000 1.000000 0.125000
4.000000 1.000000 1.000000 4.000000
5.000000 8.000000 0.250000 1.000000

Matrix 4060:
1.000000 0.111111 0.111111 0.142857
9.000000 1.000000 1.000000 0.250000
9.000000 1.000000 1.000000 2.000000
7.000000 4.000000 0.500000 1.000000

Matrix 4061:
1.000000 1.000000 6.000000 8.000000
1.000000 1.000000 8.000000 0.500000
0.166667 0.125000 1.000000 0.111111
0.125000 2.000000 9.000000 1.000000

Matrix 4062:
1.000000 0.166667 0.125000 0.333333
6.000000 1.000000 5.000000 6.000000
8.000000 0.200000 1.000000 6.000000
3.000000 0.166667 0.166667 1.000000

Matrix 4063:
1.000000 1.000000 0.125000 5.000000
1.000000 1.000000 0.111111 1.000000
8.000000 9.000000 1.000000 9.000000
0.200000 1.000000 0.111111 1.000000

Matrix 4064:
1.000000 7.000000 2.000000 0.333333
0.142857 1.000000 1.000000 0.250000
0.500000 1.000000 1.000000 0.250000
3.000000 4.000000 4.000000 1.000000

Matrix 4065:
1.000000 0.500000 0.500000 1.000000
2.000000 1.000000 5.000000 6.000000
2.000000 0.200000 1.000000 0.125000
1.000000 0.166667 8.000000 1.000000

Matrix 4066:
1.000000 0.500000 0.500000 1.000000
2.000000 1.000000 1.000000 4.000000
2.000000 1.000000 1.000000 0.142857
1.000000 0.250000 7.000000 1.000000

Matrix 4067:
1.000000 0.166667 9.000000 5.000000
6.000000 1.000000 5.000000 7.000000
0.111111 0.200000 1.000000 0.250000
0.200000 0.142857 4.000000 1.000000

Matrix 4068:
1.000000 7.000000 8.000000 1.000000
0.142857 1.000000 3.000000 5.000000
0.125000 0.333333 1.000000 0.333333
1.000000 0.200000 3.000000 1.000000

Matrix 4069:
1.000000 4.000000 1.000000 0.142857
0.250000 1.000000 0.250000 0.250000
1.000000 4.000000 1.000000 5.000000
7.000000 4.000000 0.200000 1.000000

Matrix 4070:
1.000000 0.500000 0.250000 5.000000
2.000000 1.000000 0.125000 4.000000
4.000000 8.000000 1.000000 8.000000
0.200000 0.250000 0.125000 1.000000

Matrix 4071:
1.000000 3.000000 1.000000 1.000000
0.333333 1.000000 0.500000 0.111111
1.000000 2.000000 1.000000 0.111111
1.000000 9.000000 9.000000 1.000000

Matrix 4072:
1.000000 9.000000 0.500000 1.000000
0.111111 1.000000 0.200000 0.142857
2.000000 5.000000 1.000000 7.000000
1.000000 7.000000 0.142857 1.000000

Matrix 4073:
1.000000 0.500000 4.000000 0.200000
2.000000 1.000000 2.000000 1.000000
0.250000 0.500000 1.000000 0.125000
5.000000 1.000000 8.000000 1.000000

Matrix 4074:
1.000000 3.000000 0.200000 0.333333
0.333333 1.000000 0.333333 0.111111
5.000000 3.000000 1.000000 7.000000
3.000000 9.000000 0.142857 1.000000

Matrix 4075:
1.000000 9.000000 8.000000 2.000000
0.111111 1.000000 0.125000 0.200000
0.125000 8.000000 1.000000 0.500000
0.500000 5.000000 2.000000 1.000000

Matrix 4076:
1.000000 0.500000 4.000000 4.000000
2.000000 1.000000 1.000000 3.000000
0.250000 1.000000 1.000000 1.000000
0.250000 0.333333 1.000000 1.000000

Matrix 4077:
1.000000 3.000000 8.000000 2.000000
0.333333 1.000000 9.000000 4.000000
0.125000 0.111111 1.000000 0.166667
0.500000 0.250000 6.000000 1.000000

Matrix 4078:
1.000000 0.125000 0.250000 1.000000
8.000000 1.000000 8.000000 3.000000
4.000000 0.125000 1.000000 8.000000
1.000000 0.333333 0.125000 1.000000

Matrix 4079:
1.000000 9.000000 3.000000 0.200000
0.111111 1.000000 0.125000 0.333333
0.333333 8.000000 1.000000 2.000000
5.000000 3.000000 0.500000 1.000000

Matrix 4080:
1.000000 0.250000 7.000000 4.000000
4.000000 1.000000 7.000000 2.000000
0.142857 0.142857 1.000000 3.000000
0.250000 0.500000 0.333333 1.000000

Matrix 4081:
1.000000 1.000000 0.333333 0.333333
1.000000 1.000000 1.000000 0.125000
3.000000 1.000000 1.000000 7.000000
3.000000 8.000000 0.142857 1.000000

Matrix 4082:
1.000000 0.500000 9.000000 7.000000
2.000000 1.000000 6.000000 0.333333
0.111111 0.166667 1.000000 0.142857
0.142857 3.000000 7.000000 1.000000

Matrix 4083:
1.000000 0.111111 8.000000 2.000000
9.000000 1.000000 2.000000 4.000000
0.125000 0.500000 1.000000 1.000000
0.500000 0.250000 1.000000 1.000000

Matrix 4084:
1.000000 1.000000 4.000000 1.000000
1.000000 1.000000 0.500000 2.000000
0.250000 2.000000 1.000000 0.111111
1.000000 0.500000 9.000000 1.000000

Matrix 4085:
1.000000 0.250000 3.000000 7.000000
4.000000 1.000000 2.000000 9.000000
0.333333 0.500000 1.000000 0.125000
0.142857 0.111111 8.000000 1.000000

Matrix 4086:
1.000000 9.000000 6.000000 0.200000
0.111111 1.000000 3.000000 0.250000
0.166667 0.333333 1.000000 0.333333
5.000000 4.000000 3.000000 1.000000

Matrix 4087:
1.000000 7.000000 0.125000 4.000000
0.142857 1.000000 0.142857 2.000000
8.000000 7.000000 1.000000 4.000000
0.250000 0.500000 0.250000 1.000000

Matrix 4088:
1.000000 0.166667 9.000000 3.000000
6.000000 1.000000 1.000000 4.000000
0.111111 1.000000 1.000000 7.000000
0.333333 0.250000 0.142857 1.000000

Matrix 4089:
1.000000 9.000000 1.000000 1.000000
0.111111 1.000000 2.000000 1.000000
1.000000 0.500000 1.000000 0.142857
1.000000 1.000000 7.000000 1.000000

Matrix 4090:
1.000000 1.000000 9.000000 1.000000
1.000000 1.000000 3.000000 1.000000
0.111111 0.333333 1.000000 5.000000
1.000000 1.000000 0.200000 1.000000

Matrix 4091:
1.000000 0.166667 0.142857 0.500000
6.000000 1.000000 6.000000 3.000000
7.000000 0.166667 1.000000 0.142857
2.000000 0.333333 7.000000 1.000000

Matrix 4092:
1.000000 0.142857 0.111111 1.000000
7.000000 1.000000 3.000000 9.000000
9.000000 0.333333 1.000000 0.250000
1.000000 0.111111 4.000000 1.000000

Matrix 4093:
1.000000 0.142857 0.142857 0.111111
7.000000 1.000000 0.142857 1.000000
7.000000 7.000000 1.000000 9.000000
9.000000 1.000000 0.111111 1.000000

Matrix 4094:
1.000000 8.000000 8.000000 8.000000
0.125000 1.000000 0.250000 6.000000
0.125000 4.000000 1.000000 5.000000
0.125000 0.166667 0.200000 1.000000

Matrix 4095:
1.000000 0.142857 0.250000 0.142857
7.000000 1.000000 1.000000 0.111111
4.000000 1.000000 1.000000 6.000000
7.000000 9.000000 0.166667 1.000000

Matrix 4096:
1.000000 0.166667 0.333333 0.142857
6.000000 1.000000 0.200000 0.142857
3.000000 5.000000 1.000000 2.000000
7.000000 7.000000 0.500000 1.000000

Matrix 4097:
1.000000 0.333333 0.200000 0.500000
3.000000 1.000000 0.500000 7.000000
5.000000 2.000000 1.000000 0.250000
2.000000 0.142857 4.000000 1.000000

Matrix 4098:
1.000000 0.142857 2.000000 9.000000
7.000000 1.000000 6.000000 7.000000
0.500000 0.166667 1.000000 5.000000
0.111111 0.142857 0.200000 1.000000

Matrix 4099:
1.000000 0.166667 0.125000 0.500000
6.000000 1.000000 4.000000 1.000000
8.000000 0.250000 1.000000 4.000000
2.000000 1.000000 0.250000 1.000000

Matrix 4100:
1.000000 4.000000 8.000000 3.000000
0.250000 1.000000 2.000000 0.333333
0.125000 0.500000 1.000000 1.000000
0.333333 3.000000 1.000000 1.000000

Matrix 4101:
1.000000 7.000000 9.000000 1.000000
0.142857 1.000000 0.111111 1.000000
0.111111 9.000000 1.000000 2.000000
1.000000 1.000000 0.500000 1.000000

Matrix 4102:
1.000000 0.142857 4.000000 0.125000
7.000000 1.000000 0.500000 0.111111
0.250000 2.000000 1.000000 0.142857
8.000000 9.000000 7.000000 1.000000

Matrix 4103:
1.000000 3.000000 5.000000 0.200000
0.333333 1.000000 7.000000 3.000000
0.200000 0.142857 1.000000 1.000000
5.000000 0.333333 1.000000 1.000000

Matrix 4104:
1.000000 3.000000 1.000000 0.200000
0.333333 1.000000 7.000000 1.000000
1.000000 0.142857 1.000000 0.142857
5.000000 1.000000 7.000000 1.000000

Matrix 4105:
1.000000 8.000000 0.142857 0.125000
0.125000 1.000000 0.250000 0.333333
7.000000 4.000000 1.000000 0.333333
8.000000 3.000000 3.000000 1.000000

Matrix 4106:
1.000000 0.200000 0.250000 0.333333
5.000000 1.000000 0.111111 0.142857
4.000000 9.000000 1.000000 9.000000
3.000000 7.000000 0.111111 1.000000

Matrix 4107:
1.000000 9.000000 4.000000 1.000000
0.111111 1.000000 7.000000 5.000000
0.250000 0.142857 1.000000 0.200000
1.000000 0.200000 5.000000 1.000000

Matrix 4108:
1.000000 9.000000 0.200000 0.200000
0.111111 1.000000 0.250000 0.125000
5.000000 4.000000 1.000000 5.000000
5.000000 8.000000 0.200000 1.000000

Matrix 4109:
1.000000 0.142857 0.166667 8.000000
7.000000 1.000000 0.500000 4.000000
6.000000 2.000000 1.000000 6.000000
0.125000 0.250000 0.166667 1.000000

Matrix 4110:
1.000000 7.000000 7.000000 7.000000
0.142857 1.000000 4.000000 0.111111
0.142857 0.250000 1.000000 0.500000
0.142857 9.000000 2.000000 1.000000

Matrix 4111:
1.000000 0.166667 0.142857 0.333333
6.000000 1.000000 0.500000 0.250000
7.000000 2.000000 1.000000 2.000000
3.000000 4.000000 0.500000 1.000000

Matrix 4112:
1.000000 1.000000 0.142857 0.250000
1.000000 1.000000 1.000000 1.000000
7.000000 1.000000 1.000000 0.166667
4.000000 1.000000 6.000000 1.000000

Matrix 4113:
1.000000 0.333333 0.166667 0.111111
3.000000 1.000000 2.000000 1.000000
6.000000 0.500000 1.000000 7.000000
9.000000 1.000000 0.142857 1.000000

Matrix 4114:
1.000000 0.200000 1.000000 0.125000
5.000000 1.000000 0.333333 1.000000
1.000000 3.000000 1.000000 0.250000
8.000000 1.000000 4.000000 1.000000

Matrix 4115:
1.000000 6.000000 9.000000 9.000000
0.166667 1.000000 0.200000 5.000000
0.111111 5.000000 1.000000 4.000000
0.111111 0.200000 0.250000 1.000000

Matrix 4116:
1.000000 0.125000 7.000000 1.000000
8.000000 1.000000 2.000000 5.000000
0.142857 0.500000 1.000000 4.000000
1.000000 0.200000 0.250000 1.000000

Matrix 4117:
1.000000 0.333333 0.166667 0.250000
3.000000 1.000000 1.000000 0.125000
6.000000 1.000000 1.000000 0.333333
4.000000 8.000000 3.000000 1.000000

Matrix 4118:
1.000000 0.142857 2.000000 0.200000
7.000000 1.000000 8.000000 0.200000
0.500000 0.125000 1.000000 0.111111
5.000000 5.000000 9.000000 1.000000

Matrix 4119:
1.000000 0.142857 0.200000 7.000000
7.000000 1.000000 0.125000 6.000000
5.000000 8.000000 1.000000 2.000000
0.142857 0.166667 0.500000 1.000000

Matrix 4120:
1.000000 3.000000 0.333333 2.000000
0.333333 1.000000 1.000000 1.000000
3.000000 1.000000 1.000000 0.125000
0.500000 1.000000 8.000000 1.000000

Matrix 4121:
1.000000 1.000000 6.000000 4.000000
1.000000 1.000000 7.000000 1.000000
0.166667 0.142857 1.000000 2.000000
0.250000 1.000000 0.500000 1.000000

Matrix 4122:
1.000000 0.111111 0.111111 0.333333
9.000000 1.000000 0.166667 9.000000
9.000000 6.000000 1.000000 9.000000
3.000000 0.111111 0.111111 1.000000

Matrix 4123:
1.000000 0.111111 0.111111 0.125000
9.000000 1.000000 0.125000 2.000000
9.000000 8.000000 1.000000 0.250000
8.000000 0.500000 4.000000 1.000000

Matrix 4124:
1.000000 0.250000 6.000000 1.000000
4.000000 1.000000 0.500000 0.500000
0.166667 2.000000 1.000000 1.000000
1.000000 2.000000 1.000000 1.000000

Matrix 4125:
1.000000 1.000000 6.000000 0.166667
1.000000 1.000000 0.166667 0.250000
0.166667 6.000000 1.000000 0.250000
6.000000 4.000000 4.000000 1.000000

Matrix 4126:
1.000000 0.333333 0.333333 0.200000
3.000000 1.000000 0.250000 9.000000
3.000000 4.000000 1.000000 4.000000
5.000000 0.111111 0.250000 1.000000

Matrix 4127:
1.000000 9.000000 0.200000 4.000000
0.111111 1.000000 0.333333 0.111111
5.000000 3.000000 1.000000 0.500000
0.250000 9.000000 2.000000 1.000000

Matrix 4128:
1.000000 9.000000 6.000000 0.500000
0.111111 1.000000 0.142857 0.333333
0.166667 7.000000 1.000000 5.000000
2.000000 3.000000 0.200000 1.000000

Matrix 4129:
1.000000 3.000000 0.250000 0.250000
0.333333 1.000000 1.000000 0.111111
4.000000 1.000000 1.000000 6.000000
4.000000 9.000000 0.166667 1.000000

Matrix 4130:
1.000000 0.111111 0.125000 5.000000
9.000000 1.000000 8.000000 9.000000
8.000000 0.125000 1.000000 4.000000
0.200000 0.111111 0.250000 1.000000

Matrix 4131:
1.000000 0.200000 0.250000 0.125000
5.000000 1.000000 0.166667 0.500000
4.000000 6.000000 1.000000 0.125000
8.000000 2.000000 8.000000 1.000000

Matrix 4132:
1.000000 0.250000 0.111111 1.000000
4.000000 1.000000 3.000000 9.000000
9.000000 0.333333 1.000000 1.000000
1.000000 0.111111 1.000000 1.000000

Matrix 4133:
1.000000 6.000000 5.000000 6.000000
0.166667 1.000000 8.000000 8.000000
0.200000 0.125000 1.000000 0.250000
0.166667 0.125000 4.000000 1.000000

Matrix 4134:
1.000000 0.250000 4.000000 1.000000
4.000000 1.000000 1.000000 3.000000
0.250000 1.000000 1.000000 0.333333
1.000000 0.333333 3.000000 1.000000

Matrix 4135:
1.000000 0.142857 0.142857 4.000000
7.000000 1.000000 4.000000 6.000000
7.000000 0.250000 1.000000 1.000000
0.250000 0.166667 1.000000 1.000000

Matrix 4136:
1.000000 1.000000 0.500000 0.166667
1.000000 1.000000 1.000000 3.000000
2.000000 1.000000 1.000000 0.333333
6.000000 0.333333 3.000000 1.000000

Matrix 4137:
1.000000 0.500000 0.125000 0.125000
2.000000 1.000000 3.000000 0.166667
8.000000 0.333333 1.000000 4.000000
8.000000 6.000000 0.250000 1.000000

Matrix 4138:
1.000000 4.000000 3.000000 8.000000
0.250000 1.000000 1.000000 0.142857
0.333333 1.000000 1.000000 0.166667
0.125000 7.000000 6.000000 1.000000

Matrix 4139:
1.000000 0.200000 0.125000 0.500000
5.000000 1.000000 9.000000 2.000000
8.000000 0.111111 1.000000 0.500000
2.000000 0.500000 2.000000 1.000000

Matrix 4140:
1.000000 0.142857 0.250000 0.142857
7.000000 1.000000 0.250000 0.166667
4.000000 4.000000 1.000000 0.500000
7.000000 6.000000 2.000000 1.000000

Matrix 4141:
1.000000 6.000000 6.000000 1.000000
0.166667 1.000000 0.500000 6.000000
0.166667 2.000000 1.000000 0.333333
1.000000 0.166667 3.000000 1.000000

Matrix 4142:
1.000000 1.000000 6.000000 0.250000
1.000000 1.000000 4.000000 1.000000
0.166667 0.250000 1.000000 1.000000
4.000000 1.000000 1.000000 1.000000

Matrix 4143:
1.000000 0.200000 0.111111 1.000000
5.000000 1.000000 7.000000 5.000000
9.000000 0.142857 1.000000 2.000000
1.000000 0.200000 0.500000 1.000000

Matrix 4144:
1.000000 8.000000 1.000000 6.000000
0.125000 1.000000 0.200000 0.111111
1.000000 5.000000 1.000000 0.333333
0.166667 9.000000 3.000000 1.000000

Matrix 4145:
1.000000 5.000000 5.000000 8.000000
0.200000 1.000000 6.000000 2.000000
0.200000 0.166667 1.000000 0.142857
0.125000 0.500000 7.000000 1.000000

Matrix 4146:
1.000000 0.200000 0.250000 1.000000
5.000000 1.000000 2.000000 0.166667
4.000000 0.500000 1.000000 2.000000
1.000000 6.000000 0.500000 1.000000

Matrix 4147:
1.000000 9.000000 0.200000 0.142857
0.111111 1.000000 0.125000 0.333333
5.000000 8.000000 1.000000 0.166667
7.000000 3.000000 6.000000 1.000000

Matrix 4148:
1.000000 1.000000 0.333333 0.500000
1.000000 1.000000 0.125000 0.125000
3.000000 8.000000 1.000000 0.333333
2.000000 8.000000 3.000000 1.000000

Matrix 4149:
1.000000 7.000000 0.250000 1.000000
0.142857 1.000000 0.333333 0.333333
4.000000 3.000000 1.000000 0.500000
1.000000 3.000000 2.000000 1.000000

Matrix 4150:
1.000000 0.200000 4.000000 0.142857
5.000000 1.000000 2.000000 2.000000
0.250000 0.500000 1.000000 0.166667
7.000000 0.500000 6.000000 1.000000

Matrix 4151:
1.000000 9.000000 8.000000 6.000000
0.111111 1.000000 5.000000 0.125000
0.125000 0.200000 1.000000 2.000000
0.166667 8.000000 0.500000 1.000000

Matrix 4152:
1.000000 5.000000 2.000000 3.000000
0.200000 1.000000 0.166667 1.000000
0.500000 6.000000 1.000000 0.125000
0.333333 1.000000 8.000000 1.000000

Matrix 4153:
1.000000 8.000000 0.166667 1.000000
0.125000 1.000000 0.125000 0.200000
6.000000 8.000000 1.000000 0.111111
1.000000 5.000000 9.000000 1.000000

Matrix 4154:
1.000000 0.500000 0.142857 3.000000
2.000000 1.000000 7.000000 7.000000
7.000000 0.142857 1.000000 7.000000
0.333333 0.142857 0.142857 1.000000

Matrix 4155:
1.000000 4.000000 0.125000 0.333333
0.250000 1.000000 0.125000 0.250000
8.000000 8.000000 1.000000 7.000000
3.000000 4.000000 0.142857 1.000000

Matrix 4156:
1.000000 0.333333 0.125000 9.000000
3.000000 1.000000 0.250000 5.000000
8.000000 4.000000 1.000000 5.000000
0.111111 0.200000 0.200000 1.000000

Matrix 4157:
1.000000 8.000000 0.166667 1.000000
0.125000 1.000000 0.125000 0.125000
6.000000 8.000000 1.000000 0.166667
1.000000 8.000000 6.000000 1.000000

Matrix 4158:
1.000000 0.142857 0.166667 0.333333
7.000000 1.000000 0.142857 0.142857
6.000000 7.000000 1.000000 5.000000
3.000000 7.000000 0.200000 1.000000

Matrix 4159:
1.000000 0.125000 0.200000 0.333333
8.000000 1.000000 2.000000 1.000000
5.000000 0.500000 1.000000 4.000000
3.000000 1.000000 0.250000 1.000000

Matrix 4160:
1.000000 5.000000 0.333333 7.000000
0.200000 1.000000 5.000000 9.000000
3.000000 0.200000 1.000000 3.000000
0.142857 0.111111 0.333333 1.000000

Matrix 4161:
1.000000 0.142857 1.000000 0.250000
7.000000 1.000000 1.000000 0.333333
1.000000 1.000000 1.000000 4.000000
4.000000 3.000000 0.250000 1.000000

Matrix 4162:
1.000000 0.250000 0.111111 0.250000
4.000000 1.000000 1.000000 7.000000
9.000000 1.000000 1.000000 2.000000
4.000000 0.142857 0.500000 1.000000

Matrix 4163:
1.000000 7.000000 7.000000 3.000000
0.142857 1.000000 5.000000 5.000000
0.142857 0.200000 1.000000 0.333333
0.333333 0.200000 3.000000 1.000000

Matrix 4164:
1.000000 0.125000 6.000000 0.333333
8.000000 1.000000 9.000000 2.000000
0.166667 0.111111 1.000000 2.000000
3.000000 0.500000 0.500000 1.000000

Matrix 4165:
1.000000 0.125000 7.000000 8.000000
8.000000 1.000000 2.000000 9.000000
0.142857 0.500000 1.000000 6.000000
0.125000 0.111111 0.166667 1.000000

Matrix 4166:
1.000000 6.000000 0.111111 0.166667
0.166667 1.000000 0.200000 0.333333
9.000000 5.000000 1.000000 9.000000
6.000000 3.000000 0.111111 1.000000

Matrix 4167:
1.000000 3.000000 0.250000 0.111111
0.333333 1.000000 4.000000 0.250000
4.000000 0.250000 1.000000 0.250000
9.000000 4.000000 4.000000 1.000000

Matrix 4168:
1.000000 4.000000 1.000000 5.000000
0.250000 1.000000 7.000000 6.000000
1.000000 0.142857 1.000000 0.166667
0.200000 0.166667 6.000000 1.000000

Matrix 4169:
1.000000 0.142857 1.000000 4.000000
7.000000 1.000000 3.000000 8.000000
1.000000 0.333333 1.000000 0.111111
0.250000 0.125000 9.000000 1.000000

Matrix 4170:
1.000000 1.000000 0.125000 0.333333
1.000000 1.000000 6.000000 6.000000
8.000000 0.166667 1.000000 4.000000
3.000000 0.166667 0.250000 1.000000

Matrix 4171:
1.000000 0.500000 9.000000 0.166667
2.000000 1.000000 1.000000 1.000000
0.111111 1.000000 1.000000 0.250000
6.000000 1.000000 4.000000 1.000000

Matrix 4172:
1.000000 7.000000 4.000000 3.000000
0.142857 1.000000 0.200000 1.000000
0.250000 5.000000 1.000000 1.000000
0.333333 1.000000 1.000000 1.000000

Matrix 4173:
1.000000 0.500000 8.000000 5.000000
2.000000 1.000000 6.000000 7.000000
0.125000 0.166667 1.000000 0.142857
0.200000 0.142857 7.000000 1.000000

Matrix 4174:
1.000000 1.000000 0.166667 1.000000
1.000000 1.000000 1.000000 0.111111
6.000000 1.000000 1.000000 1.000000
1.000000 9.000000 1.000000 1.000000

Matrix 4175:
1.000000 0.142857 0.500000 0.125000
7.000000 1.000000 1.000000 2.000000
2.000000 1.000000 1.000000 8.000000
8.000000 0.500000 0.125000 1.000000

Matrix 4176:
1.000000 0.111111 0.142857 0.142857
9.000000 1.000000 8.000000 8.000000
7.000000 0.125000 1.000000 1.000000
7.000000 0.125000 1.000000 1.000000

Matrix 4177:
1.000000 5.000000 5.000000 1.000000
0.200000 1.000000 4.000000 0.500000
0.200000 0.250000 1.000000 1.000000
1.000000 2.000000 1.000000 1.000000

Matrix 4178:
1.000000 0.166667 4.000000 4.000000
6.000000 1.000000 6.000000 2.000000
0.250000 0.166667 1.000000 5.000000
0.250000 0.500000 0.200000 1.000000

Matrix 4179:
1.000000 5.000000 0.111111 5.000000
0.200000 1.000000 0.333333 6.000000
9.000000 3.000000 1.000000 8.000000
0.200000 0.166667 0.125000 1.000000

Matrix 4180:
1.000000 7.000000 0.333333 6.000000
0.142857 1.000000 0.250000 4.000000
3.000000 4.000000 1.000000 5.000000
0.166667 0.250000 0.200000 1.000000

Matrix 4181:
1.000000 9.000000 0.500000 7.000000
0.111111 1.000000 0.111111 0.125000
2.000000 9.000000 1.000000 9.000000
0.142857 8.000000 0.111111 1.000000

Matrix 4182:
1.000000 7.000000 0.250000 0.250000
0.142857 1.000000 0.166667 0.111111
4.000000 6.000000 1.000000 0.333333
4.000000 9.000000 3.000000 1.000000

Matrix 4183:
1.000000 4.000000 0.250000 1.000000
0.250000 1.000000 0.500000 0.125000
4.000000 2.000000 1.000000 1.000000
1.000000 8.000000 1.000000 1.000000

Matrix 4184:
1.000000 0.333333 0.166667 0.166667
3.000000 1.000000 3.000000 3.000000
6.000000 0.333333 1.000000 0.166667
6.000000 0.333333 6.000000 1.000000

Matrix 4185:
1.000000 1.000000 1.000000 0.333333
1.000000 1.000000 1.000000 3.000000
1.000000 1.000000 1.000000 0.142857
3.000000 0.333333 7.000000 1.000000

Matrix 4186:
1.000000 9.000000 5.000000 2.000000
0.111111 1.000000 6.000000 9.000000
0.200000 0.166667 1.000000 0.200000
0.500000 0.111111 5.000000 1.000000

Matrix 4187:
1.000000 0.142857 0.333333 7.000000
7.000000 1.000000 1.000000 4.000000
3.000000 1.000000 1.000000 1.000000
0.142857 0.250000 1.000000 1.000000

Matrix 4188:
1.000000 0.500000 3.000000 2.000000
2.000000 1.000000 0.333333 2.000000
0.333333 3.000000 1.000000 4.000000
0.500000 0.500000 0.250000 1.000000

Matrix 4189:
1.000000 0.250000 2.000000 0.200000
4.000000 1.000000 9.000000 0.125000
0.500000 0.111111 1.000000 1.000000
5.000000 8.000000 1.000000 1.000000

Matrix 4190:
1.000000 4.000000 2.000000 1.000000
0.250000 1.000000 3.000000 4.000000
0.500000 0.333333 1.000000 8.000000
1.000000 0.250000 0.125000 1.000000

Matrix 4191:
1.000000 0.166667 1.000000 0.250000
6.000000 1.000000 3.000000 0.200000
1.000000 0.333333 1.000000 0.111111
4.000000 5.000000 9.000000 1.000000

Matrix 4192:
1.000000 0.500000 0.166667 7.000000
2.000000 1.000000 0.111111 1.000000
6.000000 9.000000 1.000000 2.000000
0.142857 1.000000 0.500000 1.000000

Matrix 4193:
1.000000 0.125000 0.333333 0.333333
8.000000 1.000000 6.000000 4.000000
3.000000 0.166667 1.000000 7.000000
3.000000 0.250000 0.142857 1.000000

Matrix 4194:
1.000000 0.250000 4.000000 1.000000
4.000000 1.000000 8.000000 4.000000
0.250000 0.125000 1.000000 5.000000
1.000000 0.250000 0.200000 1.000000

Matrix 4195:
1.000000 0.142857 0.125000 0.142857
7.000000 1.000000 6.000000 0.250000
8.000000 0.166667 1.000000 0.166667
7.000000 4.000000 6.000000 1.000000

Matrix 4196:
1.000000 5.000000 0.125000 1.000000
0.200000 1.000000 0.250000 0.200000
8.000000 4.000000 1.000000 0.333333
1.000000 5.000000 3.000000 1.000000

Matrix 4197:
1.000000 8.000000 0.142857 5.000000
0.125000 1.000000 0.166667 0.111111
7.000000 6.000000 1.000000 7.000000
0.200000 9.000000 0.142857 1.000000

Matrix 4198:
1.000000 0.200000 5.000000 4.000000
5.000000 1.000000 7.000000 0.333333
0.200000 0.142857 1.000000 0.333333
0.250000 3.000000 3.000000 1.000000

Matrix 4199:
1.000000 0.200000 0.333333 0.500000
5.000000 1.000000 1.000000 0.125000
3.000000 1.000000 1.000000 1.000000
2.000000 8.000000 1.000000 1.000000

Matrix 4200:
1.000000 0.125000 0.125000 0.125000
8.000000 1.000000 8.000000 0.166667
8.000000 0.125000 1.000000 0.166667
8.000000 6.000000 6.000000 1.000000

Matrix 4201:
1.000000 0.111111 1.000000 1.000000
9.000000 1.000000 7.000000 2.000000
1.000000 0.142857 1.000000 6.000000
1.000000 0.500000 0.166667 1.000000

Matrix 4202:
1.000000 8.000000 0.125000 0.166667
0.125000 1.000000 0.250000 0.111111
8.000000 4.000000 1.000000 0.333333
6.000000 9.000000 3.000000 1.000000

Matrix 4203:
1.000000 5.000000 8.000000 7.000000
0.200000 1.000000 0.142857 0.250000
0.125000 7.000000 1.000000 1.000000
0.142857 4.000000 1.000000 1.000000

Matrix 4204:
1.000000 0.111111 0.125000 0.333333
9.000000 1.000000 2.000000 0.200000
8.000000 0.500000 1.000000 4.000000
3.000000 5.000000 0.250000 1.000000

Matrix 4205:
1.000000 8.000000 8.000000 6.000000
0.125000 1.000000 0.111111 2.000000
0.125000 9.000000 1.000000 9.000000
0.166667 0.500000 0.111111 1.000000

Matrix 4206:
1.000000 0.166667 0.500000 0.333333
6.000000 1.000000 7.000000 9.000000
2.000000 0.142857 1.000000 9.000000
3.000000 0.111111 0.111111 1.000000

Matrix 4207:
1.000000 0.111111 1.000000 4.000000
9.000000 1.000000 5.000000 3.000000
1.000000 0.200000 1.000000 8.000000
0.250000 0.333333 0.125000 1.000000

Matrix 4208:
1.000000 9.000000 5.000000 2.000000
0.111111 1.000000 0.333333 6.000000
0.200000 3.000000 1.000000 1.000000
0.500000 0.166667 1.000000 1.000000

Matrix 4209:
1.000000 1.000000 0.111111 0.333333
1.000000 1.000000 3.000000 8.000000
9.000000 0.333333 1.000000 7.000000
3.000000 0.125000 0.142857 1.000000

Matrix 4210:
1.000000 1.000000 9.000000 4.000000
1.000000 1.000000 0.250000 5.000000
0.111111 4.000000 1.000000 8.000000
0.250000 0.200000 0.125000 1.000000

Matrix 4211:
1.000000 5.000000 1.000000 8.000000
0.200000 1.000000 0.125000 8.000000
1.000000 8.000000 1.000000 6.000000
0.125000 0.125000 0.166667 1.000000

Matrix 4212:
1.000000 0.333333 1.000000 0.500000
3.000000 1.000000 0.142857 0.142857
1.000000 7.000000 1.000000 0.142857
2.000000 7.000000 7.000000 1.000000

Matrix 4213:
1.000000 0.500000 0.333333 0.333333
2.000000 1.000000 0.500000 6.000000
3.000000 2.000000 1.000000 9.000000
3.000000 0.166667 0.111111 1.000000

Matrix 4214:
1.000000 0.333333 0.333333 0.250000
3.000000 1.000000 2.000000 0.142857
3.000000 0.500000 1.000000 3.000000
4.000000 7.000000 0.333333 1.000000

Matrix 4215:
1.000000 1.000000 2.000000 8.000000
1.000000 1.000000 0.111111 0.200000
0.500000 9.000000 1.000000 1.000000
0.125000 5.000000 1.000000 1.000000

Matrix 4216:
1.000000 3.000000 1.000000 0.125000
0.333333 1.000000 0.166667 0.166667
1.000000 6.000000 1.000000 9.000000
8.000000 6.000000 0.111111 1.000000

Matrix 4217:
1.000000 9.000000 1.000000 1.000000
0.111111 1.000000 6.000000 1.000000
1.000000 0.166667 1.000000 2.000000
1.000000 1.000000 0.500000 1.000000

Matrix 4218:
1.000000 0.111111 0.333333 5.000000
9.000000 1.000000 5.000000 9.000000
3.000000 0.200000 1.000000 3.000000
0.200000 0.111111 0.333333 1.000000

Matrix 4219:
1.000000 0.200000 4.000000 0.200000
5.000000 1.000000 0.333333 0.200000
0.250000 3.000000 1.000000 0.333333
5.000000 5.000000 3.000000 1.000000

Matrix 4220:
1.000000 3.000000 1.000000 0.166667
0.333333 1.000000 0.500000 0.200000
1.000000 2.000000 1.000000 6.000000
6.000000 5.000000 0.166667 1.000000

Matrix 4221:
1.000000 0.142857 1.000000 0.200000
7.000000 1.000000 0.125000 0.250000
1.000000 8.000000 1.000000 1.000000
5.000000 4.000000 1.000000 1.000000

Matrix 4222:
1.000000 7.000000 2.000000 1.000000
0.142857 1.000000 0.125000 1.000000
0.500000 8.000000 1.000000 0.250000
1.000000 1.000000 4.000000 1.000000

Matrix 4223:
1.000000 5.000000 7.000000 0.333333
0.200000 1.000000 4.000000 0.142857
0.142857 0.250000 1.000000 0.200000
3.000000 7.000000 5.000000 1.000000

Matrix 4224:
1.000000 0.333333 3.000000 0.166667
3.000000 1.000000 1.000000 0.200000
0.333333 1.000000 1.000000 0.333333
6.000000 5.000000 3.000000 1.000000

Matrix 4225:
1.000000 9.000000 0.200000 3.000000
0.111111 1.000000 1.000000 6.000000
5.000000 1.000000 1.000000 8.000000
0.333333 0.166667 0.125000 1.000000

Matrix 4226:
1.000000 0.111111 5.000000 3.000000
9.000000 1.000000 9.000000 6.000000
0.200000 0.111111 1.000000 0.250000
0.333333 0.166667 4.000000 1.000000

Matrix 4227:
1.000000 9.000000 1.000000 4.000000
0.111111 1.000000 1.000000 3.000000
1.000000 1.000000 1.000000 0.250000
0.250000 0.333333 4.000000 1.000000

Matrix 4228:
1.000000 8.000000 0.142857 0.333333
0.125000 1.000000 0.111111 1.000000
7.000000 9.000000 1.000000 8.000000
3.000000 1.000000 0.125000 1.000000

Matrix 4229:
1.000000 0.166667 0.500000 6.000000
6.000000 1.000000 1.000000 5.000000
2.000000 1.000000 1.000000 1.000000
0.166667 0.200000 1.000000 1.000000

Matrix 4230:
1.000000 5.000000 5.000000 0.500000
0.200000 1.000000 0.333333 0.333333
0.200000 3.000000 1.000000 1.000000
2.000000 3.000000 1.000000 1.000000

Matrix 4231:
1.000000 0.111111 5.000000 5.000000
9.000000 1.000000 5.000000 4.000000
0.200000 0.200000 1.000000 4.000000
0.200000 0.250000 0.250000 1.000000

Matrix 4232:
1.000000 2.000000 1.000000 0.142857
0.500000 1.000000 2.000000 2.000000
1.000000 0.500000 1.000000 3.000000
7.000000 0.500000 0.333333 1.000000

Matrix 4233:
1.000000 7.000000 0.500000 0.500000
0.142857 1.000000 0.250000 0.111111
2.000000 4.000000 1.000000 6.000000
2.000000 9.000000 0.166667 1.000000

Matrix 4234:
1.000000 1.000000 0.500000 7.000000
1.000000 1.000000 0.333333 5.000000
2.000000 3.000000 1.000000 2.000000
0.142857 0.200000 0.500000 1.000000

Matrix 4235:
1.000000 0.166667 0.125000 3.000000
6.000000 1.000000 0.333333 1.000000
8.000000 3.000000 1.000000 1.000000
0.333333 1.000000 1.000000 1.000000

Matrix 4236:
1.000000 0.500000 0.250000 0.333333
2.000000 1.000000 7.000000 4.000000
4.000000 0.142857 1.000000 2.000000
3.000000 0.250000 0.500000 1.000000

Matrix 4237:
1.000000 0.166667 1.000000 4.000000
6.000000 1.000000 1.000000 4.000000
1.000000 1.000000 1.000000 0.200000
0.250000 0.250000 5.000000 1.000000

Matrix 4238:
1.000000 0.250000 2.000000 0.333333
4.000000 1.000000 0.166667 0.333333
0.500000 6.000000 1.000000 3.000000
3.000000 3.000000 0.333333 1.000000

Matrix 4239:
1.000000 3.000000 0.125000 5.000000
0.333333 1.000000 0.111111 3.000000
8.000000 9.000000 1.000000 1.000000
0.200000 0.333333 1.000000 1.000000

Matrix 4240:
1.000000 2.000000 7.000000 0.500000
0.500000 1.000000 8.000000 4.000000
0.142857 0.125000 1.000000 1.000000
2.000000 0.250000 1.000000 1.000000

Matrix 4241:
1.000000 0.142857 1.000000 3.000000
7.000000 1.000000 2.000000 0.333333
1.000000 0.500000 1.000000 0.333333
0.333333 3.000000 3.000000 1.000000

Matrix 4242:
1.000000 8.000000 1.000000 7.000000
0.125000 1.000000 0.111111 5.000000
1.000000 9.000000 1.000000 5.000000
0.142857 0.200000 0.200000 1.000000

Matrix 4243:
1.000000 1.000000 0.111111 9.000000
1.000000 1.000000 0.142857 0.200000
9.000000 7.000000 1.000000 3.000000
0.111111 5.000000 0.333333 1.000000

Matrix 4244:
1.000000 0.166667 0.142857 4.000000
6.000000 1.000000 0.250000 2.000000
7.000000 4.000000 1.000000 1.000000
0.250000 0.500000 1.000000 1.000000

Matrix 4245:
1.000000 2.000000 1.000000 7.000000
0.500000 1.000000 4.000000 6.000000
1.000000 0.250000 1.000000 0.142857
0.142857 0.166667 7.000000 1.000000

Matrix 4246:
1.000000 1.000000 3.000000 0.250000
1.000000 1.000000 1.000000 1.000000
0.333333 1.000000 1.000000 1.000000
4.000000 1.000000 1.000000 1.000000

Matrix 4247:
1.000000 8.000000 0.125000 0.111111
0.125000 1.000000 0.250000 0.250000
8.000000 4.000000 1.000000 1.000000
9.000000 4.000000 1.000000 1.000000

Matrix 4248:
1.000000 0.125000 0.200000 1.000000
8.000000 1.000000 7.000000 1.000000
5.000000 0.142857 1.000000 0.250000
1.000000 1.000000 4.000000 1.000000

Matrix 4249:
1.000000 9.000000 3.000000 9.000000
0.111111 1.000000 3.000000 0.500000
0.333333 0.333333 1.000000 0.166667
0.111111 2.000000 6.000000 1.000000

Matrix 4250:
1.000000 0.333333 3.000000 7.000000
3.000000 1.000000 0.200000 8.000000
0.333333 5.000000 1.000000 9.000000
0.142857 0.125000 0.111111 1.000000

Matrix 4251:
1.000000 0.142857 0.333333 0.250000
7.000000 1.000000 0.200000 0.500000
3.000000 5.000000 1.000000 3.000000
4.000000 2.000000 0.333333 1.000000

Matrix 4252:
1.000000 6.000000 1.000000 3.000000
0.166667 1.000000 8.000000 1.000000
1.000000 0.125000 1.000000 1.000000
0.333333 1.000000 1.000000 1.000000

Matrix 4253:
1.000000 0.111111 9.000000 9.000000
9.000000 1.000000 3.000000 9.000000
0.111111 0.333333 1.000000 9.000000
0.111111 0.111111 0.111111 1.000000

Matrix 4254:
1.000000 8.000000 1.000000 0.333333
0.125000 1.000000 0.166667 0.125000
1.000000 6.000000 1.000000 8.000000
3.000000 8.000000 0.125000 1.000000

Matrix 4255:
1.000000 5.000000 8.000000 0.500000
0.200000 1.000000 0.125000 0.142857
0.125000 8.000000 1.000000 0.111111
2.000000 7.000000 9.000000 1.000000

Matrix 4256:
1.000000 0.500000 0.200000 1.000000
2.000000 1.000000 0.142857 1.000000
5.000000 7.000000 1.000000 0.166667
1.000000 1.000000 6.000000 1.000000

Matrix 4257:
1.000000 8.000000 0.250000 0.333333
0.125000 1.000000 1.000000 0.200000
4.000000 1.000000 1.000000 2.000000
3.000000 5.000000 0.500000 1.000000

Matrix 4258:
1.000000 8.000000 1.000000 8.000000
0.125000 1.000000 1.000000 1.000000
1.000000 1.000000 1.000000 0.166667
0.125000 1.000000 6.000000 1.000000

Matrix 4259:
1.000000 1.000000 3.000000 2.000000
1.000000 1.000000 1.000000 0.142857
0.333333 1.000000 1.000000 1.000000
0.500000 7.000000 1.000000 1.000000

Matrix 4260:
1.000000 0.250000 1.000000 1.000000
4.000000 1.000000 0.250000 3.000000
1.000000 4.000000 1.000000 0.250000
1.000000 0.333333 4.000000 1.000000

Matrix 4261:
1.000000 0.200000 0.125000 1.000000
5.000000 1.000000 0.500000 0.166667
8.000000 2.000000 1.000000 0.250000
1.000000 6.000000 4.000000 1.000000

Matrix 4262:
1.000000 0.166667 0.142857 0.111111
6.000000 1.000000 0.166667 1.000000
7.000000 6.000000 1.000000 0.333333
9.000000 1.000000 3.000000 1.000000

Matrix 4263:
1.000000 4.000000 1.000000 7.000000
0.250000 1.000000 0.166667 0.111111
1.000000 6.000000 1.000000 3.000000
0.142857 9.000000 0.333333 1.000000

Matrix 4264:
1.000000 6.000000 0.333333 0.333333
0.166667 1.000000 0.333333 0.200000
3.000000 3.000000 1.000000 9.000000
3.000000 5.000000 0.111111 1.000000

Matrix 4265:
1.000000 8.000000 1.000000 3.000000
0.125000 1.000000 1.000000 2.000000
1.000000 1.000000 1.000000 1.000000
0.333333 0.500000 1.000000 1.000000

Matrix 4266:
1.000000 0.125000 0.111111 0.250000
8.000000 1.000000 0.125000 8.000000
9.000000 8.000000 1.000000 2.000000
4.000000 0.125000 0.500000 1.000000

Matrix 4267:
1.000000 0.142857 2.000000 1.000000
7.000000 1.000000 0.250000 2.000000
0.500000 4.000000 1.000000 2.000000
1.000000 0.500000 0.500000 1.000000

Matrix 4268:
1.000000 7.000000 4.000000 1.000000
0.142857 1.000000 0.125000 0.142857
0.250000 8.000000 1.000000 3.000000
1.000000 7.000000 0.333333 1.000000

Matrix 4269:
1.000000 0.166667 0.200000 3.000000
6.000000 1.000000 6.000000 3.000000
5.000000 0.166667 1.000000 2.000000
0.333333 0.333333 0.500000 1.000000

Matrix 4270:
1.000000 0.166667 0.125000 3.000000
6.000000 1.000000 0.111111 5.000000
8.000000 9.000000 1.000000 3.000000
0.333333 0.200000 0.333333 1.000000

Matrix 4271:
1.000000 0.111111 7.000000 0.200000
9.000000 1.000000 4.000000 5.000000
0.142857 0.250000 1.000000 0.166667
5.000000 0.200000 6.000000 1.000000

Matrix 4272:
1.000000 0.500000 5.000000 8.000000
2.000000 1.000000 8.000000 9.000000
0.200000 0.125000 1.000000 0.111111
0.125000 0.111111 9.000000 1.000000

Matrix 4273:
1.000000 0.111111 0.166667 0.166667
9.000000 1.000000 0.142857 9.000000
6.000000 7.000000 1.000000 8.000000
6.000000 0.111111 0.125000 1.000000

Matrix 4274:
1.000000 0.333333 2.000000 7.000000
3.000000 1.000000 0.500000 4.000000
0.500000 2.000000 1.000000 0.333333
0.142857 0.250000 3.000000 1.000000

Matrix 4275:
1.000000 0.200000 0.111111 0.111111
5.000000 1.000000 1.000000 0.250000
9.000000 1.000000 1.000000 7.000000
9.000000 4.000000 0.142857 1.000000

Matrix 4276:
1.000000 1.000000 9.000000 0.250000
1.000000 1.000000 2.000000 3.000000
0.111111 0.500000 1.000000 0.125000
4.000000 0.333333 8.000000 1.000000

Matrix 4277:
1.000000 0.250000 0.111111 8.000000
4.000000 1.000000 9.000000 9.000000
9.000000 0.111111 1.000000 4.000000
0.125000 0.111111 0.250000 1.000000

Matrix 4278:
1.000000 0.333333 8.000000 1.000000
3.000000 1.000000 1.000000 8.000000
0.125000 1.000000 1.000000 0.500000
1.000000 0.125000 2.000000 1.000000

Matrix 4279:
1.000000 6.000000 7.000000 9.000000
0.166667 1.000000 3.000000 0.142857
0.142857 0.333333 1.000000 0.500000
0.111111 7.000000 2.000000 1.000000

Matrix 4280:
1.000000 7.000000 6.000000 8.000000
0.142857 1.000000 0.142857 4.000000
0.166667 7.000000 1.000000 3.000000
0.125000 0.250000 0.333333 1.000000

Matrix 4281:
1.000000 0.111111 0.250000 0.250000
9.000000 1.000000 7.000000 1.000000
4.000000 0.142857 1.000000 0.111111
4.000000 1.000000 9.000000 1.000000

Matrix 4282:
1.000000 0.142857 8.000000 3.000000
7.000000 1.000000 2.000000 5.000000
0.125000 0.500000 1.000000 5.000000
0.333333 0.200000 0.200000 1.000000

Matrix 4283:
1.000000 0.142857 4.000000 0.250000
7.000000 1.000000 1.000000 0.250000
0.250000 1.000000 1.000000 0.125000
4.000000 4.000000 8.000000 1.000000

Matrix 4284:
1.000000 0.200000 1.000000 1.000000
5.000000 1.000000 1.000000 0.125000
1.000000 1.000000 1.000000 0.200000
1.000000 8.000000 5.000000 1.000000

Matrix 4285:
1.000000 3.000000 5.000000 9.000000
0.333333 1.000000 5.000000 1.000000
0.200000 0.200000 1.000000 4.000000
0.111111 1.000000 0.250000 1.000000

Matrix 4286:
1.000000 1.000000 0.500000 5.000000
1.000000 1.000000 6.000000 8.000000
2.000000 0.166667 1.000000 9.000000
0.200000 0.125000 0.111111 1.000000

Matrix 4287:
1.000000 3.000000 1.000000 3.000000
0.333333 1.000000 0.200000 0.333333
1.000000 5.000000 1.000000 0.200000
0.333333 3.000000 5.000000 1.000000

Matrix 4288:
1.000000 0.250000 5.000000 1.000000
4.000000 1.000000 2.000000 1.000000
0.200000 0.500000 1.000000 1.000000
1.000000 1.000000 1.000000 1.000000

Matrix 4289:
1.000000 7.000000 3.000000 7.000000
0.142857 1.000000 3.000000 0.142857
0.333333 0.333333 1.000000 3.000000
0.142857 7.000000 0.333333 1.000000

Matrix 4290:
1.000000 0.250000 0.333333 9.000000
4.000000 1.000000 9.000000 5.000000
3.000000 0.111111 1.000000 1.000000
0.111111 0.200000 1.000000 1.000000

Matrix 4291:
1.000000 3.000000 3.000000 8.000000
0.333333 1.000000 0.142857 0.125000
0.333333 7.000000 1.000000 0.500000
0.125000 8.000000 2.000000 1.000000

Matrix 4292:
1.000000 0.111111 9.000000 1.000000
9.000000 1.000000 8.000000 1.000000
0.111111 0.125000 1.000000 0.200000
1.000000 1.000000 5.000000 1.000000

Matrix 4293:
1.000000 0.166667 0.111111 7.000000
6.000000 1.000000 0.333333 8.000000
9.000000 3.000000 1.000000 6.000000
0.142857 0.125000 0.166667 1.000000

Matrix 4294:
1.000000 1.000000 5.000000 2.000000
1.000000 1.000000 0.111111 1.000000
0.200000 9.000000 1.000000 0.333333
0.500000 1.000000 3.000000 1.000000

Matrix 4295:
1.000000 3.000000 0.333333 0.111111
0.333333 1.000000 0.500000 2.000000
3.000000 2.000000 1.000000 3.000000
9.000000 0.500000 0.333333 1.000000

Matrix 4296:
1.000000 0.333333 0.111111 0.111111
3.000000 1.000000 5.000000 8.000000
9.000000 0.200000 1.000000 6.000000
9.000000 0.125000 0.166667 1.000000

Matrix 4297:
1.000000 3.000000 2.000000 8.000000
0.333333 1.000000 0.142857 0.111111
0.500000 7.000000 1.000000 1.000000
0.125000 9.000000 1.000000 1.000000

Matrix 4298:
1.000000 0.111111 0.166667 0.500000
9.000000 1.000000 0.125000 0.166667
6.000000 8.000000 1.000000 3.000000
2.000000 6.000000 0.333333 1.000000

Matrix 4299:
1.000000 0.142857 1.000000 0.142857
7.000000 1.000000 4.000000 0.500000
1.000000 0.250000 1.000000 3.000000
7.000000 2.000000 0.333333 1.000000

Matrix 4300:
1.000000 8.000000 0.142857 8.000000
0.125000 1.000000 0.500000 7.000000
7.000000 2.000000 1.000000 7.000000
0.125000 0.142857 0.142857 1.000000

Matrix 4301:
1.000000 0.111111 0.142857 3.000000
9.000000 1.000000 4.000000 1.000000
7.000000 0.250000 1.000000 1.000000
0.333333 1.000000 1.000000 1.000000

Matrix 4302:
1.000000 1.000000 2.000000 0.142857
1.000000 1.000000 0.111111 0.333333
0.500000 9.000000 1.000000 1.000000
7.000000 3.000000 1.000000 1.000000

Matrix 4303:
1.000000 5.000000 3.000000 8.000000
0.200000 1.000000 9.000000 3.000000
0.333333 0.111111 1.000000 0.125000
0.125000 0.333333 8.000000 1.000000

Matrix 4304:
1.000000 9.000000 7.000000 8.000000
0.111111 1.000000 1.000000 0.125000
0.142857 1.000000 1.000000 2.000000
0.125000 8.000000 0.500000 1.000000

Matrix 4305:
1.000000 7.000000 7.000000 1.000000
0.142857 1.000000 0.333333 5.000000
0.142857 3.000000 1.000000 1.000000
1.000000 0.200000 1.000000 1.000000

Matrix 4306:
1.000000 1.000000 7.000000 0.166667
1.000000 1.000000 2.000000 2.000000
0.142857 0.500000 1.000000 0.250000
6.000000 0.500000 4.000000 1.000000

Matrix 4307:
1.000000 0.166667 8.000000 5.000000
6.000000 1.000000 6.000000 4.000000
0.125000 0.166667 1.000000 0.333333
0.200000 0.250000 3.000000 1.000000

Matrix 4308:
1.000000 9.000000 8.000000 7.000000
0.111111 1.000000 0.142857 0.500000
0.125000 7.000000 1.000000 0.333333
0.142857 2.000000 3.000000 1.000000

Matrix 4309:
1.000000 0.250000 0.125000 0.333333
4.000000 1.000000 0.333333 2.000000
8.000000 3.000000 1.000000 0.111111
3.000000 0.500000 9.000000 1.000000

Matrix 4310:
1.000000 4.000000 4.000000 1.000000
0.250000 1.000000 9.000000 0.500000
0.250000 0.111111 1.000000 0.500000
1.000000 2.000000 2.000000 1.000000

Matrix 4311:
1.000000 1.000000 0.166667 2.000000
1.000000 1.000000 0.142857 0.500000
6.000000 7.000000 1.000000 1.000000
0.500000 2.000000 1.000000 1.000000

Matrix 4312:
1.000000 0.333333 8.000000 1.000000
3.000000 1.000000 3.000000 7.000000
0.125000 0.333333 1.000000 0.250000
1.000000 0.142857 4.000000 1.000000

Matrix 4313:
1.000000 1.000000 2.000000 0.125000
1.000000 1.000000 0.111111 1.000000
0.500000 9.000000 1.000000 0.333333
8.000000 1.000000 3.000000 1.000000

Matrix 4314:
1.000000 0.250000 1.000000 4.000000
4.000000 1.000000 1.000000 1.000000
1.000000 1.000000 1.000000 0.500000
0.250000 1.000000 2.000000 1.000000

Matrix 4315:
1.000000 0.333333 0.111111 6.000000
3.000000 1.000000 1.000000 8.000000
9.000000 1.000000 1.000000 4.000000
0.166667 0.125000 0.250000 1.000000

Matrix 4316:
1.000000 0.200000 0.500000 0.111111
5.000000 1.000000 0.125000 1.000000
2.000000 8.000000 1.000000 4.000000
9.000000 1.000000 0.250000 1.000000

Matrix 4317:
1.000000 0.333333 0.111111 0.111111
3.000000 1.000000 0.250000 0.166667
9.000000 4.000000 1.000000 8.000000
9.000000 6.000000 0.125000 1.000000

Matrix 4318:
1.000000 0.142857 0.125000 0.125000
7.000000 1.000000 0.250000 0.125000
8.000000 4.000000 1.000000 4.000000
8.000000 8.000000 0.250000 1.000000

Matrix 4319:
1.000000 8.000000 7.000000 4.000000
0.125000 1.000000 0.111111 5.000000
0.142857 9.000000 1.000000 2.000000
0.250000 0.200000 0.500000 1.000000

Matrix 4320:
1.000000 0.125000 0.200000 0.142857
8.000000 1.000000 0.125000 1.000000
5.000000 8.000000 1.000000 0.142857
7.000000 1.000000 7.000000 1.000000

Matrix 4321:
1.000000 0.166667 0.333333 0.500000
6.000000 1.000000 0.333333 8.000000
3.000000 3.000000 1.000000 8.000000
2.000000 0.125000 0.125000 1.000000

Matrix 4322:
1.000000 0.333333 0.333333 7.000000
3.000000 1.000000 9.000000 9.000000
3.000000 0.111111 1.000000 0.333333
0.142857 0.111111 3.000000 1.000000

Matrix 4323:
1.000000 0.142857 0.250000 0.500000
7.000000 1.000000 9.000000 1.000000
4.000000 0.111111 1.000000 0.111111
2.000000 1.000000 9.000000 1.000000

Matrix 4324:
1.000000 0.142857 3.000000 0.125000
7.000000 1.000000 3.000000 6.000000
0.333333 0.333333 1.000000 0.166667
8.000000 0.166667 6.000000 1.000000

Matrix 4325:
1.000000 0.250000 0.142857 3.000000
4.000000 1.000000 1.000000 0.500000
7.000000 1.000000 1.000000 3.000000
0.333333 2.000000 0.333333 1.000000

Matrix 4326:
1.000000 1.000000 9.000000 0.125000
1.000000 1.000000 1.000000 0.166667
0.111111 1.000000 1.000000 0.333333
8.000000 6.000000 3.000000 1.000000

Matrix 4327:
1.000000 0.125000 0.250000 0.111111
8.000000 1.000000 5.000000 0.333333
4.000000 0.200000 1.000000 3.000000
9.000000 3.000000 0.333333 1.000000

Matrix 4328:
1.000000 9.000000 0.125000 0.333333
0.111111 1.000000 0.166667 0.500000
8.000000 6.000000 1.000000 1.000000
3.000000 2.000000 1.000000 1.000000

Matrix 4329:
1.000000 0.166667 9.000000 1.000000
6.000000 1.000000 1.000000 9.000000
0.111111 1.000000 1.000000 1.000000
1.000000 0.111111 1.000000 1.000000

Matrix 4330:
1.000000 5.000000 0.166667 0.500000
0.200000 1.000000 0.125000 1.000000
6.000000 8.000000 1.000000 6.000000
2.000000 1.000000 0.166667 1.000000

Matrix 4331:
1.000000 1.000000 0.500000 0.166667
1.000000 1.000000 0.142857 0.333333
2.000000 7.000000 1.000000 5.000000
6.000000 3.000000 0.200000 1.000000

Matrix 4332:
1.000000 0.142857 2.000000 0.111111
7.000000 1.000000 7.000000 0.111111
0.500000 0.142857 1.000000 0.333333
9.000000 9.000000 3.000000 1.000000

Matrix 4333:
1.000000 0.166667 1.000000 8.000000
6.000000 1.000000 1.000000 2.000000
1.000000 1.000000 1.000000 5.000000
0.125000 0.500000 0.200000 1.000000

Matrix 4334:
1.000000 0.250000 0.142857 0.200000
4.000000 1.000000 7.000000 9.000000
7.000000 0.142857 1.000000 5.000000
5.000000 0.111111 0.200000 1.000000

Matrix 4335:
1.000000 0.111111 0.250000 8.000000
9.000000 1.000000 0.166667 7.000000
4.000000 6.000000 1.000000 9.000000
0.125000 0.142857 0.111111 1.000000

Matrix 4336:
1.000000 1.000000 8.000000 7.000000
1.000000 1.000000 1.000000 7.000000
0.125000 1.000000 1.000000 4.000000
0.142857 0.142857 0.250000 1.000000

Matrix 4337:
1.000000 9.000000 9.000000 3.000000
0.111111 1.000000 0.125000 5.000000
0.111111 8.000000 1.000000 8.000000
0.333333 0.200000 0.125000 1.000000

Matrix 4338:
1.000000 8.000000 0.166667 0.142857
0.125000 1.000000 0.500000 0.125000
6.000000 2.000000 1.000000 1.000000
7.000000 8.000000 1.000000 1.000000

Matrix 4339:
1.000000 1.000000 0.166667 7.000000
1.000000 1.000000 0.125000 7.000000
6.000000 8.000000 1.000000 6.000000
0.142857 0.142857 0.166667 1.000000

Matrix 4340:
1.000000 0.111111 0.250000 0.333333
9.000000 1.000000 4.000000 1.000000
4.000000 0.250000 1.000000 4.000000
3.000000 1.000000 0.250000 1.000000

Matrix 4341:
1.000000 0.200000 0.333333 7.000000
5.000000 1.000000 0.200000 5.000000
3.000000 5.000000 1.000000 3.000000
0.142857 0.200000 0.333333 1.000000

Matrix 4342:
1.000000 0.111111 0.142857 0.500000
9.000000 1.000000 8.000000 8.000000
7.000000 0.125000 1.000000 0.250000
2.000000 0.125000 4.000000 1.000000

Matrix 4343:
1.000000 2.000000 9.000000 2.000000
0.500000 1.000000 0.111111 1.000000
0.111111 9.000000 1.000000 3.000000
0.500000 1.000000 0.333333 1.000000

Matrix 4344:
1.000000 0.125000 0.200000 1.000000
8.000000 1.000000 0.125000 6.000000
5.000000 8.000000 1.000000 4.000000
1.000000 0.166667 0.250000 1.000000

Matrix 4345:
1.000000 8.000000 3.000000 0.333333
0.125000 1.000000 0.111111 0.200000
0.333333 9.000000 1.000000 0.500000
3.000000 5.000000 2.000000 1.000000

Matrix 4346:
1.000000 0.333333 5.000000 0.200000
3.000000 1.000000 3.000000 0.333333
0.200000 0.333333 1.000000 0.125000
5.000000 3.000000 8.000000 1.000000

Matrix 4347:
1.000000 8.000000 5.000000 5.000000
0.125000 1.000000 0.200000 0.333333
0.200000 5.000000 1.000000 8.000000
0.200000 3.000000 0.125000 1.000000

Matrix 4348:
1.000000 2.000000 0.250000 5.000000
0.500000 1.000000 0.250000 0.125000
4.000000 4.000000 1.000000 2.000000
0.200000 8.000000 0.500000 1.000000

Matrix 4349:
1.000000 0.166667 1.000000 0.125000
6.000000 1.000000 0.500000 9.000000
1.000000 2.000000 1.000000 3.000000
8.000000 0.111111 0.333333 1.000000

Matrix 4350:
1.000000 3.000000 0.250000 1.000000
0.333333 1.000000 0.333333 0.125000
4.000000 3.000000 1.000000 4.000000
1.000000 8.000000 0.250000 1.000000

Matrix 4351:
1.000000 3.000000 6.000000 1.000000
0.333333 1.000000 0.250000 7.000000
0.166667 4.000000 1.000000 4.000000
1.000000 0.142857 0.250000 1.000000

Matrix 4352:
1.000000 0.142857 2.000000 7.000000
7.000000 1.000000 1.000000 1.000000
0.500000 1.000000 1.000000 1.000000
0.142857 1.000000 1.000000 1.000000

Matrix 4353:
1.000000 7.000000 7.000000 4.000000
0.142857 1.000000 6.000000 1.000000
0.142857 0.166667 1.000000 6.000000
0.250000 1.000000 0.166667 1.000000

Matrix 4354:
1.000000 6.000000 3.000000 7.000000
0.166667 1.000000 0.333333 0.142857
0.333333 3.000000 1.000000 0.250000
0.142857 7.000000 4.000000 1.000000

Matrix 4355:
1.000000 8.000000 9.000000 6.000000
0.125000 1.000000 0.500000 5.000000
0.111111 2.000000 1.000000 6.000000
0.166667 0.200000 0.166667 1.000000

Matrix 4356:
1.000000 4.000000 2.000000 1.000000
0.250000 1.000000 0.142857 0.500000
0.500000 7.000000 1.000000 4.000000
1.000000 2.000000 0.250000 1.000000

Matrix 4357:
1.000000 6.000000 9.000000 4.000000
0.166667 1.000000 0.333333 4.000000
0.111111 3.000000 1.000000 3.000000
0.250000 0.250000 0.333333 1.000000

Matrix 4358:
1.000000 0.500000 0.200000 5.000000
2.000000 1.000000 0.166667 0.250000
5.000000 6.000000 1.000000 9.000000
0.200000 4.000000 0.111111 1.000000

Matrix 4359:
1.000000 0.250000 1.000000 0.333333
4.000000 1.000000 1.000000 3.000000
1.000000 1.000000 1.000000 0.200000
3.000000 0.333333 5.000000 1.000000

Matrix 4360:
1.000000 2.000000 8.000000 0.142857
0.500000 1.000000 0.500000 0.125000
0.125000 2.000000 1.000000 0.333333
7.000000 8.000000 3.000000 1.000000

Matrix 4361:
1.000000 0.125000 0.200000 9.000000
8.000000 1.000000 0.111111 8.000000
5.000000 9.000000 1.000000 4.000000
0.111111 0.125000 0.250000 1.000000

Matrix 4362:
1.000000 7.000000 0.250000 0.125000
0.142857 1.000000 0.333333 0.142857
4.000000 3.000000 1.000000 2.000000
8.000000 7.000000 0.500000 1.000000

Matrix 4363:
1.000000 7.000000 1.000000 0.200000
0.142857 1.000000 3.000000 0.142857
1.000000 0.333333 1.000000 1.000000
5.000000 7.000000 1.000000 1.000000

Matrix 4364:
1.000000 0.250000 4.000000 3.000000
4.000000 1.000000 5.000000 1.000000
0.250000 0.200000 1.000000 2.000000
0.333333 1.000000 0.500000 1.000000

Matrix 4365:
1.000000 0.250000 1.000000 8.000000
4.000000 1.000000 4.000000 7.000000
1.000000 0.250000 1.000000 7.000000
0.125000 0.142857 0.142857 1.000000

Matrix 4366:
1.000000 2.000000 9.000000 3.000000
0.500000 1.000000 1.000000 3.000000
0.111111 1.000000 1.000000 9.000000
0.333333 0.333333 0.111111 1.000000

Matrix 4367:
1.000000 1.000000 1.000000 0.142857
1.000000 1.000000 0.200000 0.200000
1.000000 5.000000 1.000000 0.125000
7.000000 5.000000 8.000000 1.000000

Matrix 4368:
1.000000 0.500000 7.000000 0.333333
2.000000 1.000000 1.000000 1.000000
0.142857 1.000000 1.000000 0.166667
3.000000 1.000000 6.000000 1.000000

Matrix 4369:
1.000000 6.000000 0.500000 4.000000
0.166667 1.000000 1.000000 0.250000
2.000000 1.000000 1.000000 6.000000
0.250000 4.000000 0.166667 1.000000

Matrix 4370:
1.000000 0.166667 0.333333 1.000000
6.000000 1.000000 6.000000 8.000000
3.000000 0.166667 1.000000 8.000000
1.000000 0.125000 0.125000 1.000000

Matrix 4371:
1.000000 1.000000 0.166667 5.000000
1.000000 1.000000 3.000000 9.000000
6.000000 0.333333 1.000000 8.000000
0.200000 0.111111 0.125000 1.000000

Matrix 4372:
1.000000 0.111111 0.250000 0.250000
9.000000 1.000000 0.250000 4.000000
4.000000 4.000000 1.000000 1.000000
4.000000 0.250000 1.000000 1.000000

Matrix 4373:
1.000000 2.000000 6.000000 0.500000
0.500000 1.000000 1.000000 0.125000
0.166667 1.000000 1.000000 1.000000
2.000000 8.000000 1.000000 1.000000

Matrix 4374:
1.000000 4.000000 4.000000 4.000000
0.250000 1.000000 0.166667 7.000000
0.250000 6.000000 1.000000 8.000000
0.250000 0.142857 0.125000 1.000000

Matrix 4375:
1.000000 8.000000 7.000000 3.000000
0.125000 1.000000 5.000000 7.000000
0.142857 0.200000 1.000000 0.111111
0.333333 0.142857 9.000000 1.000000

Matrix 4376:
1.000000 0.125000 0.333333 0.500000
8.000000 1.000000 1.000000 0.500000
3.000000 1.000000 1.000000 7.000000
2.000000 2.000000 0.142857 1.000000

Matrix 4377:
1.000000 0.111111 0.250000 1.000000
9.000000 1.000000 0.125000 0.333333
4.000000 8.000000 1.000000 2.000000
1.000000 3.000000 0.500000 1.000000

Matrix 4378:
1.000000 8.000000 1.000000 0.333333
0.125000 1.000000 0.500000 1.000000
1.000000 2.000000 1.000000 0.111111
3.000000 1.000000 9.000000 1.000000

Matrix 4379:
1.000000 0.250000 0.500000 1.000000
4.000000 1.000000 2.000000 9.000000
2.000000 0.500000 1.000000 0.111111
1.000000 0.111111 9.000000 1.000000

Matrix 4380:
1.000000 0.250000 8.000000 5.000000
4.000000 1.000000 6.000000 1.000000
0.125000 0.166667 1.000000 0.333333
0.200000 1.000000 3.000000 1.000000

Matrix 4381:
1.000000 6.000000 6.000000 2.000000
0.166667 1.000000 8.000000 0.125000
0.166667 0.125000 1.000000 0.250000
0.500000 8.000000 4.000000 1.000000

Matrix 4382:
1.000000 5.000000 9.000000 9.000000
0.200000 1.000000 0.111111 0.111111
0.111111 9.000000 1.000000 0.333333
0.111111 9.000000 3.000000 1.000000

Matrix 4383:
1.000000 0.200000 4.000000 0.500000
5.000000 1.000000 4.000000 8.000000
0.250000 0.250000 1.000000 2.000000
2.000000 0.125000 0.500000 1.000000

Matrix 4384:
1.000000 0.125000 0.333333 1.000000
8.000000 1.000000 0.200000 0.333333
3.000000 5.000000 1.000000 7.000000
1.000000 3.000000 0.142857 1.000000

Matrix 4385:
1.000000 2.000000 0.333333 7.000000
0.500000 1.000000 0.142857 0.125000
3.000000 7.000000 1.000000 7.000000
0.142857 8.000000 0.142857 1.000000

Matrix 4386:
1.000000 5.000000 7.000000 0.166667
0.200000 1.000000 0.500000 0.111111
0.142857 2.000000 1.000000 0.200000
6.000000 9.000000 5.000000 1.000000

Matrix 4387:
1.000000 0.200000 1.000000 2.000000
5.000000 1.000000 2.000000 0.166667
1.000000 0.500000 1.000000 0.166667
0.500000 6.000000 6.000000 1.000000

Matrix 4388:
1.000000 0.500000 7.000000 0.500000
2.000000 1.000000 9.000000 0.333333
0.142857 0.111111 1.000000 1.000000
2.000000 3.000000 1.000000 1.000000

Matrix 4389:
1.000000 1.000000 1.000000 0.142857
1.000000 1.000000 0.142857 0.250000
1.000000 7.000000 1.000000 0.166667
7.000000 4.000000 6.000000 1.000000

Matrix 4390:
1.000000 0.333333 0.111111 1.000000
3.000000 1.000000 3.000000 2.000000
9.000000 0.333333 1.000000 0.125000
1.000000 0.500000 8.000000 1.000000

Matrix 4391:
1.000000 0.500000 5.000000 3.000000
2.000000 1.000000 2.000000 0.200000
0.200000 0.500000 1.000000 1.000000
0.333333 5.000000 1.000000 1.000000

Matrix 4392:
1.000000 7.000000 0.125000 7.000000
0.142857 1.000000 0.166667 0.250000
8.000000 6.000000 1.000000 6.000000
0.142857 4.000000 0.166667 1.000000

Matrix 4393:
1.000000 0.200000 0.166667 0.142857
5.000000 1.000000 0.142857 0.142857
6.000000 7.000000 1.000000 0.250000
7.000000 7.000000 4.000000 1.000000

Matrix 4394:
1.000000 5.000000 0.125000 0.500000
0.200000 1.000000 1.000000 0.142857
8.000000 1.000000 1.000000 0.333333
2.000000 7.000000 3.000000 1.000000

Matrix 4395:
1.000000 2.000000 5.000000 0.500000
0.500000 1.000000 3.000000 5.000000
0.200000 0.333333 1.000000 2.000000
2.000000 0.200000 0.500000 1.000000

Matrix 4396:
1.000000 1.000000 0.333333 1.000000
1.000000 1.000000 6.000000 2.000000
3.000000 0.166667 1.000000 0.200000
1.000000 0.500000 5.000000 1.000000

Matrix 4397:
1.000000 0.142857 9.000000 0.333333
7.000000 1.000000 1.000000 1.000000
0.111111 1.000000 1.000000 0.500000
3.000000 1.000000 2.000000 1.000000

Matrix 4398:
1.000000 0.166667 0.125000 1.000000
6.000000 1.000000 9.000000 4.000000
8.000000 0.111111 1.000000 3.000000
1.000000 0.250000 0.333333 1.000000

Matrix 4399:
1.000000 0.200000 0.333333 0.200000
5.000000 1.000000 0.200000 0.125000
3.000000 5.000000 1.000000 3.000000
5.000000 8.000000 0.333333 1.000000

Matrix 4400:
1.000000 0.500000 0.500000 0.333333
2.000000 1.000000 9.000000 0.200000
2.000000 0.111111 1.000000 0.200000
3.000000 5.000000 5.000000 1.000000

Matrix 4401:
1.000000 0.166667 0.500000 1.000000
6.000000 1.000000 2.000000 0.142857
2.000000 0.500000 1.000000 3.000000
1.000000 7.000000 0.333333 1.000000

Matrix 4402:
1.000000 7.000000 0.333333 6.000000
0.142857 1.000000 0.333333 0.500000
3.000000 3.000000 1.000000 0.250000
0.166667 2.000000 4.000000 1.000000

Matrix 4403:
1.000000 5.000000 1.000000 3.000000
0.200000 1.000000 0.333333 0.250000
1.000000 3.000000 1.000000 0.111111
0.333333 4.000000 9.000000 1.000000

Matrix 4404:
1.000000 0.250000 4.000000 1.000000
4.000000 1.000000 1.000000 0.200000
0.250000 1.000000 1.000000 0.142857
1.000000 5.000000 7.000000 1.000000

Matrix 4405:
1.000000 0.200000 0.333333 0.142857
5.000000 1.000000 1.000000 1.000000
3.000000 1.000000 1.000000 0.125000
7.000000 1.000000 8.000000 1.000000

Matrix 4406:
1.000000 0.166667 0.250000 7.000000
6.000000 1.000000 1.000000 2.000000
4.000000 1.000000 1.000000 8.000000
0.142857 0.500000 0.125000 1.000000

Matrix 4407:
1.000000 6.000000 1.000000 8.000000
0.166667 1.000000 0.250000 0.166667
1.000000 4.000000 1.000000 2.000000
0.125000 6.000000 0.500000 1.000000

Matrix 4408:
1.000000 1.000000 1.000000 3.000000
1.000000 1.000000 2.000000 1.000000
1.000000 0.500000 1.000000 0.125000
0.333333 1.000000 8.000000 1.000000

Matrix 4409:
1.000000 2.000000 0.142857 0.111111
0.500000 1.000000 3.000000 0.250000
7.000000 0.333333 1.000000 1.000000
9.000000 4.000000 1.000000 1.000000

Matrix 4410:
1.000000 2.000000 1.000000 1.000000
0.500000 1.000000 1.000000 4.000000
1.000000 1.000000 1.000000 0.200000
1.000000 0.250000 5.000000 1.000000

Matrix 4411:
1.000000 0.166667 0.333333 0.200000
6.000000 1.000000 4.000000 6.000000
3.000000 0.250000 1.000000 0.333333
5.000000 0.166667 3.000000 1.000000

Matrix 4412:
1.000000 5.000000 7.000000 8.000000
0.200000 1.000000 8.000000 7.000000
0.142857 0.125000 1.000000 8.000000
0.125000 0.142857 0.125000 1.000000

Matrix 4413:
1.000000 0.500000 0.111111 0.142857
2.000000 1.000000 3.000000 7.000000
9.000000 0.333333 1.000000 7.000000
7.000000 0.142857 0.142857 1.000000

Matrix 4414:
1.000000 3.000000 6.000000 5.000000
0.333333 1.000000 1.000000 0.500000
0.166667 1.000000 1.000000 5.000000
0.200000 2.000000 0.200000 1.000000

Matrix 4415:
1.000000 0.500000 4.000000 8.000000
2.000000 1.000000 1.000000 1.000000
0.250000 1.000000 1.000000 3.000000
0.125000 1.000000 0.333333 1.000000

Matrix 4416:
1.000000 0.166667 7.000000 1.000000
6.000000 1.000000 7.000000 4.000000
0.142857 0.142857 1.000000 3.000000
1.000000 0.250000 0.333333 1.000000

Matrix 4417:
1.000000 2.000000 1.000000 3.000000
0.500000 1.000000 0.500000 0.200000
1.000000 2.000000 1.000000 0.500000
0.333333 5.000000 2.000000 1.000000

Matrix 4418:
1.000000 0.250000 1.000000 0.125000
4.000000 1.000000 0.500000 0.333333
1.000000 2.000000 1.000000 0.166667
8.000000 3.000000 6.000000 1.000000

Matrix 4419:
1.000000 0.333333 0.166667 0.200000
3.000000 1.000000 8.000000 8.000000
6.000000 0.125000 1.000000 1.000000
5.000000 0.125000 1.000000 1.000000

Matrix 4420:
1.000000 3.000000 1.000000 9.000000
0.333333 1.000000 5.000000 1.000000
1.000000 0.200000 1.000000 7.000000
0.111111 1.000000 0.142857 1.000000

Matrix 4421:
1.000000 4.000000 2.000000 3.000000
0.250000 1.000000 3.000000 9.000000
0.500000 0.333333 1.000000 6.000000
0.333333 0.111111 0.166667 1.000000

Matrix 4422:
1.000000 0.250000 0.166667 0.333333
4.000000 1.000000 0.166667 0.250000
6.000000 6.000000 1.000000 6.000000
3.000000 4.000000 0.166667 1.000000

Matrix 4423:
1.000000 0.142857 0.200000 1.000000
7.000000 1.000000 8.000000 1.000000
5.000000 0.125000 1.000000 0.111111
1.000000 1.000000 9.000000 1.000000

Matrix 4424:
1.000000 0.166667 5.000000 3.000000
6.000000 1.000000 3.000000 2.000000
0.200000 0.333333 1.000000 0.250000
0.333333 0.500000 4.000000 1.000000

Matrix 4425:
1.000000 8.000000 0.200000 5.000000
0.125000 1.000000 0.125000 0.250000
5.000000 8.000000 1.000000 2.000000
0.200000 4.000000 0.500000 1.000000

Matrix 4426:
1.000000 0.333333 0.500000 2.000000
3.000000 1.000000 0.166667 4.000000
2.000000 6.000000 1.000000 3.000000
0.500000 0.250000 0.333333 1.000000

Matrix 4427:
1.000000 1.000000 6.000000 9.000000
1.000000 1.000000 4.000000 0.500000
0.166667 0.250000 1.000000 0.142857
0.111111 2.000000 7.000000 1.000000

Matrix 4428:
1.000000 0.166667 0.125000 0.500000
6.000000 1.000000 5.000000 2.000000
8.000000 0.200000 1.000000 1.000000
2.000000 0.500000 1.000000 1.000000

Matrix 4429:
1.000000 0.166667 5.000000 0.142857
6.000000 1.000000 5.000000 0.333333
0.200000 0.200000 1.000000 0.142857
7.000000 3.000000 7.000000 1.000000

Matrix 4430:
1.000000 1.000000 3.000000 0.500000
1.000000 1.000000 2.000000 0.125000
0.333333 0.500000 1.000000 0.500000
2.000000 8.000000 2.000000 1.000000

Matrix 4431:
1.000000 3.000000 0.200000 9.000000
0.333333 1.000000 0.250000 2.000000
5.000000 4.000000 1.000000 4.000000
0.111111 0.500000 0.250000 1.000000

Matrix 4432:
1.000000 3.000000 0.166667 9.000000
0.333333 1.000000 0.125000 3.000000
6.000000 8.000000 1.000000 4.000000
0.111111 0.333333 0.250000 1.000000

Matrix 4433:
1.000000 0.166667 0.125000 0.200000
6.000000 1.000000 0.500000 1.000000
8.000000 2.000000 1.000000 0.166667
5.000000 1.000000 6.000000 1.000000

Matrix 4434:
1.000000 1.000000 3.000000 1.000000
1.000000 1.000000 5.000000 1.000000
0.333333 0.200000 1.000000 3.000000
1.000000 1.000000 0.333333 1.000000

Matrix 4435:
1.000000 1.000000 9.000000 0.333333
1.000000 1.000000 1.000000 5.000000
0.111111 1.000000 1.000000 1.000000
3.000000 0.200000 1.000000 1.000000

Matrix 4436:
1.000000 0.142857 0.333333 0.125000
7.000000 1.000000 9.000000 0.166667
3.000000 0.111111 1.000000 0.142857
8.000000 6.000000 7.000000 1.000000

Matrix 4437:
1.000000 9.000000 0.250000 6.000000
0.111111 1.000000 0.250000 0.111111
4.000000 4.000000 1.000000 0.500000
0.166667 9.000000 2.000000 1.000000

Matrix 4438:
1.000000 0.500000 0.166667 1.000000
2.000000 1.000000 0.250000 0.333333
6.000000 4.000000 1.000000 5.000000
1.000000 3.000000 0.200000 1.000000

Matrix 4439:
1.000000 8.000000 2.000000 1.000000
0.125000 1.000000 0.250000 0.142857
0.500000 4.000000 1.000000 6.000000
1.000000 7.000000 0.166667 1.000000

Matrix 4440:
1.000000 0.200000 1.000000 6.000000
5.000000 1.000000 0.250000 4.000000
1.000000 4.000000 1.000000 3.000000
0.166667 0.250000 0.333333 1.000000

Matrix 4441:
1.000000 1.000000 1.000000 0.500000
1.000000 1.000000 9.000000 4.000000
1.000000 0.111111 1.000000 2.000000
2.000000 0.250000 0.500000 1.000000

Matrix 4442:
1.000000 0.200000 5.000000 5.000000
5.000000 1.000000 8.000000 3.000000
0.200000 0.125000 1.000000 6.000000
0.200000 0.333333 0.166667 1.000000

Matrix 4443:
1.000000 0.200000 1.000000 0.200000
5.000000 1.000000 1.000000 0.142857
1.000000 1.000000 1.000000 4.000000
5.000000 7.000000 0.250000 1.000000

Matrix 4444:
1.000000 8.000000 2.000000 6.000000
0.125000 1.000000 0.166667 9.000000
0.500000 6.000000 1.000000 3.000000
0.166667 0.111111 0.333333 1.000000

Matrix 4445:
1.000000 0.200000 7.000000 9.000000
5.000000 1.000000 4.000000 7.000000
0.142857 0.250000 1.000000 1.000000
0.111111 0.142857 1.000000 1.000000

Matrix 4446:
1.000000 8.000000 5.000000 2.000000
0.125000 1.000000 4.000000 7.000000
0.200000 0.250000 1.000000 0.111111
0.500000 0.142857 9.000000 1.000000

Matrix 4447:
1.000000 0.125000 5.000000 0.111111
8.000000 1.000000 1.000000 0.200000
0.200000 1.000000 1.000000 0.142857
9.000000 5.000000 7.000000 1.000000

Matrix 4448:
1.000000 1.000000 2.000000 1.000000
1.000000 1.000000 7.000000 0.333333
0.500000 0.142857 1.000000 0.111111
1.000000 3.000000 9.000000 1.000000

Matrix 4449:
1.000000 0.200000 0.111111 1.000000
5.000000 1.000000 7.000000 7.000000
9.000000 0.142857 1.000000 2.000000
1.000000 0.142857 0.500000 1.000000

Matrix 4450:
1.000000 0.166667 7.000000 2.000000
6.000000 1.000000 8.000000 4.000000
0.142857 0.125000 1.000000 3.000000
0.500000 0.250000 0.333333 1.000000

Matrix 4451:
1.000000 8.000000 5.000000 0.200000
0.125000 1.000000 0.125000 0.125000
0.200000 8.000000 1.000000 0.250000
5.000000 8.000000 4.000000 1.000000

Matrix 4452:
1.000000 1.000000 7.000000 6.000000
1.000000 1.000000 0.166667 1.000000
0.142857 6.000000 1.000000 0.250000
0.166667 1.000000 4.000000 1.000000

Matrix 4453:
1.000000 1.000000 0.250000 0.166667
1.000000 1.000000 0.166667 2.000000
4.000000 6.000000 1.000000 1.000000
6.000000 0.500000 1.000000 1.000000

Matrix 4454:
1.000000 3.000000 3.000000 5.000000
0.333333 1.000000 3.000000 0.200000
0.333333 0.333333 1.000000 0.200000
0.200000 5.000000 5.000000 1.000000

Matrix 4455:
1.000000 0.125000 0.200000 0.125000
8.000000 1.000000 4.000000 7.000000
5.000000 0.250000 1.000000 6.000000
8.000000 0.142857 0.166667 1.000000

Matrix 4456:
1.000000 0.500000 0.500000 2.000000
2.000000 1.000000 0.166667 0.500000
2.000000 6.000000 1.000000 4.000000
0.500000 2.000000 0.250000 1.000000

Matrix 4457:
1.000000 0.125000 1.000000 3.000000
8.000000 1.000000 0.166667 2.000000
1.000000 6.000000 1.000000 6.000000
0.333333 0.500000 0.166667 1.000000

Matrix 4458:
1.000000 5.000000 0.111111 0.125000
0.200000 1.000000 0.142857 0.166667
9.000000 7.000000 1.000000 4.000000
8.000000 6.000000 0.250000 1.000000

Matrix 4459:
1.000000 0.200000 0.125000 1.000000
5.000000 1.000000 6.000000 6.000000
8.000000 0.166667 1.000000 6.000000
1.000000 0.166667 0.166667 1.000000

Matrix 4460:
1.000000 0.166667 0.200000 0.333333
6.000000 1.000000 0.166667 0.142857
5.000000 6.000000 1.000000 6.000000
3.000000 7.000000 0.166667 1.000000

Matrix 4461:
1.000000 9.000000 7.000000 2.000000
0.111111 1.000000 3.000000 1.000000
0.142857 0.333333 1.000000 1.000000
0.500000 1.000000 1.000000 1.000000

Matrix 4462:
1.000000 0.333333 0.200000 1.000000
3.000000 1.000000 0.250000 8.000000
5.000000 4.000000 1.000000 1.000000
1.000000 0.125000 1.000000 1.000000

Matrix 4463:
1.000000 0.200000 8.000000 6.000000
5.000000 1.000000 9.000000 6.000000
0.125000 0.111111 1.000000 0.111111
0.166667 0.166667 9.000000 1.000000

Matrix 4464:
1.000000 0.111111 3.000000 5.000000
9.000000 1.000000 9.000000 6.000000
0.333333 0.111111 1.000000 9.000000
0.200000 0.166667 0.111111 1.000000

Matrix 4465:
1.000000 3.000000 6.000000 4.000000
0.333333 1.000000 1.000000 0.125000
0.166667 1.000000 1.000000 0.125000
0.250000 8.000000 8.000000 1.000000

Matrix 4466:
1.000000 3.000000 0.250000 0.200000
0.333333 1.000000 0.250000 0.250000
4.000000 4.000000 1.000000 6.000000
5.000000 4.000000 0.166667 1.000000

Matrix 4467:
1.000000 1.000000 1.000000 0.111111
1.000000 1.000000 1.000000 3.000000
1.000000 1.000000 1.000000 1.000000
9.000000 0.333333 1.000000 1.000000

Matrix 4468:
1.000000 2.000000 1.000000 4.000000
0.500000 1.000000 0.142857 0.333333
1.000000 7.000000 1.000000 0.111111
0.250000 3.000000 9.000000 1.000000

Matrix 4469:
1.000000 9.000000 0.142857 2.000000
0.111111 1.000000 0.250000 1.000000
7.000000 4.000000 1.000000 6.000000
0.500000 1.000000 0.166667 1.000000

Matrix 4470:
1.000000 6.000000 5.000000 0.142857
0.166667 1.000000 0.500000 0.142857
0.200000 2.000000 1.000000 0.142857
7.000000 7.000000 7.000000 1.000000

Matrix 4471:
1.000000 1.000000 0.500000 5.000000
1.000000 1.000000 1.000000 0.166667
2.000000 1.000000 1.000000 3.000000
0.200000 6.000000 0.333333 1.000000

Matrix 4472:
1.000000 7.000000 6.000000 0.166667
0.142857 1.000000 0.500000 0.200000
0.166667 2.000000 1.000000 0.333333
6.000000 5.000000 3.000000 1.000000

Matrix 4473:
1.000000 1.000000 3.000000 0.250000
1.000000 1.000000 3.000000 7.000000
0.333333 0.333333 1.000000 2.000000
4.000000 0.142857 0.500000 1.000000

Matrix 4474:
1.000000 0.333333 0.250000 4.000000
3.000000 1.000000 0.166667 6.000000
4.000000 6.000000 1.000000 1.000000
0.250000 0.166667 1.000000 1.000000

Matrix 4475:
1.000000 1.000000 3.000000 1.000000
1.000000 1.000000 2.000000 1.000000
0.333333 0.500000 1.000000 9.000000
1.000000 1.000000 0.111111 1.000000

Matrix 4476:
1.000000 3.000000 1.000000 8.000000
0.333333 1.000000 0.166667 0.111111
1.000000 6.000000 1.000000 7.000000
0.125000 9.000000 0.142857 1.000000

Matrix 4477:
1.000000 1.000000 1.000000 1.000000
1.000000 1.000000 9.000000 0.200000
1.000000 0.111111 1.000000 1.000000
1.000000 5.000000 1.000000 1.000000

Matrix 4478:
1.000000 1.000000 1.000000 6.000000
1.000000 1.000000 5.000000 0.500000
1.000000 0.200000 1.000000 1.000000
0.166667 2.000000 1.000000 1.000000

Matrix 4479:
1.000000 0.142857 1.000000 0.125000
7.000000 1.000000 9.000000 0.200000
1.000000 0.111111 1.000000 1.000000
8.000000 5.000000 1.000000 1.000000

Matrix 4480:
1.000000 0.111111 5.000000 7.000000
9.000000 1.000000 7.000000 1.000000
0.200000 0.142857 1.000000 0.333333
0.142857 1.000000 3.000000 1.000000

Matrix 4481:
1.000000 7.000000 0.500000 1.000000
0.142857 1.000000 0.200000 0.333333
2.000000 5.000000 1.000000 0.142857
1.000000 3.000000 7.000000 1.000000

Matrix 4482:
1.000000 0.250000 0.142857 0.111111
4.000000 1.000000 5.000000 2.000000
7.000000 0.200000 1.000000 0.500000
9.000000 0.500000 2.000000 1.000000

Matrix 4483:
1.000000 0.500000 2.000000 0.500000
2.000000 1.000000 7.000000 1.000000
0.500000 0.142857 1.000000 1.000000
2.000000 1.000000 1.000000 1.000000

Matrix 4484:
1.000000 0.250000 9.000000 1.000000
4.000000 1.000000 6.000000 6.000000
0.111111 0.166667 1.000000 0.111111
1.000000 0.166667 9.000000 1.000000

Matrix 4485:
1.000000 2.000000 6.000000 3.000000
0.500000 1.000000 0.333333 2.000000
0.166667 3.000000 1.000000 0.142857
0.333333 0.500000 7.000000 1.000000

Matrix 4486:
1.000000 8.000000 8.000000 0.142857
0.125000 1.000000 5.000000 0.111111
0.125000 0.200000 1.000000 0.111111
7.000000 9.000000 9.000000 1.000000

Matrix 4487:
1.000000 8.000000 2.000000 1.000000
0.125000 1.000000 0.500000 0.166667
0.500000 2.000000 1.000000 6.000000
1.000000 6.000000 0.166667 1.000000

Matrix 4488:
1.000000 1.000000 5.000000 0.142857
1.000000 1.000000 0.500000 0.166667
0.200000 2.000000 1.000000 0.200000
7.000000 6.000000 5.000000 1.000000

Matrix 4489:
1.000000 3.000000 7.000000 9.000000
0.333333 1.000000 6.000000 0.200000
0.142857 0.166667 1.000000 1.000000
0.111111 5.000000 1.000000 1.000000

Matrix 4490:
1.000000 0.250000 0.111111 0.125000
4.000000 1.000000 0.142857 3.000000
9.000000 7.000000 1.000000 7.000000
8.000000 0.333333 0.142857 1.000000

Matrix 4491:
1.000000 3.000000 6.000000 1.000000
0.333333 1.000000 0.166667 2.000000
0.166667 6.000000 1.000000 0.500000
1.000000 0.500000 2.000000 1.000000

Matrix 4492:
1.000000 8.000000 1.000000 9.000000
0.125000 1.000000 0.142857 0.125000
1.000000 7.000000 1.000000 4.000000
0.111111 8.000000 0.250000 1.000000

Matrix 4493:
1.000000 1.000000 0.200000 8.000000
1.000000 1.000000 9.000000 4.000000
5.000000 0.111111 1.000000 6.000000
0.125000 0.250000 0.166667 1.000000

Matrix 4494:
1.000000 4.000000 7.000000 0.200000
0.250000 1.000000 4.000000 0.166667
0.142857 0.250000 1.000000 0.250000
5.000000 6.000000 4.000000 1.000000

Matrix 4495:
1.000000 2.000000 1.000000 1.000000
0.500000 1.000000 0.333333 5.000000
1.000000 3.000000 1.000000 0.200000
1.000000 0.200000 5.000000 1.000000

Matrix 4496:
1.000000 8.000000 0.142857 6.000000
0.125000 1.000000 1.000000 1.000000
7.000000 1.000000 1.000000 4.000000
0.166667 1.000000 0.250000 1.000000

Matrix 4497:
1.000000 0.166667 0.200000 0.250000
6.000000 1.000000 7.000000 6.000000
5.000000 0.142857 1.000000 1.000000
4.000000 0.166667 1.000000 1.000000

Matrix 4498:
1.000000 0.166667 0.500000 3.000000
6.000000 1.000000 0.500000 5.000000
2.000000 2.000000 1.000000 0.250000
0.333333 0.200000 4.000000 1.000000

Matrix 4499:
1.000000 0.500000 1.000000 6.000000
2.000000 1.000000 7.000000 1.000000
1.000000 0.142857 1.000000 0.500000
0.166667 1.000000 2.000000 1.000000

Matrix 4500:
1.000000 7.000000 0.200000 0.250000
0.142857 1.000000 0.125000 0.125000
5.000000 8.000000 1.000000 0.250000
4.000000 8.000000 4.000000 1.000000

Matrix 4501:
1.000000 7.000000 7.000000 1.000000
0.142857 1.000000 0.125000 0.250000
0.142857 8.000000 1.000000 0.250000
1.000000 4.000000 4.000000 1.000000

Matrix 4502:
1.000000 4.000000 1.000000 7.000000
0.250000 1.000000 6.000000 5.000000
1.000000 0.166667 1.000000 9.000000
0.142857 0.200000 0.111111 1.000000

Matrix 4503:
1.000000 0.166667 0.111111 5.000000
6.000000 1.000000 4.000000 2.000000
9.000000 0.250000 1.000000 7.000000
0.200000 0.500000 0.142857 1.000000

Matrix 4504:
1.000000 0.200000 7.000000 7.000000
5.000000 1.000000 8.000000 9.000000
0.142857 0.125000 1.000000 0.200000
0.142857 0.111111 5.000000 1.000000

Matrix 4505:
1.000000 3.000000 0.500000 5.000000
0.333333 1.000000 5.000000 8.000000
2.000000 0.200000 1.000000 7.000000
0.200000 0.125000 0.142857 1.000000

Matrix 4506:
1.000000 0.125000 0.111111 3.000000
8.000000 1.000000 6.000000 9.000000
9.000000 0.166667 1.000000 5.000000
0.333333 0.111111 0.200000 1.000000

Matrix 4507:
1.000000 0.250000 0.250000 0.200000
4.000000 1.000000 8.000000 0.142857
4.000000 0.125000 1.000000 0.333333
5.000000 7.000000 3.000000 1.000000

Matrix 4508:
1.000000 6.000000 0.142857 1.000000
0.166667 1.000000 0.125000 0.200000
7.000000 8.000000 1.000000 0.166667
1.000000 5.000000 6.000000 1.000000

Matrix 4509:
1.000000 4.000000 0.142857 9.000000
0.250000 1.000000 0.200000 1.000000
7.000000 5.000000 1.000000 1.000000
0.111111 1.000000 1.000000 1.000000

Matrix 4510:
1.000000 0.166667 9.000000 6.000000
6.000000 1.000000 3.000000 4.000000
0.111111 0.333333 1.000000 0.250000
0.166667 0.250000 4.000000 1.000000

Matrix 4511:
1.000000 4.000000 1.000000 2.000000
0.250000 1.000000 0.500000 3.000000
1.000000 2.000000 1.000000 5.000000
0.500000 0.333333 0.200000 1.000000

Matrix 4512:
1.000000 2.000000 7.000000 0.500000
0.500000 1.000000 0.200000 0.333333
0.142857 5.000000 1.000000 2.000000
2.000000 3.000000 0.500000 1.000000

Matrix 4513:
1.000000 2.000000 0.125000 0.333333
0.500000 1.000000 0.333333 5.000000
8.000000 3.000000 1.000000 9.000000
3.000000 0.200000 0.111111 1.000000

Matrix 4514:
1.000000 6.000000 5.000000 0.200000
0.166667 1.000000 0.250000 0.200000
0.200000 4.000000 1.000000 1.000000
5.000000 5.000000 1.000000 1.000000

Matrix 4515:
1.000000 0.125000 3.000000 0.500000
8.000000 1.000000 8.000000 0.142857
0.333333 0.125000 1.000000 0.142857
2.000000 7.000000 7.000000 1.000000

Matrix 4516:
1.000000 9.000000 6.000000 7.000000
0.111111 1.000000 7.000000 0.111111
0.166667 0.142857 1.000000 0.500000
0.142857 9.000000 2.000000 1.000000

Matrix 4517:
1.000000 1.000000 1.000000 0.250000
1.000000 1.000000 0.200000 3.000000
1.000000 5.000000 1.000000 0.500000
4.000000 0.333333 2.000000 1.000000

Matrix 4518:
1.000000 8.000000 3.000000 7.000000
0.125000 1.000000 9.000000 5.000000
0.333333 0.111111 1.000000 3.000000
0.142857 0.200000 0.333333 1.000000

Matrix 4519:
1.000000 0.166667 0.500000 3.000000
6.000000 1.000000 5.000000 4.000000
2.000000 0.200000 1.000000 0.142857
0.333333 0.250000 7.000000 1.000000

Matrix 4520:
1.000000 0.500000 0.250000 0.166667
2.000000 1.000000 1.000000 6.000000
4.000000 1.000000 1.000000 8.000000
6.000000 0.166667 0.125000 1.000000

Matrix 4521:
1.000000 3.000000 0.125000 1.000000
0.333333 1.000000 0.200000 0.142857
8.000000 5.000000 1.000000 0.500000
1.000000 7.000000 2.000000 1.000000

Matrix 4522:
1.000000 9.000000 1.000000 6.000000
0.111111 1.000000 2.000000 1.000000
1.000000 0.500000 1.000000 8.000000
0.166667 1.000000 0.125000 1.000000

Matrix 4523:
1.000000 1.000000 0.500000 9.000000
1.000000 1.000000 0.142857 5.000000
2.000000 7.000000 1.000000 1.000000
0.111111 0.200000 1.000000 1.000000

Matrix 4524:
1.000000 9.000000 3.000000 4.000000
0.111111 1.000000 5.000000 0.250000
0.333333 0.200000 1.000000 0.166667
0.250000 4.000000 6.000000 1.000000

Matrix 4525:
1.000000 4.000000 3.000000 3.000000
0.250000 1.000000 0.125000 0.250000
0.333333 8.000000 1.000000 1.000000
0.333333 4.000000 1.000000 1.000000

Matrix 4526:
1.000000 0.111111 7.000000 0.250000
9.000000 1.000000 9.000000 8.000000
0.142857 0.111111 1.000000 0.500000
4.000000 0.125000 2.000000 1.000000

Matrix 4527:
1.000000 4.000000 1.000000 9.000000
0.250000 1.000000 2.000000 1.000000
1.000000 0.500000 1.000000 1.000000
0.111111 1.000000 1.000000 1.000000

Matrix 4528:
1.000000 6.000000 6.000000 7.000000
0.166667 1.000000 7.000000 3.000000
0.166667 0.142857 1.000000 7.000000
0.142857 0.333333 0.142857 1.000000

Matrix 4529:
1.000000 0.125000 1.000000 4.000000
8.000000 1.000000 1.000000 5.000000
1.000000 1.000000 1.000000 1.000000
0.250000 0.200000 1.000000 1.000000

Matrix 4530:
1.000000 3.000000 7.000000 2.000000
0.333333 1.000000 0.250000 5.000000
0.142857 4.000000 1.000000 4.000000
0.500000 0.200000 0.250000 1.000000

Matrix 4531:
1.000000 0.166667 0.500000 6.000000
6.000000 1.000000 0.142857 3.000000
2.000000 7.000000 1.000000 4.000000
0.166667 0.333333 0.250000 1.000000

Matrix 4532:
1.000000 0.200000 6.000000 4.000000
5.000000 1.000000 3.000000 1.000000
0.166667 0.333333 1.000000 6.000000
0.250000 1.000000 0.166667 1.000000

Matrix 4533:
1.000000 5.000000 8.000000 0.250000
0.200000 1.000000 0.250000 0.125000
0.125000 4.000000 1.000000 2.000000
4.000000 8.000000 0.500000 1.000000

Matrix 4534:
1.000000 0.125000 0.142857 0.111111
8.000000 1.000000 0.166667 2.000000
7.000000 6.000000 1.000000 2.000000
9.000000 0.500000 0.500000 1.000000

Matrix 4535:
1.000000 0.142857 0.125000 0.111111
7.000000 1.000000 7.000000 7.000000
8.000000 0.142857 1.000000 0.166667
9.000000 0.142857 6.000000 1.000000

Matrix 4536:
1.000000 4.000000 0.142857 0.142857
0.250000 1.000000 0.333333 0.250000
7.000000 3.000000 1.000000 0.142857
7.000000 4.000000 7.000000 1.000000

Matrix 4537:
1.000000 4.000000 7.000000 0.200000
0.250000 1.000000 4.000000 0.166667
0.142857 0.250000 1.000000 0.250000
5.000000 6.000000 4.000000 1.000000

Matrix 4538:
1.000000 8.000000 0.333333 0.125000
0.125000 1.000000 0.166667 0.333333
3.000000 6.000000 1.000000 8.000000
8.000000 3.000000 0.125000 1.000000

Matrix 4539:
1.000000 3.000000 0.125000 2.000000
0.333333 1.000000 1.000000 9.000000
8.000000 1.000000 1.000000 7.000000
0.500000 0.111111 0.142857 1.000000

Matrix 4540:
1.000000 0.500000 2.000000 2.000000
2.000000 1.000000 8.000000 5.000000
0.500000 0.125000 1.000000 0.111111
0.500000 0.200000 9.000000 1.000000

Matrix 4541:
1.000000 8.000000 0.125000 0.111111
0.125000 1.000000 0.200000 0.500000
8.000000 5.000000 1.000000 4.000000
9.000000 2.000000 0.250000 1.000000

Matrix 4542:
1.000000 3.000000 3.000000 1.000000
0.333333 1.000000 5.000000 9.000000
0.333333 0.200000 1.000000 8.000000
1.000000 0.111111 0.125000 1.000000

Matrix 4543:
1.000000 3.000000 2.000000 6.000000
0.333333 1.000000 8.000000 4.000000
0.500000 0.125000 1.000000 0.333333
0.166667 0.250000 3.000000 1.000000

Matrix 4544:
1.000000 0.166667 0.200000 2.000000
6.000000 1.000000 2.000000 4.000000
5.000000 0.500000 1.000000 0.250000
0.500000 0.250000 4.000000 1.000000

Matrix 4545:
1.000000 1.000000 1.000000 0.200000
1.000000 1.000000 0.333333 0.142857
1.000000 3.000000 1.000000 9.000000
5.000000 7.000000 0.111111 1.000000

Matrix 4546:
1.000000 5.000000 6.000000 0.166667
0.200000 1.000000 1.000000 0.142857
0.166667 1.000000 1.000000 0.200000
6.000000 7.000000 5.000000 1.000000

Matrix 4547:
1.000000 1.000000 0.250000 7.000000
1.000000 1.000000 0.500000 4.000000
4.000000 2.000000 1.000000 1.000000
0.142857 0.250000 1.000000 1.000000

Matrix 4548:
1.000000 5.000000 0.250000 1.000000
0.200000 1.000000 1.000000 8.000000
4.000000 1.000000 1.000000 2.000000
1.000000 0.125000 0.500000 1.000000

Matrix 4549:
1.000000 3.000000 9.000000 0.111111
0.333333 1.000000 5.000000 0.125000
0.111111 0.200000 1.000000 0.142857
9.000000 8.000000 7.000000 1.000000

Matrix 4550:
1.000000 0.111111 0.250000 0.500000
9.000000 1.000000 9.000000 7.000000
4.000000 0.111111 1.000000 5.000000
2.000000 0.142857 0.200000 1.000000

Matrix 4551:
1.000000 0.333333 8.000000 7.000000
3.000000 1.000000 0.333333 9.000000
0.125000 3.000000 1.000000 2.000000
0.142857 0.111111 0.500000 1.000000

Matrix 4552:
1.000000 8.000000 3.000000 0.125000
0.125000 1.000000 0.166667 0.125000
0.333333 6.000000 1.000000 0.166667
8.000000 8.000000 6.000000 1.000000

Matrix 4553:
1.000000 0.142857 2.000000 6.000000
7.000000 1.000000 7.000000 4.000000
0.500000 0.142857 1.000000 0.166667
0.166667 0.250000 6.000000 1.000000

Matrix 4554:
1.000000 6.000000 3.000000 0.500000
0.166667 1.000000 0.500000 3.000000
0.333333 2.000000 1.000000 5.000000
2.000000 0.333333 0.200000 1.000000

Matrix 4555:
1.000000 3.000000 6.000000 4.000000
0.333333 1.000000 1.000000 0.125000
0.166667 1.000000 1.000000 0.333333
0.250000 8.000000 3.000000 1.000000

Matrix 4556:
1.000000 0.250000 0.142857 6.000000
4.000000 1.000000 0.333333 8.000000
7.000000 3.000000 1.000000 5.000000
0.166667 0.125000 0.200000 1.000000

Matrix 4557:
1.000000 6.000000 0.500000 1.000000
0.166667 1.000000 0.200000 7.000000
2.000000 5.000000 1.000000 2.000000
1.000000 0.142857 0.500000 1.000000

Matrix 4558:
1.000000 8.000000 0.250000 0.166667
0.125000 1.000000 2.000000 0.142857
4.000000 0.500000 1.000000 0.166667
6.000000 7.000000 6.000000 1.000000

Matrix 4559:
1.000000 0.500000 2.000000 0.166667
2.000000 1.000000 8.000000 9.000000
0.500000 0.125000 1.000000 0.250000
6.000000 0.111111 4.000000 1.000000

Matrix 4560:
1.000000 1.000000 1.000000 3.000000
1.000000 1.000000 4.000000 0.333333
1.000000 0.250000 1.000000 0.500000
0.333333 3.000000 2.000000 1.000000

Matrix 4561:
1.000000 8.000000 1.000000 0.333333
0.125000 1.000000 0.142857 0.111111
1.000000 7.000000 1.000000 6.000000
3.000000 9.000000 0.166667 1.000000

Matrix 4562:
1.000000 3.000000 1.000000 0.500000
0.333333 1.000000 0.250000 1.000000
1.000000 4.000000 1.000000 1.000000
2.000000 1.000000 1.000000 1.000000

Matrix 4563:
1.000000 0.125000 6.000000 0.125000
8.000000 1.000000 5.000000 3.000000
0.166667 0.200000 1.000000 0.111111
8.000000 0.333333 9.000000 1.000000

Matrix 4564:
1.000000 2.000000 0.250000 0.111111
0.500000 1.000000 0.166667 1.000000
4.000000 6.000000 1.000000 1.000000
9.000000 1.000000 1.000000 1.000000

Matrix 4565:
1.000000 8.000000 3.000000 4.000000
0.125000 1.000000 0.500000 0.125000
0.333333 2.000000 1.000000 7.000000
0.250000 8.000000 0.142857 1.000000

Matrix 4566:
1.000000 8.000000 0.111111 4.000000
0.125000 1.000000 0.500000 0.125000
9.000000 2.000000 1.000000 7.000000
0.250000 8.000000 0.142857 1.000000

Matrix 4567:
1.000000 9.000000 0.500000 3.000000
0.111111 1.000000 0.333333 9.000000
2.000000 3.000000 1.000000 1.000000
0.333333 0.111111 1.000000 1.000000

Matrix 4568:
1.000000 0.111111 0.333333 0.500000
9.000000 1.000000 9.000000 0.142857
3.000000 0.111111 1.000000 0.166667
2.000000 7.000000 6.000000 1.000000

Matrix 4569:
1.000000 0.250000 0.500000 0.500000
4.000000 1.000000 0.111111 0.333333
2.000000 9.000000 1.000000 0.166667
2.000000 3.000000 6.000000 1.000000

Matrix 4570:
1.000000 0.200000 9.000000 8.000000
5.000000 1.000000 4.000000 1.000000
0.111111 0.250000 1.000000 0.333333
0.125000 1.000000 3.000000 1.000000

Matrix 4571:
1.000000 9.000000 4.000000 1.000000
0.111111 1.000000 1.000000 2.000000
0.250000 1.000000 1.000000 0.125000
1.000000 0.500000 8.000000 1.000000

Matrix 4572:
1.000000 6.000000 5.000000 1.000000
0.166667 1.000000 7.000000 5.000000
0.200000 0.142857 1.000000 0.333333
1.000000 0.200000 3.000000 1.000000

Matrix 4573:
1.000000 0.500000 4.000000 6.000000
2.000000 1.000000 1.000000 3.000000
0.250000 1.000000 1.000000 2.000000
0.166667 0.333333 0.500000 1.000000

Matrix 4574:
1.000000 3.000000 1.000000 5.000000
0.333333 1.000000 6.000000 5.000000
1.000000 0.166667 1.000000 5.000000
0.200000 0.200000 0.200000 1.000000

Matrix 4575:
1.000000 1.000000 6.000000 4.000000
1.000000 1.000000 1.000000 0.500000
0.166667 1.000000 1.000000 1.000000
0.250000 2.000000 1.000000 1.000000

Matrix 4576:
1.000000 8.000000 4.000000 8.000000
0.125000 1.000000 1.000000 0.142857
0.250000 1.000000 1.000000 9.000000
0.125000 7.000000 0.111111 1.000000

Matrix 4577:
1.000000 8.000000 1.000000 7.000000
0.125000 1.000000 2.000000 9.000000
1.000000 0.500000 1.000000 1.000000
0.142857 0.111111 1.000000 1.000000

Matrix 4578:
1.000000 1.000000 9.000000 9.000000
1.000000 1.000000 2.000000 3.000000
0.111111 0.500000 1.000000 6.000000
0.111111 0.333333 0.166667 1.000000

Matrix 4579:
1.000000 5.000000 0.125000 0.200000
0.200000 1.000000 0.333333 0.250000
8.000000 3.000000 1.000000 0.166667
5.000000 4.000000 6.000000 1.000000

Matrix 4580:
1.000000 0.125000 0.200000 0.166667
8.000000 1.000000 0.166667 0.125000
5.000000 6.000000 1.000000 8.000000
6.000000 8.000000 0.125000 1.000000

Matrix 4581:
1.000000 8.000000 6.000000 0.333333
0.125000 1.000000 0.250000 0.125000
0.166667 4.000000 1.000000 0.333333
3.000000 8.000000 3.000000 1.000000

Matrix 4582:
1.000000 3.000000 2.000000 1.000000
0.333333 1.000000 0.250000 3.000000
0.500000 4.000000 1.000000 0.250000
1.000000 0.333333 4.000000 1.000000

Matrix 4583:
1.000000 1.000000 5.000000 0.200000
1.000000 1.000000 0.500000 0.166667
0.200000 2.000000 1.000000 0.333333
5.000000 6.000000 3.000000 1.000000

Matrix 4584:
1.000000 0.166667 0.250000 0.125000
6.000000 1.000000 1.000000 4.000000
4.000000 1.000000 1.000000 3.000000
8.000000 0.250000 0.333333 1.000000

Matrix 4585:
1.000000 0.125000 1.000000 1.000000
8.000000 1.000000 9.000000 3.000000
1.000000 0.111111 1.000000 8.000000
1.000000 0.333333 0.125000 1.000000

Matrix 4586:
1.000000 6.000000 0.142857 8.000000
0.166667 1.000000 1.000000 9.000000
7.000000 1.000000 1.000000 9.000000
0.125000 0.111111 0.111111 1.000000

Matrix 4587:
1.000000 0.166667 0.166667 0.111111
6.000000 1.000000 8.000000 5.000000
6.000000 0.125000 1.000000 0.500000
9.000000 0.200000 2.000000 1.000000

Matrix 4588:
1.000000 5.000000 4.000000 4.000000
0.200000 1.000000 4.000000 0.333333
0.250000 0.250000 1.000000 0.200000
0.250000 3.000000 5.000000 1.000000

Matrix 4589:
1.000000 5.000000 1.000000 3.000000
0.200000 1.000000 5.000000 0.125000
1.000000 0.200000 1.000000 0.142857
0.333333 8.000000 7.000000 1.000000

Matrix 4590:
1.000000 2.000000 6.000000 0.111111
0.500000 1.000000 0.333333 0.250000
0.166667 3.000000 1.000000 0.250000
9.000000 4.000000 4.000000 1.000000

Matrix 4591:
1.000000 0.333333 1.000000 6.000000
3.000000 1.000000 0.333333 3.000000
1.000000 3.000000 1.000000 3.000000
0.166667 0.333333 0.333333 1.000000

Matrix 4592:
1.000000 0.500000 4.000000 0.500000
2.000000 1.000000 5.000000 0.166667
0.250000 0.200000 1.000000 2.000000
2.000000 6.000000 0.500000 1.000000

Matrix 4593:
1.000000 7.000000 2.000000 8.000000
0.142857 1.000000 0.500000 0.142857
0.500000 2.000000 1.000000 0.142857
0.125000 7.000000 7.000000 1.000000

Matrix 4594:
1.000000 6.000000 0.250000 0.166667
0.166667 1.000000 0.166667 0.250000
4.000000 6.000000 1.000000 0.200000
6.000000 4.000000 5.000000 1.000000

Matrix 4595:
1.000000 1.000000 0.166667 0.333333
1.000000 1.000000 0.125000 1.000000
6.000000 8.000000 1.000000 1.000000
3.000000 1.000000 1.000000 1.000000

Matrix 4596:
1.000000 3.000000 1.000000 7.000000
0.333333 1.000000 0.142857 0.250000
1.000000 7.000000 1.000000 4.000000
0.142857 4.000000 0.250000 1.000000

Matrix 4597:
1.000000 2.000000 0.250000 0.333333
0.500000 1.000000 0.111111 0.200000
4.000000 9.000000 1.000000 0.333333
3.000000 5.000000 3.000000 1.000000

Matrix 4598:
1.000000 9.000000 0.500000 6.000000
0.111111 1.000000 0.125000 0.500000
2.000000 8.000000 1.000000 0.250000
0.166667 2.000000 4.000000 1.000000

Matrix 4599:
1.000000 1.000000 1.000000 0.250000
1.000000 1.000000 4.000000 1.000000
1.000000 0.250000 1.000000 1.000000
4.000000 1.000000 1.000000 1.000000

Matrix 4600:
1.000000 0.142857 0.250000 0.125000
7.000000 1.000000 2.000000 0.333333
4.000000 0.500000 1.000000 2.000000
8.000000 3.000000 0.500000 1.000000

Matrix 4601:
1.000000 8.000000 0.333333 4.000000
0.125000 1.000000 0.166667 0.166667
3.000000 6.000000 1.000000 2.000000
0.250000 6.000000 0.500000 1.000000

Matrix 4602:
1.000000 9.000000 5.000000 6.000000
0.111111 1.000000 4.000000 2.000000
0.200000 0.250000 1.000000 4.000000
0.166667 0.500000 0.250000 1.000000

Matrix 4603:
1.000000 7.000000 2.000000 1.000000
0.142857 1.000000 8.000000 4.000000
0.500000 0.125000 1.000000 0.333333
1.000000 0.250000 3.000000 1.000000

Matrix 4604:
1.000000 0.200000 9.000000 0.166667
5.000000 1.000000 5.000000 8.000000
0.111111 0.200000 1.000000 0.333333
6.000000 0.125000 3.000000 1.000000

Matrix 4605:
1.000000 4.000000 4.000000 4.000000
0.250000 1.000000 8.000000 8.000000
0.250000 0.125000 1.000000 5.000000
0.250000 0.125000 0.200000 1.000000

Matrix 4606:
1.000000 0.333333 3.000000 1.000000
3.000000 1.000000 9.000000 0.166667
0.333333 0.111111 1.000000 0.250000
1.000000 6.000000 4.000000 1.000000

Matrix 4607:
1.000000 2.000000 1.000000 0.111111
0.500000 1.000000 0.200000 0.250000
1.000000 5.000000 1.000000 1.000000
9.000000 4.000000 1.000000 1.000000

Matrix 4608:
1.000000 4.000000 2.000000 6.000000
0.250000 1.000000 9.000000 1.000000
0.500000 0.111111 1.000000 1.000000
0.166667 1.000000 1.000000 1.000000

Matrix 4609:
1.000000 0.142857 5.000000 1.000000
7.000000 1.000000 6.000000 5.000000
0.200000 0.166667 1.000000 9.000000
1.000000 0.200000 0.111111 1.000000

Matrix 4610:
1.000000 0.111111 0.250000 0.111111
9.000000 1.000000 7.000000 9.000000
4.000000 0.142857 1.000000 0.125000
9.000000 0.111111 8.000000 1.000000

Matrix 4611:
1.000000 4.000000 2.000000 0.250000
0.250000 1.000000 0.125000 1.000000
0.500000 8.000000 1.000000 0.142857
4.000000 1.000000 7.000000 1.000000

Matrix 4612:
1.000000 1.000000 0.166667 0.125000
1.000000 1.000000 3.000000 2.000000
6.000000 0.333333 1.000000 7.000000
8.000000 0.500000 0.142857 1.000000

Matrix 4613:
1.000000 3.000000 7.000000 5.000000
0.333333 1.000000 0.200000 0.200000
0.142857 5.000000 1.000000 7.000000
0.200000 5.000000 0.142857 1.000000

Matrix 4614:
1.000000 0.166667 0.500000 0.111111
6.000000 1.000000 0.142857 1.000000
2.000000 7.000000 1.000000 0.333333
9.000000 1.000000 3.000000 1.000000

Matrix 4615:
1.000000 4.000000 9.000000 7.000000
0.250000 1.000000 0.166667 0.250000
0.111111 6.000000 1.000000 5.000000
0.142857 4.000000 0.200000 1.000000

Matrix 4616:
1.000000 6.000000 0.500000 0.142857
0.166667 1.000000 2.000000 0.166667
2.000000 0.500000 1.000000 0.250000
7.000000 6.000000 4.000000 1.000000

Matrix 4617:
1.000000 6.000000 7.000000 5.000000
0.166667 1.000000 0.200000 3.000000
0.142857 5.000000 1.000000 0.200000
0.200000 0.333333 5.000000 1.000000

Matrix 4618:
1.000000 0.250000 8.000000 3.000000
4.000000 1.000000 5.000000 0.166667
0.125000 0.200000 1.000000 0.200000
0.333333 6.000000 5.000000 1.000000

Matrix 4619:
1.000000 1.000000 4.000000 0.142857
1.000000 1.000000 0.250000 0.250000
0.250000 4.000000 1.000000 0.111111
7.000000 4.000000 9.000000 1.000000

Matrix 4620:
1.000000 5.000000 0.500000 3.000000
0.200000 1.000000 5.000000 0.500000
2.000000 0.200000 1.000000 3.000000
0.333333 2.000000 0.333333 1.000000

Matrix 4621:
1.000000 4.000000 8.000000 3.000000
0.250000 1.000000 3.000000 9.000000
0.125000 0.333333 1.000000 3.000000
0.333333 0.111111 0.333333 1.000000

Matrix 4622:
1.000000 1.000000 5.000000 5.000000
1.000000 1.000000 0.500000 1.000000
0.200000 2.000000 1.000000 6.000000
0.200000 1.000000 0.166667 1.000000

Matrix 4623:
1.000000 3.000000 1.000000 1.000000
0.333333 1.000000 0.500000 8.000000
1.000000 2.000000 1.000000 5.000000
1.000000 0.125000 0.200000 1.000000

Matrix 4624:
1.000000 0.166667 0.500000 9.000000
6.000000 1.000000 3.000000 2.000000
2.000000 0.333333 1.000000 5.000000
0.111111 0.500000 0.200000 1.000000

Matrix 4625:
1.000000 8.000000 3.000000 2.000000
0.125000 1.000000 0.333333 0.142857
0.333333 3.000000 1.000000 6.000000
0.500000 7.000000 0.166667 1.000000

Matrix 4626:
1.000000 7.000000 3.000000 3.000000
0.142857 1.000000 0.142857 0.166667
0.333333 7.000000 1.000000 5.000000
0.333333 6.000000 0.200000 1.000000

Matrix 4627:
1.000000 2.000000 8.000000 9.000000
0.500000 1.000000 0.166667 3.000000
0.125000 6.000000 1.000000 8.000000
0.111111 0.333333 0.125000 1.000000

Matrix 4628:
1.000000 0.142857 0.500000 5.000000
7.000000 1.000000 8.000000 7.000000
2.000000 0.125000 1.000000 1.000000
0.200000 0.142857 1.000000 1.000000

Matrix 4629:
1.000000 0.111111 0.200000 0.125000
9.000000 1.000000 7.000000 4.000000
5.000000 0.142857 1.000000 0.250000
8.000000 0.250000 4.000000 1.000000

Matrix 4630:
1.000000 0.200000 2.000000 0.200000
5.000000 1.000000 0.333333 0.111111
0.500000 3.000000 1.000000 0.500000
5.000000 9.000000 2.000000 1.000000

Matrix 4631:
1.000000 2.000000 5.000000 0.500000
0.500000 1.000000 2.000000 8.000000
0.200000 0.500000 1.000000 0.142857
2.000000 0.125000 7.000000 1.000000

Matrix 4632:
1.000000 2.000000 1.000000 4.000000
0.500000 1.000000 0.250000 0.142857
1.000000 4.000000 1.000000 1.000000
0.250000 7.000000 1.000000 1.000000

Matrix 4633:
1.000000 0.166667 9.000000 6.000000
6.000000 1.000000 9.000000 7.000000
0.111111 0.111111 1.000000 3.000000
0.166667 0.142857 0.333333 1.000000

Matrix 4634:
1.000000 9.000000 5.000000 1.000000
0.111111 1.000000 0.333333 1.000000
0.200000 3.000000 1.000000 5.000000
1.000000 1.000000 0.200000 1.000000

Matrix 4635:
1.000000 2.000000 4.000000 0.166667
0.500000 1.000000 0.166667 1.000000
0.250000 6.000000 1.000000 0.200000
6.000000 1.000000 5.000000 1.000000

Matrix 4636:
1.000000 8.000000 0.166667 0.125000
0.125000 1.000000 0.111111 0.166667
6.000000 9.000000 1.000000 0.125000
8.000000 6.000000 8.000000 1.000000

Matrix 4637:
1.000000 3.000000 0.142857 0.142857
0.333333 1.000000 0.111111 2.000000
7.000000 9.000000 1.000000 7.000000
7.000000 0.500000 0.142857 1.000000

Matrix 4638:
1.000000 0.125000 1.000000 1.000000
8.000000 1.000000 1.000000 5.000000
1.000000 1.000000 1.000000 0.333333
1.000000 0.200000 3.000000 1.000000

Matrix 4639:
1.000000 1.000000 0.142857 3.000000
1.000000 1.000000 5.000000 4.000000
7.000000 0.200000 1.000000 1.000000
0.333333 0.250000 1.000000 1.000000

Matrix 4640:
1.000000 3.000000 0.250000 0.333333
0.333333 1.000000 1.000000 6.000000
4.000000 1.000000 1.000000 6.000000
3.000000 0.166667 0.166667 1.000000

Matrix 4641:
1.000000 0.250000 0.200000 0.500000
4.000000 1.000000 0.200000 0.166667
5.000000 5.000000 1.000000 2.000000
2.000000 6.000000 0.500000 1.000000

Matrix 4642:
1.000000 1.000000 2.000000 0.200000
1.000000 1.000000 2.000000 1.000000
0.500000 0.500000 1.000000 0.111111
5.000000 1.000000 9.000000 1.000000

Matrix 4643:
1.000000 0.200000 9.000000 6.000000
5.000000 1.000000 8.000000 3.000000
0.111111 0.125000 1.000000 5.000000
0.166667 0.333333 0.200000 1.000000

Matrix 4644:
1.000000 1.000000 1.000000 6.000000
1.000000 1.000000 6.000000 5.000000
1.000000 0.166667 1.000000 8.000000
0.166667 0.200000 0.125000 1.000000

Matrix 4645:
1.000000 3.000000 5.000000 8.000000
0.333333 1.000000 8.000000 6.000000
0.200000 0.125000 1.000000 3.000000
0.125000 0.166667 0.333333 1.000000

Matrix 4646:
1.000000 7.000000 8.000000 0.125000
0.142857 1.000000 0.333333 0.250000
0.125000 3.000000 1.000000 0.111111
8.000000 4.000000 9.000000 1.000000

Matrix 4647:
1.000000 0.500000 0.500000 1.000000
2.000000 1.000000 8.000000 5.000000
2.000000 0.125000 1.000000 2.000000
1.000000 0.200000 0.500000 1.000000

Matrix 4648:
1.000000 0.166667 7.000000 2.000000
6.000000 1.000000 4.000000 8.000000
0.142857 0.250000 1.000000 3.000000
0.500000 0.125000 0.333333 1.000000

Matrix 4649:
1.000000 2.000000 0.142857 0.333333
0.500000 1.000000 0.166667 6.000000
7.000000 6.000000 1.000000 1.000000
3.000000 0.166667 1.000000 1.000000

Matrix 4650:
1.000000 1.000000 0.200000 0.125000
1.000000 1.000000 3.000000 0.142857
5.000000 0.333333 1.000000 0.200000
8.000000 7.000000 5.000000 1.000000

Matrix 4651:
1.000000 0.142857 0.111111 0.250000
7.000000 1.000000 0.166667 1.000000
9.000000 6.000000 1.000000 0.333333
4.000000 1.000000 3.000000 1.000000

Matrix 4652:
1.000000 0.500000 0.250000 0.125000
2.000000 1.000000 6.000000 2.000000
4.000000 0.166667 1.000000 8.000000
8.000000 0.500000 0.125000 1.000000

Matrix 4653:
1.000000 0.200000 0.500000 0.142857
5.000000 1.000000 0.333333 1.000000
2.000000 3.000000 1.000000 0.142857
7.000000 1.000000 7.000000 1.000000

Matrix 4654:
1.000000 6.000000 5.000000 8.000000
0.166667 1.000000 1.000000 0.500000
0.200000 1.000000 1.000000 0.250000
0.125000 2.000000 4.000000 1.000000

Matrix 4655:
1.000000 1.000000 3.000000 0.125000
1.000000 1.000000 0.333333 1.000000
0.333333 3.000000 1.000000 0.333333
8.000000 1.000000 3.000000 1.000000

Matrix 4656:
1.000000 1.000000 0.166667 2.000000
1.000000 1.000000 4.000000 9.000000
6.000000 0.250000 1.000000 0.500000
0.500000 0.111111 2.000000 1.000000

Matrix 4657:
1.000000 0.166667 0.111111 0.250000
6.000000 1.000000 3.000000 0.333333
9.000000 0.333333 1.000000 6.000000
4.000000 3.000000 0.166667 1.000000

Matrix 4658:
1.000000 0.500000 0.500000 2.000000
2.000000 1.000000 0.142857 0.250000
2.000000 7.000000 1.000000 5.000000
0.500000 4.000000 0.200000 1.000000

Matrix 4659:
1.000000 9.000000 5.000000 9.000000
0.111111 1.000000 0.250000 4.000000
0.200000 4.000000 1.000000 9.000000
0.111111 0.250000 0.111111 1.000000

Matrix 4660:
1.000000 0.200000 0.125000 7.000000
5.000000 1.000000 4.000000 6.000000
8.000000 0.250000 1.000000 7.000000
0.142857 0.166667 0.142857 1.000000

Matrix 4661:
1.000000 5.000000 5.000000 8.000000
0.200000 1.000000 3.000000 0.111111
0.200000 0.333333 1.000000 0.250000
0.125000 9.000000 4.000000 1.000000

Matrix 4662:
1.000000 7.000000 7.000000 0.200000
0.142857 1.000000 5.000000 0.142857
0.142857 0.200000 1.000000 0.250000
5.000000 7.000000 4.000000 1.000000

Matrix 4663:
1.000000 7.000000 6.000000 4.000000
0.142857 1.000000 5.000000 3.000000
0.166667 0.200000 1.000000 0.333333
0.250000 0.333333 3.000000 1.000000

Matrix 4664:
1.000000 0.500000 0.200000 3.000000
2.000000 1.000000 1.000000 9.000000
5.000000 1.000000 1.000000 0.500000
0.333333 0.111111 2.000000 1.000000

Matrix 4665:
1.000000 0.142857 2.000000 1.000000
7.000000 1.000000 0.250000 5.000000
0.500000 4.000000 1.000000 7.000000
1.000000 0.200000 0.142857 1.000000

Matrix 4666:
1.000000 0.111111 0.142857 0.333333
9.000000 1.000000 2.000000 7.000000
7.000000 0.500000 1.000000 0.142857
3.000000 0.142857 7.000000 1.000000

Matrix 4667:
1.000000 5.000000 4.000000 4.000000
0.200000 1.000000 8.000000 1.000000
0.250000 0.125000 1.000000 4.000000
0.250000 1.000000 0.250000 1.000000

Matrix 4668:
1.000000 0.142857 3.000000 0.111111
7.000000 1.000000 0.500000 0.250000
0.333333 2.000000 1.000000 0.200000
9.000000 4.000000 5.000000 1.000000

Matrix 4669:
1.000000 0.250000 0.333333 1.000000
4.000000 1.000000 5.000000 0.333333
3.000000 0.200000 1.000000 0.500000
1.000000 3.000000 2.000000 1.000000

Matrix 4670:
1.000000 0.200000 0.333333 2.000000
5.000000 1.000000 0.200000 9.000000
3.000000 5.000000 1.000000 5.000000
0.500000 0.111111 0.200000 1.000000

Matrix 4671:
1.000000 0.500000 0.142857 0.125000
2.000000 1.000000 0.333333 1.000000
7.000000 3.000000 1.000000 4.000000
8.000000 1.000000 0.250000 1.000000

Matrix 4672:
1.000000 5.000000 0.250000 0.333333
0.200000 1.000000 1.000000 0.142857
4.000000 1.000000 1.000000 6.000000
3.000000 7.000000 0.166667 1.000000

Matrix 4673:
1.000000 8.000000 1.000000 1.000000
0.125000 1.000000 0.111111 0.500000
1.000000 9.000000 1.000000 0.142857
1.000000 2.000000 7.000000 1.000000

Matrix 4674:
1.000000 6.000000 1.000000 0.166667
0.166667 1.000000 1.000000 0.142857
1.000000 1.000000 1.000000 0.125000
6.000000 7.000000 8.000000 1.000000

Matrix 4675:
1.000000 9.000000 0.200000 0.250000
0.111111 1.000000 0.142857 0.200000
5.000000 7.000000 1.000000 4.000000
4.000000 5.000000 0.250000 1.000000

Matrix 4676:
1.000000 0.250000 0.333333 0.111111
4.000000 1.000000 0.142857 0.250000
3.000000 7.000000 1.000000 0.200000
9.000000 4.000000 5.000000 1.000000

Matrix 4677:
1.000000 0.166667 0.200000 3.000000
6.000000 1.000000 0.166667 5.000000
5.000000 6.000000 1.000000 1.000000
0.333333 0.200000 1.000000 1.000000

Matrix 4678:
1.000000 2.000000 0.125000 0.111111
0.500000 1.000000 0.333333 0.142857
8.000000 3.000000 1.000000 1.000000
9.000000 7.000000 1.000000 1.000000

Matrix 4679:
1.000000 1.000000 0.250000 3.000000
1.000000 1.000000 1.000000 0.250000
4.000000 1.000000 1.000000 0.333333
0.333333 4.000000 3.000000 1.000000

Matrix 4680:
1.000000 7.000000 0.250000 6.000000
0.142857 1.000000 0.166667 4.000000
4.000000 6.000000 1.000000 6.000000
0.166667 0.250000 0.166667 1.000000

Matrix 4681:
1.000000 9.000000 6.000000 2.000000
0.111111 1.000000 7.000000 1.000000
0.166667 0.142857 1.000000 0.200000
0.500000 1.000000 5.000000 1.000000

Matrix 4682:
1.000000 5.000000 3.000000 0.500000
0.200000 1.000000 6.000000 0.166667
0.333333 0.166667 1.000000 0.166667
2.000000 6.000000 6.000000 1.000000

Matrix 4683:
1.000000 0.500000 0.333333 1.000000
2.000000 1.000000 2.000000 0.500000
3.000000 0.500000 1.000000 6.000000
1.000000 2.000000 0.166667 1.000000

Matrix 4684:
1.000000 6.000000 0.250000 1.000000
0.166667 1.000000 0.200000 9.000000
4.000000 5.000000 1.000000 6.000000
1.000000 0.111111 0.166667 1.000000

Matrix 4685:
1.000000 0.166667 0.125000 0.200000
6.000000 1.000000 5.000000 0.200000
8.000000 0.200000 1.000000 0.333333
5.000000 5.000000 3.000000 1.000000

Matrix 4686:
1.000000 1.000000 6.000000 0.333333
1.000000 1.000000 0.200000 0.125000
0.166667 5.000000 1.000000 0.125000
3.000000 8.000000 8.000000 1.000000

Matrix 4687:
1.000000 0.500000 0.125000 0.500000
2.000000 1.000000 0.200000 0.200000
8.000000 5.000000 1.000000 0.500000
2.000000 5.000000 2.000000 1.000000

Matrix 4688:
1.000000 0.166667 0.333333 0.166667
6.000000 1.000000 0.500000 1.000000
3.000000 2.000000 1.000000 6.000000
6.000000 1.000000 0.166667 1.000000

Matrix 4689:
1.000000 0.125000 0.500000 0.166667
8.000000 1.000000 7.000000 8.000000
2.000000 0.142857 1.000000 9.000000
6.000000 0.125000 0.111111 1.000000

Matrix 4690:
1.000000 0.333333 0.166667 1.000000
3.000000 1.000000 9.000000 6.000000
6.000000 0.111111 1.000000 0.250000
1.000000 0.166667 4.000000 1.000000

Matrix 4691:
1.000000 9.000000 0.125000 9.000000
0.111111 1.000000 0.200000 6.000000
8.000000 5.000000 1.000000 4.000000
0.111111 0.166667 0.250000 1.000000

Matrix 4692:
1.000000 4.000000 4.000000 4.000000
0.250000 1.000000 1.000000 9.000000
0.250000 1.000000 1.000000 0.250000
0.250000 0.111111 4.000000 1.000000

Matrix 4693:
1.000000 1.000000 1.000000 6.000000
1.000000 1.000000 8.000000 1.000000
1.000000 0.125000 1.000000 0.142857
0.166667 1.000000 7.000000 1.000000

Matrix 4694:
1.000000 3.000000 4.000000 2.000000
0.333333 1.000000 0.142857 0.333333
0.250000 7.000000 1.000000 1.000000
0.500000 3.000000 1.000000 1.000000

Matrix 4695:
1.000000 0.333333 0.111111 0.125000
3.000000 1.000000 0.250000 4.000000
9.000000 4.000000 1.000000 5.000000
8.000000 0.250000 0.200000 1.000000

Matrix 4696:
1.000000 0.125000 0.500000 3.000000
8.000000 1.000000 0.111111 2.000000
2.000000 9.000000 1.000000 2.000000
0.333333 0.500000 0.500000 1.000000

Matrix 4697:
1.000000 4.000000 0.166667 4.000000
0.250000 1.000000 1.000000 0.333333
6.000000 1.000000 1.000000 7.000000
0.250000 3.000000 0.142857 1.000000

Matrix 4698:
1.000000 1.000000 7.000000 2.000000
1.000000 1.000000 0.200000 0.166667
0.142857 5.000000 1.000000 0.142857
0.500000 6.000000 7.000000 1.000000

Matrix 4699:
1.000000 1.000000 0.500000 4.000000
1.000000 1.000000 0.333333 0.500000
2.000000 3.000000 1.000000 0.333333
0.250000 2.000000 3.000000 1.000000

Matrix 4700:
1.000000 9.000000 0.111111 0.166667
0.111111 1.000000 0.250000 0.500000
9.000000 4.000000 1.000000 2.000000
6.000000 2.000000 0.500000 1.000000

Matrix 4701:
1.000000 0.166667 9.000000 0.333333
6.000000 1.000000 4.000000 0.250000
0.111111 0.250000 1.000000 0.333333
3.000000 4.000000 3.000000 1.000000

Matrix 4702:
1.000000 1.000000 0.111111 7.000000
1.000000 1.000000 2.000000 5.000000
9.000000 0.500000 1.000000 7.000000
0.142857 0.200000 0.142857 1.000000

Matrix 4703:
1.000000 9.000000 0.166667 0.111111
0.111111 1.000000 0.111111 0.111111
6.000000 9.000000 1.000000 5.000000
9.000000 9.000000 0.200000 1.000000

Matrix 4704:
1.000000 0.111111 0.200000 0.200000
9.000000 1.000000 5.000000 0.125000
5.000000 0.200000 1.000000 0.200000
5.000000 8.000000 5.000000 1.000000

Matrix 4705:
1.000000 0.125000 0.142857 0.142857
8.000000 1.000000 7.000000 5.000000
7.000000 0.142857 1.000000 3.000000
7.000000 0.200000 0.333333 1.000000

Matrix 4706:
1.000000 4.000000 0.166667 0.111111
0.250000 1.000000 0.142857 0.166667
6.000000 7.000000 1.000000 8.000000
9.000000 6.000000 0.125000 1.000000

Matrix 4707:
1.000000 9.000000 2.000000 0.250000
0.111111 1.000000 0.111111 0.250000
0.500000 9.000000 1.000000 0.200000
4.000000 4.000000 5.000000 1.000000

Matrix 4708:
1.000000 0.111111 0.250000 0.166667
9.000000 1.000000 0.333333 0.250000
4.000000 3.000000 1.000000 3.000000
6.000000 4.000000 0.333333 1.000000

Matrix 4709:
1.000000 6.000000 1.000000 1.000000
0.166667 1.000000 0.166667 6.000000
1.000000 6.000000 1.000000 1.000000
1.000000 0.166667 1.000000 1.000000

Matrix 4710:
1.000000 2.000000 3.000000 0.500000
0.500000 1.000000 0.111111 0.200000
0.333333 9.000000 1.000000 0.333333
2.000000 5.000000 3.000000 1.000000

Matrix 4711:
1.000000 3.000000 0.142857 0.142857
0.333333 1.000000 0.200000 1.000000
7.000000 5.000000 1.000000 6.000000
7.000000 1.000000 0.166667 1.000000

Matrix 4712:
1.000000 8.000000 0.333333 0.500000
0.125000 1.000000 0.125000 0.142857
3.000000 8.000000 1.000000 0.142857
2.000000 7.000000 7.000000 1.000000

Matrix 4713:
1.000000 4.000000 6.000000 8.000000
0.250000 1.000000 9.000000 8.000000
0.166667 0.111111 1.000000 0.500000
0.125000 0.125000 2.000000 1.000000

Matrix 4714:
1.000000 0.200000 0.200000 0.142857
5.000000 1.000000 0.200000 0.250000
5.000000 5.000000 1.000000 0.125000
7.000000 4.000000 8.000000 1.000000

Matrix 4715:
1.000000 0.142857 0.333333 2.000000
7.000000 1.000000 1.000000 2.000000
3.000000 1.000000 1.000000 0.333333
0.500000 0.500000 3.000000 1.000000

Matrix 4716:
1.000000 0.200000 0.250000 1.000000
5.000000 1.000000 3.000000 1.000000
4.000000 0.333333 1.000000 0.111111
1.000000 1.000000 9.000000 1.000000

Matrix 4717:
1.000000 8.000000 0.333333 1.000000
0.125000 1.000000 2.000000 0.111111
3.000000 0.500000 1.000000 0.111111
1.000000 9.000000 9.000000 1.000000

Matrix 4718:
1.000000 1.000000 6.000000 0.333333
1.000000 1.000000 0.250000 0.111111
0.166667 4.000000 1.000000 0.200000
3.000000 9.000000 5.000000 1.000000

Matrix 4719:
1.000000 6.000000 0.111111 1.000000
0.166667 1.000000 0.125000 0.500000
9.000000 8.000000 1.000000 0.333333
1.000000 2.000000 3.000000 1.000000

Matrix 4720:
1.000000 5.000000 0.142857 0.125000
0.200000 1.000000 0.111111 2.000000
7.000000 9.000000 1.000000 3.000000
8.000000 0.500000 0.333333 1.000000

Matrix 4721:
1.000000 8.000000 6.000000 6.000000
0.125000 1.000000 1.000000 0.333333
0.166667 1.000000 1.000000 7.000000
0.166667 3.000000 0.142857 1.000000

Matrix 4722:
1.000000 9.000000 0.125000 6.000000
0.111111 1.000000 0.333333 3.000000
8.000000 3.000000 1.000000 8.000000
0.166667 0.333333 0.125000 1.000000

Matrix 4723:
1.000000 1.000000 7.000000 0.333333
1.000000 1.000000 4.000000 2.000000
0.142857 0.250000 1.000000 0.200000
3.000000 0.500000 5.000000 1.000000

Matrix 4724:
1.000000 7.000000 5.000000 9.000000
0.142857 1.000000 0.333333 1.000000
0.200000 3.000000 1.000000 0.250000
0.111111 1.000000 4.000000 1.000000

Matrix 4725:
1.000000 1.000000 3.000000 3.000000
1.000000 1.000000 1.000000 7.000000
0.333333 1.000000 1.000000 9.000000
0.333333 0.142857 0.111111 1.000000

Matrix 4726:
1.000000 0.500000 7.000000 8.000000
2.000000 1.000000 1.000000 0.333333
0.142857 1.000000 1.000000 0.200000
0.125000 3.000000 5.000000 1.000000

Matrix 4727:
1.000000 0.250000 0.125000 3.000000
4.000000 1.000000 0.333333 0.333333
8.000000 3.000000 1.000000 4.000000
0.333333 3.000000 0.250000 1.000000

Matrix 4728:
1.000000 3.000000 1.000000 0.166667
0.333333 1.000000 0.333333 0.250000
1.000000 3.000000 1.000000 0.125000
6.000000 4.000000 8.000000 1.000000

Matrix 4729:
1.000000 9.000000 0.500000 2.000000
0.111111 1.000000 0.333333 1.000000
2.000000 3.000000 1.000000 0.125000
0.500000 1.000000 8.000000 1.000000

Matrix 4730:
1.000000 7.000000 7.000000 0.142857
0.142857 1.000000 2.000000 0.142857
0.142857 0.500000 1.000000 1.000000
7.000000 7.000000 1.000000 1.000000

Matrix 4731:
1.000000 1.000000 0.142857 6.000000
1.000000 1.000000 1.000000 0.250000
7.000000 1.000000 1.000000 4.000000
0.166667 4.000000 0.250000 1.000000

Matrix 4732:
1.000000 3.000000 8.000000 9.000000
0.333333 1.000000 6.000000 2.000000
0.125000 0.166667 1.000000 7.000000
0.111111 0.500000 0.142857 1.000000

Matrix 4733:
1.000000 0.111111 0.333333 9.000000
9.000000 1.000000 7.000000 2.000000
3.000000 0.142857 1.000000 6.000000
0.111111 0.500000 0.166667 1.000000

Matrix 4734:
1.000000 1.000000 3.000000 1.000000
1.000000 1.000000 0.125000 0.111111
0.333333 8.000000 1.000000 0.142857
1.000000 9.000000 7.000000 1.000000

Matrix 4735:
1.000000 3.000000 5.000000 1.000000
0.333333 1.000000 0.142857 0.333333
0.200000 7.000000 1.000000 5.000000
1.000000 3.000000 0.200000 1.000000

Matrix 4736:
1.000000 1.000000 0.111111 5.000000
1.000000 1.000000 0.111111 1.000000
9.000000 9.000000 1.000000 8.000000
0.200000 1.000000 0.125000 1.000000

Matrix 4737:
1.000000 9.000000 5.000000 7.000000
0.111111 1.000000 1.000000 0.166667
0.200000 1.000000 1.000000 5.000000
0.142857 6.000000 0.200000 1.000000

Matrix 4738:
1.000000 5.000000 0.500000 0.142857
0.200000 1.000000 0.333333 0.333333
2.000000 3.000000 1.000000 1.000000
7.000000 3.000000 1.000000 1.000000

Matrix 4739:
1.000000 5.000000 2.000000 0.200000
0.200000 1.000000 0.200000 0.333333
0.500000 5.000000 1.000000 6.000000
5.000000 3.000000 0.166667 1.000000

Matrix 4740:
1.000000 0.200000 0.200000 0.200000
5.000000 1.000000 3.000000 2.000000
5.000000 0.333333 1.000000 3.000000
5.000000 0.500000 0.333333 1.000000

Matrix 4741:
1.000000 0.125000 1.000000 0.200000
8.000000 1.000000 1.000000 0.142857
1.000000 1.000000 1.000000 1.000000
5.000000 7.000000 1.000000 1.000000

Matrix 4742:
1.000000 0.200000 3.000000 0.166667
5.000000 1.000000 1.000000 4.000000
0.333333 1.000000 1.000000 1.000000
6.000000 0.250000 1.000000 1.000000

Matrix 4743:
1.000000 9.000000 1.000000 1.000000
0.111111 1.000000 0.166667 0.125000
1.000000 6.000000 1.000000 0.111111
1.000000 8.000000 9.000000 1.000000

