Matrix 1:
1.000000 0.200000 1.000000 5.000000 0.340529 0.333333 0.500000 1.000000
5.000000 1.000000 3.000003 9.000009 1.000000 5.999988 2.836604 2.507565
1.000000 0.333333 1.000000 4.467659 0.581339 1.269970 0.380673 0.333333
0.200000 0.111111 0.223831 1.000000 0.166667 0.111111 0.333333 0.250000
2.936607 1.000000 1.720168 6.000000 1.000000 0.493544 0.500000 3.000000
3.000000 0.166667 0.787420 9.000000 2.026163 1.000000 2.000000 1.296677
2.000000 0.352534 2.626927 3.000000 2.000000 0.500000 1.000000 1.868449
1.000000 0.398793 3.000000 4.000000 0.333333 0.771202 0.535203 1.000000

Matrix 2:
1.000000 1.213678 4.000000 8.653414 9.000009 2.000000 4.607929 5.000000
0.823942 1.000000 8.000000 9.000009 7.000007 7.000007 4.000000 3.000000
0.250000 0.125000 1.000000 9.000009 5.000000 1.000000 0.495476 2.000000
0.115561 0.111111 0.111111 1.000000 1.401167 0.142857 0.333333 0.200000
0.111111 0.142857 0.200000 0.713691 1.000000 0.125000 0.166667 0.142857
0.500000 0.142857 1.000000 7.000000 8.000000 1.000000 3.000000 0.936412
0.217017 0.250000 2.018262 3.000000 6.000000 0.333333 1.000000 2.342695
0.200000 0.333333 0.500000 5.000000 7.000000 1.067906 0.426859 1.000000

Matrix 3:
1.000000 0.166667 0.166667 0.200000 0.250000 0.375327 0.250000 0.125000
6.000000 1.000000 0.645018 1.122886 5.000000 1.447497 2.026270 0.166667
6.000000 1.550344 1.000000 0.500000 7.000007 0.723875 1.000000 0.200000
5.000000 0.890562 2.000000 1.000000 8.592206 1.304920 1.592305 0.166667
4.000000 0.200000 0.142857 0.116385 1.000000 0.333333 0.142857 0.142857
2.664342 0.690847 1.381454 0.766331 3.000000 1.000000 0.575313 0.125000
4.000000 0.493518 1.000000 0.628020 7.000000 1.738184 1.000000 0.611108
8.000000 6.000000 5.000000 6.000000 7.000000 8.000000 1.636372 1.000000

Matrix 4:
1.000000 5.999988 5.999988 7.000007 5.000000 5.999988 4.995992 7.097638
0.166667 1.000000 2.000000 1.688901 0.333333 1.000000 0.632348 9.000000
0.166667 0.500000 1.000000 0.500000 0.250000 1.773355 1.000000 7.000000
0.142857 0.592101 2.000000 1.000000 0.166667 0.541923 0.794897 7.000000
0.200000 3.000000 4.000000 6.000000 1.000000 2.000000 2.751973 6.000000
0.166667 1.000000 0.563903 1.845281 0.500000 1.000000 1.000000 9.000000
0.200160 1.581409 1.000000 1.258025 0.363376 1.000000 1.000000 5.000000
0.140892 0.111111 0.142857 0.142857 0.166667 0.111111 0.200000 1.000000

Matrix 5:
1.000000 0.759425 5.000000 4.215420 1.000000 8.000000 5.999988 5.000000
1.316786 1.000000 3.000003 2.223488 0.961729 4.000000 9.000009 7.000000
0.200000 0.333333 1.000000 2.000000 0.200000 1.000000 2.647086 0.592184
0.237224 0.449744 0.500000 1.000000 0.417882 0.333333 2.620109 0.500000
1.000000 1.039794 5.000000 2.393021 1.000000 1.458857 3.000003 8.000000
0.125000 0.250000 1.000000 3.000000 0.685468 1.000000 4.000000 0.665426
0.166667 0.111111 0.377774 0.381663 0.333333 0.250000 1.000000 1.000000
0.200000 0.142857 1.688664 2.000000 0.125000 1.502796 1.000000 1.000000

Matrix 6:
1.000000 0.500000 0.111111 0.166667 0.500000 0.333333 0.150776 0.200000
2.000000 1.000000 0.239778 0.500000 0.522149 0.500000 2.000000 0.333333
9.000000 4.170520 1.000000 5.999988 7.000007 7.000007 4.000000 8.041118
6.000000 2.000000 0.166667 1.000000 2.000000 2.000000 2.000000 6.000000
2.000000 1.915161 0.142857 0.500000 1.000000 0.333333 0.526590 0.500000
3.000000 2.000000 0.142857 0.500000 3.000000 1.000000 1.532090 2.000000
6.632371 0.500000 0.250000 0.500000 1.899011 0.652703 1.000000 1.387283
5.000000 3.000000 0.124361 0.166667 2.000000 0.500000 0.720834 1.000000

Matrix 7:
1.000000 3.000003 0.672389 1.692116 3.000003 4.022924 9.000009 4.000000
0.333333 1.000000 0.735372 1.000000 4.000000 2.271287 7.000007 2.897968
1.487235 1.359856 1.000000 2.000000 8.354681 1.424521 5.000000 8.000000
0.590976 1.000000 0.500000 1.000000 5.000000 4.000000 1.492546 1.159602
0.333333 0.250000 0.119693 0.200000 1.000000 0.500000 1.968048 1.445994
0.248575 0.440279 0.701990 0.250000 2.000000 1.000000 2.000000 0.500000
0.111111 0.142857 0.200000 0.669996 0.508118 0.500000 1.000000 1.674288
0.250000 0.345069 0.125000 0.862365 0.691566 2.000000 0.597269 1.000000

Matrix 8:
1.000000 1.599895 0.500000 4.000000 8.868354 0.333333 3.000003 0.520077
0.625041 1.000000 0.333333 1.747387 3.912148 0.125000 5.000000 0.166667
2.000000 3.000000 1.000000 1.000000 5.000000 0.200000 7.000007 0.200000
0.250000 0.572283 1.000000 1.000000 4.000000 0.142857 3.143880 0.500000
0.112760 0.255614 0.200000 0.250000 1.000000 0.133974 0.500000 0.111111
3.000000 8.000000 5.000000 7.000000 7.464139 1.000000 5.000000 2.000000
0.333333 0.200000 0.142857 0.318078 2.000000 0.200000 1.000000 0.125000
1.922791 6.000000 5.000000 2.000000 9.000000 0.500000 8.000000 1.000000

Matrix 9:
1.000000 0.200000 0.500000 5.000000 1.549501 0.343931 1.000000 3.000000
5.000000 1.000000 0.849342 7.000007 3.000003 0.333333 8.000000 5.000000
2.000000 1.177382 1.000000 8.000000 8.495369 2.949101 5.000000 9.000000
0.200000 0.142857 0.125000 1.000000 0.125000 0.111111 0.250000 0.333333
0.645369 0.333333 0.117711 8.000000 1.000000 0.166667 1.191567 2.000000
2.907556 3.000000 0.339086 9.000000 6.000000 1.000000 4.000000 7.000000
1.000000 0.125000 0.200000 4.000000 0.839231 0.250000 1.000000 0.747185
0.333333 0.200000 0.111111 3.000000 0.500000 0.142857 1.338357 1.000000

Matrix 10:
1.000000 1.000000 0.557938 5.000000 0.125000 0.433852 3.000000 1.090229
1.000000 1.000000 0.250000 0.670444 0.125000 0.166667 0.333333 0.250000
1.792314 4.000000 1.000000 3.000003 0.250000 0.972415 6.000000 7.000000
0.200000 1.491548 0.333333 1.000000 0.166667 0.250000 0.250000 0.619863
8.000000 8.000000 4.000000 6.000000 1.000000 2.753482 6.000000 7.000000
2.304932 6.000000 1.028367 4.000000 0.363177 1.000000 5.000000 3.000000
0.333333 3.000000 0.166667 4.000000 0.166667 0.200000 1.000000 2.000000
0.917238 4.000000 0.142857 1.613260 0.142857 0.333333 0.500000 1.000000

Matrix 11:
1.000000 0.590542 0.500000 0.200000 0.125000 0.500000 0.200000 0.205843
1.693359 1.000000 5.000000 0.888412 2.133358 3.000003 3.687654 0.763456
2.000000 0.200000 1.000000 0.142857 0.166667 0.502137 1.000000 0.500000
5.000000 1.125605 7.000000 1.000000 1.651703 4.200981 7.000007 0.500000
8.000000 0.468744 6.000000 0.605436 1.000000 2.318737 2.367799 0.728997
2.000000 0.333333 1.991490 0.238040 0.431269 1.000000 1.492152 0.272022
5.000000 0.271175 1.000000 0.142857 0.422333 0.670173 1.000000 1.000000
4.858077 1.309834 2.000000 2.000000 1.371748 3.676179 1.000000 1.000000

Matrix 12:
1.000000 4.684021 4.000000 1.631702 8.000000 8.512155 5.999988 1.563092
0.213492 1.000000 3.000003 0.142857 2.132610 1.962054 4.000000 1.608138
0.250000 0.333333 1.000000 0.142439 1.714196 0.661038 5.000000 0.200000
0.612857 7.000000 7.020525 1.000000 6.935995 9.000009 5.000000 6.000000
0.125000 0.468909 0.583364 0.144175 1.000000 0.398582 2.000000 0.200000
0.117479 0.509670 1.512772 0.111111 2.508892 1.000000 1.363219 1.057082
0.166667 0.250000 0.200000 0.200000 0.500000 0.733558 1.000000 0.250000
0.639758 0.621837 5.000000 0.166667 5.000000 0.946001 4.000000 1.000000

Matrix 13:
1.000000 0.634095 2.000000 5.000000 4.000000 8.000000 4.000000 9.000000
1.577050 1.000000 5.000000 9.000009 5.999988 9.000000 2.000000 5.000000
0.500000 0.200000 1.000000 0.555431 0.333333 2.000000 0.500000 0.524671
0.200000 0.111111 1.800404 1.000000 0.333333 0.723688 0.500000 0.460138
0.250000 0.166667 3.000000 3.000000 1.000000 2.679735 0.642918 6.000000
0.125000 0.111111 0.500000 1.381811 0.373171 1.000000 0.125000 0.333333
0.250000 0.500000 2.000000 2.000000 1.555409 8.000000 1.000000 4.000000
0.111111 0.200000 1.905957 2.173262 0.166667 3.000000 0.250000 1.000000

Matrix 14:
1.000000 4.000000 2.000000 2.000000 8.000000 5.000000 0.500000 2.146816
0.250000 1.000000 0.538052 0.333333 1.000000 1.561352 0.250000 0.142857
0.500000 1.858558 1.000000 2.081076 4.000000 9.000009 1.123126 0.500000
0.500000 3.000000 0.480521 1.000000 5.999988 1.000000 0.383478 1.180955
0.125000 1.000000 0.250000 0.166667 1.000000 0.649355 0.333333 0.125000
0.200000 0.640471 0.111111 1.000000 1.539990 1.000000 0.333333 0.166667
2.000000 4.000000 0.890372 2.607712 3.000000 3.000000 1.000000 3.159403
0.465806 7.000000 2.000000 0.846772 8.000000 6.000000 0.316516 1.000000

Matrix 15:
1.000000 3.000003 2.000000 1.000000 6.067132 4.000000 2.000000 6.000000
0.333333 1.000000 0.142857 0.125000 0.500000 0.402709 0.142857 0.333333
0.500000 7.000000 1.000000 2.000000 2.000000 4.364736 0.500000 5.000000
1.000000 8.000000 0.500000 1.000000 3.157448 3.000003 1.000000 6.000000
0.164823 2.000000 0.500000 0.316711 1.000000 2.000000 1.055013 3.538054
0.250000 2.483180 0.229109 0.333333 0.500000 1.000000 0.142857 2.403344
0.500000 7.000000 2.000000 1.000000 0.947855 7.000000 1.000000 1.822096
0.166667 3.000000 0.200000 0.166667 0.282641 0.416087 0.548818 1.000000

Matrix 16:
1.000000 0.250000 0.111111 0.730742 0.111111 0.902593 0.500000 0.461072
4.000000 1.000000 1.084109 3.231917 0.498931 4.000000 2.573408 0.520636
9.000000 0.922417 1.000000 4.000000 1.000000 5.999988 0.500000 2.670350
1.368473 0.309414 0.250000 1.000000 0.125000 1.000000 0.333333 0.148317
9.000000 2.004284 1.000000 8.000000 1.000000 7.000007 1.000000 0.675240
1.107919 0.250000 0.166667 1.000000 0.142857 1.000000 0.624469 0.142857
2.000000 0.388590 2.000000 3.000000 1.000000 1.601361 1.000000 0.275262
2.168858 1.920728 0.374483 6.742305 1.480956 7.000000 3.632903 1.000000

Matrix 17:
1.000000 2.000000 1.521294 0.663047 3.490277 2.000000 0.125000 6.000000
0.500000 1.000000 1.000000 0.333333 4.000000 3.000003 0.264111 4.000000
0.657335 1.000000 1.000000 0.364231 7.000007 4.000000 0.172854 5.000000
1.508188 3.000000 2.745510 1.000000 8.000000 5.000000 0.500000 2.000000
0.286510 0.250000 0.142857 0.125000 1.000000 2.000000 0.200000 1.050785
0.500000 0.333333 0.250000 0.200000 0.500000 1.000000 0.142857 3.000000
8.000000 3.786293 5.785225 2.000000 5.000000 7.000000 1.000000 6.000000
0.166667 0.250000 0.200000 0.500000 0.951670 0.333333 0.166667 1.000000

Matrix 18:
1.000000 3.428356 1.950291 2.000000 0.250000 2.485910 0.333333 0.142857
0.291685 1.000000 1.354723 0.509252 0.200000 0.333333 0.500000 0.166667
0.512744 0.738158 1.000000 1.000000 0.200000 1.384184 0.521268 0.250000
0.500000 1.963663 1.000000 1.000000 0.266181 0.333333 0.200000 0.200000
4.000000 5.000000 5.000000 3.756840 1.000000 5.000000 2.000000 0.250000
0.402267 3.000000 0.722447 3.000000 0.200000 1.000000 0.326578 0.142857
3.000000 2.000000 1.918397 5.000000 0.500000 3.062058 1.000000 0.384407
7.000000 6.000000 4.000000 5.000000 4.000000 7.000000 2.601411 1.000000

Matrix 19:
1.000000 2.395464 0.250000 0.250000 0.477582 0.200000 0.250000 0.111111
0.417456 1.000000 0.111111 0.125000 0.200000 0.111111 0.111111 0.250000
4.000000 9.000000 1.000000 0.250000 3.000003 4.000000 0.329387 0.599384
4.000000 8.000000 4.000000 1.000000 4.044861 3.000000 1.674211 1.601003
2.093881 5.000000 0.333333 0.247227 1.000000 2.000000 0.540342 0.516077
5.000000 9.000000 0.250000 0.333333 0.500000 1.000000 0.250000 0.500000
4.000000 9.000000 3.035946 0.597296 1.850681 4.000000 1.000000 0.499421
9.000000 4.000000 1.668380 0.624609 1.937697 2.000000 2.002317 1.000000

Matrix 20:
1.000000 0.250000 0.373281 0.142857 0.166667 0.125000 1.000000 1.000000
4.000000 1.000000 1.562591 0.147401 0.500000 0.475646 4.000000 1.000000
2.678947 0.639963 1.000000 0.142857 0.333333 1.000000 5.999988 0.520188
7.000000 6.784220 7.000000 1.000000 3.000003 3.000003 9.000009 9.000000
6.000000 2.000000 3.000000 0.333333 1.000000 0.610442 2.000000 2.000000
8.000000 2.102404 1.000000 0.333333 1.638159 1.000000 6.478058 0.500000
1.000000 0.250000 0.166667 0.111111 0.500000 0.154367 1.000000 0.250000
1.000000 1.000000 1.922381 0.111111 0.500000 2.000000 4.000000 1.000000

Matrix 21:
1.000000 1.000000 2.000000 8.000000 0.500000 1.000000 0.250000 1.689459
1.000000 1.000000 2.074993 5.999988 0.260050 0.476436 0.200000 0.500000
0.500000 0.481929 1.000000 7.000007 0.342224 0.603043 0.333333 0.333333
0.125000 0.166667 0.142857 1.000000 0.166667 0.125000 0.111111 0.479779
2.000000 3.845410 2.922064 6.000000 1.000000 2.217814 0.633189 5.000000
1.000000 2.098920 1.658256 8.000000 0.450895 1.000000 0.256569 0.500000
4.000000 5.000000 3.000000 9.000000 1.579306 3.897580 1.000000 5.000000
0.591905 2.000000 3.000000 2.084292 0.200000 2.000000 0.200000 1.000000

Matrix 22:
1.000000 2.021475 1.000000 0.259019 8.204934 5.999988 1.000000 4.000000
0.494688 1.000000 0.495012 0.125000 7.000007 4.201622 2.121055 1.483148
1.000000 2.020151 1.000000 1.000000 8.000000 3.520552 1.957056 8.000000
3.860714 8.000000 1.000000 1.000000 9.000009 8.000000 5.999988 3.289026
0.121878 0.142857 0.125000 0.111111 1.000000 1.387345 0.111111 0.166667
0.166667 0.238003 0.284046 0.125000 0.720801 1.000000 0.165648 0.166667
1.000000 0.471464 0.510972 0.166667 9.000000 6.036895 1.000000 2.174527
0.250000 0.674241 0.125000 0.304041 6.000000 6.000000 0.459870 1.000000

Matrix 23:
1.000000 0.142857 0.828090 1.951683 0.333333 3.000003 0.522743 2.000000
7.000000 1.000000 4.000000 7.000007 0.854661 4.000000 1.446609 7.233808
1.207598 0.250000 1.000000 0.655754 0.111111 1.101089 0.281640 0.380981
0.512378 0.142857 1.524963 1.000000 0.200000 0.500000 0.191577 0.235431
3.000000 1.170055 9.000000 5.000000 1.000000 4.000000 3.000003 0.915032
0.333333 0.250000 0.908192 2.000000 0.250000 1.000000 0.200000 0.646486
1.912986 0.691272 3.550630 5.219842 0.333333 5.000000 1.000000 5.000000
0.500000 0.138240 2.624804 4.247526 1.092858 1.546823 0.200000 1.000000

Matrix 24:
1.000000 0.125000 5.000000 1.382137 1.039353 0.219331 0.581501 0.250000
8.000000 1.000000 7.000007 3.212727 8.000000 4.000000 7.000007 0.702857
0.200000 0.142857 1.000000 0.142857 0.286147 0.144786 0.500000 0.111111
0.723517 0.311262 7.000000 1.000000 0.320937 0.507511 3.000003 0.200000
0.962137 0.125000 3.494707 3.115877 1.000000 0.503450 3.566320 0.250000
4.559325 0.250000 6.906741 1.970402 1.986295 1.000000 9.000009 0.333333
1.719687 0.142857 2.000000 0.333333 0.280401 0.111111 1.000000 0.137811
4.000000 1.422765 9.000000 5.000000 4.000000 3.000000 7.256311 1.000000

Matrix 25:
1.000000 5.000000 8.000000 2.000000 3.000003 2.000000 0.333333 2.921298
0.200000 1.000000 4.000000 0.333333 0.616579 0.696026 0.142857 0.883693
0.125000 0.250000 1.000000 0.113454 0.500000 0.427448 0.111111 0.250000
0.500000 3.000000 8.814144 1.000000 2.256615 0.555116 0.576210 0.860582
0.333333 1.621852 2.000000 0.443142 1.000000 0.142857 0.112413 0.442648
0.500000 1.436729 2.339465 1.801426 7.000000 1.000000 1.262769 3.000000
3.000000 7.000000 9.000000 1.735480 8.895777 0.791910 1.000000 4.000000
0.342314 1.131614 4.000000 1.162005 2.259130 0.333333 0.250000 1.000000

Matrix 26:
1.000000 0.125000 2.000864 1.166009 0.250000 0.200000 0.500000 0.142857
8.000000 1.000000 5.000000 8.952262 0.598123 1.601228 2.362318 1.000000
0.499784 0.200000 1.000000 0.500000 0.142857 0.166667 0.250000 0.755646
0.857627 0.111704 2.000000 1.000000 0.142857 0.553662 0.500000 0.500000
4.000000 1.671897 7.000000 7.000000 1.000000 9.000009 1.716404 3.000000
5.000000 0.624521 6.000000 1.806157 0.111111 1.000000 1.000000 1.448635
2.000000 0.423313 4.000000 2.000000 0.582613 1.000000 1.000000 1.722235
7.000000 1.000000 1.323371 2.000000 0.333333 0.690305 0.580641 1.000000

Matrix 27:
1.000000 0.594023 1.000000 0.155330 0.333333 0.190531 0.333333 0.146788
1.683436 1.000000 2.333535 1.000000 0.387844 0.335261 0.500000 0.247847
1.000000 0.428534 1.000000 0.116975 0.166667 0.500000 0.500000 0.166667
6.437908 1.000000 8.548844 1.000000 3.246913 2.031117 1.663651 0.250000
3.000000 2.578355 6.000000 0.307985 1.000000 0.250000 1.666028 0.142857
5.248499 2.982748 2.000000 0.492340 4.000000 1.000000 2.707480 0.166667
3.000000 2.000000 2.000000 0.601088 0.600230 0.369347 1.000000 0.250000
6.812548 4.034751 6.000000 4.000000 7.000000 6.000000 4.000000 1.000000

Matrix 28:
1.000000 0.538263 9.000009 8.000000 1.000000 4.000000 4.000000 5.000000
1.857826 1.000000 5.000000 3.106140 0.412506 3.000003 3.000000 9.000000
0.111111 0.200000 1.000000 1.904652 0.111111 0.142857 0.313603 0.614827
0.125000 0.321943 0.525030 1.000000 0.250000 0.241093 0.431365 2.000000
1.000000 2.424209 9.000000 4.000000 1.000000 5.999988 2.000000 7.000000
0.250000 0.333333 7.000000 4.147785 0.166667 1.000000 1.934500 6.000000
0.250000 0.333333 3.188745 2.318222 0.500000 0.516929 1.000000 8.000000
0.200000 0.111111 1.626472 0.500000 0.142857 0.166667 0.125000 1.000000

Matrix 29:
1.000000 5.999988 3.000003 6.652688 2.169613 1.931043 4.323596 1.434990
0.166667 1.000000 3.000003 2.215688 0.212256 0.166667 1.000000 0.500000
0.333333 0.333333 1.000000 3.000003 0.271709 0.333333 0.166667 0.111111
0.150315 0.451327 0.333333 1.000000 0.111111 0.166667 0.142857 0.200000
0.460912 4.711297 3.680411 9.000000 1.000000 1.946608 1.000000 0.467267
0.517855 6.000000 3.000000 6.000000 0.513714 1.000000 2.669954 0.506600
0.231289 1.000000 6.000000 7.000000 1.000000 0.374538 1.000000 0.345527
0.696869 2.000000 9.000000 5.000000 2.140105 1.973945 2.894134 1.000000

Matrix 30:
1.000000 5.000000 9.000009 3.000003 2.000000 0.642769 0.500000 0.142857
0.200000 1.000000 5.000000 0.250000 0.333333 0.333333 0.125000 0.166667
0.111111 0.200000 1.000000 0.200000 0.500000 0.250000 0.149059 0.125000
0.333333 4.000000 5.000000 1.000000 0.636343 0.603380 0.250000 0.200000
0.500000 3.000000 2.000000 1.571481 1.000000 0.166667 0.200000 0.166667
1.555768 3.000000 4.000000 1.657330 6.000000 1.000000 0.641562 0.250000
2.000000 8.000000 6.708731 4.000000 5.000000 1.558695 1.000000 0.542061
7.000000 6.000000 8.000000 5.000000 6.000000 4.000000 1.844810 1.000000

Matrix 31:
1.000000 0.333333 1.000000 1.672605 5.999988 0.975603 5.000000 2.245094
3.000000 1.000000 0.619727 1.000000 5.000000 2.582819 1.733526 3.000000
1.000000 1.613613 1.000000 1.960717 5.000000 7.000007 2.478829 8.000000
0.597870 1.000000 0.510017 1.000000 5.000000 2.246916 2.390861 1.202108
0.166667 0.200000 0.200000 0.200000 1.000000 0.166667 0.136135 0.383723
1.025008 0.387174 0.142857 0.445055 6.000000 1.000000 0.500000 2.000000
0.200000 0.576859 0.403416 0.418259 7.345666 2.000000 1.000000 3.000000
0.445416 0.333333 0.125000 0.831872 2.606044 0.500000 0.333333 1.000000

Matrix 32:
1.000000 3.000003 1.000000 1.180334 1.000000 1.802488 8.000000 2.000000
0.333333 1.000000 0.206066 0.467333 1.180083 0.424426 1.926346 0.250000
1.000000 4.852812 1.000000 5.000000 2.000000 1.000000 4.000000 0.532741
0.847218 2.139802 0.200000 1.000000 0.559195 2.273970 7.078871 0.538050
1.000000 0.847398 0.500000 1.788286 1.000000 0.500000 4.000000 0.500000
0.554789 2.356126 1.000000 0.439760 2.000000 1.000000 8.000000 0.250000
0.125000 0.519118 0.250000 0.141265 0.250000 0.125000 1.000000 0.142857
0.500000 4.000000 1.877085 1.858565 2.000000 4.000000 7.000000 1.000000

Matrix 33:
1.000000 1.652337 0.250000 0.333333 9.000009 4.000000 5.000000 0.200000
0.605204 1.000000 0.250000 0.275890 0.790155 0.868575 0.673412 0.111111
4.000000 4.000000 1.000000 1.000000 9.000009 5.999988 5.000000 2.017528
3.000000 3.624639 1.000000 1.000000 9.000009 5.000000 7.000000 2.000000
0.111111 1.265575 0.111111 0.111111 1.000000 1.561970 0.200000 0.125000
0.250000 1.151312 0.166667 0.200000 0.640217 1.000000 0.273199 0.166667
0.200000 1.484974 0.200000 0.142857 5.000000 3.660333 1.000000 0.455384
5.000000 9.000000 0.495656 0.500000 8.000000 6.000000 2.195949 1.000000

Matrix 34:
1.000000 0.333333 4.000000 1.553047 0.500000 2.249677 0.111111 0.536035
3.000000 1.000000 7.000007 7.000007 2.467936 1.915682 2.000000 2.000000
0.250000 0.142857 1.000000 0.333333 0.115901 0.333333 0.333333 0.125000
0.643895 0.142857 3.000000 1.000000 0.256121 1.438057 0.200000 0.243893
2.000000 0.405197 8.628038 3.904405 1.000000 1.805543 0.500000 2.000000
0.444508 0.522007 3.000000 0.695383 0.553850 1.000000 0.265441 0.500000
9.000000 0.500000 3.000000 5.000000 2.000000 3.767321 1.000000 3.807817
1.865550 0.500000 8.000000 4.100161 0.500000 2.000000 0.262618 1.000000

Matrix 35:
1.000000 2.596947 5.999988 3.000003 0.125000 0.383974 0.443194 0.200000
0.385068 1.000000 2.043780 3.455722 0.125000 0.379458 0.200000 1.000000
0.166667 0.489289 1.000000 1.861762 0.142857 0.200000 0.125000 0.200000
0.333333 0.289375 0.537126 1.000000 0.142857 0.142857 0.125000 0.200000
8.000000 8.000000 7.000000 7.000000 1.000000 2.199268 0.500000 4.000000
2.604344 2.635337 5.000000 7.000000 0.454697 1.000000 0.333333 4.000000
2.256347 5.000000 8.000000 8.000000 2.000000 3.000000 1.000000 3.272959
5.000000 1.000000 5.000000 5.000000 0.250000 0.250000 0.305534 1.000000

Matrix 36:
1.000000 0.609950 7.000007 0.333333 2.000000 0.379593 1.392695 0.125000
1.639479 1.000000 5.000000 1.968304 5.000000 0.333333 4.000000 0.333333
0.142857 0.200000 1.000000 0.125000 0.253095 0.166667 0.166667 0.166667
3.000000 0.508052 8.000000 1.000000 4.000000 0.250000 1.000000 0.333333
0.500000 0.200000 3.951080 0.250000 1.000000 0.333333 0.207407 0.181783
2.634401 3.000000 6.000000 4.000000 3.000000 1.000000 3.096467 0.565340
0.718032 0.250000 6.000000 1.000000 4.821438 0.322949 1.000000 0.142857
8.000000 3.000000 6.000000 3.000000 5.501057 1.768846 7.000000 1.000000

Matrix 37:
1.000000 1.509333 0.200000 2.699142 1.000000 2.074231 2.000000 0.257292
0.662544 1.000000 1.000000 5.999988 3.000003 2.745694 5.000000 3.000000
5.000000 1.000000 1.000000 6.824650 2.000000 3.000003 5.999988 2.057565
0.370488 0.166667 0.146528 1.000000 0.250000 0.125000 0.500000 0.125000
1.000000 0.333333 0.500000 4.000000 1.000000 0.333333 5.000000 0.500000
0.482106 0.364207 0.333333 8.000000 3.000000 1.000000 3.000003 1.000000
0.500000 0.200000 0.166667 2.000000 0.200000 0.333333 1.000000 0.333333
3.886631 0.333333 0.486011 8.000000 2.000000 1.000000 3.000000 1.000000

Matrix 38:
1.000000 3.000003 8.000000 1.764679 5.999988 4.000000 5.000000 1.000000
0.333333 1.000000 5.999988 3.000003 5.999988 8.000000 7.000000 1.000000
0.125000 0.166667 1.000000 0.525393 3.000003 0.500000 1.000000 0.125000
0.566675 0.333333 1.903335 1.000000 5.000000 1.000000 7.000000 0.200000
0.166667 0.166667 0.333333 0.200000 1.000000 1.766914 1.340064 0.166667
0.250000 0.125000 2.000000 1.000000 0.565959 1.000000 0.795244 0.250000
0.200000 0.142857 1.000000 0.142857 0.746233 1.257476 1.000000 0.250000
1.000000 1.000000 8.000000 5.000000 6.000000 4.000000 4.000000 1.000000

Matrix 39:
1.000000 6.541748 0.500000 1.000000 2.371945 7.000007 2.000000 1.831468
0.152864 1.000000 0.111111 0.200000 0.125000 0.500000 0.404379 0.500000
2.000000 9.000000 1.000000 4.000000 3.000003 5.999988 4.000000 2.000000
1.000000 5.000000 0.250000 1.000000 2.139469 9.000009 5.999988 3.000000
0.421595 8.000000 0.333333 0.467406 1.000000 0.656772 2.262171 0.474415
0.142857 2.000000 0.166667 0.111111 1.522598 1.000000 1.000000 0.333333
0.500000 2.472926 0.250000 0.166667 0.442053 1.000000 1.000000 0.333333
0.546010 2.000000 0.500000 0.333333 2.107861 3.000000 3.000000 1.000000

Matrix 40:
1.000000 0.503539 0.333333 0.250000 0.250000 0.129997 2.000000 0.111111
1.985944 1.000000 0.166667 0.250000 0.382755 0.250000 0.716995 0.137517
3.000000 6.000000 1.000000 0.500000 4.000000 0.333333 4.000000 0.500000
4.000000 4.000000 2.000000 1.000000 8.000000 0.333333 8.000000 1.566971
4.000000 2.612640 0.250000 0.125000 1.000000 0.166667 2.000000 0.250000
7.692488 4.000000 3.000000 3.000000 6.000000 1.000000 5.000000 1.000000
0.500000 1.394710 0.250000 0.125000 0.500000 0.200000 1.000000 0.118909
9.000000 7.271818 2.000000 0.638174 4.000000 1.000000 8.409779 1.000000

Matrix 41:
1.000000 0.250000 0.333333 0.166667 0.180687 0.197909 2.566645 0.129719
4.000000 1.000000 0.503904 0.111111 0.256736 0.200000 1.813355 0.333333
3.000000 1.984504 1.000000 0.610804 0.470721 0.263197 8.000000 1.702549
6.000000 9.000000 1.637188 1.000000 0.500000 0.309907 8.000000 2.000000
5.534425 3.895058 2.124402 2.000000 1.000000 0.500000 5.000000 3.000000
5.052815 5.000000 3.799438 3.226779 2.000000 1.000000 8.000000 9.000000
0.389614 0.551464 0.125000 0.125000 0.200000 0.125000 1.000000 0.333333
7.708988 3.000000 0.587355 0.500000 0.333333 0.111111 3.000000 1.000000

Matrix 42:
1.000000 3.003202 0.500000 0.166667 5.999988 3.000003 0.729105 0.500000
0.332978 1.000000 0.124059 0.166667 3.658629 0.584836 1.000000 1.279895
2.000000 8.060667 1.000000 0.582925 5.393722 8.000000 7.000007 6.000000
6.000000 6.000000 1.715486 1.000000 8.000000 5.999988 8.000000 9.000000
0.166667 0.273326 0.185401 0.125000 1.000000 0.537057 0.196437 0.437654
0.333333 1.709880 0.125000 0.166667 1.861999 1.000000 0.500000 2.000000
1.371545 1.000000 0.142857 0.125000 5.090691 2.000000 1.000000 1.000000
2.000000 0.781314 0.166667 0.111111 2.284911 0.500000 1.000000 1.000000

Matrix 43:
1.000000 1.000000 0.142857 4.646407 0.200000 0.500000 2.000000 0.674794
1.000000 1.000000 0.111111 2.000000 0.365858 2.000000 2.081008 0.125000
7.000000 9.000000 1.000000 8.000000 4.000000 2.000000 5.999988 0.612809
0.215220 0.500000 0.125000 1.000000 0.125000 0.111111 0.333333 0.142857
5.000000 2.733303 0.250000 8.000000 1.000000 1.618852 4.000000 0.333333
2.000000 0.500000 0.500000 9.000000 0.617722 1.000000 2.187969 0.500000
0.500000 0.480536 0.166667 3.000000 0.250000 0.457045 1.000000 0.142857
1.481934 8.000000 1.631829 7.000000 3.000000 2.000000 7.000000 1.000000

Matrix 44:
1.000000 0.200000 1.000000 0.154290 0.250000 0.211439 0.166667 0.593603
5.000000 1.000000 4.000000 0.500000 0.142857 1.597684 0.250000 0.891154
1.000000 0.250000 1.000000 0.125000 0.142857 1.000000 0.125000 1.000000
6.481291 2.000000 8.000000 1.000000 0.655421 3.000003 1.396815 5.000000
4.000000 7.000000 7.000000 1.525738 1.000000 3.000003 0.420124 5.000000
4.729499 0.625906 1.000000 0.333333 0.333333 1.000000 0.215893 2.000000
6.000000 4.000000 8.000000 0.715914 2.380252 4.631916 1.000000 2.000000
1.684627 1.122140 1.000000 0.200000 0.200000 0.500000 0.500000 1.000000

Matrix 45:
1.000000 9.000009 0.200000 1.933583 1.787613 5.000000 1.741626 9.000000
0.111111 1.000000 0.123393 0.538805 0.452302 1.302588 0.333333 0.618740
5.000000 8.104170 1.000000 8.000000 6.408645 5.999988 9.000009 6.000000
0.517175 1.855960 0.125000 1.000000 0.333333 3.000003 0.580756 2.000000
0.559405 2.210910 0.156039 3.000000 1.000000 2.980319 2.000000 0.828974
0.200000 0.767703 0.166667 0.333333 0.335535 1.000000 0.333333 1.459074
0.574176 3.000000 0.111111 1.721893 0.500000 3.000000 1.000000 4.323818
0.111111 1.616188 0.166667 0.500000 1.206311 0.685366 0.231277 1.000000

Matrix 46:
1.000000 0.200000 0.142857 0.125000 0.333333 0.500000 0.200000 2.115368
5.000000 1.000000 0.250000 1.000000 0.432637 2.000000 0.250000 2.000000
7.000000 4.000000 1.000000 1.526572 5.999988 3.000000 0.250000 4.000000
8.000000 1.000000 0.655062 1.000000 2.000000 3.000000 0.250000 4.000000
3.000000 2.311407 0.166667 0.500000 1.000000 3.760683 0.500000 2.000000
2.000000 0.500000 0.333333 0.333333 0.265909 1.000000 0.111111 1.000000
5.000000 4.000000 4.000000 4.000000 2.000000 9.000000 1.000000 6.000000
0.472731 0.500000 0.250000 0.250000 0.500000 1.000000 0.166667 1.000000

Matrix 47:
1.000000 1.000000 5.000000 2.774711 2.000000 8.676000 0.733495 0.166667
1.000000 1.000000 2.000000 5.999988 2.786860 9.000009 2.899380 1.451394
0.200000 0.500000 1.000000 1.286741 0.250000 2.322284 0.485143 0.111111
0.360398 0.166667 0.777157 1.000000 0.500000 4.000000 1.000000 0.125000
0.500000 0.358827 4.000000 2.000000 1.000000 3.000003 1.000000 0.333333
0.115260 0.111111 0.430610 0.250000 0.333333 1.000000 0.147989 0.142857
1.363335 0.344901 2.061248 1.000000 1.000000 6.757242 1.000000 0.142857
6.000000 0.688993 9.000000 8.000000 3.000000 7.000000 7.000000 1.000000

Matrix 48:
1.000000 1.457875 5.999988 2.000000 1.000000 5.999988 1.890124 4.000000
0.685930 1.000000 0.655346 1.458602 0.333333 7.000007 2.086614 7.000000
0.166667 1.525911 1.000000 0.554972 0.166667 4.000000 0.487440 4.000000
0.500000 0.685588 1.801891 1.000000 0.200000 5.999988 0.333333 3.000000
1.000000 3.000000 6.000000 5.000000 1.000000 5.000000 1.835154 9.000000
0.166667 0.142857 0.250000 0.166667 0.200000 1.000000 0.200000 0.370277
0.529066 0.479245 2.051533 3.000000 0.544913 5.000000 1.000000 6.668529
0.250000 0.142857 0.250000 0.333333 0.111111 2.700683 0.149958 1.000000

Matrix 49:
1.000000 0.200000 0.142857 0.142857 0.387445 0.200000 0.125000 0.125000
5.000000 1.000000 0.200000 0.500000 3.000003 3.186663 0.333333 0.651207
7.000000 5.000000 1.000000 0.480603 5.999988 3.000003 2.398438 5.000000
7.000000 2.000000 2.080720 1.000000 7.000007 9.000009 2.000000 4.000000
2.581009 0.333333 0.166667 0.142857 1.000000 0.200000 0.111111 0.500000
5.000000 0.313808 0.333333 0.111111 5.000000 1.000000 0.559986 0.250000
8.000000 3.000000 0.416938 0.500000 9.000000 1.785758 1.000000 1.000000
8.000000 1.535610 0.200000 0.250000 2.000000 4.000000 1.000000 1.000000

Matrix 50:
1.000000 0.142857 0.638035 0.166667 0.200000 0.142857 0.500000 0.166667
7.000000 1.000000 2.000000 0.250000 1.000000 0.333333 6.000000 0.307302
1.567312 0.500000 1.000000 0.125000 0.142857 0.142857 1.000000 0.111111
6.000000 4.000000 8.000000 1.000000 0.627374 4.000000 7.000000 0.406710
5.000000 1.000000 7.000000 1.593944 1.000000 1.846952 7.000000 0.451187
7.000000 3.000000 7.000000 0.250000 0.541433 1.000000 5.000000 0.142857
2.000000 0.166667 1.000000 0.142857 0.142857 0.200000 1.000000 0.200000
6.000000 3.254129 9.000000 2.458757 2.216373 7.000000 5.000000 1.000000

Matrix 51:
1.000000 2.000000 3.000003 1.844619 0.333333 0.873027 1.000000 0.500000
0.500000 1.000000 0.142857 0.333333 0.111111 0.333333 0.125000 0.125000
0.333333 7.000000 1.000000 2.042993 0.111111 1.908357 0.601477 1.000000
0.542117 3.000000 0.489478 1.000000 0.177921 0.500000 0.250000 0.250000
3.000000 9.000000 9.000000 5.620468 1.000000 4.000000 5.999988 4.473501
1.145440 3.000000 0.524011 2.000000 0.250000 1.000000 0.500000 2.000000
1.000000 8.000000 1.662575 4.000000 0.166667 2.000000 1.000000 1.691866
2.000000 8.000000 1.000000 4.000000 0.223539 0.500000 0.591063 1.000000

Matrix 52:
1.000000 3.000003 4.000000 1.000000 0.548261 1.811758 0.250000 4.000000
0.333333 1.000000 0.376017 0.142857 0.166667 0.142857 0.166667 0.531867
0.250000 2.659456 1.000000 0.340504 0.333333 0.494119 0.125000 2.000000
1.000000 7.000000 2.936826 1.000000 5.999988 2.144543 0.200000 9.000000
1.823947 6.000000 3.000000 0.166667 1.000000 1.997929 0.166667 4.315054
0.551950 7.000000 2.023803 0.466300 0.500518 1.000000 0.142857 4.000000
4.000000 6.000000 8.000000 5.000000 6.000000 7.000000 1.000000 9.000000
0.250000 1.880169 0.500000 0.111111 0.231747 0.250000 0.111111 1.000000

Matrix 53:
1.000000 0.142857 0.536475 3.000003 0.250000 5.999988 0.566075 0.860685
7.000000 1.000000 3.000003 9.000009 3.000003 5.999988 9.000009 2.000000
1.864021 0.333333 1.000000 8.000000 1.000000 7.000007 0.838630 2.000000
0.333333 0.111111 0.125000 1.000000 0.111111 3.000003 0.200000 0.111111
4.000000 0.333333 1.000000 9.000000 1.000000 8.000000 2.000000 1.058801
0.166667 0.166667 0.142857 0.333333 0.125000 1.000000 0.500000 0.250000
1.766550 0.111111 1.192420 5.000000 0.500000 2.000000 1.000000 0.200000
1.161866 0.500000 0.500000 9.000000 0.944464 4.000000 5.000000 1.000000

Matrix 54:
1.000000 0.200000 0.500000 0.154776 0.500000 0.477163 0.250000 0.647889
5.000000 1.000000 4.389774 2.711784 8.000000 2.968687 0.649681 4.000000
2.000000 0.227802 1.000000 0.333333 2.518535 2.000000 0.477745 3.000000
6.460961 0.368761 3.000000 1.000000 5.999988 4.000000 0.759063 6.000000
2.000000 0.125000 0.397056 0.166667 1.000000 0.286563 0.500000 0.875447
2.095721 0.336849 0.500000 0.250000 3.489640 1.000000 1.000000 7.000000
4.000000 1.539216 2.093168 1.317414 2.000000 1.000000 1.000000 9.000000
1.543475 0.250000 0.333333 0.166667 1.142274 0.142857 0.111111 1.000000

Matrix 55:
1.000000 0.545374 4.000000 4.000000 1.000000 1.930126 4.000000 0.250000
1.833604 1.000000 7.000007 7.000007 2.000000 1.571842 1.131936 0.530338
0.250000 0.142857 1.000000 2.340589 0.333333 0.500000 1.000000 0.145137
0.250000 0.142857 0.427243 1.000000 0.271257 0.111111 0.344817 0.125000
1.000000 0.500000 3.000000 3.686546 1.000000 0.607906 0.394631 0.114885
0.518101 0.636196 2.000000 9.000000 1.644992 1.000000 2.000000 0.250000
0.250000 0.883442 1.000000 2.900093 2.534013 0.500000 1.000000 0.500000
4.000000 1.885591 6.890032 8.000000 8.704352 4.000000 2.000000 1.000000

Matrix 56:
1.000000 4.000000 2.000000 4.000000 5.000000 8.000000 5.999988 8.000000
0.250000 1.000000 0.309008 0.760377 8.000000 7.000007 5.000000 2.178239
0.500000 3.236165 1.000000 1.884529 5.999988 8.055031 4.000000 5.000000
0.250000 1.315138 0.530637 1.000000 7.000007 7.000007 0.500000 6.000000
0.200000 0.125000 0.166667 0.142857 1.000000 1.578383 0.494079 0.356133
0.125000 0.142857 0.124146 0.142857 0.633560 1.000000 0.439128 0.250000
0.166667 0.200000 0.250000 2.000000 2.023967 2.277240 1.000000 2.000000
0.125000 0.459087 0.200000 0.166667 2.807938 4.000000 0.500000 1.000000

Matrix 57:
1.000000 2.000000 1.427241 5.000000 8.000000 5.999988 8.834209 0.687070
0.500000 1.000000 1.669385 0.412668 3.362506 1.000000 6.924156 0.500000
0.700653 0.599023 1.000000 1.000000 2.000000 1.000000 2.000000 0.186703
0.200000 2.423254 1.000000 1.000000 1.000000 4.000000 5.562952 0.395693
0.125000 0.297397 0.500000 1.000000 1.000000 0.632292 4.000000 0.142857
0.166667 1.000000 1.000000 0.250000 1.581547 1.000000 1.000000 0.142857
0.113196 0.144422 0.500000 0.179761 0.250000 1.000000 1.000000 0.250000
1.455456 2.000000 5.356093 2.527212 7.000000 7.000000 4.000000 1.000000

Matrix 58:
1.000000 4.000000 8.392074 2.000000 2.604001 5.999988 2.000000 6.000000
0.250000 1.000000 3.000003 0.125000 0.200000 0.593158 0.500000 1.000000
0.119160 0.333333 1.000000 0.250000 0.111111 0.600094 0.333333 0.455384
0.500000 8.000000 4.000000 1.000000 3.629225 8.735692 5.999988 3.000000
0.384024 5.000000 9.000000 0.275541 1.000000 3.000003 5.999988 4.000000
0.166667 1.685891 1.666406 0.114473 0.333333 1.000000 0.500000 1.518711
0.500000 2.000000 3.000000 0.166667 0.166667 2.000000 1.000000 0.371900
0.166667 1.000000 2.195948 0.333333 0.250000 0.658453 2.688892 1.000000

Matrix 59:
1.000000 0.500000 0.271134 0.166667 0.136257 0.125000 0.269759 1.000000
2.000000 1.000000 0.333333 0.200000 0.166667 0.125000 1.000000 0.511891
3.688210 3.000000 1.000000 0.125000 0.200000 0.142857 2.014845 1.000000
6.000000 5.000000 8.000000 1.000000 0.333333 1.659386 3.000000 8.000000
7.339060 6.000000 5.000000 3.000000 1.000000 2.000000 8.000000 5.000000
8.000000 8.000000 7.000000 0.602633 0.500000 1.000000 1.859886 1.000000
3.707012 1.000000 0.496316 0.333333 0.125000 0.537667 1.000000 1.000000
1.000000 1.953541 1.000000 0.125000 0.200000 1.000000 1.000000 1.000000

Matrix 60:
1.000000 1.283692 2.000000 7.000007 2.051094 0.333333 0.500000 6.000000
0.779003 1.000000 0.633512 0.848879 1.000000 0.303974 0.111111 3.000000
0.500000 1.578502 1.000000 8.000000 0.625075 1.000000 1.257539 2.287208
0.142857 1.178024 0.125000 1.000000 0.195974 0.166667 0.166667 0.434264
0.487545 1.000000 1.599807 5.102725 1.000000 0.250000 0.333333 2.000000
3.000000 3.289757 1.000000 6.000000 4.000000 1.000000 0.727338 6.000000
2.000000 9.000000 0.795204 6.000000 3.000000 1.374876 1.000000 9.000000
0.166667 0.333333 0.437214 2.302745 0.500000 0.166667 0.111111 1.000000

Matrix 61:
1.000000 5.000000 1.828576 4.000000 4.939409 0.572290 0.463928 5.786790
0.200000 1.000000 0.690037 0.362519 0.500000 0.180964 0.111111 0.333333
0.546874 1.449199 1.000000 0.296320 3.000003 0.333333 0.111111 2.000000
0.250000 2.758473 3.374730 1.000000 3.362400 1.577907 0.333333 5.000000
0.202453 2.000000 0.333333 0.297407 1.000000 0.142857 0.111111 1.877918
1.747367 5.525970 3.000000 0.633751 7.000000 1.000000 0.142857 3.000000
2.155506 9.000000 9.000000 3.000000 9.000000 7.000000 1.000000 7.000000
0.172807 3.000000 0.500000 0.200000 0.532505 0.333333 0.142857 1.000000

Matrix 62:
1.000000 2.000000 0.166667 1.000000 1.000000 0.142857 0.166667 0.651096
0.500000 1.000000 0.166667 0.596441 2.000000 0.333333 0.500000 0.200000
6.000000 6.000000 1.000000 8.000000 9.000009 5.999988 4.000000 4.000000
1.000000 1.676613 0.125000 1.000000 2.024291 0.111111 0.500000 0.166667
1.000000 0.500000 0.111111 0.494000 1.000000 0.166667 0.142857 0.333333
7.000000 3.000000 0.166667 9.000000 6.000000 1.000000 3.000000 0.557949
6.000000 2.000000 0.250000 2.000000 7.000000 0.333333 1.000000 0.500000
1.535873 5.000000 0.250000 6.000000 3.000000 1.792279 2.000000 1.000000

Matrix 63:
1.000000 1.000000 0.452434 0.500000 0.111111 0.406639 3.938395 0.250000
1.000000 1.000000 0.636947 0.250000 0.129428 0.500000 1.068465 0.560819
2.210269 1.569990 1.000000 0.225617 0.142857 2.068677 2.000000 0.623995
2.000000 4.000000 4.432288 1.000000 0.162263 4.000000 8.000000 3.000000
9.000000 7.726274 7.000000 6.162828 1.000000 9.000009 7.000007 6.000000
2.459181 2.000000 0.483401 0.250000 0.111111 1.000000 5.000000 0.420144
0.253911 0.935922 0.500000 0.125000 0.142857 0.200000 1.000000 0.333333
4.000000 1.783105 1.602577 0.333333 0.166667 2.380135 3.000000 1.000000

Matrix 64:
1.000000 8.000000 9.000009 2.000000 2.068179 9.000009 5.999988 5.000000
0.125000 1.000000 1.778209 0.166667 0.111111 0.125000 0.111111 0.321816
0.111111 0.562364 1.000000 0.111111 0.368897 0.250000 0.425362 1.000000
0.500000 6.000000 9.000000 1.000000 0.607428 2.241005 0.810128 1.600440
0.483517 9.000000 2.710787 1.646287 1.000000 1.827561 1.545976 2.000000
0.111111 8.000000 4.000000 0.446228 0.547177 1.000000 1.000000 1.000000
0.166667 9.000000 2.350939 1.234373 0.646841 1.000000 1.000000 5.000000
0.200000 3.107368 1.000000 0.624828 0.500000 1.000000 0.200000 1.000000

Matrix 65:
1.000000 7.000007 2.000000 5.000000 5.000000 5.999988 9.000009 2.272204
0.142857 1.000000 0.333333 0.125000 0.500278 0.333333 1.772246 0.333333
0.500000 3.000000 1.000000 0.493301 8.000000 2.000000 7.000007 0.741986
0.200000 8.000000 2.027162 1.000000 4.000000 5.999988 4.000000 3.000000
0.200000 1.998888 0.125000 0.250000 1.000000 0.333333 0.500000 0.333333
0.166667 3.000000 0.500000 0.166667 3.000000 1.000000 1.000000 0.166667
0.111111 0.564256 0.142857 0.250000 2.000000 1.000000 1.000000 0.250000
0.440101 3.000000 1.347734 0.333333 3.000000 6.000000 4.000000 1.000000

Matrix 66:
1.000000 1.000000 0.200000 1.513371 2.000000 2.858726 0.200000 1.389636
1.000000 1.000000 0.250000 1.717817 1.589895 0.627664 0.155761 0.333333
5.000000 4.000000 1.000000 2.000000 5.000000 5.000000 1.707193 9.000000
0.660777 0.582134 0.500000 1.000000 1.810148 2.000000 0.414095 2.000000
0.500000 0.628972 0.200000 0.552441 1.000000 0.200000 0.125000 0.965019
0.349806 1.593208 0.200000 0.500000 5.000000 1.000000 0.215089 1.518225
5.000000 6.420091 0.585757 2.414902 8.000000 4.649233 1.000000 6.000000
0.719613 3.000000 0.111111 0.500000 1.036249 0.658664 0.166667 1.000000

Matrix 67:
1.000000 8.000000 0.250000 1.181480 0.333333 1.000000 2.000000 2.000000
0.125000 1.000000 0.123847 0.250000 0.142857 0.111111 0.333333 0.166667
4.000000 8.074491 1.000000 0.440699 1.000000 0.348223 2.633462 1.928483
0.846396 4.000000 2.269122 1.000000 1.729711 2.000000 8.000000 6.000000
3.000000 7.000000 1.000000 0.578131 1.000000 1.000000 2.000000 2.097993
1.000000 9.000000 2.871727 0.500000 1.000000 1.000000 5.999988 2.467188
0.500000 3.000000 0.379728 0.125000 0.500000 0.166667 1.000000 0.333333
0.500000 6.000000 0.518542 0.166667 0.476646 0.405320 3.000000 1.000000

Matrix 68:
1.000000 0.636953 2.083105 0.399788 1.000000 1.000000 4.749198 1.000000
1.569975 1.000000 4.696383 0.698186 2.765569 1.566655 3.000003 1.480730
0.480053 0.212930 1.000000 0.142857 1.846232 0.111111 4.000000 0.333333
2.501324 1.432284 7.000000 1.000000 1.598754 1.524673 8.000000 5.000000
1.000000 0.361589 0.541644 0.625487 1.000000 0.142857 1.848543 0.493106
1.000000 0.638302 9.000000 0.655878 7.000000 1.000000 6.153704 4.000000
0.210562 0.333333 0.250000 0.125000 0.540967 0.162504 1.000000 1.000000
1.000000 0.675342 3.000000 0.200000 2.027962 0.250000 1.000000 1.000000

Matrix 69:
1.000000 0.166667 0.500000 0.142857 1.000000 0.125000 0.399375 1.358159
6.000000 1.000000 1.687505 5.000000 5.000000 1.906241 5.000000 7.000000
2.000000 0.592591 1.000000 0.520907 5.000000 1.760430 8.000000 9.000000
7.000000 0.200000 1.919727 1.000000 8.000000 2.000000 6.348989 4.000000
1.000000 0.200000 0.200000 0.125000 1.000000 0.111111 1.354541 2.000000
8.000000 0.524593 0.568043 0.500000 9.000000 1.000000 3.000003 4.000000
2.503910 0.200000 0.125000 0.157505 0.738258 0.333333 1.000000 1.188088
0.736291 0.142857 0.111111 0.250000 0.500000 0.250000 0.841689 1.000000

Matrix 70:
1.000000 3.000003 3.587809 0.333333 1.666838 5.000000 1.000000 0.250000
0.333333 1.000000 1.000000 0.142857 0.142857 0.250000 0.166667 0.142857
0.278722 1.000000 1.000000 0.125000 0.200000 1.000000 0.142857 0.250000
3.000000 7.000000 8.000000 1.000000 8.000000 5.999988 5.000000 2.427607
0.599938 7.000000 5.000000 0.125000 1.000000 3.069625 0.359100 0.333333
0.200000 4.000000 1.000000 0.166667 0.325773 1.000000 0.391177 0.111111
1.000000 6.000000 7.000000 0.200000 2.784737 2.556386 1.000000 0.166667
4.000000 7.000000 4.000000 0.411928 3.000000 9.000000 6.000000 1.000000

Matrix 71:
1.000000 2.000000 1.618557 0.548101 0.111111 0.730576 0.500000 0.208024
0.500000 1.000000 0.630304 0.250000 0.200000 0.655705 0.250000 0.333333
0.617834 1.586536 1.000000 1.930847 0.125000 2.000000 0.111111 0.166667
1.824480 4.000000 0.517907 1.000000 0.142857 0.561014 0.142857 0.166667
9.000000 5.000000 8.000000 7.000000 1.000000 6.983533 1.000000 2.000000
1.368782 1.525077 0.500000 1.782488 0.143194 1.000000 0.111111 0.250000
2.000000 4.000000 9.000000 7.000000 1.000000 9.000000 1.000000 1.439663
4.807138 3.000000 6.000000 6.000000 0.500000 4.000000 0.694607 1.000000

Matrix 72:
1.000000 0.125000 0.500000 0.500000 1.558042 1.699071 0.391154 0.142857
8.000000 1.000000 0.593653 0.794964 2.894913 5.999988 3.000003 0.500000
2.000000 1.684486 1.000000 0.500000 0.921598 8.000000 2.447185 0.500000
2.000000 1.257919 2.000000 1.000000 2.000000 4.000000 5.000000 0.472388
0.641831 0.345434 1.085072 0.500000 1.000000 7.000007 4.000000 0.166667
0.588557 0.166667 0.125000 0.250000 0.142857 1.000000 0.333333 0.166667
2.556541 0.333333 0.408633 0.200000 0.250000 3.000000 1.000000 0.250000
7.000000 2.000000 2.000000 2.116904 6.000000 6.000000 4.000000 1.000000

Matrix 73:
1.000000 5.999988 9.000009 8.000000 7.000007 4.000000 4.000000 2.000000
0.166667 1.000000 0.619280 0.250000 3.000003 0.723240 0.200000 0.142857
0.111111 1.614778 1.000000 1.866849 0.635668 2.000000 0.412571 0.125000
0.125000 4.000000 0.535662 1.000000 1.000000 2.519921 0.200000 0.142857
0.142857 0.333333 1.573149 1.000000 1.000000 2.000000 0.200000 0.142857
0.250000 1.382667 0.500000 0.396838 0.500000 1.000000 0.166667 0.111111
0.250000 5.000000 2.423824 5.000000 5.000000 6.000000 1.000000 1.000000
0.500000 7.000000 8.000000 7.000000 7.000000 9.000000 1.000000 1.000000

Matrix 74:
1.000000 0.542595 0.472041 1.687654 1.753854 0.166667 7.000007 9.000000
1.842996 1.000000 0.333333 1.000000 0.619069 0.541144 7.000007 1.749029
2.118461 3.000000 1.000000 2.415675 1.467666 0.500000 8.000000 6.000000
0.592538 1.000000 0.413963 1.000000 2.000000 0.791185 8.710867 3.000000
0.570173 1.615329 0.681354 0.500000 1.000000 0.126306 7.000007 1.636033
6.000000 1.847938 2.000000 1.263926 7.917283 1.000000 9.000009 9.000000
0.142857 0.142857 0.125000 0.114799 0.142857 0.111111 1.000000 0.250000
0.111111 0.571746 0.166667 0.333333 0.611235 0.111111 4.000000 1.000000

Matrix 75:
1.000000 5.999988 1.193947 0.501742 5.000000 1.955906 7.000007 4.000000
0.166667 1.000000 0.500000 0.111111 3.000003 0.206206 0.558198 0.437864
0.837558 2.000000 1.000000 0.125000 7.000007 0.687340 7.000007 1.753819
1.993055 9.000000 8.000000 1.000000 7.000007 2.000000 7.000007 7.000000
0.200000 0.333333 0.142857 0.142857 1.000000 0.250000 1.708191 0.200000
0.511272 4.849518 1.454883 0.500000 4.000000 1.000000 7.000007 2.000000
0.142857 1.791478 0.142857 0.142857 0.585415 0.142857 1.000000 0.500000
0.250000 2.283812 0.570184 0.142857 5.000000 0.500000 2.000000 1.000000

Matrix 76:
1.000000 1.697835 6.818908 1.525595 5.000000 7.000007 1.000000 0.250000
0.588985 1.000000 9.000009 3.000003 4.890007 9.000009 4.000000 0.333333
0.146651 0.111111 1.000000 0.125000 0.166667 0.333333 0.125000 0.125000
0.655482 0.333333 8.000000 1.000000 3.000003 7.000007 1.000000 1.028305
0.200000 0.204499 6.000000 0.333333 1.000000 1.724757 1.000000 0.111111
0.142857 0.111111 3.000000 0.142857 0.579792 1.000000 0.237661 0.248085
1.000000 0.250000 8.000000 1.000000 1.000000 4.207670 1.000000 0.337329
4.000000 3.000000 8.000000 0.972474 9.000000 4.030870 2.964466 1.000000

Matrix 77:
1.000000 0.333333 0.728144 1.052165 2.000000 5.999988 0.632748 1.000000
3.000000 1.000000 2.303648 5.000000 4.913358 5.999988 1.564753 2.766231
1.373355 0.434094 1.000000 2.000000 5.291528 4.000000 0.689357 2.000000
0.950421 0.200000 0.500000 1.000000 0.936244 2.567176 0.494928 1.421628
0.500000 0.203527 0.188981 1.068097 1.000000 0.507656 0.200000 1.000000
0.166667 0.166667 0.250000 0.389533 1.969839 1.000000 0.142857 3.000000
1.580407 0.639079 1.450627 2.020495 5.000000 7.000000 1.000000 2.000000
1.000000 0.361503 0.500000 0.703419 1.000000 0.333333 0.500000 1.000000

Matrix 78:
1.000000 0.137479 0.250000 0.333333 0.333333 0.333333 0.429845 0.333333
7.273862 1.000000 1.815603 5.000000 3.000003 5.999988 7.000007 8.581804
4.000000 0.550781 1.000000 5.999988 2.000000 1.696917 4.000000 7.088487
3.000000 0.200000 0.166667 1.000000 0.333333 2.054286 0.649626 2.763772
3.000000 0.333333 0.500000 3.000000 1.000000 4.000000 0.333333 5.000000
3.000000 0.166667 0.589304 0.486787 0.250000 1.000000 1.000000 1.000000
2.326418 0.142857 0.250000 1.539346 3.000000 1.000000 1.000000 2.000000
3.000000 0.116526 0.141074 0.361824 0.200000 1.000000 0.500000 1.000000

Matrix 79:
1.000000 1.000000 0.214956 0.142857 0.200000 0.142857 2.213753 2.020102
1.000000 1.000000 1.328879 0.111111 0.333333 0.333333 3.000003 4.000000
4.652113 0.752514 1.000000 1.000000 0.634439 0.482214 4.000000 7.000000
7.000000 9.000000 1.000000 1.000000 0.707589 3.000003 3.000003 9.000000
5.000000 3.000000 1.576196 1.413249 1.000000 1.267223 9.000009 4.000000
7.000000 3.000000 2.073769 0.333333 0.789127 1.000000 5.000000 4.000000
0.451722 0.333333 0.250000 0.333333 0.111111 0.200000 1.000000 1.659451
0.495025 0.250000 0.142857 0.111111 0.250000 0.250000 0.602609 1.000000

Matrix 80:
1.000000 0.250000 3.048523 0.769140 7.000007 0.649201 6.000000 1.122282
4.000000 1.000000 3.000003 5.000000 3.000003 1.000000 5.443332 2.000000
0.328028 0.333333 1.000000 2.000000 3.000003 0.250000 8.952119 0.710664
1.300154 0.200000 0.500000 1.000000 2.577882 0.200000 2.000000 0.200000
0.142857 0.333333 0.333333 0.387915 1.000000 0.111111 3.000000 0.200000
1.540354 1.000000 4.000000 5.000000 9.000000 1.000000 4.000000 2.000000
0.166667 0.183711 0.111705 0.500000 0.333333 0.250000 1.000000 0.142857
0.891042 0.500000 1.407134 5.000000 5.000000 0.500000 7.000000 1.000000

Matrix 81:
1.000000 0.250000 4.000000 4.000000 2.761266 0.200000 0.671367 6.000000
4.000000 1.000000 4.495651 3.091060 4.000000 1.000000 0.380719 9.000000
0.250000 0.222437 1.000000 0.469220 1.078709 0.166667 0.250000 2.275233
0.250000 0.323514 2.131194 1.000000 5.000000 0.166667 0.142857 2.725887
0.362153 0.250000 0.927034 0.200000 1.000000 0.200000 0.166667 1.000000
5.000000 1.000000 6.000000 6.000000 5.000000 1.000000 3.360443 7.000000
1.489497 2.626610 4.000000 7.000000 6.000000 0.297580 1.000000 8.000000
0.166667 0.111111 0.439516 0.366853 1.000000 0.142857 0.125000 1.000000

Matrix 82:
1.000000 3.000003 1.946291 0.414025 5.999988 5.999988 7.000007 1.000000
0.333333 1.000000 2.124393 0.111111 3.000003 0.500000 2.000000 0.166667
0.513798 0.470723 1.000000 1.000000 3.000003 0.982247 5.999988 0.142857
2.415311 9.000000 1.000000 1.000000 5.999988 3.000003 8.000000 0.523269
0.166667 0.333333 0.333333 0.166667 1.000000 0.281717 2.802689 0.166667
0.166667 2.000000 1.018074 0.333333 3.549665 1.000000 3.000003 0.200000
0.142857 0.500000 0.166667 0.125000 0.356800 0.333333 1.000000 0.121600
1.000000 6.000000 7.000000 1.911061 6.000000 5.000000 8.223692 1.000000

Matrix 83:
1.000000 2.771425 1.133754 1.902897 5.000000 2.869802 1.936947 5.000000
0.360825 1.000000 0.142857 1.000000 0.200000 0.614171 0.120050 2.000000
0.882025 7.000000 1.000000 2.687202 1.666902 5.883078 2.000000 7.000000
0.525515 1.000000 0.372134 1.000000 1.207981 4.000000 0.623703 8.000000
0.200000 5.000000 0.599915 0.827828 1.000000 5.606409 1.000000 5.000000
0.348456 1.628210 0.169979 0.250000 0.178367 1.000000 0.383793 5.000000
0.516276 8.329873 0.500000 1.603327 1.000000 2.605573 1.000000 3.000000
0.200000 0.500000 0.142857 0.125000 0.200000 0.200000 0.333333 1.000000

Matrix 84:
1.000000 0.362672 0.125000 1.000000 1.675256 0.200000 0.166667 0.145134
2.757311 1.000000 0.333333 0.497165 1.000000 2.000000 0.200000 0.333333
8.000000 3.000000 1.000000 4.111548 9.000009 9.000009 2.594540 4.512168
1.000000 2.011403 0.243217 1.000000 3.000003 0.639729 0.250000 0.706142
0.596924 1.000000 0.111111 0.333333 1.000000 0.250000 0.166667 0.200000
5.000000 0.500000 0.111111 1.563163 4.000000 1.000000 0.250000 0.485060
6.000000 5.000000 0.385425 4.000000 6.000000 4.000000 1.000000 0.500000
6.890184 3.000000 0.221623 1.416146 5.000000 2.061599 2.000000 1.000000

Matrix 85:
1.000000 5.999988 1.999491 1.091488 4.000000 0.333333 3.277166 5.000000
0.166667 1.000000 0.211095 0.700719 1.870355 0.125000 1.000000 1.069381
0.500127 4.737207 1.000000 4.000000 2.000000 0.292099 0.507204 2.000000
0.916181 1.427106 0.250000 1.000000 1.945341 0.142857 1.000000 0.500000
0.250000 0.534658 0.500000 0.514049 1.000000 0.125000 0.200000 2.000000
3.000000 8.000000 3.423496 7.000000 8.000000 1.000000 4.000000 4.949792
0.305142 1.000000 1.971593 1.000000 5.000000 0.250000 1.000000 2.000000
0.200000 0.935120 0.500000 2.000000 0.500000 0.202029 0.500000 1.000000

Matrix 86:
1.000000 0.200000 0.142857 0.275235 1.778216 0.924785 1.028597 0.502658
5.000000 1.000000 3.000003 5.000000 5.000000 9.000009 7.000007 5.655993
7.000000 0.333333 1.000000 2.299632 7.000007 5.000000 2.000000 5.479742
3.633255 0.200000 0.434852 1.000000 9.000009 7.000007 8.000000 3.000000
0.562361 0.200000 0.142857 0.111111 1.000000 1.513976 2.000000 0.239798
1.081332 0.111111 0.200000 0.142857 0.660513 1.000000 0.656629 1.000000
0.972198 0.142857 0.500000 0.125000 0.500000 1.522931 1.000000 1.000000
1.989425 0.176804 0.182490 0.333333 4.170170 1.000000 1.000000 1.000000

Matrix 87:
1.000000 5.000000 5.999988 2.000000 3.000003 3.000003 1.489531 5.000000
0.200000 1.000000 0.333333 0.500000 2.000000 0.500000 0.111111 1.545856
0.166667 3.000000 1.000000 0.642992 0.521071 3.000003 0.166667 0.500000
0.500000 2.000000 1.555230 1.000000 2.792093 3.000003 0.394967 2.000000
0.333333 0.500000 1.919125 0.358154 1.000000 1.721999 0.401646 1.717654
0.333333 2.000000 0.333333 0.333333 0.580720 1.000000 0.250000 2.151559
0.671352 9.000000 6.000000 2.531856 2.489756 4.000000 1.000000 7.000000
0.200000 0.646891 2.000000 0.500000 0.582190 0.464779 0.142857 1.000000

Matrix 88:
1.000000 0.166667 0.746662 0.111111 1.000000 0.500000 0.125000 0.333333
6.000000 1.000000 1.588923 2.217327 7.000007 1.000000 3.000003 4.000000
1.339295 0.629357 1.000000 1.000000 5.999988 1.164582 0.577953 1.000000
9.000000 0.450993 1.000000 1.000000 5.000000 2.000000 1.000000 2.002702
1.000000 0.142857 0.166667 0.200000 1.000000 0.500000 0.142857 1.012872
2.000000 1.000000 0.858678 0.500000 2.000000 1.000000 1.483091 0.500000
8.000000 0.333333 1.730244 1.000000 7.000000 0.674267 1.000000 3.352867
3.000000 0.250000 1.000000 0.499325 0.987291 2.000000 0.298252 1.000000

Matrix 89:
1.000000 2.611911 1.866758 0.379138 0.151477 4.000000 0.200000 6.000000
0.382861 1.000000 0.250000 0.142857 0.142857 2.225317 0.578023 3.821029
0.535688 4.000000 1.000000 0.500000 0.304986 8.000000 0.250000 6.000000
2.637560 7.000000 2.000000 1.000000 0.636102 5.000000 2.000000 7.000000
6.601663 7.000000 3.278837 1.572074 1.000000 7.000007 0.896925 9.000000
0.250000 0.449374 0.125000 0.200000 0.142857 1.000000 0.116294 0.500000
5.000000 1.730034 4.000000 0.500000 1.114921 8.598930 1.000000 5.000000
0.166667 0.261710 0.166667 0.142857 0.111111 2.000000 0.200000 1.000000

Matrix 90:
1.000000 4.107177 5.999988 9.000009 0.527465 5.000000 5.000000 4.000000
0.243476 1.000000 5.000000 2.000000 0.142857 4.000000 2.000000 5.000000
0.166667 0.200000 1.000000 0.595230 0.250000 0.707735 0.586288 1.000000
0.111111 0.500000 1.680024 1.000000 0.250000 3.000003 0.333333 1.000000
1.895862 7.000000 4.000000 4.000000 1.000000 8.000000 8.000000 6.208763
0.200000 0.250000 1.412958 0.333333 0.125000 1.000000 0.558934 2.175568
0.200000 0.500000 1.705647 3.000000 0.125000 1.789119 1.000000 3.000000
0.250000 0.200000 1.000000 1.000000 0.161063 0.459650 0.333333 1.000000

Matrix 91:
1.000000 3.942666 4.000000 2.244781 0.166667 2.000000 1.000000 0.200000
0.253636 1.000000 0.690182 0.407376 0.111111 2.000000 0.200000 0.122879
0.250000 1.448894 1.000000 0.457875 0.333333 1.000000 0.200000 0.333333
0.445478 2.454734 2.184002 1.000000 0.500000 4.000000 0.333333 0.200000
6.000000 9.000000 3.000000 2.000000 1.000000 5.999988 1.710822 0.404519
0.500000 0.500000 1.000000 0.250000 0.166667 1.000000 0.932542 0.166667
1.000000 5.000000 5.000000 3.000000 0.584514 1.072337 1.000000 0.839486
5.000000 8.138077 3.000000 5.000000 2.472070 6.000000 1.191205 1.000000

Matrix 92:
1.000000 0.576423 0.200000 0.870603 0.251603 0.333333 0.518334 1.670590
1.734837 1.000000 1.000000 1.877399 0.236521 1.938144 1.000000 0.996028
5.000000 1.000000 1.000000 9.000009 0.250000 2.000000 1.000000 1.839555
1.148629 0.532652 0.111111 1.000000 0.125000 0.125000 0.498561 1.000000
3.974517 4.227946 4.000000 8.000000 1.000000 1.000000 4.000000 2.000000
3.000000 0.515958 0.500000 8.000000 1.000000 1.000000 1.442742 2.094195
1.929260 1.000000 1.000000 2.005774 0.250000 0.693124 1.000000 3.000000
0.598591 1.003988 0.543610 1.000000 0.500000 0.477511 0.333333 1.000000

Matrix 93:
1.000000 0.166667 0.111111 0.500000 0.800709 0.250000 0.555768 0.200000
6.000000 1.000000 0.500000 2.037540 0.632710 0.333333 5.000000 0.250000
9.000000 2.000000 1.000000 1.380435 1.000000 0.500000 3.000003 0.320435
2.000000 0.490788 0.724409 1.000000 2.108724 0.621451 1.582682 0.500000
1.248893 1.580502 1.000000 0.474220 1.000000 0.250000 2.000000 0.125000
4.000000 3.000000 2.000000 1.609137 4.000000 1.000000 2.032917 1.000000
1.799311 0.200000 0.333333 0.631839 0.500000 0.491904 1.000000 0.111111
5.000000 4.000000 3.120756 2.000000 8.000000 1.000000 9.000000 1.000000

Matrix 94:
1.000000 4.000000 7.000007 3.000003 1.669618 1.000000 3.000003 7.000000
0.250000 1.000000 0.333333 0.200000 0.111111 0.500000 0.427684 3.000000
0.142857 3.000000 1.000000 0.200000 0.111111 0.250000 1.000000 0.363260
0.333333 5.000000 5.000000 1.000000 0.325139 0.500000 2.000000 3.000000
0.598939 9.000000 9.000000 3.075611 1.000000 2.745614 7.000007 9.000000
1.000000 2.000000 4.000000 2.000000 0.364217 1.000000 3.000003 3.000000
0.333333 2.338173 1.000000 0.500000 0.142857 0.333333 1.000000 3.510460
0.142857 0.333333 2.752848 0.333333 0.111111 0.333333 0.284863 1.000000

Matrix 95:
1.000000 1.000000 1.000000 0.200000 0.754877 0.142857 0.250000 0.125000
1.000000 1.000000 4.000000 0.330710 4.000000 1.415370 0.283239 0.500000
1.000000 0.250000 1.000000 0.518430 1.000000 0.166667 0.125000 0.120533
5.000000 3.023800 1.928901 1.000000 4.000000 1.779517 4.000000 1.609320
1.324718 0.250000 1.000000 0.250000 1.000000 0.190929 0.328763 0.111111
7.000000 0.706529 6.000000 0.561950 5.237549 1.000000 1.086638 0.512504
4.000000 3.530584 8.000000 0.250000 3.041706 0.920270 1.000000 0.500000
8.000000 2.000000 8.296516 0.621380 9.000000 1.951204 2.000000 1.000000

Matrix 96:
1.000000 0.500000 1.676489 0.398234 0.111111 1.599303 1.636027 2.000000
2.000000 1.000000 5.000000 1.038303 1.521997 2.824389 9.000009 7.000000
0.596485 0.200000 1.000000 0.111811 0.200000 0.125000 1.638023 0.943157
2.511086 0.963110 8.943668 1.000000 0.473117 3.000003 4.000000 8.000000
9.000000 0.657031 5.000000 2.113644 1.000000 4.000000 3.000003 8.309961
0.625272 0.354059 8.000000 0.333333 0.250000 1.000000 4.000000 1.994439
0.611237 0.111111 0.610492 0.250000 0.333333 0.250000 1.000000 4.000000
0.500000 0.142857 1.060269 0.125000 0.120338 0.501394 0.250000 1.000000

Matrix 97:
1.000000 0.333333 0.174734 0.260215 0.133108 0.125000 0.125000 0.483164
3.000000 1.000000 1.256438 0.200000 0.431288 0.142857 0.200000 1.688810
5.722979 0.795901 1.000000 1.031969 2.000000 0.519663 0.942388 1.148354
3.842973 5.000000 0.969021 1.000000 4.000000 1.000000 1.210478 4.000000
7.512718 2.318638 0.500000 0.250000 1.000000 0.863899 0.250000 3.204174
8.000000 7.000000 1.924325 1.000000 1.157542 1.000000 1.951843 4.000000
8.000000 5.000000 1.061134 0.826120 4.000000 0.512336 1.000000 6.000000
2.069691 0.592133 0.870811 0.250000 0.312093 0.250000 0.166667 1.000000

Matrix 98:
1.000000 0.166667 1.676130 0.749817 0.272341 1.763046 2.000000 0.200000
6.000000 1.000000 8.809087 5.999988 3.000003 4.000000 3.000003 2.000000
0.596613 0.113519 1.000000 0.250000 0.250000 0.601594 5.000000 0.478030
1.333659 0.166667 4.000000 1.000000 2.000000 2.000000 5.999988 0.500000
3.671869 0.333333 4.000000 0.500000 1.000000 2.055913 3.062751 0.500000
0.567200 0.250000 1.662250 0.500000 0.486402 1.000000 1.774278 0.474845
0.500000 0.333333 0.200000 0.166667 0.326504 0.563610 1.000000 0.250000
5.000000 0.500000 2.091920 2.000000 2.000000 2.105953 4.000000 1.000000

Matrix 99:
1.000000 0.598341 0.246895 3.031980 2.000000 1.000000 1.000000 0.333333
1.671289 1.000000 0.500000 7.000007 4.000000 0.683873 3.000000 1.000000
4.050307 2.000000 1.000000 8.133327 6.103671 0.739274 5.000000 4.000000
0.329818 0.142857 0.122951 1.000000 0.629511 0.111111 1.000000 0.125000
0.500000 0.250000 0.163836 1.588534 1.000000 0.121647 1.655397 0.926543
1.000000 1.462259 1.352678 9.000000 8.220492 1.000000 5.000000 0.518575
1.000000 0.333333 0.200000 1.000000 0.604085 0.200000 1.000000 0.154675
3.000000 1.000000 0.250000 8.000000 1.079281 1.928361 6.465178 1.000000

Matrix 100:
1.000000 0.500000 0.495382 0.500000 5.330629 1.638871 2.601890 0.250000
2.000000 1.000000 3.000003 1.000000 5.999988 5.000000 1.000000 0.470925
2.018643 0.333333 1.000000 0.976628 7.000007 1.000000 6.825068 0.250000
2.000000 1.000000 1.023931 1.000000 7.000007 0.973546 4.000000 0.549006
0.187595 0.166667 0.142857 0.142857 1.000000 0.142857 0.333333 0.186187
0.610176 0.200000 1.000000 1.027173 7.000000 1.000000 2.000000 0.332235
0.384336 1.000000 0.146519 0.250000 3.000000 0.500000 1.000000 0.135302
4.000000 2.123480 4.000000 1.821474 5.370931 3.009914 7.390860 1.000000

Matrix 101:
1.000000 1.477530 0.667535 1.758935 0.125000 0.473225 2.000000 0.142857
0.676805 1.000000 1.638400 1.570336 0.125000 0.142857 1.000000 0.201243
1.498048 0.610352 1.000000 2.000000 0.142857 0.500000 0.405332 0.111111
0.568526 0.636806 0.500000 1.000000 0.125000 0.166667 2.000000 0.333333
8.000000 8.000000 7.000000 8.000000 1.000000 1.000000 8.000000 3.000000
2.113160 7.000000 2.000000 6.000000 1.000000 1.000000 2.000000 0.253872
0.500000 1.000000 2.467110 0.500000 0.125000 0.500000 1.000000 0.125000
7.000000 4.969115 9.000000 3.000000 0.333333 3.938991 8.000000 1.000000

Matrix 102:
1.000000 0.135487 0.125000 0.166667 0.111111 0.111111 1.713881 0.112914
7.380764 1.000000 5.000000 2.525935 4.000000 2.185120 8.445905 8.000000
8.000000 0.200000 1.000000 1.654438 0.333333 0.333333 5.000000 2.000000
6.000000 0.395893 0.604435 1.000000 1.377515 0.609984 3.000003 3.000000
9.000000 0.250000 3.000000 0.725945 1.000000 0.250000 5.999988 0.680094
9.000000 0.457641 3.000000 1.639387 4.000000 1.000000 9.000009 5.599880
0.583471 0.118401 0.200000 0.333333 0.166667 0.111111 1.000000 0.250000
8.856302 0.125000 0.500000 0.333333 1.470385 0.178575 4.000000 1.000000

Matrix 103:
1.000000 1.583145 0.546378 5.000000 0.333333 2.000000 8.000000 1.000000
0.631654 1.000000 0.250000 5.000000 0.200000 5.000000 6.000000 4.000000
1.830235 4.000000 1.000000 5.999988 0.615840 5.105490 6.941015 6.000000
0.200000 0.200000 0.166667 1.000000 0.142857 0.568306 2.000000 2.000000
3.000000 5.000000 1.623799 7.000000 1.000000 6.000000 9.000000 4.000000
0.500000 0.200000 0.195868 1.759614 0.166667 1.000000 2.000000 4.000000
0.125000 0.166667 0.144071 0.500000 0.111111 0.500000 1.000000 0.420807
1.000000 0.250000 0.166667 0.500000 0.250000 0.250000 2.376388 1.000000

Matrix 104:
1.000000 1.372539 2.000000 0.250000 0.250000 0.200000 0.658182 0.248864
0.728577 1.000000 2.864688 0.142857 0.500000 0.500000 3.000003 0.331190
0.500000 0.349078 1.000000 0.125000 0.111111 0.500000 1.860860 0.250000
4.000000 7.000000 8.000000 1.000000 1.575208 3.000003 7.000007 1.143246
4.000000 2.000000 9.000000 0.634837 1.000000 0.783804 9.000009 4.000000
5.000000 2.000000 2.000000 0.333333 1.275829 1.000000 8.000000 3.000000
1.519336 0.333333 0.537386 0.142857 0.111111 0.125000 1.000000 0.111111
4.018259 3.019414 4.000000 0.874702 0.250000 0.333333 9.000000 1.000000

Matrix 105:
1.000000 0.120004 1.455853 0.250000 0.125000 0.430255 2.000000 0.166667
8.333048 1.000000 4.000000 1.000000 1.000000 5.999988 7.000000 2.000000
0.686883 0.250000 1.000000 0.166667 0.200000 0.500000 1.359029 0.142857
4.000000 1.000000 6.000000 1.000000 0.421196 3.000003 8.000000 0.333333
8.000000 1.000000 5.000000 2.374191 1.000000 5.999988 9.000000 2.564222
2.324205 0.166667 2.000000 0.333333 0.166667 1.000000 1.115819 0.125000
0.500000 0.142857 0.735820 0.125000 0.111111 0.896202 1.000000 0.738511
6.000000 0.500000 7.000000 3.000000 0.389982 8.000000 1.354077 1.000000

Matrix 106:
1.000000 1.000000 0.441148 2.058593 2.000000 9.000009 1.314504 0.500000
1.000000 1.000000 0.150650 2.000000 0.747982 7.000007 0.166667 0.215640
2.266814 6.637892 1.000000 7.000007 5.999988 7.000007 1.000000 2.267094
0.485769 0.500000 0.142857 1.000000 0.200000 0.660236 0.166667 0.133028
0.500000 1.336931 0.166667 5.000000 1.000000 5.000000 0.500000 1.000000
0.111111 0.142857 0.142857 1.514610 0.200000 1.000000 0.125000 0.333333
0.760743 6.000000 1.000000 6.000000 2.000000 8.000000 1.000000 2.000000
2.000000 4.637349 0.441093 7.517225 1.000000 3.000000 0.500000 1.000000

Matrix 107:
1.000000 0.773881 0.494792 0.500000 1.979696 2.000000 0.333333 8.000000
1.292188 1.000000 0.200000 0.200000 0.332400 0.840415 0.125000 1.665044
2.021050 5.000000 1.000000 2.000000 0.704374 8.000000 1.644117 3.000000
2.000000 5.000000 0.500000 1.000000 3.347445 8.000000 1.559255 8.000000
0.505128 3.008426 1.419701 0.298735 1.000000 3.000003 1.000000 5.000000
0.500000 1.189888 0.125000 0.125000 0.333333 1.000000 0.333333 1.370479
3.000000 8.000000 0.608229 0.641332 1.000000 3.000000 1.000000 2.976087
0.125000 0.600585 0.333333 0.125000 0.200000 0.729672 0.336012 1.000000

Matrix 108:
1.000000 0.754115 1.000000 7.000007 1.758055 7.000007 2.000000 9.000000
1.326057 1.000000 1.000000 5.000000 2.000000 3.000003 1.835772 9.000000
1.000000 1.000000 1.000000 5.000000 0.500000 1.823250 0.595593 5.000000
0.142857 0.200000 0.200000 1.000000 0.250000 0.380004 0.142857 0.500000
0.568810 0.500000 2.000000 4.000000 1.000000 0.697492 0.250000 4.000000
0.142857 0.333333 0.548471 2.631549 1.433708 1.000000 0.200000 6.807597
0.500000 0.544730 1.678999 7.000000 4.000000 5.000000 1.000000 3.000000
0.111111 0.111111 0.200000 2.000000 0.250000 0.146895 0.333333 1.000000

Matrix 109:
1.000000 0.142857 1.000000 2.292846 0.500000 0.200000 0.166667 3.290858
7.000000 1.000000 2.000000 9.000009 3.000003 5.000000 2.000000 8.000000
1.000000 0.500000 1.000000 8.000000 3.000003 1.594231 1.000000 7.000000
0.436139 0.111111 0.125000 1.000000 0.288186 1.000000 0.125000 2.372394
2.000000 0.333333 0.333333 3.469985 1.000000 0.500000 0.500000 5.000000
5.000000 0.200000 0.627262 1.000000 2.000000 1.000000 0.166667 6.000000
6.000000 0.500000 1.000000 8.000000 2.000000 6.000000 1.000000 6.000000
0.303872 0.125000 0.142857 0.421515 0.200000 0.166667 0.166667 1.000000

Matrix 110:
1.000000 2.105477 0.111111 1.235394 1.000000 0.775906 0.290389 0.740259
0.474952 1.000000 0.187000 0.250000 0.333333 0.500000 0.125000 0.333333
9.000000 5.347599 1.000000 1.733369 5.999988 8.000000 2.000000 1.828006
0.809458 4.000000 0.576911 1.000000 2.000000 3.299395 2.099270 0.500000
1.000000 3.000000 0.166667 0.500000 1.000000 1.573724 0.333333 2.000000
1.288815 2.000000 0.125000 0.303086 0.635435 1.000000 0.269800 0.250000
3.443654 8.000000 0.500000 0.476356 3.000000 3.706451 1.000000 2.000000
1.350878 3.000000 0.547044 2.000000 0.500000 4.000000 0.500000 1.000000

Matrix 111:
1.000000 5.000000 4.000000 4.000000 1.683488 1.750161 5.000000 3.000000
0.200000 1.000000 1.480371 0.500000 0.166667 0.142857 0.115192 0.125000
0.250000 0.675506 1.000000 0.339736 0.111111 0.142857 0.166667 0.143570
0.250000 2.000000 2.943462 1.000000 0.125000 0.111111 0.333333 0.111111
0.594005 6.000000 9.000000 8.000000 1.000000 1.000000 1.662193 0.333333
0.571376 7.000000 7.000000 9.000000 1.000000 1.000000 1.817636 0.500000
0.200000 8.681149 6.000000 3.000000 0.601615 0.550165 1.000000 0.269265
0.333333 8.000000 6.965226 9.000000 3.000000 2.000000 3.713814 1.000000

Matrix 112:
1.000000 0.462776 0.446820 0.541579 0.125000 2.571063 0.250000 0.111111
2.160872 1.000000 0.333333 0.500000 0.166667 1.769187 0.482930 0.147567
2.238037 3.000000 1.000000 0.526606 0.125000 2.000000 2.000000 0.142857
1.846454 2.000000 1.898952 1.000000 0.200000 2.000000 0.645421 0.111111
8.000000 6.000000 8.000000 5.000000 1.000000 2.880913 5.999988 2.868796
0.388944 0.565231 0.500000 0.500000 0.347112 1.000000 0.250000 0.148891
4.000000 2.070693 0.500000 1.549376 0.166667 4.000000 1.000000 0.316687
9.000000 6.776589 7.000000 9.000000 0.348578 6.716344 3.157696 1.000000

Matrix 113:
1.000000 2.000000 0.125000 0.111111 3.384932 1.506964 0.536853 0.514869
0.500000 1.000000 0.166667 0.115598 0.638401 0.500000 0.200000 0.200000
8.000000 6.000000 1.000000 1.419405 5.999988 9.000009 0.859665 1.000000
9.000000 8.650653 0.704521 1.000000 9.000009 8.000000 5.906513 6.000000
0.295427 1.566414 0.166667 0.111111 1.000000 0.500000 0.333333 0.145822
0.663586 2.000000 0.111111 0.125000 2.000000 1.000000 0.333333 1.000000
1.862707 5.000000 1.163244 0.169305 3.000000 3.000000 1.000000 4.000000
1.942242 5.000000 1.000000 0.166667 6.857676 1.000000 0.250000 1.000000

Matrix 114:
1.000000 0.505632 0.125000 0.333333 0.250000 2.000000 0.125000 0.500000
1.977723 1.000000 0.142857 0.147309 0.500000 1.797385 1.000000 0.166667
8.000000 7.000000 1.000000 0.505250 1.795071 3.000003 1.000000 2.000000
3.000000 6.788446 1.979217 1.000000 5.000000 8.000000 1.340280 4.381913
4.000000 2.000000 0.557081 0.200000 1.000000 7.000007 0.571679 1.767429
0.500000 0.556364 0.333333 0.125000 0.142857 1.000000 0.205486 0.333333
8.000000 1.000000 1.000000 0.746113 1.749235 4.866509 1.000000 2.000000
2.000000 6.000000 0.500000 0.228211 0.565794 3.000000 0.500000 1.000000

Matrix 115:
1.000000 7.000007 2.000000 0.166667 2.034841 2.000000 0.250000 1.000000
0.142857 1.000000 0.221297 0.186902 0.217942 0.250000 0.125000 0.166667
0.500000 4.518805 1.000000 0.500000 5.000000 2.000000 0.500000 2.000000
6.000000 5.350389 2.000000 1.000000 9.000000 5.000000 0.606029 8.000000
0.491439 4.588372 0.200000 0.111111 1.000000 1.711534 0.166667 0.333333
0.500000 4.000000 0.500000 0.200000 0.584271 1.000000 0.111111 0.500000
4.000000 8.000000 2.000000 1.650085 6.000000 9.000000 1.000000 9.000000
1.000000 6.000000 0.500000 0.125000 3.000000 2.000000 0.111111 1.000000

Matrix 116:
1.000000 0.185095 0.200000 0.250000 0.142857 1.765866 0.589342 0.479499
5.402626 1.000000 0.333333 3.570660 0.556183 8.000000 0.818782 2.565439
5.000000 3.000000 1.000000 3.000003 0.468939 5.999988 5.999988 4.000000
4.000000 0.280060 0.333333 1.000000 0.333333 5.000000 1.607894 0.622295
7.000000 1.797968 2.132473 3.000000 1.000000 5.999988 4.000000 0.729193
0.566294 0.125000 0.166667 0.200000 0.166667 1.000000 0.429169 0.671574
1.696809 1.221327 0.166667 0.621932 0.250000 2.330082 1.000000 1.000000
2.085511 0.389797 0.250000 1.606954 1.371379 1.489039 1.000000 1.000000

Matrix 117:
1.000000 1.459591 7.075968 4.000000 8.000000 5.452002 5.999988 4.000000
0.685123 1.000000 5.278447 4.000000 1.908189 1.943199 8.574312 2.839470
0.141323 0.189450 1.000000 0.142857 1.000000 0.333333 0.498037 0.166667
0.250000 0.250000 7.000000 1.000000 2.000000 0.500000 4.000000 1.143856
0.125000 0.524057 1.000000 0.500000 1.000000 0.125000 0.451873 0.250000
0.183419 0.514615 3.000000 2.000000 8.000000 1.000000 2.000000 2.000000
0.166667 0.116627 2.007882 0.250000 2.213012 0.500000 1.000000 1.000000
0.250000 0.352178 6.000000 0.874236 4.000000 0.500000 1.000000 1.000000

Matrix 118:
1.000000 0.250000 0.399387 1.000000 1.000000 2.000000 0.111111 0.333333
4.000000 1.000000 3.929857 9.000009 5.999988 8.855482 2.000000 5.000000
2.503838 0.254462 1.000000 2.000000 1.686545 2.468461 0.511097 0.867712
1.000000 0.111111 0.500000 1.000000 1.935215 0.521670 0.329853 1.419402
1.000000 0.166667 0.592928 0.516738 1.000000 2.000000 0.166667 0.200000
0.500000 0.112924 0.405111 1.916919 0.500000 1.000000 0.372880 1.286072
9.000000 0.500000 1.956576 3.031654 6.000000 2.681827 1.000000 1.000000
3.000000 0.200000 1.152457 0.704522 5.000000 0.777561 1.000000 1.000000

Matrix 119:
1.000000 0.363086 0.985335 0.111111 0.608483 0.250000 0.250000 0.250000
2.754167 1.000000 1.630763 0.166667 1.560596 0.166667 0.250000 0.250000
1.014884 0.613210 1.000000 0.125000 1.000000 0.166667 0.249074 0.500000
9.000000 6.000000 8.000000 1.000000 5.000000 0.250000 3.945168 0.645368
1.643431 0.640781 1.000000 0.200000 1.000000 0.333333 0.166667 0.125000
4.000000 6.000000 6.000000 4.000000 3.000000 1.000000 2.000000 1.000000
4.000000 4.000000 4.014874 0.253475 6.000000 0.500000 1.000000 0.571389
4.000000 4.000000 2.000000 1.549503 8.000000 1.000000 1.750122 1.000000

Matrix 120:
1.000000 5.000000 4.000000 5.000000 7.000007 2.117427 5.999988 1.667103
0.200000 1.000000 0.366356 0.333333 3.000003 0.166667 2.735211 0.142857
0.250000 2.729584 1.000000 1.933697 8.000000 2.000000 2.004090 0.142857
0.200000 3.000000 0.517144 1.000000 3.858638 0.500000 2.396989 0.130269
0.142857 0.333333 0.125000 0.259159 1.000000 0.111111 1.039864 0.125000
0.472271 6.000000 0.500000 2.000000 9.000000 1.000000 2.837736 0.142857
0.166667 0.365602 0.498980 0.417190 0.961664 0.352394 1.000000 0.200000
0.599843 7.000000 7.000000 7.676397 8.000000 7.000000 5.000000 1.000000

Matrix 121:
1.000000 5.000000 0.667977 0.596672 2.000000 0.166667 0.200000 2.086614
0.200000 1.000000 0.333333 0.142857 0.774755 0.125000 0.142857 0.166667
1.497057 3.000000 1.000000 1.562653 2.235049 0.250000 0.503326 4.000000
1.675964 7.000000 0.639937 1.000000 5.999988 0.558029 0.333333 4.402690
0.500000 1.290731 0.447417 0.166667 1.000000 0.315368 0.150276 1.657130
6.000000 8.000000 4.000000 1.792020 3.170899 1.000000 4.000000 7.000000
5.000000 7.000000 1.986784 3.000000 6.654421 0.250000 1.000000 5.306626
0.479245 6.000000 0.250000 0.227134 0.603453 0.142857 0.188444 1.000000

Matrix 122:
1.000000 3.000003 0.500000 0.333333 2.000000 1.969954 0.626487 2.366279
0.333333 1.000000 0.250000 0.200000 0.166667 4.000000 0.125000 0.570215
2.000000 4.000000 1.000000 0.250000 1.763690 2.000000 0.500000 3.072746
3.000000 5.000000 4.000000 1.000000 3.415932 9.000009 4.000000 8.000000
0.500000 6.000000 0.566993 0.292746 1.000000 2.997184 0.142857 2.409871
0.507626 0.250000 0.500000 0.111111 0.333646 1.000000 0.200000 0.472912
1.596203 8.000000 2.000000 0.250000 7.000000 5.000000 1.000000 7.000000
0.422604 1.753725 0.325442 0.125000 0.414960 2.114556 0.142857 1.000000

Matrix 123:
1.000000 0.498963 0.111111 0.166667 0.125000 0.125000 0.500000 0.200000
2.004157 1.000000 0.142857 0.111111 0.500000 0.111111 0.333333 0.500000
9.000000 7.000000 1.000000 0.550879 2.000000 0.243171 4.000000 0.868307
6.000000 9.000000 1.815281 1.000000 9.000009 1.000000 2.000000 2.000000
8.000000 2.000000 0.500000 0.111111 1.000000 0.166667 0.620692 1.000000
8.000000 9.000000 4.112339 1.000000 6.000000 1.000000 3.000000 0.707834
2.000000 3.000000 0.250000 0.500000 1.611106 0.333333 1.000000 0.333333
5.000000 2.000000 1.151667 0.500000 1.000000 1.412761 3.000000 1.000000

Matrix 124:
1.000000 0.142857 0.125000 0.125000 1.369157 0.250000 0.333333 0.500000
7.000000 1.000000 0.250000 0.500000 5.000000 1.724330 4.000000 0.659531
8.000000 4.000000 1.000000 1.936550 8.000000 8.000000 4.000000 4.000000
8.000000 2.000000 0.516382 1.000000 7.000007 5.999988 6.000000 1.000000
0.730376 0.200000 0.125000 0.142857 1.000000 1.000000 1.553800 0.166667
4.000000 0.579935 0.125000 0.166667 1.000000 1.000000 3.000000 0.142857
3.000000 0.250000 0.250000 0.166667 0.643583 0.333333 1.000000 0.142113
2.000000 1.516229 0.250000 1.000000 6.000000 7.000000 7.036634 1.000000

Matrix 125:
1.000000 0.111111 2.418151 3.037854 0.366985 0.250000 0.489414 0.205013
9.000000 1.000000 8.000000 7.000007 2.472098 1.517747 4.000000 1.000000
0.413539 0.125000 1.000000 1.000000 0.111111 0.125000 0.111111 0.200000
0.329180 0.142857 1.000000 1.000000 0.200000 0.500000 0.125000 0.250000
2.724909 0.404515 9.000000 5.000000 1.000000 0.460684 0.989832 3.000000
4.000000 0.658871 8.000000 2.000000 2.170687 1.000000 3.000003 1.770040
2.043260 0.250000 9.000000 8.000000 1.010273 0.333333 1.000000 0.776512
4.877729 1.000000 5.000000 4.000000 0.333333 0.564959 1.287810 1.000000

Matrix 126:
1.000000 0.200000 0.125000 0.381942 0.206621 0.142857 0.166667 0.236557
5.000000 1.000000 2.320269 1.847119 2.200727 0.537691 4.000000 2.446766
8.000000 0.430984 1.000000 7.000007 3.000003 1.004301 5.999988 1.000000
2.618202 0.541384 0.142857 1.000000 0.655984 0.166667 0.438839 1.000000
4.839775 0.454395 0.333333 1.524428 1.000000 0.142857 1.442946 2.000000
7.000000 1.859803 0.995717 6.000000 7.000000 1.000000 1.483647 2.908606
6.000000 0.250000 0.166667 2.278739 0.693027 0.674015 1.000000 2.091824
4.227302 0.408703 1.000000 1.000000 0.500000 0.343807 0.478052 1.000000

Matrix 127:
1.000000 8.000000 0.404060 3.000003 1.509865 2.067218 2.000000 2.000000
0.125000 1.000000 0.272383 3.352510 0.333333 0.200000 0.500000 0.562518
2.474878 3.671307 1.000000 3.544000 5.999988 4.000000 1.150561 5.000000
0.333333 0.298284 0.282167 1.000000 0.500000 0.500000 0.125000 0.250000
0.662311 3.000000 0.166667 2.000000 1.000000 0.500000 0.500000 1.000000
0.483742 5.000000 0.250000 2.000000 2.000000 1.000000 2.000000 2.000000
0.500000 2.000000 0.869142 8.000000 2.000000 0.500000 1.000000 1.684004
0.500000 1.777720 0.200000 4.000000 1.000000 0.500000 0.593823 1.000000

Matrix 128:
1.000000 5.999988 0.355569 1.000000 1.000000 1.000000 3.000000 2.209680
0.166667 1.000000 0.225669 0.250000 0.392894 0.125000 2.301757 0.370234
2.812393 4.431275 1.000000 1.424539 8.000000 2.436638 8.000000 7.000000
1.000000 4.000000 0.701981 1.000000 2.671707 0.675015 4.000000 7.089383
1.000000 2.545216 0.125000 0.374293 1.000000 0.333333 0.500000 0.500000
1.000000 8.000000 0.410402 1.481449 3.000000 1.000000 4.000000 3.780986
0.333333 0.434451 0.125000 0.250000 2.000000 0.250000 1.000000 0.543460
0.452554 2.700995 0.142857 0.141056 2.000000 0.264481 1.840061 1.000000

Matrix 129:
1.000000 0.111111 0.333333 0.111111 0.560321 1.000000 1.940280 2.000000
9.000000 1.000000 7.000007 0.368793 2.000000 4.918424 7.000007 4.000000
3.000000 0.142857 1.000000 0.142857 3.000003 0.795468 3.000003 2.000000
9.000000 2.711550 7.000000 1.000000 8.000000 9.000009 9.000009 6.301453
1.784690 0.500000 0.333333 0.125000 1.000000 0.405694 2.013247 1.436186
1.000000 0.203317 1.257122 0.111111 2.464914 1.000000 5.000000 1.993806
0.515390 0.142857 0.333333 0.111111 0.496710 0.200000 1.000000 0.142857
0.500000 0.250000 0.500000 0.158694 0.696289 0.501553 7.000000 1.000000

Matrix 130:
1.000000 0.200000 1.794266 0.500000 0.708842 0.333333 0.347174 1.814379
5.000000 1.000000 2.000000 2.000000 0.447290 3.000003 3.000000 8.000000
0.557331 0.500000 1.000000 1.000000 0.200000 0.500000 1.004791 2.000000
2.000000 0.500000 1.000000 1.000000 0.142857 1.000000 1.000000 0.500000
1.410751 2.235684 5.000000 7.000000 1.000000 4.310835 3.047552 7.000000
3.000000 0.333333 2.000000 1.000000 0.231974 1.000000 0.500000 1.747641
2.880401 0.333333 0.995232 1.000000 0.328132 2.000000 1.000000 4.000000
0.551153 0.125000 0.500000 2.000000 0.142857 0.572200 0.250000 1.000000

Matrix 131:
1.000000 0.721939 0.423141 0.142857 0.111111 1.000000 0.600995 0.200000
1.385159 1.000000 3.000003 1.000000 0.500000 3.000003 2.000000 0.621121
2.363276 0.333333 1.000000 0.171682 0.142857 1.973433 0.200000 0.500000
7.000000 1.000000 5.824720 1.000000 2.000000 4.000000 5.000000 4.000000
9.000000 2.000000 7.000000 0.500000 1.000000 7.000007 5.999988 4.000000
1.000000 0.333333 0.506731 0.250000 0.142857 1.000000 0.166667 0.166667
1.663906 0.500000 5.000000 0.200000 0.166667 6.000000 1.000000 0.333333
5.000000 1.609993 2.000000 0.250000 0.250000 6.000000 3.000000 1.000000

Matrix 132:
1.000000 2.042373 4.000000 0.500000 0.500000 0.447806 5.000000 6.000000
0.489627 1.000000 7.000007 0.250000 1.950099 0.250000 4.863072 3.000000
0.250000 0.142857 1.000000 0.125000 1.000000 0.113691 1.514502 0.399293
2.000000 4.000000 8.000000 1.000000 1.968810 0.346103 9.000009 7.000000
2.000000 0.512794 1.000000 0.507921 1.000000 0.142857 5.999988 2.382582
2.233108 4.000000 8.795751 2.889317 7.000000 1.000000 5.000000 8.000000
0.200000 0.205631 0.660283 0.111111 0.166667 0.200000 1.000000 1.000000
0.166667 0.333333 2.504426 0.142857 0.419713 0.125000 1.000000 1.000000

Matrix 133:
1.000000 0.333333 0.500000 1.826805 1.000000 0.200000 7.227504 0.500000
3.000000 1.000000 0.589245 8.000000 1.944813 0.250000 5.000000 3.000000
2.000000 1.697087 1.000000 3.000003 5.000000 0.200000 3.000003 2.000000
0.547404 0.125000 0.333333 1.000000 0.442751 0.213375 2.000000 0.729572
1.000000 0.514188 0.200000 2.258604 1.000000 0.142857 7.000007 1.559202
5.000000 4.000000 5.000000 4.686575 7.000000 1.000000 7.000007 9.000000
0.138360 0.200000 0.333333 0.500000 0.142857 0.142857 1.000000 0.250000
2.000000 0.333333 0.500000 1.370667 0.641354 0.111111 4.000000 1.000000

Matrix 134:
1.000000 0.125000 0.364949 0.125000 0.111111 0.333333 0.125000 1.621470
8.000000 1.000000 9.000009 3.000003 0.500000 7.000007 3.000003 8.000000
2.740107 0.111111 1.000000 2.000000 0.411656 0.728964 0.595412 5.000000
8.000000 0.333333 0.500000 1.000000 0.250000 2.000000 0.345364 2.000000
9.000000 2.000000 2.429215 4.000000 1.000000 4.132816 3.000003 6.000000
3.000000 0.142857 1.371810 0.500000 0.241966 1.000000 0.361808 1.000000
8.000000 0.333333 1.679508 2.895497 0.333333 2.763894 1.000000 1.718664
0.616724 0.125000 0.200000 0.500000 0.166667 1.000000 0.581847 1.000000

Matrix 135:
1.000000 2.805244 0.548079 0.472335 5.999988 1.962788 0.500000 0.427457
0.356475 1.000000 0.166667 0.500000 2.078902 0.125000 0.166667 0.111111
1.824555 6.000000 1.000000 4.000000 3.000003 0.500000 0.250000 0.333333
2.117143 2.000000 0.250000 1.000000 2.000000 0.500000 0.200000 0.225684
0.166667 0.481023 0.333333 0.500000 1.000000 0.289659 0.250000 0.200000
0.509479 8.000000 2.000000 2.000000 3.452333 1.000000 0.532405 0.398443
2.000000 6.000000 4.000000 5.000000 4.000000 1.878270 1.000000 0.414405
2.339418 9.000000 3.000000 4.430983 5.000000 2.509766 2.413099 1.000000

Matrix 136:
1.000000 0.166667 0.500000 0.166667 0.316368 0.250000 0.200000 0.497697
6.000000 1.000000 5.000000 2.000000 9.000009 3.000003 8.000000 8.000000
2.000000 0.200000 1.000000 0.250000 1.181531 0.200000 1.000000 1.575154
6.000000 0.500000 4.000000 1.000000 9.000009 1.000000 2.000000 4.000000
3.160877 0.111111 0.846360 0.111111 1.000000 0.142857 0.570640 1.621325
4.000000 0.333333 5.000000 1.000000 7.000000 1.000000 0.549785 8.000000
5.000000 0.125000 1.000000 0.500000 1.752419 1.818892 1.000000 1.222638
2.009254 0.125000 0.634859 0.250000 0.616779 0.125000 0.817903 1.000000

Matrix 137:
1.000000 1.064084 0.250000 0.166667 0.221390 0.166667 0.430142 0.142857
0.939775 1.000000 1.707244 0.452750 0.259243 0.500000 0.250000 0.715611
4.000000 0.585740 1.000000 0.500000 0.196050 0.652213 0.590390 0.125000
6.000000 2.208726 2.000000 1.000000 2.000000 2.000000 2.000000 0.569809
4.516912 3.857387 5.100732 0.500000 1.000000 2.056560 3.000003 0.365239
6.000000 2.000000 1.533241 0.500000 0.486249 1.000000 2.000000 0.333333
2.324813 4.000000 1.693797 0.500000 0.333333 0.500000 1.000000 0.487184
7.000000 1.397406 8.000000 1.754975 2.737934 3.000000 2.052614 1.000000

Matrix 138:
1.000000 7.000007 7.000007 1.384020 0.250000 0.743424 0.559204 0.250000
0.142857 1.000000 2.000000 0.405859 0.142857 0.500000 0.260412 0.333333
0.142857 0.500000 1.000000 0.125000 0.150812 1.000000 0.131319 0.125000
0.722533 2.463912 8.000000 1.000000 0.111111 3.000003 0.481765 0.200000
4.000000 7.000000 6.630767 9.000000 1.000000 5.000000 2.000000 1.817089
1.345127 2.000000 1.000000 0.333333 0.200000 1.000000 0.200000 0.142857
1.788257 3.840069 7.615041 2.075700 0.500000 5.000000 1.000000 0.444889
4.000000 3.000000 8.000000 5.000000 0.550331 7.000000 2.247750 1.000000

Matrix 139:
1.000000 1.000000 0.500000 1.000000 1.303155 2.258142 0.293185 2.000000
1.000000 1.000000 0.500000 0.831312 5.000000 2.000000 0.333333 2.787495
2.000000 2.000000 1.000000 1.000000 4.925428 2.883516 0.406811 7.000768
1.000000 1.202917 1.000000 1.000000 2.700852 3.000003 0.125000 0.698184
0.767369 0.200000 0.203028 0.370254 1.000000 2.000000 0.166667 2.102294
0.442842 0.500000 0.346799 0.333333 0.500000 1.000000 0.333333 1.000000
3.410820 3.000000 2.458145 8.000000 6.000000 3.000000 1.000000 8.000000
0.500000 0.358745 0.142841 1.432286 0.475671 1.000000 0.125000 1.000000

Matrix 140:
1.000000 2.000000 1.000000 0.495766 5.000000 1.708595 1.000000 0.333333
0.500000 1.000000 2.000000 0.250000 3.290812 1.022373 4.000000 0.383727
1.000000 0.500000 1.000000 0.250000 1.973523 0.333333 1.000000 0.333333
2.017082 4.000000 4.000000 1.000000 9.000009 0.695103 5.999988 3.000000
0.200000 0.303876 0.506708 0.111111 1.000000 0.235919 1.909178 0.217734
0.585276 0.978117 3.000000 1.438636 4.238746 1.000000 7.000007 0.638906
1.000000 0.250000 1.000000 0.166667 0.523786 0.142857 1.000000 0.191048
3.000000 2.606018 3.000000 0.333333 4.592757 1.565176 5.234285 1.000000

Matrix 141:
1.000000 0.556526 3.000003 3.132935 5.999988 0.665724 5.999988 1.000000
1.796862 1.000000 3.000003 7.000007 7.000007 6.326501 8.753172 2.000000
0.333333 0.333333 1.000000 1.000000 0.500000 1.000000 2.283834 0.250000
0.319190 0.142857 1.000000 1.000000 3.026385 2.000000 3.000003 0.423016
0.166667 0.142857 2.000000 0.330427 1.000000 1.000000 0.615578 0.125000
1.502124 0.158065 1.000000 0.500000 1.000000 1.000000 3.039107 0.200000
0.166667 0.114244 0.437860 0.333333 1.624489 0.329044 1.000000 0.333333
1.000000 0.500000 4.000000 2.363978 8.000000 5.000000 3.000000 1.000000

Matrix 142:
1.000000 0.510643 0.313304 2.855238 5.999988 0.484908 4.000000 3.000000
1.958316 1.000000 0.919121 2.000000 8.000000 2.016843 5.000000 3.445347
3.191785 1.087997 1.000000 1.427296 7.000007 1.985846 5.999988 8.000000
0.350234 0.500000 0.700626 1.000000 5.000000 0.609039 5.000000 0.503694
0.166667 0.125000 0.142857 0.200000 1.000000 0.200000 0.599801 1.606353
2.062249 0.495824 0.503564 1.641931 5.000000 1.000000 3.000003 7.000000
0.250000 0.200000 0.166667 0.200000 1.667220 0.333333 1.000000 0.333333
0.333333 0.290247 0.125000 1.985333 0.622528 0.142857 3.000000 1.000000

Matrix 143:
1.000000 0.250000 0.333333 2.000000 2.000000 0.462083 2.293143 2.000000
4.000000 1.000000 0.333333 4.000000 1.000000 2.666638 4.000000 3.000000
3.000000 3.000000 1.000000 7.000007 8.000000 7.799712 3.000003 4.000000
0.500000 0.250000 0.142857 1.000000 0.333333 0.200000 0.250000 0.380260
0.500000 1.000000 0.125000 3.000000 1.000000 0.856104 2.000000 1.000000
2.164113 0.375004 0.128210 5.000000 1.168082 1.000000 2.000000 1.833555
0.436083 0.250000 0.333333 4.000000 0.500000 0.500000 1.000000 1.568022
0.500000 0.333333 0.250000 2.629779 1.000000 0.545389 0.637746 1.000000

Matrix 144:
1.000000 0.283675 0.142857 0.200000 0.111111 0.333333 0.500000 0.125000
3.525162 1.000000 0.639130 0.142857 0.250000 0.598450 2.637774 0.200000
7.000000 1.564627 1.000000 1.000000 2.000000 3.000003 3.000003 1.457585
5.000000 7.000000 1.000000 1.000000 0.740515 1.262989 6.510521 0.556955
9.000000 4.000000 0.500000 1.350412 1.000000 0.363116 5.999988 0.250000
3.000000 1.670983 0.333333 0.791773 2.753940 1.000000 6.524324 0.342597
2.000000 0.379108 0.333333 0.153598 0.166667 0.153273 1.000000 0.166667
8.000000 5.000000 0.686066 1.795476 4.000000 2.918885 6.000000 1.000000

Matrix 145:
1.000000 0.142857 0.200000 0.333333 0.166667 0.500000 0.250000 0.111111
7.000000 1.000000 0.380100 4.000000 1.000000 0.596074 3.165225 0.675613
5.000000 2.630890 1.000000 8.000000 4.000000 1.571295 6.000000 0.602816
3.000000 0.250000 0.125000 1.000000 0.333333 0.125000 0.250000 0.142857
6.000000 1.000000 0.250000 3.000000 1.000000 0.567975 3.000000 2.000000
2.000000 1.677643 0.636418 8.000000 1.760642 1.000000 4.000000 0.661409
4.000000 0.315933 0.166667 4.000000 0.333333 0.250000 1.000000 0.169366
9.000000 1.480138 1.658880 7.000000 0.500000 1.511924 5.904381 1.000000

Matrix 146:
1.000000 5.000000 1.000000 2.246124 4.000000 0.436943 4.000000 5.000000
0.200000 1.000000 0.125000 0.244412 0.224814 0.142857 1.281592 0.525714
1.000000 8.000000 1.000000 5.000000 1.000000 2.000000 5.000000 6.000000
0.445211 4.091460 0.200000 1.000000 2.013507 0.200000 1.000000 1.000000
0.250000 4.448128 1.000000 0.496646 1.000000 0.576314 1.822402 1.689990
2.288628 7.000000 0.500000 5.000000 1.735166 1.000000 2.000000 4.000000
0.250000 0.780279 0.200000 1.000000 0.548726 0.500000 1.000000 3.000000
0.200000 1.902174 0.166667 1.000000 0.591720 0.250000 0.333333 1.000000

Matrix 147:
1.000000 0.574875 1.000000 0.235904 0.333333 0.500000 0.500000 0.250000
1.739510 1.000000 0.250000 0.203762 0.142857 1.217949 0.250000 0.166667
1.000000 4.000000 1.000000 0.865914 0.250000 2.000000 1.672239 1.000000
4.239005 4.907695 1.154849 1.000000 0.727620 9.000009 3.186746 0.497633
3.000000 7.000000 4.000000 1.374344 1.000000 8.449429 2.000000 3.000000
2.000000 0.821052 0.500000 0.111111 0.118351 1.000000 0.333333 0.111111
2.000000 4.000000 0.598001 0.313800 0.500000 3.000000 1.000000 0.166667
4.000000 6.000000 1.000000 2.009513 0.333333 9.000000 6.000000 1.000000

Matrix 148:
1.000000 0.125000 0.500000 0.500000 0.142857 0.125000 1.000000 0.166667
8.000000 1.000000 2.000000 8.000000 0.333333 5.000000 9.000000 0.500000
2.000000 0.500000 1.000000 7.000007 1.430451 2.000000 6.000000 0.200000
2.000000 0.125000 0.142857 1.000000 0.200000 0.297536 2.000000 0.111111
7.000000 3.000000 0.699080 5.000000 1.000000 3.000003 8.000000 1.367983
8.000000 0.200000 0.500000 3.360942 0.333333 1.000000 6.000000 0.333333
1.000000 0.111111 0.166667 0.500000 0.125000 0.166667 1.000000 0.142857
6.000000 2.000000 5.000000 9.000000 0.731003 3.000000 7.000000 1.000000

Matrix 149:
1.000000 0.644028 1.445156 0.366626 0.125000 2.000000 5.000000 0.200000
1.552727 1.000000 1.970935 1.081368 0.415049 0.500000 4.000000 0.250000
0.691967 0.507373 1.000000 1.000000 0.500000 1.000000 4.000000 0.250000
2.727576 0.924754 1.000000 1.000000 0.333333 3.115746 5.000000 0.524006
8.000000 2.409352 2.000000 3.000000 1.000000 7.998197 6.000000 1.436380
0.500000 2.000000 1.000000 0.320950 0.125028 1.000000 9.000000 0.500000
0.200000 0.250000 0.250000 0.200000 0.166667 0.111111 1.000000 0.125000
5.000000 4.000000 4.000000 1.908374 0.696195 2.000000 8.000000 1.000000

Matrix 150:
1.000000 1.243138 5.999988 4.204543 2.000000 3.275523 4.000000 4.000000
0.804416 1.000000 3.821802 5.999988 5.999988 5.999988 8.000000 1.730770
0.166667 0.261657 1.000000 0.333333 1.000000 0.250000 0.938119 0.142857
0.237838 0.166667 3.000000 1.000000 2.258192 0.584537 5.000000 0.442203
0.500000 0.166667 1.000000 0.442832 1.000000 1.219074 1.673795 1.000000
0.305295 0.166667 4.000000 1.710757 0.820295 1.000000 1.000000 0.500000
0.250000 0.125000 1.065963 0.200000 0.597445 1.000000 1.000000 0.200000
0.250000 0.577778 7.000000 2.261402 1.000000 2.000000 5.000000 1.000000

Matrix 151:
1.000000 3.000003 5.000000 3.000003 1.887616 3.000003 3.000003 3.000000
0.333333 1.000000 5.881704 0.500000 0.200000 2.000000 2.173232 0.166667
0.200000 0.170019 1.000000 0.200000 0.142857 0.250000 0.500000 0.125000
0.333333 2.000000 5.000000 1.000000 1.000000 2.009549 1.000000 0.500000
0.529769 5.000000 7.000000 1.000000 1.000000 3.468838 9.000009 0.502314
0.333333 0.500000 4.000000 0.497624 0.288281 1.000000 0.500000 0.333333
0.333333 0.460144 2.000000 1.000000 0.111111 2.000000 1.000000 0.111111
0.333333 6.000000 8.000000 2.000000 1.990788 3.000000 9.000000 1.000000

Matrix 152:
1.000000 1.000000 2.403155 0.250000 0.111111 0.250000 3.000003 0.200000
1.000000 1.000000 4.000000 0.500000 0.649620 3.000003 5.999988 0.250000
0.416120 0.250000 1.000000 0.111111 0.142857 0.200000 1.999798 0.182665
4.000000 2.000000 9.000000 1.000000 2.000000 3.000003 8.000000 0.251125
9.000000 1.539361 7.000000 0.500000 1.000000 3.964292 5.000000 0.477685
4.000000 0.333333 5.000000 0.333333 0.252252 1.000000 4.000000 0.200000
0.333333 0.166667 0.500051 0.125000 0.200000 0.250000 1.000000 0.111111
5.000000 4.000000 5.474488 3.982083 2.093430 5.000000 9.000000 1.000000

Matrix 153:
1.000000 7.000007 2.000000 3.271676 0.250000 9.000009 8.000000 0.482914
0.142857 1.000000 3.000003 1.548438 0.200000 4.000000 3.000003 0.166667
0.500000 0.333333 1.000000 2.000000 0.200000 3.745766 3.000003 0.250000
0.305654 0.645812 0.500000 1.000000 0.124702 1.836108 0.333333 0.246193
4.000000 5.000000 5.000000 8.019124 1.000000 7.000007 9.000009 2.308151
0.111111 0.250000 0.266968 0.544630 0.142857 1.000000 0.644429 0.145597
0.125000 0.333333 0.333333 3.000000 0.111111 1.551760 1.000000 0.333333
2.070760 6.000000 4.000000 4.061861 0.433247 6.868292 3.000000 1.000000

Matrix 154:
1.000000 0.333333 2.000000 0.418522 1.811354 1.339010 4.000000 2.574534
3.000000 1.000000 5.999988 0.500000 1.465290 0.931119 4.000000 4.000000
0.500000 0.166667 1.000000 0.125000 0.166667 0.111111 0.333333 3.111619
2.389363 2.000000 8.000000 1.000000 0.687385 3.000003 5.000000 7.000000
0.552073 0.682459 6.000000 1.454789 1.000000 1.000000 5.812312 5.000000
0.746820 1.073977 9.000000 0.333333 1.000000 1.000000 3.000003 4.000000
0.250000 0.250000 3.000000 0.200000 0.172049 0.333333 1.000000 1.919275
0.388420 0.250000 0.321376 0.142857 0.200000 0.250000 0.521030 1.000000

Matrix 155:
1.000000 3.000003 3.000003 0.500000 9.000009 2.000000 2.072905 3.345758
0.333333 1.000000 0.569357 0.333333 1.000000 0.500000 0.333333 0.500000
0.333333 1.756368 1.000000 2.000000 3.000003 0.548586 1.310885 0.821056
2.000000 3.000000 0.500000 1.000000 2.000000 1.000000 2.298093 3.000000
0.111111 1.000000 0.333333 0.500000 1.000000 0.111111 0.259848 0.200000
0.500000 2.000000 1.822869 1.000000 9.000000 1.000000 0.500000 2.102377
0.482415 3.000000 0.762844 0.435143 3.848409 2.000000 1.000000 2.000000
0.298886 2.000000 1.217944 0.333333 5.000000 0.475652 0.500000 1.000000

Matrix 156:
1.000000 0.663681 0.250000 0.200000 2.355538 0.500000 2.471443 2.068782
1.506749 1.000000 0.392589 0.426222 5.000000 0.200000 2.000000 7.000000
4.000000 2.547194 1.000000 0.618201 3.000003 0.556565 8.000000 5.000000
5.000000 2.346194 1.617597 1.000000 8.000000 3.000003 3.000003 8.000000
0.424531 0.200000 0.333333 0.125000 1.000000 0.500000 1.576836 3.472827
2.000000 5.000000 1.796737 0.333333 2.000000 1.000000 4.000000 5.000000
0.404622 0.500000 0.125000 0.333333 0.634181 0.250000 1.000000 0.500000
0.483376 0.142857 0.200000 0.125000 0.287950 0.200000 2.000000 1.000000

Matrix 157:
1.000000 8.000000 6.970769 1.000000 3.000003 1.000000 4.000000 1.865773
0.125000 1.000000 1.680103 0.684255 1.113511 0.177445 0.200000 2.000000
0.143456 0.595202 1.000000 0.311165 1.000000 0.415229 0.493493 0.536663
1.000000 1.461444 3.213727 1.000000 1.902413 0.403190 0.646100 1.000000
0.333333 0.898061 1.000000 0.525648 1.000000 0.166667 0.200000 0.586309
1.000000 5.635558 2.408311 2.480219 6.000000 1.000000 1.790704 7.000000
0.250000 5.000000 2.026370 1.547748 5.000000 0.558440 1.000000 6.000000
0.535971 0.500000 1.863365 1.000000 1.705584 0.142857 0.166667 1.000000

Matrix 158:
1.000000 1.000000 0.670163 8.000000 0.500000 5.999988 9.000000 4.000000
1.000000 1.000000 1.607911 8.000000 2.000000 8.000000 5.000000 6.000000
1.492174 0.621925 1.000000 8.077196 0.470010 2.000000 8.000000 2.000000
0.125000 0.125000 0.123805 1.000000 0.142857 2.040022 0.333333 0.333333
2.000000 0.500000 2.127613 7.000000 1.000000 5.999988 7.787409 0.808445
0.166667 0.125000 0.500000 0.490191 0.166667 1.000000 0.333333 0.411114
0.111111 0.200000 0.125000 3.000000 0.128412 3.000000 1.000000 0.500000
0.250000 0.166667 0.500000 3.000000 1.236942 2.432417 2.000000 1.000000

Matrix 159:
1.000000 2.000000 0.500000 0.333333 2.000000 1.000000 0.166667 7.000000
0.500000 1.000000 0.500000 0.200000 0.500000 0.315234 0.190624 2.000000
2.000000 2.000000 1.000000 0.423231 2.000000 0.500000 0.142857 2.310813
3.000000 5.000000 2.362777 1.000000 2.213053 3.000003 0.142857 6.840477
0.500000 2.000000 0.500000 0.451865 1.000000 2.000000 0.200000 2.011448
1.000000 3.172246 2.000000 0.333333 0.500000 1.000000 0.166667 2.727119
6.000000 5.245917 7.000000 7.000000 5.000000 6.000000 1.000000 4.000000
0.142857 0.500000 0.432748 0.146189 0.497154 0.366687 0.250000 1.000000

Matrix 160:
1.000000 0.551792 7.000007 8.000000 2.000000 3.189977 8.000000 3.000000
1.812278 1.000000 8.000000 8.000000 3.000003 5.593514 7.468779 2.183748
0.142857 0.125000 1.000000 5.000000 0.500000 2.027719 5.000000 2.000000
0.125000 0.125000 0.200000 1.000000 0.111111 1.000000 3.000000 0.302021
0.500000 0.333333 2.000000 9.000000 1.000000 5.000000 7.000000 4.000000
0.313482 0.178778 0.493165 1.000000 0.200000 1.000000 7.000000 1.639821
0.125000 0.133891 0.200000 0.333333 0.142857 0.142857 1.000000 0.125000
0.333333 0.457928 0.500000 3.311032 0.250000 0.609823 8.000000 1.000000

Matrix 161:
1.000000 0.541735 0.200000 0.166667 0.111111 1.000000 0.142857 0.309286
1.845922 1.000000 0.111111 0.111111 0.333333 0.333333 0.142857 0.200000
5.000000 9.000000 1.000000 1.680455 1.728607 7.000007 2.000000 1.883517
6.000000 9.000000 0.595077 1.000000 2.000000 1.917448 2.000000 0.640894
9.000000 3.000000 0.578500 0.500000 1.000000 8.000000 0.948452 1.363594
1.000000 3.000000 0.142857 0.521527 0.125000 1.000000 0.333333 0.500000
7.000000 7.000000 0.500000 0.500000 1.054350 3.000000 1.000000 0.607637
3.233249 5.000000 0.530922 1.560319 0.733356 2.000000 1.645718 1.000000

Matrix 162:
1.000000 0.681628 0.687093 1.000000 0.342167 3.161191 8.000000 0.333333
1.467075 1.000000 1.000000 4.000000 1.345590 9.000009 4.592200 0.250000
1.455406 1.000000 1.000000 4.000000 3.072689 5.000000 7.000007 0.765166
1.000000 0.250000 0.250000 1.000000 0.111111 1.000000 3.000003 0.352881
2.922553 0.743169 0.325448 9.000000 1.000000 5.000000 5.000000 0.539486
0.316336 0.111111 0.200000 1.000000 0.200000 1.000000 0.499739 0.170042
0.125000 0.217761 0.142857 0.333333 0.200000 2.001043 1.000000 0.166667
3.000000 4.000000 1.306907 2.833815 1.853617 5.880897 6.000000 1.000000

Matrix 163:
1.000000 0.125000 0.333333 0.166667 0.250000 0.333333 0.333333 0.333333
8.000000 1.000000 4.800705 2.000000 2.518115 3.000003 0.677885 5.000000
3.000000 0.208303 1.000000 0.333333 0.435635 1.518444 1.000000 3.000000
6.000000 0.500000 3.000000 1.000000 1.000000 8.000000 3.000000 9.000000
4.000000 0.397122 2.295501 1.000000 1.000000 4.000000 3.000000 3.000000
3.000000 0.333333 0.658569 0.125000 0.250000 1.000000 0.569115 0.500000
3.000000 1.475176 1.000000 0.333333 0.333333 1.757115 1.000000 1.571047
3.000000 0.200000 0.333333 0.111111 0.333333 2.000000 0.636518 1.000000

Matrix 164:
1.000000 5.331490 4.000000 7.000007 0.514765 3.000003 0.336297 1.000000
0.187565 1.000000 0.111111 1.536682 0.125000 0.166667 0.111111 0.142857
0.250000 9.000000 1.000000 6.698537 0.579541 1.483400 0.166667 0.142857
0.142857 0.650753 0.149286 1.000000 0.250000 0.250000 0.125000 0.166667
1.942633 8.000000 1.725504 4.000000 1.000000 2.000000 1.000000 0.500000
0.333333 6.000000 0.674127 4.000000 0.500000 1.000000 0.157246 0.500000
2.973565 9.000000 6.000000 8.000000 1.000000 6.359449 1.000000 0.500000
1.000000 7.000000 7.000000 6.000000 2.000000 2.000000 2.000000 1.000000

Matrix 165:
1.000000 0.250000 0.111723 0.125000 0.166667 0.553690 1.209339 0.272239
4.000000 1.000000 0.333333 1.000000 1.000000 5.999988 5.000000 1.000000
8.950727 3.000000 1.000000 7.186399 5.999988 9.000009 8.000000 9.000000
8.000000 1.000000 0.139152 1.000000 0.430747 7.000007 5.000000 0.500000
6.000000 1.000000 0.166667 2.321549 1.000000 9.000009 3.000000 2.000000
1.806065 0.166667 0.111111 0.142857 0.111111 1.000000 1.000000 1.000000
0.826898 0.200000 0.125000 0.200000 0.333333 1.000000 1.000000 0.250000
3.673247 1.000000 0.111111 2.000000 0.500000 1.000000 4.000000 1.000000

Matrix 166:
1.000000 4.000000 7.000007 8.000000 8.000000 8.000000 2.000000 0.500000
0.250000 1.000000 1.934006 5.999988 4.617362 2.000000 0.423418 0.143924
0.142857 0.517061 1.000000 2.000000 4.000000 3.000003 0.500000 0.333333
0.125000 0.166667 0.500000 1.000000 0.624830 0.125000 0.125000 0.111111
0.125000 0.216574 0.250000 1.600434 1.000000 1.000000 0.333333 0.142857
0.125000 0.500000 0.333333 8.000000 1.000000 1.000000 0.501813 0.111111
0.500000 2.361734 2.000000 8.000000 3.000000 1.992775 1.000000 0.142857
2.000000 6.948107 3.000000 9.000000 7.000000 9.000000 7.000000 1.000000

Matrix 167:
1.000000 0.125000 0.111111 0.250000 0.111111 1.341907 0.250000 0.527341
8.000000 1.000000 3.000003 3.000003 1.726204 9.000000 2.000000 8.000000
9.000000 0.333333 1.000000 0.639842 0.560036 1.825374 4.000000 8.722393
4.000000 0.333333 1.562885 1.000000 0.250000 2.628067 1.445288 9.000000
9.000000 0.579306 1.785600 4.000000 1.000000 2.000000 1.680943 6.000000
0.745208 0.111111 0.547833 0.380508 0.500000 1.000000 0.443412 3.000000
4.000000 0.500000 0.250000 0.691904 0.594904 2.255239 1.000000 7.000000
1.896305 0.125000 0.114647 0.111111 0.166667 0.333333 0.142857 1.000000

Matrix 168:
1.000000 1.034571 0.774627 0.142857 0.250000 0.125000 1.117549 0.500000
0.966585 1.000000 1.000000 0.239181 0.507491 1.013255 2.000000 3.000000
1.290945 1.000000 1.000000 0.384164 1.000000 0.200000 2.602883 3.903992
7.000000 4.180936 2.603053 1.000000 0.892187 1.742869 4.000000 8.026308
4.000000 1.970477 1.000000 1.120841 1.000000 0.500000 2.000000 4.000000
8.000000 0.986918 5.000000 0.573767 2.000000 1.000000 3.683977 9.000000
0.894815 0.500000 0.384189 0.250000 0.500000 0.271446 1.000000 4.000000
2.000000 0.333333 0.256148 0.124590 0.250000 0.111111 0.250000 1.000000

Matrix 169:
1.000000 1.643096 3.557521 0.250000 1.543234 0.200000 0.200000 0.461199
0.608607 1.000000 2.407650 0.250000 0.142857 0.333333 0.125000 0.333333
0.281095 0.415343 1.000000 0.111111 0.333333 0.250000 0.167031 0.250000
4.000000 4.000000 9.000000 1.000000 5.999988 0.529176 1.000000 2.827599
0.647990 7.000000 3.000000 0.166667 1.000000 0.357240 0.500000 2.000000
5.000000 3.000000 4.000000 1.889729 2.799240 1.000000 0.798322 5.627432
5.000000 8.000000 5.986925 1.000000 2.000000 1.252627 1.000000 3.000000
2.168263 3.000000 4.000000 0.353657 0.500000 0.177701 0.333333 1.000000

Matrix 170:
1.000000 2.000000 0.536556 4.000000 0.476266 3.153041 1.000000 3.000000
0.500000 1.000000 0.166667 2.000000 0.250000 0.250000 0.142857 1.841515
1.863740 6.000000 1.000000 3.000003 2.205258 5.999988 0.500000 5.000000
0.250000 0.500000 0.333333 1.000000 0.333333 0.500000 0.250000 4.000000
2.099665 4.000000 0.453462 3.000000 1.000000 4.000000 2.000000 4.000000
0.317154 4.000000 0.166667 2.000000 0.250000 1.000000 1.000000 3.000000
1.000000 7.000000 2.000000 4.000000 0.500000 1.000000 1.000000 9.000000
0.333333 0.543031 0.200000 0.250000 0.250000 0.333333 0.111111 1.000000

Matrix 171:
1.000000 3.000003 0.500000 1.000000 4.000000 0.250000 5.000000 3.000000
0.333333 1.000000 0.500000 0.274754 1.000000 0.130252 1.433151 0.513060
2.000000 2.000000 1.000000 2.134467 7.000007 2.343350 3.000003 5.000000
1.000000 3.639621 0.468501 1.000000 7.000007 0.500000 3.938925 3.000000
0.250000 1.000000 0.142857 0.142857 1.000000 0.200000 0.192133 0.317049
4.000000 7.677448 0.426740 2.000000 5.000000 1.000000 3.000003 4.000000
0.200000 0.697763 0.333333 0.253876 5.204715 0.333333 1.000000 2.000000
0.333333 1.949091 0.200000 0.333333 3.154085 0.250000 0.500000 1.000000

Matrix 172:
1.000000 1.329274 0.200000 0.335030 1.537348 0.500000 0.250000 0.333333
0.752290 1.000000 0.171253 0.333333 3.000003 0.200000 1.210044 1.000000
5.000000 5.839298 1.000000 2.000000 9.000009 1.000000 1.000000 2.000000
2.984809 3.000000 0.500000 1.000000 5.000000 0.389959 1.000000 1.586196
0.650471 0.333333 0.111111 0.200000 1.000000 0.146290 0.500000 1.268233
2.000000 5.000000 1.000000 2.564373 6.835751 1.000000 3.000003 0.956975
4.000000 0.826416 1.000000 1.000000 2.000000 0.333333 1.000000 1.786260
3.000000 1.000000 0.500000 0.630439 0.788498 1.044960 0.559829 1.000000

Matrix 173:
1.000000 0.250000 2.659856 1.000000 1.702373 5.999988 0.654789 1.000000
4.000000 1.000000 8.681997 3.000003 2.485557 5.000000 1.000000 2.000000
0.375960 0.115181 1.000000 0.500000 0.320153 0.613557 1.000000 0.500000
1.000000 0.333333 2.000000 1.000000 0.333333 4.000000 1.690958 0.547412
0.587415 0.402324 3.123503 3.000000 1.000000 3.000003 0.914696 0.753340
0.166667 0.200000 1.629842 0.250000 0.333333 1.000000 0.142857 0.203474
1.527209 1.000000 1.000000 0.591381 1.093259 7.000000 1.000000 0.500000
1.000000 0.500000 2.000000 1.826776 1.327421 4.914621 2.000000 1.000000

Matrix 174:
1.000000 2.204028 0.431419 0.692708 0.783594 3.000003 0.527675 0.378573
0.453715 1.000000 0.408663 0.424474 0.111111 1.852585 0.142857 0.250000
2.317933 2.447005 1.000000 0.698739 0.747688 4.000000 3.000000 0.250000
1.443609 2.355856 1.431150 1.000000 0.200000 5.000000 0.901268 0.166667
1.276171 9.000000 1.337456 5.000000 1.000000 5.000000 3.000000 0.750440
0.333333 0.539786 0.250000 0.200000 0.200000 1.000000 0.142857 0.200000
1.895104 7.000000 0.333333 1.109548 0.333333 7.000000 1.000000 0.264144
2.641499 4.000000 4.000000 6.000000 1.332552 5.000000 3.785820 1.000000

Matrix 175:
1.000000 0.200000 0.333333 0.200000 0.545342 1.000000 0.333333 0.142857
5.000000 1.000000 0.381082 0.500000 0.500000 3.000003 0.612442 0.309050
3.000000 2.624110 1.000000 1.101516 8.000000 2.000000 1.640298 0.409328
5.000000 2.000000 0.907840 1.000000 4.000000 5.999988 1.000000 2.000000
1.833711 2.000000 0.125000 0.250000 1.000000 2.671527 0.166667 0.333333
1.000000 0.333333 0.500000 0.166667 0.374318 1.000000 0.142857 0.111111
3.000000 1.632807 0.609645 1.000000 6.000000 7.000000 1.000000 1.640683
7.000000 3.235722 2.443031 0.500000 3.000000 9.000000 0.609502 1.000000

Matrix 176:
1.000000 0.333333 1.228213 0.465449 0.180061 0.808740 5.000000 1.105167
3.000000 1.000000 5.999988 0.736477 2.000000 9.000009 9.000009 2.000000
0.814191 0.166667 1.000000 0.500000 0.312590 0.804166 3.000003 2.000000
2.148463 1.357816 2.000000 1.000000 0.359086 2.824472 3.000003 0.692695
5.553670 0.500000 3.199074 2.784848 1.000000 4.000000 2.000000 2.696558
1.236492 0.111111 1.243524 0.354048 0.250000 1.000000 2.000000 0.539426
0.200000 0.111111 0.333333 0.333333 0.500000 0.500000 1.000000 0.250000
0.904841 0.500000 0.500000 1.443636 0.370843 1.853823 4.000000 1.000000

Matrix 177:
1.000000 1.000000 3.000003 0.500000 0.250000 0.200000 0.250000 1.201282
1.000000 1.000000 1.671240 0.193079 0.142857 0.500000 0.136627 2.000000
0.333333 0.598358 1.000000 0.333333 0.142857 0.333333 0.135592 0.505675
2.000000 5.179216 3.000000 1.000000 0.200000 1.725021 0.125000 3.000000
4.000000 7.000000 7.000000 5.000000 1.000000 0.500000 0.333333 9.000000
5.000000 2.000000 3.000000 0.579703 2.000000 1.000000 0.250000 5.000000
4.000000 7.319195 7.375067 8.000000 3.000000 4.000000 1.000000 7.543389
0.832444 0.500000 1.977556 0.333333 0.111111 0.200000 0.132566 1.000000

Matrix 178:
1.000000 2.000000 8.000000 5.000000 7.000007 6.136877 2.856248 7.667369
0.500000 1.000000 8.000000 1.535484 5.000000 2.797836 0.515971 5.000000
0.125000 0.125000 1.000000 0.142857 1.533535 1.358597 0.111111 0.500000
0.200000 0.651260 7.000000 1.000000 4.000000 5.999988 3.000003 5.000000
0.142857 0.200000 0.652088 0.250000 1.000000 2.000000 0.125000 1.427412
0.162949 0.357419 0.736053 0.166667 0.500000 1.000000 0.500000 3.010712
0.350110 1.938093 9.000000 0.333333 8.000000 2.000000 1.000000 3.000000
0.130423 0.200000 2.000000 0.200000 0.700568 0.332147 0.333333 1.000000

Matrix 179:
1.000000 3.732413 0.500000 7.000007 9.000009 8.000000 3.000003 0.521531
0.267923 1.000000 0.180978 1.000000 0.675632 3.000003 0.200000 0.200000
2.000000 5.525538 1.000000 4.000000 8.000000 9.000009 5.999988 3.000000
0.142857 1.000000 0.250000 1.000000 3.000003 0.551746 0.300231 0.200000
0.111111 1.480096 0.125000 0.333333 1.000000 0.409492 0.250000 0.125000
0.125000 0.333333 0.111111 1.812429 2.442053 1.000000 0.111111 0.200000
0.333333 5.000000 0.166667 3.330764 4.000000 9.000000 1.000000 0.500000
1.917431 5.000000 0.333333 5.000000 8.000000 5.000000 2.000000 1.000000

Matrix 180:
1.000000 1.720994 1.000000 0.832158 0.125000 0.166667 0.389094 1.628058
0.581060 1.000000 1.000000 0.333333 0.111111 0.250000 0.125000 0.664934
1.000000 1.000000 1.000000 1.472609 0.249392 0.200000 0.499190 1.473547
1.201695 3.000000 0.679067 1.000000 1.000000 0.111111 0.333333 0.829239
8.000000 9.000000 4.009753 1.000000 1.000000 0.333333 1.614720 9.000000
6.000000 4.000000 5.000000 9.000000 3.000000 1.000000 1.000000 3.000000
2.570074 8.000000 2.003245 3.000000 0.619302 1.000000 1.000000 8.000000
0.614229 1.503908 0.678635 1.205925 0.111111 0.333333 0.125000 1.000000

Matrix 181:
1.000000 1.081124 0.200000 0.333333 0.200000 0.166667 0.972029 0.125000
0.924963 1.000000 0.111111 1.818039 0.500000 0.250000 0.333333 0.142857
5.000000 9.000000 1.000000 7.000007 2.000000 0.333333 1.000000 1.000000
3.000000 0.550043 0.142857 1.000000 1.000000 0.111111 0.647784 0.200000
5.000000 2.000000 0.500000 1.000000 1.000000 0.333333 3.101663 0.250000
6.000000 4.000000 3.000000 9.000000 3.000000 1.000000 4.000000 0.500000
1.028776 3.000000 1.000000 1.543724 0.322408 0.250000 1.000000 0.142857
8.000000 7.000000 1.000000 5.000000 4.000000 2.000000 7.000000 1.000000

Matrix 182:
1.000000 1.000000 3.000003 5.999988 0.333333 1.000000 0.250000 0.166667
1.000000 1.000000 2.035483 5.999988 0.166667 0.541205 1.000000 0.250000
0.333333 0.491284 1.000000 8.000000 0.200000 0.518718 0.500000 0.125000
0.166667 0.166667 0.125000 1.000000 0.142857 0.250000 0.250000 0.125000
3.000000 6.000000 5.000000 7.000000 1.000000 4.000000 1.970331 0.376027
1.000000 1.847729 1.927831 4.000000 0.250000 1.000000 0.333333 0.333333
4.000000 1.000000 2.000000 4.000000 0.507529 3.000000 1.000000 1.000000
6.000000 4.000000 8.000000 8.000000 2.659383 3.000000 1.000000 1.000000

Matrix 183:
1.000000 0.500000 1.995565 1.000000 1.884957 1.000000 0.977978 0.187728
2.000000 1.000000 0.806572 4.000000 1.000000 2.049174 3.205097 0.396251
0.501111 1.239814 1.000000 1.000000 0.237341 0.471461 2.000000 0.166667
1.000000 0.250000 1.000000 1.000000 0.206360 0.401783 0.500000 0.333333
0.530516 1.000000 4.213339 4.845908 1.000000 0.333333 2.000000 0.500000
1.000000 0.488002 2.121067 2.488905 3.000000 1.000000 2.000000 0.250000
1.022518 0.312003 0.500000 2.000000 0.500000 0.500000 1.000000 0.142857
5.326865 2.523652 6.000000 3.000000 2.000000 4.000000 7.000000 1.000000

Matrix 184:
1.000000 0.111111 0.125000 0.127186 0.142857 0.111111 0.111111 1.716428
9.000000 1.000000 4.000000 5.000000 2.570276 1.706796 0.515603 3.000000
8.000000 0.250000 1.000000 1.752558 2.000000 0.333333 0.250000 2.511439
7.862498 0.200000 0.570594 1.000000 1.715802 0.250000 0.333333 4.000000
7.000000 0.389063 0.500000 0.582818 1.000000 0.166667 0.166667 5.000000
9.000000 0.585893 3.000000 4.000000 6.000000 1.000000 0.693363 7.000000
9.000000 1.939477 4.000000 3.000000 6.000000 1.442247 1.000000 9.000000
0.582605 0.333333 0.398178 0.250000 0.200000 0.142857 0.111111 1.000000

Matrix 185:
1.000000 0.200000 0.166667 0.250000 1.000000 2.457866 2.000000 0.116608
5.000000 1.000000 2.389261 1.597690 5.000000 5.999988 3.201099 1.788001
6.000000 0.418539 1.000000 0.333333 8.000000 7.844516 9.000009 1.000000
4.000000 0.625904 3.000000 1.000000 7.000007 4.000000 5.999988 1.000000
1.000000 0.200000 0.125000 0.142857 1.000000 0.581820 0.500000 0.214517
0.406857 0.166667 0.127478 0.250000 1.718745 1.000000 0.250000 0.111111
0.500000 0.312393 0.111111 0.166667 2.000000 4.000000 1.000000 0.500000
8.575735 0.559284 1.000000 1.000000 4.661630 9.000000 2.000000 1.000000

Matrix 186:
1.000000 0.500000 0.500000 1.000000 0.500000 1.000000 1.712422 3.000000
2.000000 1.000000 7.815386 2.821002 3.000003 4.000000 4.000000 9.000000
2.000000 0.127953 1.000000 0.506901 0.455934 1.295095 1.579563 0.617740
1.000000 0.354484 1.972771 1.000000 2.268399 1.325507 6.340094 1.000000
2.000000 0.333333 2.193301 0.440840 1.000000 2.003295 2.000000 3.000000
1.000000 0.250000 0.772144 0.754428 0.499178 1.000000 2.610394 0.500000
0.583968 0.250000 0.633086 0.157726 0.500000 0.383084 1.000000 0.408467
0.333333 0.111111 1.618804 1.000000 0.333333 2.000000 2.448176 1.000000

Matrix 187:
1.000000 9.000009 7.000007 0.483630 4.000000 8.000000 8.000000 5.000000
0.111111 1.000000 0.500000 0.142857 1.679068 0.250000 2.000000 2.000000
0.142857 2.000000 1.000000 0.333333 1.773958 1.327205 3.000000 1.173230
2.067696 7.000000 3.000000 1.000000 5.000000 2.000000 9.000000 5.000000
0.250000 0.595569 0.563711 0.200000 1.000000 0.500000 2.502135 0.429306
0.125000 4.000000 0.753463 0.500000 2.000000 1.000000 4.988506 2.011464
0.125000 0.500000 0.333333 0.111111 0.399659 0.200461 1.000000 0.142857
0.200000 0.500000 0.852348 0.200000 2.329342 0.497150 7.000000 1.000000

Matrix 188:
1.000000 2.000000 0.142857 1.000000 0.413255 1.049575 1.588342 0.500000
0.500000 1.000000 0.166667 0.370515 0.125000 0.125000 2.000000 0.200000
7.000000 6.000000 1.000000 5.000000 4.000000 3.024768 5.000000 1.410692
1.000000 2.698944 0.200000 1.000000 0.382007 0.250000 2.000000 0.391062
2.419811 8.000000 0.250000 2.617750 1.000000 0.500000 7.000007 4.000000
0.952766 8.000000 0.330604 4.000000 2.000000 1.000000 4.000000 0.711520
0.629587 0.500000 0.200000 0.500000 0.142857 0.250000 1.000000 0.500000
2.000000 5.000000 0.708872 2.557137 0.250000 1.405441 2.000000 1.000000

Matrix 189:
1.000000 2.000000 8.000000 9.000009 0.333333 0.548402 4.326129 7.000000
0.500000 1.000000 5.000000 3.000003 0.412420 0.444639 1.383010 9.000000
0.125000 0.200000 1.000000 0.732419 0.188615 0.111111 0.166667 2.000000
0.111111 0.333333 1.365339 1.000000 0.500000 0.333333 0.200000 3.000000
3.000000 2.424713 5.301812 2.000000 1.000000 0.629711 2.000000 6.000000
1.823481 2.249017 9.000000 3.000000 1.588029 1.000000 1.491243 4.000000
0.231154 0.723061 6.000000 5.000000 0.500000 0.670582 1.000000 6.563349
0.142857 0.111111 0.500000 0.333333 0.166667 0.250000 0.152361 1.000000

Matrix 190:
1.000000 0.401623 0.166667 0.513492 1.596808 0.166667 0.473003 1.079020
2.489899 1.000000 0.444947 0.596302 5.000000 1.188851 2.407331 6.000000
6.000000 2.247457 1.000000 2.176402 4.000000 0.704806 3.672790 5.000000
1.947451 1.677003 0.459474 1.000000 5.000000 0.174336 3.000003 0.927552
0.626250 0.200000 0.250000 0.200000 1.000000 0.125000 0.534628 0.200000
6.000000 0.841148 1.418830 5.736064 8.000000 1.000000 5.283435 3.000000
2.114151 0.415398 0.272273 0.333333 1.870460 0.189271 1.000000 0.252173
0.926767 0.166667 0.200000 1.078106 5.000000 0.333333 3.965526 1.000000

Matrix 191:
1.000000 2.000000 9.000009 3.000003 7.000007 3.156610 0.333333 8.000000
0.500000 1.000000 0.629515 0.353475 5.000000 1.000000 0.111111 5.000000
0.111111 1.588523 1.000000 0.125000 5.999988 0.283897 0.200000 1.658931
0.333333 2.829054 8.000000 1.000000 5.999988 0.753908 0.518825 8.000000
0.142857 0.200000 0.166667 0.166667 1.000000 0.166667 0.111111 0.664535
0.316796 1.000000 3.522400 1.326421 6.000000 1.000000 0.500000 5.000000
3.000000 9.000000 5.000000 1.927431 9.000000 2.000000 1.000000 9.000000
0.125000 0.200000 0.602798 0.125000 1.504811 0.200000 0.111111 1.000000

Matrix 192:
1.000000 0.437408 0.333333 1.132044 0.125000 5.000000 0.692083 0.262131
2.286196 1.000000 1.427057 3.000003 0.789008 9.000009 5.000000 1.125132
3.000000 0.700743 1.000000 1.139840 2.731201 9.000009 9.000009 2.000000
0.883358 0.333333 0.877316 1.000000 0.703045 1.867156 0.767179 0.500000
8.000000 1.267414 0.366139 1.422383 1.000000 5.999988 5.999988 1.000000
0.200000 0.111111 0.111111 0.535574 0.166667 1.000000 1.000000 0.125000
1.444914 0.200000 0.111111 1.303476 0.166667 1.000000 1.000000 0.367732
3.814893 0.888784 0.500000 2.000000 1.000000 8.000000 2.719372 1.000000

Matrix 193:
1.000000 7.000007 0.500000 5.000000 0.142857 0.125000 0.500000 1.000000
0.142857 1.000000 0.166667 0.614299 0.125000 0.125000 0.333333 0.333333
2.000000 6.000000 1.000000 3.378554 0.142857 0.250000 1.000000 1.000000
0.200000 1.627871 0.295985 1.000000 0.125000 0.125000 1.191961 0.500000
7.000000 8.000000 7.000000 8.000000 1.000000 0.500000 3.224918 1.731730
8.000000 8.000000 4.000000 8.000000 2.000000 1.000000 3.000000 8.000000
2.000000 3.000000 1.000000 0.838954 0.310085 0.333333 1.000000 3.000000
1.000000 3.000000 1.000000 2.000000 0.577457 0.125000 0.333333 1.000000

Matrix 194:
1.000000 0.333333 1.421709 5.999988 2.295793 4.000000 1.905584 0.723433
3.000000 1.000000 1.000000 9.000009 1.973633 5.999988 1.000000 9.000000
0.703379 1.000000 1.000000 5.999988 1.000000 8.000000 1.561021 5.000000
0.166667 0.111111 0.166667 1.000000 0.367257 0.500000 0.111111 0.142857
0.435579 0.506680 1.000000 2.722888 1.000000 5.999988 0.333333 2.089816
0.250000 0.166667 0.125000 2.000000 0.166667 1.000000 0.166667 0.378198
0.524774 1.000000 0.640606 9.000000 3.000000 6.000000 1.000000 2.359321
1.382298 0.111111 0.200000 7.000000 0.478511 2.644117 0.423851 1.000000

Matrix 195:
1.000000 0.500000 9.000009 1.000000 2.830842 9.000000 4.000000 0.674613
2.000000 1.000000 6.291115 0.582343 5.999988 5.000000 3.000000 2.435984
0.111111 0.158954 1.000000 0.166667 0.500000 4.000000 1.000000 0.166667
1.000000 1.717202 6.000000 1.000000 4.105691 6.000000 8.792719 3.000000
0.353252 0.166667 2.000000 0.243564 1.000000 3.744907 6.000000 0.500000
0.111111 0.200000 0.250000 0.166667 0.267029 1.000000 1.847596 0.142857
0.250000 0.333333 1.000000 0.113730 0.166667 0.541244 1.000000 0.500000
1.482332 0.410512 6.000000 0.333333 2.000000 7.000000 2.000000 1.000000

Matrix 196:
1.000000 5.999988 0.781642 5.999988 3.000003 4.342438 4.000000 2.369872
0.166667 1.000000 0.250000 3.000003 1.000000 0.598861 3.182649 0.142857
1.279358 4.000000 1.000000 1.897696 8.000000 1.879972 7.000000 1.000000
0.166667 0.333333 0.526955 1.000000 4.000000 0.580423 1.000000 0.333333
0.333333 1.000000 0.125000 0.250000 1.000000 0.200000 0.609928 0.142857
0.230285 1.669837 0.531923 1.722880 5.000000 1.000000 5.000000 1.000000
0.250000 0.314204 0.142857 1.000000 1.639538 0.200000 1.000000 0.200000
0.421964 7.000000 1.000000 3.000000 7.000000 1.000000 5.000000 1.000000

Matrix 197:
1.000000 2.000000 4.000000 5.000000 2.778647 0.333333 1.204712 1.481334
0.500000 1.000000 3.285361 5.999988 1.942485 0.333333 8.818766 1.000000
0.250000 0.304381 1.000000 4.000000 2.000000 0.166667 3.000003 0.166667
0.200000 0.166667 0.250000 1.000000 0.333333 0.125000 0.557965 0.250000
0.359887 0.514805 0.500000 3.000000 1.000000 0.116425 2.699826 0.125000
3.000000 3.000000 6.000000 8.000000 8.589197 1.000000 9.000009 1.456239
0.830074 0.113395 0.333333 1.792227 0.370394 0.111111 1.000000 0.125000
0.675067 1.000000 6.000000 4.000000 8.000000 0.686701 8.000000 1.000000

Matrix 198:
1.000000 0.560430 0.250000 1.730969 0.500000 0.125000 2.000000 0.111111
1.784345 1.000000 0.333333 1.910502 2.109408 0.650729 3.000003 0.142857
4.000000 3.000000 1.000000 1.000000 1.418467 1.000000 3.000003 0.369347
0.577711 0.523423 1.000000 1.000000 0.200000 0.166667 0.452196 0.118594
2.000000 0.474067 0.704987 5.000000 1.000000 0.500000 1.646068 0.125000
8.000000 1.536738 1.000000 6.000000 2.000000 1.000000 3.000003 0.251352
0.500000 0.333333 0.333333 2.211430 0.607508 0.333333 1.000000 0.166667
9.000000 7.000000 2.707484 8.432139 8.000000 3.978477 6.000000 1.000000

Matrix 199:
1.000000 3.114370 3.000003 5.999988 1.000000 2.946467 0.142857 3.000000
0.321092 1.000000 0.496200 1.000000 2.583638 0.500000 0.111111 0.796452
0.333333 2.015318 1.000000 2.000000 2.160783 2.556521 0.250000 2.000000
0.166667 1.000000 0.500000 1.000000 1.000000 0.668955 0.142857 0.730360
1.000000 0.387051 0.462795 1.000000 1.000000 0.485291 0.212377 0.250000
0.339390 2.000000 0.391157 1.494869 2.060619 1.000000 0.125000 0.576321
7.000000 9.000000 4.000000 7.000000 4.708605 8.000000 1.000000 2.000000
0.333333 1.255568 0.500000 1.369188 4.000000 1.735143 0.500000 1.000000

Matrix 200:
1.000000 0.200000 0.142857 0.333333 0.500000 0.111111 0.111111 1.521087
5.000000 1.000000 0.356499 0.677893 1.658918 0.578357 0.142857 2.068773
7.000000 2.805054 1.000000 2.000000 3.000003 5.999988 1.673766 6.000000
3.000000 1.475160 0.500000 1.000000 0.742614 0.639494 0.200000 5.000000
2.000000 0.602803 0.333333 1.346594 1.000000 0.333333 0.333333 5.000000
9.000000 1.729037 0.166667 1.563736 3.000000 1.000000 0.125000 2.561600
9.000000 7.000000 0.597455 5.000000 3.000000 8.000000 1.000000 9.000000
0.657425 0.483378 0.166667 0.200000 0.200000 0.390381 0.111111 1.000000

Matrix 201:
1.000000 0.979694 0.125000 0.200000 0.148021 0.333333 2.230710 0.471700
1.020727 1.000000 0.166667 0.200000 0.196974 0.250000 0.989970 0.333333
8.000000 6.000000 1.000000 0.545592 0.333333 2.000000 4.000000 1.000000
5.000000 5.000000 1.832870 1.000000 0.606514 7.000007 8.000000 2.000000
6.755784 5.076824 3.000000 1.648767 1.000000 0.992731 9.000000 4.000000
3.000000 4.000000 0.500000 0.142857 1.007322 1.000000 0.903657 1.584406
0.448288 1.010131 0.250000 0.125000 0.111111 1.106615 1.000000 0.333333
2.119992 3.000000 1.000000 0.500000 0.250000 0.631151 3.000000 1.000000

Matrix 202:
1.000000 1.803295 8.368347 1.871473 5.000000 1.000000 5.000000 6.000000
0.554541 1.000000 9.000009 0.166667 5.000000 0.456299 4.000000 5.000000
0.119498 0.111111 1.000000 0.142857 0.577479 0.111111 0.571232 0.456333
0.534338 6.000000 7.000000 1.000000 4.000000 1.862401 9.000009 3.674792
0.200000 0.200000 1.731664 0.250000 1.000000 0.125000 0.333333 0.555481
1.000000 2.191547 9.000000 0.536941 8.000000 1.000000 9.000009 4.000000
0.200000 0.250000 1.750601 0.111111 3.000000 0.111111 1.000000 1.000000
0.166667 0.200000 2.191382 0.272124 1.800242 0.250000 1.000000 1.000000

Matrix 203:
1.000000 2.000000 1.047087 0.696662 1.000000 2.000000 1.000000 3.000000
0.500000 1.000000 0.142857 0.325629 0.333333 1.465238 0.333333 0.617691
0.955030 7.000000 1.000000 3.000003 2.000000 2.831109 0.496410 5.000000
1.435416 3.070976 0.333333 1.000000 3.000003 5.999988 0.368396 8.000000
1.000000 3.000000 0.500000 0.333333 1.000000 1.000000 0.250000 1.853338
0.500000 0.682483 0.353218 0.166667 1.000000 1.000000 0.125000 4.000000
1.000000 3.000000 2.014463 2.714471 4.000000 8.000000 1.000000 6.000000
0.333333 1.618933 0.200000 0.125000 0.539567 0.250000 0.166667 1.000000

Matrix 204:
1.000000 0.500000 0.350441 2.063533 1.719831 4.000000 2.000000 1.241439
2.000000 1.000000 1.176167 1.470485 3.000003 5.000000 0.756829 1.000000
2.853550 0.850219 1.000000 3.000003 1.464072 5.999988 7.000007 1.821068
0.484606 0.680048 0.333333 1.000000 1.000000 5.999988 1.910149 0.250000
0.581453 0.333333 0.683027 1.000000 1.000000 5.999988 1.243354 0.514772
0.250000 0.200000 0.166667 0.166667 0.166667 1.000000 0.250000 0.333333
0.500000 1.321302 0.142857 0.523519 0.804276 4.000000 1.000000 0.200000
0.805517 1.000000 0.549128 4.000000 1.942609 3.000000 5.000000 1.000000

Matrix 205:
1.000000 6.013750 0.466470 0.303219 5.000000 4.000000 0.500000 2.007569
0.166286 1.000000 0.319232 0.125000 2.432250 1.282966 0.166667 0.754049
2.143761 3.132513 1.000000 3.000003 9.000009 5.999988 2.988517 6.000000
3.297944 8.000000 0.333333 1.000000 9.000009 2.000000 0.333333 3.000000
0.200000 0.411142 0.111111 0.111111 1.000000 0.511833 0.235545 0.333333
0.250000 0.779444 0.166667 0.500000 1.953763 1.000000 0.250000 2.000000
2.000000 6.000000 0.334614 3.000000 4.245476 4.000000 1.000000 6.311841
0.498115 1.326173 0.166667 0.333333 3.000000 0.500000 0.158432 1.000000

Matrix 206:
1.000000 2.735907 8.000000 0.500000 7.000007 1.000000 0.448329 5.000000
0.365510 1.000000 1.074566 0.250000 4.000000 0.250000 0.139484 0.672799
0.125000 0.930608 1.000000 0.125000 1.666855 0.125000 0.125000 1.000000
2.000000 4.000000 8.000000 1.000000 4.000000 0.674385 0.250000 5.000000
0.142857 0.250000 0.599932 0.250000 1.000000 0.200000 0.200000 2.354058
1.000000 4.000000 8.000000 1.482832 5.000000 1.000000 0.125000 3.000000
2.230507 7.169276 8.000000 4.000000 5.000000 8.000000 1.000000 7.000000
0.200000 1.486327 1.000000 0.200000 0.424798 0.333333 0.142857 1.000000

Matrix 207:
1.000000 3.000003 2.015842 3.000003 9.000009 8.000000 8.000000 7.000000
0.333333 1.000000 0.250000 0.200000 4.000000 2.682621 0.500000 3.040468
0.496071 4.000000 1.000000 0.450636 5.999988 5.999988 1.786126 5.000000
0.333333 5.000000 2.219085 1.000000 5.000000 8.000000 1.000000 2.000000
0.111111 0.250000 0.166667 0.200000 1.000000 0.500000 0.404949 0.200000
0.125000 0.372770 0.166667 0.125000 2.000000 1.000000 0.250000 0.250000
0.125000 2.000000 0.559871 1.000000 2.469444 4.000000 1.000000 3.554382
0.142857 0.328897 0.200000 0.500000 5.000000 4.000000 0.281343 1.000000

Matrix 208:
1.000000 0.125000 2.866467 1.136310 0.125000 1.000000 0.596348 0.500000
8.000000 1.000000 9.000009 3.000003 1.000000 2.213227 2.895817 1.000000
0.348861 0.111111 1.000000 0.500000 0.200000 0.200000 0.111111 0.142857
0.880042 0.333333 2.000000 1.000000 0.142857 1.000000 1.202305 2.000000
8.000000 1.000000 5.000000 7.000000 1.000000 8.000000 2.844572 4.000000
1.000000 0.451829 5.000000 1.000000 0.125000 1.000000 0.290893 1.000000
1.676873 0.345326 9.000000 0.831735 0.351547 3.437687 1.000000 2.000000
2.000000 1.000000 7.000000 0.500000 0.250000 1.000000 0.500000 1.000000

Matrix 209:
1.000000 0.200000 1.000000 0.250000 1.788511 0.407106 0.333333 1.351516
5.000000 1.000000 4.000000 0.589886 5.000000 4.000000 1.849292 4.000000
1.000000 0.250000 1.000000 0.500000 0.254576 0.500000 0.142857 0.446070
4.000000 1.695243 2.000000 1.000000 4.000000 3.000003 3.000003 3.000000
0.559124 0.200000 3.928095 0.250000 1.000000 0.500000 0.293130 1.000000
2.456360 0.250000 2.000000 0.333333 2.000000 1.000000 0.333333 2.000000
3.000000 0.540747 7.000000 0.333333 3.411455 3.000000 1.000000 9.000000
0.739910 0.250000 2.241801 0.333333 1.000000 0.500000 0.111111 1.000000

Matrix 210:
1.000000 7.000007 1.661195 2.000000 5.999988 2.422476 7.000007 9.000000
0.142857 1.000000 0.166667 1.999866 3.000003 0.500000 2.136675 4.543522
0.601976 6.000000 1.000000 8.880258 7.000007 4.588322 8.000000 5.000000
0.500000 0.500033 0.112609 1.000000 1.077054 0.333333 0.500000 1.000000
0.166667 0.333333 0.142857 0.928459 1.000000 0.111111 0.500000 0.500000
0.412801 2.000000 0.217945 3.000000 9.000000 1.000000 2.355805 9.000000
0.142857 0.468017 0.125000 2.000000 2.000000 0.424483 1.000000 3.000000
0.111111 0.220094 0.200000 1.000000 2.000000 0.111111 0.333333 1.000000

Matrix 211:
1.000000 0.333333 1.000000 1.715826 0.334845 1.857683 1.000000 3.000000
3.000000 1.000000 4.000000 1.000000 1.032835 7.000007 1.000000 4.000000
1.000000 0.250000 1.000000 0.222638 0.200000 0.548511 1.000000 1.602839
0.582810 1.000000 4.491606 1.000000 0.862253 4.000000 1.607849 6.000000
2.986461 0.968209 5.000000 1.159752 1.000000 4.000000 0.500000 6.000000
0.538305 0.142857 1.823118 0.250000 0.250000 1.000000 0.586655 1.020813
1.000000 1.000000 1.000000 0.621949 2.000000 1.704580 1.000000 2.000000
0.333333 0.250000 0.623893 0.166667 0.166667 0.979612 0.500000 1.000000

Matrix 212:
1.000000 0.551743 7.000007 4.000000 1.000000 9.000009 3.444426 1.000000
1.812439 1.000000 5.000000 3.000003 5.000000 1.000000 0.980720 0.500000
0.142857 0.200000 1.000000 0.250000 0.333333 0.437973 0.500000 0.200000
0.250000 0.333333 4.000000 1.000000 1.000000 1.844992 0.722968 0.142857
1.000000 0.200000 3.000000 1.000000 1.000000 2.000000 0.585995 0.166667
0.111111 1.000000 2.283244 0.542008 0.500000 1.000000 0.500000 0.163420
0.290324 1.019659 2.000000 1.383186 1.706499 2.000000 1.000000 0.333333
1.000000 2.000000 5.000000 7.000000 6.000000 6.119209 3.000000 1.000000

Matrix 213:
1.000000 0.500000 4.000000 0.754212 1.264529 0.250000 0.500000 0.250000
2.000000 1.000000 8.000000 3.000003 1.000000 0.250000 1.000000 0.333333
0.250000 0.125000 1.000000 0.549814 0.500000 0.123799 0.111111 0.500000
1.325888 0.333333 1.818799 1.000000 0.539689 0.125000 1.556193 0.374130
0.790808 1.000000 2.000000 1.852918 1.000000 0.500000 0.491101 1.000000
4.000000 4.000000 8.077595 8.000000 2.000000 1.000000 2.000000 4.000000
2.000000 1.000000 9.000000 0.642594 2.036240 0.500000 1.000000 0.720099
4.000000 3.000000 2.000000 2.672864 1.000000 0.250000 1.388698 1.000000

Matrix 214:
1.000000 8.000000 5.999988 3.786813 2.275411 5.000000 5.999988 9.000000
0.125000 1.000000 1.310105 0.333333 0.333333 0.111111 0.125000 0.507806
0.166667 0.763297 1.000000 1.043593 0.142857 0.125000 0.166667 1.000000
0.264074 3.000000 0.958228 1.000000 0.590067 0.166667 0.391002 0.615702
0.439481 3.000000 7.000000 1.694723 1.000000 0.500000 1.464045 5.000000
0.200000 9.000000 8.000000 6.000000 2.000000 1.000000 0.552953 2.000000
0.166667 8.000000 6.000000 2.557533 0.683039 1.808472 1.000000 5.000000
0.111111 1.969258 1.000000 1.624161 0.200000 0.500000 0.200000 1.000000

Matrix 215:
1.000000 0.119804 0.201327 0.309927 0.250000 0.166667 2.463161 0.679509
8.347001 1.000000 1.774022 1.692250 1.000000 0.602696 7.000000 9.000000
4.967041 0.563691 1.000000 1.164644 0.333333 0.111111 2.000000 5.000000
3.226569 0.590929 0.858631 1.000000 1.533900 0.500000 5.000000 4.000000
4.000000 1.000000 3.000000 0.651933 1.000000 0.142857 9.000000 2.000000
6.000000 1.659211 9.000000 2.000000 7.000000 1.000000 8.000000 7.000000
0.405982 0.142857 0.500000 0.200000 0.111111 0.125000 1.000000 1.716343
1.471650 0.111111 0.200000 0.250000 0.500000 0.142857 0.582634 1.000000

Matrix 216:
1.000000 0.125000 0.187628 1.523736 0.250000 0.125000 0.500000 0.176114
8.000000 1.000000 8.000000 5.999988 8.000000 3.000003 9.000000 2.000000
5.329693 0.125000 1.000000 9.000009 0.764531 0.333333 2.000000 1.000000
0.656281 0.166667 0.111111 1.000000 0.250000 0.250000 0.289635 0.142857
4.000000 0.125000 1.307991 4.000000 1.000000 0.238959 0.576621 0.333333
8.000000 0.333333 3.000000 4.000000 4.184822 1.000000 2.168940 3.000000
2.000000 0.111111 0.500000 3.452623 1.734240 0.461055 1.000000 0.142857
5.678156 0.500000 1.000000 7.000000 3.000000 0.333333 7.000000 1.000000

Matrix 217:
1.000000 7.000007 3.692410 4.000000 2.956428 9.000009 4.000000 8.000000
0.142857 1.000000 0.405524 1.752486 0.437032 2.777567 0.515884 0.563459
0.270826 2.465945 1.000000 1.888373 0.621852 7.628055 0.500000 3.000000
0.250000 0.570618 0.529556 1.000000 0.125000 3.000003 0.898309 2.000000
0.338246 2.288162 1.608100 8.000000 1.000000 8.000000 7.074854 3.000000
0.111111 0.360027 0.131095 0.333333 0.125000 1.000000 0.609079 0.421033
0.250000 1.938419 2.000000 1.113203 0.141346 1.641823 1.000000 0.500000
0.125000 1.774753 0.333333 0.500000 0.333333 2.375113 2.000000 1.000000

Matrix 218:
1.000000 0.399283 1.382060 2.242212 1.000000 1.766069 0.333333 6.000000
2.504492 1.000000 5.000000 4.000000 0.622837 0.500000 0.443347 5.000000
0.723558 0.200000 1.000000 1.000000 0.500000 0.200000 0.250000 1.972639
0.445988 0.250000 1.000000 1.000000 1.000000 0.333333 0.414719 1.651806
1.000000 1.605558 2.000000 1.000000 1.000000 2.000000 0.323049 5.000000
0.566229 2.000000 5.000000 3.000000 0.500000 1.000000 0.200000 4.289664
3.000000 2.255568 4.000000 2.411274 3.095506 5.000000 1.000000 4.000000
0.166667 0.200000 0.506935 0.605398 0.200000 0.233118 0.250000 1.000000

Matrix 219:
1.000000 4.000000 4.829160 2.360267 0.342220 2.000000 1.164202 0.500000
0.250000 1.000000 1.000000 0.884670 0.142857 0.456416 3.000003 0.250000
0.207075 1.000000 1.000000 0.333333 0.166667 0.200000 1.255385 0.142857
0.423681 1.130365 3.000000 1.000000 1.000000 2.000000 3.000003 0.346444
2.922097 7.000000 6.000000 1.000000 1.000000 3.000003 4.000000 1.000000
0.500000 2.190982 5.000000 0.500000 0.333333 1.000000 7.000007 0.166667
0.858957 0.333333 0.796568 0.333333 0.250000 0.142857 1.000000 0.125000
2.000000 4.000000 7.000000 2.886468 1.000000 6.000000 8.000000 1.000000

Matrix 220:
1.000000 0.514069 9.000009 3.000003 1.766030 1.269491 5.000000 2.047901
1.945265 1.000000 9.000009 1.000000 4.000000 4.000000 4.000000 9.000000
0.111111 0.111111 1.000000 0.706859 0.203524 0.142857 0.500000 0.333333
0.333333 1.000000 1.414710 1.000000 3.000003 0.607541 5.000000 1.000000
0.566242 0.250000 4.913437 0.333333 1.000000 2.000000 2.000000 1.000000
0.787718 0.250000 7.000000 1.645979 0.500000 1.000000 4.000000 2.000000
0.200000 0.250000 2.000000 0.200000 0.500000 0.250000 1.000000 0.679380
0.488305 0.111111 3.000000 1.000000 1.000000 0.500000 1.471930 1.000000

Matrix 221:
1.000000 5.000000 1.000000 3.149782 0.425068 0.384027 1.000000 7.000000
0.200000 1.000000 1.000000 0.500000 0.250000 0.250000 0.392187 3.101922
1.000000 1.000000 1.000000 0.557293 0.166667 0.586911 0.930090 6.000000
0.317482 2.000000 1.794389 1.000000 0.125000 0.500000 0.515847 1.579766
2.352566 4.000000 6.000000 8.000000 1.000000 0.500000 7.000007 7.000000
2.603985 4.000000 1.703834 2.000000 2.000000 1.000000 2.970051 8.000000
1.000000 2.549803 1.075165 1.938561 0.142857 0.336695 1.000000 8.769238
0.142857 0.322381 0.166667 0.633005 0.142857 0.125000 0.114035 1.000000

Matrix 222:
1.000000 0.563204 0.505762 0.290020 0.166667 0.937589 0.500000 2.012039
1.775555 1.000000 1.422413 0.520373 1.092587 2.283234 1.000000 7.000000
1.977214 0.703031 1.000000 0.368474 1.103181 5.000000 0.550003 9.000000
3.448044 1.921700 2.713897 1.000000 1.000000 6.000000 3.000000 6.000000
6.000000 0.915259 0.906469 1.000000 1.000000 8.000000 2.448391 4.000000
1.066566 0.437975 0.200000 0.166667 0.125000 1.000000 0.142857 0.500000
2.000000 1.000000 1.818172 0.333333 0.408432 7.000000 1.000000 1.000000
0.497008 0.142857 0.111111 0.166667 0.250000 2.000000 1.000000 1.000000

Matrix 223:
1.000000 0.250000 1.512301 1.000000 4.000000 0.605396 2.648046 4.000000
4.000000 1.000000 1.048850 4.000000 4.578925 5.999988 3.000003 3.000000
0.661244 0.953426 1.000000 1.000000 3.977623 2.000000 5.000000 3.000000
1.000000 0.250000 1.000000 1.000000 5.999988 2.679845 7.000007 7.000000
0.250000 0.218392 0.251406 0.166667 1.000000 0.333333 1.000000 0.494690
1.651810 0.166667 0.500000 0.373156 3.000000 1.000000 4.000000 3.000000
0.377637 0.333333 0.200000 0.142857 1.000000 0.250000 1.000000 0.274139
0.250000 0.333333 0.333333 0.142857 2.021469 0.333333 3.647786 1.000000

Matrix 224:
1.000000 0.166667 0.500000 0.200000 0.125000 0.127281 2.218911 1.460637
6.000000 1.000000 1.000000 0.331061 0.125000 0.333333 3.698365 2.000000
2.000000 1.000000 1.000000 0.500000 0.228108 0.250000 1.000000 3.609337
5.000000 3.020595 2.000000 1.000000 0.250000 0.125000 2.649977 7.000000
8.000000 8.000000 4.383888 4.000000 1.000000 0.688360 7.000007 8.000000
7.856645 3.000000 4.000000 8.000000 1.452729 1.000000 4.000000 5.000000
0.450671 0.270390 1.000000 0.377362 0.142857 0.250000 1.000000 1.455097
0.684633 0.500000 0.277059 0.142857 0.125000 0.200000 0.687239 1.000000

Matrix 225:
1.000000 8.000000 7.000007 7.000007 3.000003 2.000000 5.000000 7.000000
0.125000 1.000000 1.588083 5.680647 0.369593 0.639721 0.378661 2.599255
0.142857 0.629690 1.000000 7.000007 0.333333 0.333333 0.500000 5.000000
0.142857 0.176036 0.142857 1.000000 0.111111 0.333333 0.125000 0.602200
0.333333 2.705682 3.000000 9.000000 1.000000 4.000000 5.000000 7.000000
0.500000 1.563183 3.000000 3.000000 0.250000 1.000000 0.772216 8.516235
0.200000 2.640882 2.000000 8.000000 0.200000 1.294974 1.000000 9.000000
0.142857 0.384726 0.200000 1.660579 0.142857 0.117423 0.111111 1.000000

Matrix 226:
1.000000 0.278971 1.473212 0.166667 3.000000 0.333333 0.241518 0.522995
3.584597 1.000000 7.000007 0.500000 5.000000 0.500000 0.345701 6.000000
0.678789 0.142857 1.000000 0.125000 4.000000 0.500000 0.500000 2.000000
6.000000 2.000000 8.000000 1.000000 7.000000 0.551201 2.000000 6.000000
0.333333 0.200000 0.250000 0.142857 1.000000 0.166667 0.111111 0.200000
3.000000 2.000000 2.000000 1.814219 6.000000 1.000000 1.000000 8.000000
4.140481 2.892674 2.000000 0.500000 9.000000 1.000000 1.000000 6.000000
1.912063 0.166667 0.500000 0.166667 5.000000 0.125000 0.166667 1.000000

Matrix 227:
1.000000 5.000000 0.484848 0.611955 1.174414 1.898013 0.796373 4.000000
0.200000 1.000000 0.142857 0.250000 0.129906 0.166667 0.551850 0.494282
2.062503 7.000000 1.000000 0.640840 5.000000 5.113681 9.000009 6.000000
1.634106 4.000000 1.560452 1.000000 1.000000 2.051556 3.000003 3.000000
0.851488 7.697846 0.200000 1.000000 1.000000 0.697150 1.992492 1.000000
0.526867 6.000000 0.195554 0.487435 1.434412 1.000000 5.000000 1.505022
1.255694 1.812086 0.111111 0.333333 0.501884 0.200000 1.000000 0.500000
0.250000 2.023138 0.166667 0.333333 1.000000 0.664442 2.000000 1.000000

Matrix 228:
1.000000 2.208875 1.857139 0.500000 4.000000 0.500000 1.957012 0.200000
0.452719 1.000000 0.500000 0.333333 3.000003 0.200000 0.678435 0.302889
0.538463 2.000000 1.000000 1.000000 5.000000 0.669204 0.500000 0.333333
2.000000 3.000000 1.000000 1.000000 2.256353 0.250000 1.000000 0.166667
0.250000 0.333333 0.200000 0.443193 1.000000 0.125000 1.588513 0.200000
2.000000 5.000000 1.494313 4.000000 8.000000 1.000000 8.000000 1.709394
0.510983 1.473981 2.000000 1.000000 0.629520 0.125000 1.000000 0.177961
5.000000 3.301538 3.000000 6.000000 5.000000 0.585003 5.619221 1.000000

Matrix 229:
1.000000 0.333333 0.584192 3.000003 0.500000 0.551092 0.125000 1.245694
3.000000 1.000000 3.326657 7.000007 5.000000 1.000000 1.446388 7.000000
1.711765 0.300602 1.000000 2.000000 1.000000 0.333333 0.125000 1.000000
0.333333 0.142857 0.500000 1.000000 0.489590 0.500000 0.500000 0.333333
2.000000 0.200000 1.000000 2.042524 1.000000 1.000000 0.200000 0.479879
1.814580 1.000000 3.000000 2.000000 1.000000 1.000000 0.500000 1.911121
8.000000 0.691377 8.000000 2.000000 5.000000 2.000000 1.000000 8.000000
0.802765 0.142857 1.000000 3.000000 2.083857 0.523253 0.125000 1.000000

Matrix 230:
1.000000 0.645227 0.500000 3.032511 0.142857 1.736344 0.112697 0.670435
1.549841 1.000000 1.061098 3.000003 0.200000 3.164432 0.250000 0.965459
2.000000 0.942420 1.000000 7.000007 0.333333 5.000000 0.333333 8.000000
0.329760 0.333333 0.142857 1.000000 0.125000 0.666093 0.142857 0.617306
7.000000 5.000000 3.000000 8.000000 1.000000 7.000007 3.000000 8.543710
0.575923 0.316012 0.200000 1.501292 0.142857 1.000000 0.125000 3.000000
8.873327 4.000000 3.000000 7.000000 0.333333 8.000000 1.000000 8.000000
1.491568 1.035777 0.125000 1.619943 0.117045 0.333333 0.125000 1.000000

Matrix 231:
1.000000 0.428962 5.285960 5.331240 3.000003 7.000007 1.000000 2.012061
2.331210 1.000000 3.000003 5.000000 2.000000 5.999988 3.000003 9.000000
0.189180 0.333333 1.000000 2.000000 0.333333 1.544634 0.142857 1.000000
0.187574 0.200000 0.500000 1.000000 0.166667 2.343542 0.250000 0.125000
0.333333 0.500000 3.000000 6.000000 1.000000 5.999988 0.584504 0.607019
0.142857 0.166667 0.647403 0.426704 0.166667 1.000000 0.200000 0.429151
1.000000 0.333333 7.000000 4.000000 1.710852 5.000000 1.000000 2.000000
0.497003 0.111111 1.000000 8.000000 1.647395 2.330182 0.500000 1.000000

Matrix 232:
1.000000 1.018308 0.584443 0.111111 0.200000 0.111111 0.469987 0.615572
0.982021 1.000000 2.000000 0.125000 0.813056 0.333333 0.339008 0.610827
1.711030 0.500000 1.000000 0.200000 0.200000 0.125000 1.000000 2.022861
9.000000 8.000000 5.000000 1.000000 3.000003 1.681799 9.000009 4.000000
5.000000 1.229927 5.000000 0.333333 1.000000 1.000000 5.999988 7.000000
9.000000 3.000000 8.000000 0.594601 1.000000 1.000000 9.000009 9.000000
2.127720 2.949786 1.000000 0.111111 0.166667 0.111111 1.000000 3.000000
1.624505 1.637124 0.494349 0.250000 0.142857 0.111111 0.333333 1.000000

Matrix 233:
1.000000 1.000000 4.000000 5.000000 4.592423 6.000000 6.000000 4.000000
1.000000 1.000000 3.000000 4.000000 5.000000 5.000000 6.000000 1.000000
0.250000 0.333333 1.000000 5.000000 7.000000 5.000000 7.000000 2.000000
0.200000 0.250000 0.200000 1.000000 0.720788 3.000000 1.000000 0.500000
0.217750 0.200000 0.142857 1.387370 1.000000 0.500000 0.500000 0.111111
0.166667 0.200000 0.200000 0.333333 2.000000 1.000000 1.000000 0.200000
0.166667 0.166667 0.142857 1.000000 2.000000 1.000000 1.000000 0.125000
0.250000 1.000000 0.500000 2.000000 9.000000 5.000000 8.000000 1.000000

Matrix 234:
1.000000 5.999988 2.000000 1.675661 1.625468 0.500000 1.672654 8.000000
0.166667 1.000000 4.000000 0.346083 0.933056 0.200000 0.333333 1.646795
0.500000 0.250000 1.000000 0.333333 0.472646 0.111111 0.166667 1.406953
0.596779 2.889480 3.000000 1.000000 2.098225 0.319075 1.000000 1.482511
0.615208 1.071747 2.115746 0.476593 1.000000 0.333333 0.111111 1.512123
2.000000 5.000000 9.000000 3.134063 3.000000 1.000000 3.000000 8.000000
0.597852 3.000000 6.000000 1.000000 9.000000 0.333333 1.000000 9.000000
0.125000 0.607240 0.710756 0.674531 0.661322 0.125000 0.111111 1.000000

Matrix 235:
1.000000 2.000000 0.500000 1.000000 0.142857 0.200000 0.500000 0.244549
0.500000 1.000000 1.252900 1.000000 0.111111 0.163760 0.516878 0.333333
2.000000 0.798148 1.000000 0.830490 0.200000 0.453536 0.333333 1.877390
1.000000 1.000000 1.204108 1.000000 0.250000 0.453420 0.317966 0.166667
7.000000 9.000000 5.000000 4.000000 1.000000 2.000000 1.755218 0.823990
5.000000 6.106499 2.204898 2.205463 0.500000 1.000000 1.796872 2.152364
2.000000 1.934694 3.000000 3.144992 0.569730 0.556523 1.000000 0.390471
4.089156 3.000000 0.532654 6.000000 1.213606 0.464606 2.561008 1.000000

Matrix 236:
1.000000 0.333333 0.333333 0.502521 0.429487 1.446461 3.000000 4.000000
3.000000 1.000000 0.283556 0.142857 0.318591 4.000000 7.000000 6.000000
3.000000 3.526643 1.000000 1.511767 0.527446 4.000000 4.000000 8.000000
1.989966 7.000000 0.661477 1.000000 1.000000 3.000003 9.000000 9.000000
2.328360 3.138820 1.895929 1.000000 1.000000 5.000000 8.000000 3.000000
0.691343 0.250000 0.250000 0.333333 0.200000 1.000000 4.000000 2.000000
0.333333 0.142857 0.250000 0.111111 0.125000 0.250000 1.000000 0.419985
0.250000 0.166667 0.125000 0.111111 0.333333 0.500000 2.381038 1.000000

Matrix 237:
1.000000 2.641286 0.383991 5.000000 5.999988 4.000000 1.000000 0.560020
0.378603 1.000000 1.000000 4.000000 8.000000 7.738545 0.500000 1.000000
2.604226 1.000000 1.000000 3.000003 4.000000 7.000007 0.441180 2.000000
0.200000 0.250000 0.333333 1.000000 4.000000 3.000003 0.250000 0.166667
0.166667 0.125000 0.250000 0.250000 1.000000 0.333333 0.142857 0.166667
0.250000 0.129223 0.142857 0.333333 3.000000 1.000000 0.166667 0.200000
1.000000 2.000000 2.266646 4.000000 7.000000 6.000000 1.000000 3.000000
1.785652 1.000000 0.500000 6.000000 6.000000 5.000000 0.333333 1.000000

Matrix 238:
1.000000 0.250000 0.724447 0.500000 0.965706 0.333333 1.480312 2.000000
4.000000 1.000000 5.000000 3.000003 7.930735 1.000000 7.000007 5.000000
1.380363 0.200000 1.000000 0.500000 2.000000 1.005518 3.000003 5.000000
2.000000 0.333333 2.000000 1.000000 4.000000 1.528004 0.730017 8.000000
1.035512 0.126092 0.500000 0.250000 1.000000 0.125000 0.758862 3.362152
3.000000 1.000000 0.994512 0.654448 8.000000 1.000000 1.347963 7.000000
0.675533 0.142857 0.333333 1.369831 1.317762 0.741860 1.000000 2.000000
0.500000 0.200000 0.200000 0.125000 0.297429 0.142857 0.500000 1.000000

Matrix 239:
1.000000 0.456529 0.166667 0.500000 2.289039 0.289347 0.166667 0.570374
2.190442 1.000000 0.166667 0.500000 3.292609 0.597053 0.125000 0.125000
6.000000 6.000000 1.000000 2.000000 9.000009 3.884505 0.514444 4.000000
2.000000 2.000000 0.500000 1.000000 9.000009 2.000000 0.250000 0.333333
0.436865 0.303711 0.111111 0.111111 1.000000 0.166667 0.111111 0.250000
3.456053 1.674894 0.257433 0.500000 6.000000 1.000000 0.166667 1.439885
6.000000 8.000000 1.943845 4.000000 9.000000 6.000000 1.000000 1.000000
1.753236 8.000000 0.250000 3.000000 4.000000 0.694500 1.000000 1.000000

Matrix 240:
1.000000 0.814813 0.132879 0.250000 0.510627 0.111111 0.200000 0.250000
1.227276 1.000000 0.500000 0.548925 1.363811 0.111111 0.460046 0.200000
7.525645 2.000000 1.000000 1.000000 0.943292 2.000000 2.000000 1.000000
4.000000 1.821742 1.000000 1.000000 3.000003 0.591155 0.500000 0.250000
1.958375 0.733239 1.060117 0.333333 1.000000 0.199308 0.486161 0.111111
9.000000 9.000000 0.500000 1.691604 5.017365 1.000000 2.879269 0.782416
5.000000 2.173696 0.500000 2.000000 2.056932 0.347310 1.000000 0.142857
4.000000 5.000000 1.000000 4.000000 9.000000 1.278092 7.000000 1.000000

Matrix 241:
1.000000 0.125000 1.000000 0.142857 0.200000 0.277467 0.497959 0.142857
8.000000 1.000000 8.621305 2.000000 0.728678 1.000000 5.000000 0.528467
1.000000 0.115992 1.000000 0.620738 0.125000 1.020642 1.423802 0.333333
7.000000 0.500000 1.610987 1.000000 0.250000 1.849321 2.000000 2.000000
5.000000 1.372348 8.000000 4.000000 1.000000 8.000000 7.000007 4.000000
3.604036 1.000000 0.979775 0.540739 0.125000 1.000000 2.642532 0.646364
2.008197 0.200000 0.702345 0.500000 0.142857 0.378425 1.000000 0.250000
7.000000 1.892265 3.000000 0.500000 0.250000 1.547115 4.000000 1.000000

Matrix 242:
1.000000 4.000000 8.000000 1.237058 1.000000 8.000000 3.524943 4.000000
0.250000 1.000000 2.874098 0.333333 0.333333 1.604434 0.191811 0.636846
0.125000 0.347935 1.000000 0.200000 0.179158 0.250000 0.111111 0.359167
0.808369 3.000000 5.000000 1.000000 2.656204 9.000009 5.999988 8.000000
1.000000 3.000000 5.581655 0.376477 1.000000 7.000007 2.512753 7.000000
0.125000 0.623273 4.000000 0.111111 0.142857 1.000000 0.585086 0.329463
0.283693 5.213479 9.000000 0.166667 0.397970 1.709150 1.000000 3.908231
0.250000 1.570237 2.784220 0.125000 0.142857 3.035242 0.255870 1.000000

Matrix 243:
1.000000 0.663294 0.467687 2.690753 5.977873 8.000000 3.000003 2.000000
1.507627 1.000000 0.166667 1.769944 7.665946 3.000003 0.581126 1.000000
2.138180 6.000000 1.000000 7.000007 9.000009 6.749796 5.000000 4.000000
0.371643 0.564989 0.142857 1.000000 2.000000 5.999988 0.250000 1.636056
0.167284 0.130447 0.111111 0.500000 1.000000 2.117512 0.125000 0.250000
0.125000 0.333333 0.148153 0.166667 0.472252 1.000000 0.125000 0.200000
0.333333 1.720798 0.200000 4.000000 8.000000 8.000000 1.000000 5.000000
0.500000 1.000000 0.250000 0.611226 4.000000 5.000000 0.200000 1.000000

Matrix 244:
1.000000 7.000007 8.000000 5.999988 4.000000 2.000000 0.403529 3.000000
0.142857 1.000000 0.301270 0.200000 0.333333 0.250000 0.111111 0.111111
0.125000 3.319280 1.000000 0.333333 0.500000 0.200000 0.166667 0.641015
0.166667 5.000000 3.000000 1.000000 1.599828 0.250000 0.111111 0.500000
0.250000 3.000000 2.000000 0.625067 1.000000 0.500000 0.333333 0.250000
0.500000 4.000000 5.000000 4.000000 2.000000 1.000000 0.166667 0.353240
2.478137 9.000000 6.000000 9.000000 3.000000 6.000000 1.000000 2.160315
0.333333 9.000000 1.560026 2.000000 4.000000 2.830938 0.462895 1.000000

Matrix 245:
1.000000 0.614177 2.000000 0.142857 0.200000 0.500000 0.333333 4.000000
1.628195 1.000000 1.660917 0.541597 0.125000 0.587055 0.500000 3.000000
0.500000 0.602077 1.000000 0.766498 0.166667 0.250000 1.000000 1.245283
7.000000 1.846393 1.304635 1.000000 0.497769 1.000000 2.902902 3.000000
5.000000 8.000000 6.000000 2.008963 1.000000 2.000000 4.000000 8.299509
2.000000 1.703419 4.000000 1.000000 0.500000 1.000000 0.713242 1.000000
3.000000 2.000000 1.000000 0.344483 0.250000 1.402049 1.000000 2.000000
0.250000 0.333333 0.803030 0.333333 0.120489 1.000000 0.500000 1.000000

Matrix 246:
1.000000 4.000000 0.166667 4.000000 3.893091 0.142857 0.200000 1.811701
0.250000 1.000000 0.125000 0.333333 0.573194 0.142857 0.111111 0.500000
6.000000 8.000000 1.000000 5.000000 4.000000 1.721250 3.000003 8.000000
0.250000 3.000000 0.200000 1.000000 4.000000 0.130689 0.277196 0.500000
0.256865 1.744611 0.250000 0.250000 1.000000 0.142857 0.250000 1.806222
7.000000 7.000000 0.580973 7.651743 7.000000 1.000000 1.000000 7.000000
5.000000 9.000000 0.333333 3.607562 4.000000 1.000000 1.000000 8.000000
0.551968 2.000000 0.125000 2.000000 0.553642 0.142857 0.125000 1.000000

Matrix 247:
1.000000 2.000000 0.872819 4.000000 0.500000 2.000000 5.000000 3.000000
0.500000 1.000000 0.919946 7.000007 0.500000 0.333333 7.000007 6.000000
1.145713 1.087020 1.000000 2.000000 0.296203 0.395279 3.000003 3.000000
0.250000 0.142857 0.500000 1.000000 0.333333 0.142857 2.221824 4.000000
2.000000 2.000000 3.376067 3.000000 1.000000 2.046353 5.000000 9.000000
0.500000 3.000000 2.529858 7.000000 0.488674 1.000000 4.000000 2.000000
0.200000 0.142857 0.333333 0.450081 0.200000 0.250000 1.000000 0.669501
0.333333 0.166667 0.333333 0.250000 0.111111 0.500000 1.493651 1.000000

Matrix 248:
1.000000 1.386843 0.518264 0.391458 0.707789 4.000000 2.002486 0.333333
0.721062 1.000000 0.333333 0.125000 3.000003 9.000009 3.000000 1.000000
1.929518 3.000000 1.000000 0.150599 5.999988 8.608025 4.000000 0.719546
2.554551 8.000000 6.640170 1.000000 8.000000 9.000009 7.000000 4.000000
1.412850 0.333333 0.166667 0.125000 1.000000 2.579588 0.500000 0.138011
0.250000 0.111111 0.116171 0.111111 0.387659 1.000000 0.200000 0.129076
0.499379 0.333333 0.250000 0.142857 2.000000 5.000000 1.000000 0.608976
3.000000 1.000000 1.389766 0.250000 7.245816 7.747356 1.642101 1.000000

Matrix 249:
1.000000 1.649072 0.271216 5.999988 1.453086 2.000000 0.333333 1.000000
0.606402 1.000000 0.183104 0.590589 0.200000 0.642681 0.333333 0.142857
3.687101 5.461371 1.000000 4.000000 7.000007 9.000009 1.450905 0.521310
0.166667 1.693225 0.250000 1.000000 1.245022 0.500000 0.142857 0.250000
0.688191 5.000000 0.142857 0.803199 1.000000 1.760386 0.800810 0.250000
0.500000 1.555983 0.111111 2.000000 0.568057 1.000000 0.500000 0.310667
3.000000 3.000000 0.689225 7.000000 1.248736 2.000000 1.000000 1.000000
1.000000 7.000000 1.918243 4.000000 4.000000 3.218882 1.000000 1.000000

Matrix 250:
1.000000 0.500000 0.333333 5.000000 8.000000 5.999988 0.779966 8.000000
2.000000 1.000000 0.860382 7.000007 7.000007 9.000009 2.000000 8.000000
3.000000 1.162275 1.000000 5.000000 6.596406 4.000000 4.000000 9.000000
0.200000 0.142857 0.200000 1.000000 0.359803 0.449980 0.166667 2.000000
0.125000 0.142857 0.151598 2.779299 1.000000 1.000000 0.166667 2.261894
0.166667 0.111111 0.250000 2.222321 1.000000 1.000000 0.250000 9.000000
1.282107 0.500000 0.250000 6.000000 6.000000 4.000000 1.000000 4.000000
0.125000 0.125000 0.111111 0.500000 0.442107 0.111111 0.250000 1.000000

Matrix 251:
1.000000 2.000000 2.000000 0.200000 0.612738 0.333333 0.200000 0.509693
0.500000 1.000000 0.889742 0.125000 1.000000 0.125000 0.166667 0.500000
0.500000 1.123922 1.000000 0.111111 0.333333 0.165497 0.142857 0.200000
5.000000 8.000000 9.000000 1.000000 3.000003 0.333333 0.250000 0.471425
1.632020 1.000000 3.000000 0.333333 1.000000 0.166667 0.333333 0.111111
3.000000 8.000000 6.042422 3.000000 6.000000 1.000000 0.640168 0.496165
5.000000 6.000000 7.000000 4.000000 3.000000 1.562091 1.000000 1.499938
1.961964 2.000000 5.000000 2.121226 9.000000 2.015459 0.666694 1.000000

Matrix 252:
1.000000 0.111111 0.142857 0.200000 0.394972 3.000003 0.500000 0.378277
9.000000 1.000000 1.212193 1.000000 7.000007 7.000007 5.000000 7.000000
7.000000 0.824951 1.000000 0.558988 4.000000 7.000007 1.132334 3.000000
5.000000 1.000000 1.788946 1.000000 7.728415 5.000000 5.037785 7.049016
2.531823 0.142857 0.250000 0.129393 1.000000 2.398962 3.000003 0.333333
0.333333 0.142857 0.142857 0.200000 0.416847 1.000000 0.637962 0.250000
2.000000 0.200000 0.883132 0.198500 0.333333 1.567491 1.000000 0.333333
2.643568 0.142857 0.333333 0.141864 3.000000 4.000000 3.000000 1.000000

Matrix 253:
1.000000 0.656360 1.748461 0.125000 1.768010 0.148818 1.837604 0.333333
1.523553 1.000000 2.000000 0.142857 0.704215 0.665912 2.505769 0.500000
0.571932 0.500000 1.000000 0.116945 0.333333 0.386325 1.754317 0.629687
8.000000 7.000000 8.551037 1.000000 2.000000 3.000003 4.000000 5.000000
0.565608 1.420020 3.000000 0.500000 1.000000 0.594384 3.000003 0.622218
6.719602 1.501701 2.588497 0.333333 1.682415 1.000000 3.000003 1.000000
0.544187 0.399079 0.570022 0.250000 0.333333 0.333333 1.000000 0.113873
3.000000 2.000000 1.588091 0.200000 1.607155 1.000000 8.781721 1.000000

Matrix 254:
1.000000 0.520997 4.000000 8.556550 0.781858 9.000009 1.000000 2.360346
1.919398 1.000000 6.752297 5.000000 4.000000 4.000000 1.034250 2.424894
0.250000 0.148098 1.000000 0.333333 0.125000 2.077156 0.200000 0.142857
0.116870 0.200000 3.000000 1.000000 0.333333 1.000000 0.142857 0.132513
1.279005 0.250000 8.000000 3.000000 1.000000 3.984345 1.087581 1.000000
0.111111 0.250000 0.481428 1.000000 0.250982 1.000000 0.111111 0.125000
1.000000 0.966885 5.000000 7.000000 0.919471 9.000000 1.000000 2.151261
0.423667 0.412389 7.000000 7.546456 1.000000 8.000000 0.464844 1.000000

Matrix 255:
1.000000 0.443658 1.000000 0.500000 0.277953 1.000000 2.000000 0.200000
2.253988 1.000000 3.000003 0.500000 1.000000 0.570208 2.740660 0.474214
1.000000 0.333333 1.000000 0.166667 0.204757 0.147787 0.652229 0.111111
2.000000 2.000000 6.000000 1.000000 0.440665 0.333333 3.000003 1.180253
3.597726 1.000000 4.883847 2.269299 1.000000 0.560743 3.000003 1.445620
1.000000 1.753745 6.766498 3.000000 1.783347 1.000000 3.000003 0.250000
0.500000 0.364876 1.533203 0.333333 0.333333 0.333333 1.000000 0.125000
5.000000 2.108752 9.000000 0.847276 0.691745 4.000000 8.000000 1.000000

Matrix 256:
1.000000 1.000000 0.166667 1.000000 0.125000 0.200000 0.333333 0.569042
1.000000 1.000000 0.142857 0.333333 0.200000 0.385202 0.166667 1.330765
6.000000 7.000000 1.000000 5.000000 0.420804 3.000003 5.000000 9.000000
1.000000 3.000000 0.200000 1.000000 0.166667 2.830290 0.337842 1.937290
8.000000 5.000000 2.376402 6.000000 1.000000 5.000000 2.000000 7.000000
5.000000 2.596044 0.333333 0.353321 0.200000 1.000000 0.148594 1.000000
3.000000 6.000000 0.200000 2.959967 0.500000 6.729760 1.000000 2.000000
1.757341 0.751447 0.111111 0.516185 0.142857 1.000000 0.500000 1.000000

Matrix 257:
1.000000 1.895577 0.454319 0.333333 2.447992 1.000000 1.000000 9.000000
0.527544 1.000000 0.125000 0.276372 0.656897 0.142857 0.200000 1.101077
2.201097 8.000000 1.000000 2.491813 1.000000 0.500000 2.000000 8.000000
3.000000 3.618308 0.401314 1.000000 2.000000 0.503068 0.670384 7.000000
0.408498 1.522309 1.000000 0.500000 1.000000 0.142857 0.200000 1.879300
1.000000 7.000000 2.000000 1.987803 7.000000 1.000000 3.000000 6.000000
1.000000 5.000000 0.500000 1.491683 5.000000 0.333333 1.000000 7.000000
0.111111 0.908202 0.125000 0.142857 0.532113 0.166667 0.142857 1.000000

Matrix 258:
1.000000 0.200000 0.669658 0.873491 1.000000 0.333333 0.501137 0.125000
5.000000 1.000000 2.000000 0.355191 3.000003 2.346353 1.000000 0.111111
1.493300 0.500000 1.000000 0.142857 0.500000 0.166667 0.333333 0.111111
1.144831 2.815387 7.000000 1.000000 2.334539 1.860496 1.000000 0.333333
1.000000 0.333333 2.000000 0.428350 1.000000 0.500000 1.576837 0.250000
3.000000 0.426193 6.000000 0.537491 2.000000 1.000000 2.000000 0.250000
1.995464 1.000000 3.000000 1.000000 0.634181 0.500000 1.000000 0.333333
8.000000 9.000000 9.000000 3.000000 4.000000 4.000000 3.000000 1.000000

Matrix 259:
1.000000 1.796574 8.000000 8.905413 3.000003 4.000000 5.999988 5.000000
0.556615 1.000000 8.963515 2.305271 0.580544 0.492819 4.009628 1.469557
0.125000 0.111563 1.000000 0.111111 0.142857 0.166667 0.333333 0.418937
0.112291 0.433788 9.000000 1.000000 0.142857 0.200000 2.000000 1.791601
0.333333 1.722522 7.000000 7.000000 1.000000 1.288167 1.392289 2.841743
0.250000 2.029142 6.000000 5.000000 0.776297 1.000000 4.000000 6.000000
0.166667 0.249400 3.000000 0.500000 0.718242 0.250000 1.000000 1.632365
0.200000 0.680477 2.386994 0.558160 0.351897 0.166667 0.612608 1.000000

Matrix 260:
1.000000 7.000007 0.333333 4.000000 1.959634 5.000000 1.000000 3.000000
0.142857 1.000000 0.142857 0.500000 1.587726 0.779633 0.494638 0.127008
3.000000 7.000000 1.000000 9.000009 7.000007 4.000000 5.999988 4.000000
0.250000 2.000000 0.111111 1.000000 2.100792 4.000000 0.500000 0.250000
0.510299 0.629832 0.142857 0.476011 1.000000 1.749866 0.424705 0.500000
0.200000 1.282655 0.250000 0.250000 0.571472 1.000000 0.250000 0.250000
1.000000 2.021681 0.166667 2.000000 2.354574 4.000000 1.000000 0.510268
0.333333 7.873506 0.250000 4.000000 2.000000 4.000000 1.959753 1.000000

Matrix 261:
1.000000 0.125000 0.486260 1.000000 0.333333 0.200000 0.641120 0.599876
8.000000 1.000000 1.000000 1.796713 0.541064 0.333333 9.000009 1.475093
2.056515 1.000000 1.000000 0.720708 0.156528 0.333333 1.000000 0.396018
1.000000 0.556572 1.387524 1.000000 0.111111 0.333333 3.000003 0.587096
3.000000 1.848212 6.388634 9.000000 1.000000 0.746584 7.000007 3.680968
5.000000 3.000000 3.000000 3.000000 1.339434 1.000000 8.000000 5.000000
1.559771 0.111111 1.000000 0.333333 0.142857 0.125000 1.000000 0.333333
1.667011 0.677923 2.525141 1.703300 0.271668 0.200000 3.000000 1.000000

Matrix 262:
1.000000 4.304607 1.956504 1.000000 0.577476 7.000007 0.333333 8.000000
0.232309 1.000000 0.502433 0.734325 0.659290 4.000000 0.125000 4.000000
0.511116 1.990316 1.000000 1.000000 1.246357 7.000007 0.250000 2.163735
1.000000 1.361794 1.000000 1.000000 2.000000 5.000000 0.369743 9.000000
1.731672 1.516784 0.802338 0.500000 1.000000 8.000000 0.142857 6.018662
0.142857 0.250000 0.142857 0.200000 0.125000 1.000000 0.196050 0.250000
3.000000 8.000000 4.000000 2.704583 7.000000 5.100752 1.000000 8.000000
0.125000 0.250000 0.462164 0.111111 0.166150 4.000000 0.125000 1.000000

Matrix 263:
1.000000 7.000007 0.570938 0.500000 2.008476 2.000000 2.000000 4.248078
0.142857 1.000000 0.111111 0.142857 0.142857 0.270096 0.125000 3.000000
1.751504 9.000000 1.000000 0.500000 2.000000 2.000000 0.748558 8.000000
2.000000 7.000000 2.000000 1.000000 7.000007 1.000000 5.999988 9.000000
0.497890 7.000000 0.500000 0.142857 1.000000 0.500000 0.200000 4.000000
0.500000 3.702388 0.500000 1.000000 2.000000 1.000000 0.557582 9.000000
0.500000 8.000000 1.335902 0.166667 5.000000 1.793458 1.000000 8.876430
0.235401 0.333333 0.125000 0.111111 0.250000 0.111111 0.112658 1.000000

Matrix 264:
1.000000 0.500000 5.000000 2.000000 0.658724 0.266390 0.500000 0.125000
2.000000 1.000000 5.999988 4.000000 8.000000 0.597590 1.605187 0.517281
0.200000 0.166667 1.000000 0.142857 0.333333 0.120358 0.142857 0.125000
0.500000 0.250000 7.000000 1.000000 0.512706 0.125000 0.374327 0.250000
1.518086 0.125000 3.000000 1.950437 1.000000 0.125000 1.000000 0.166667
3.753899 1.673388 8.308574 8.000000 8.000000 1.000000 8.000000 0.333333
2.000000 0.622980 7.000000 2.671462 1.000000 0.125000 1.000000 0.250000
8.000000 1.933184 8.000000 4.000000 6.000000 3.000000 4.000000 1.000000

Matrix 265:
1.000000 1.253883 0.166667 0.333333 0.333333 0.582481 0.500000 0.125000
0.797522 1.000000 0.563938 0.250000 0.305286 1.000000 0.399962 0.669423
6.000000 1.773244 1.000000 0.710998 1.093669 8.000000 2.000000 2.045706
3.000000 4.000000 1.406475 1.000000 1.000000 7.000007 3.222343 3.000000
3.000000 3.275618 0.914353 1.000000 1.000000 7.000007 1.601551 0.371802
1.716795 1.000000 0.125000 0.142857 0.142857 1.000000 0.578169 0.111111
2.000000 2.500238 0.500000 0.310333 0.624395 1.729598 1.000000 0.200000
8.000000 1.493823 0.488829 0.333333 2.689606 9.000000 5.000000 1.000000

Matrix 266:
1.000000 3.084992 8.332365 1.000000 2.079153 2.000000 6.270411 1.885901
0.324150 1.000000 4.000000 0.333333 0.546967 0.479048 5.000000 0.304504
0.120014 0.250000 1.000000 0.500000 0.166667 0.166667 1.000000 0.250000
1.000000 3.000000 2.000000 1.000000 0.636761 0.200000 8.000000 1.000000
0.480965 1.828265 6.000000 1.570447 1.000000 0.333333 2.000000 0.333333
0.500000 2.087471 6.000000 5.000000 3.000000 1.000000 5.999988 3.360443
0.159479 0.200000 1.000000 0.125000 0.500000 0.166667 1.000000 0.200000
0.530251 3.284026 4.000000 1.000000 3.000000 0.297580 5.000000 1.000000

Matrix 267:
1.000000 7.000007 0.586119 0.333333 9.000009 3.206687 2.877082 8.000000
0.142857 1.000000 0.142857 0.200000 1.000000 0.500000 0.200000 2.000000
1.706137 7.000000 1.000000 3.000003 7.000007 5.000000 1.803023 8.164291
3.000000 5.000000 0.333333 1.000000 3.000003 3.521930 7.000007 7.000000
0.111111 1.000000 0.142857 0.333333 1.000000 0.386969 0.250000 0.394249
0.311848 2.000000 0.200000 0.283935 2.584187 1.000000 0.500000 3.789957
0.347574 5.000000 0.554624 0.142857 4.000000 2.000000 1.000000 2.473617
0.125000 0.500000 0.122485 0.142857 2.536468 0.263855 0.404266 1.000000

Matrix 268:
1.000000 0.333333 0.500000 1.000000 0.333333 0.281757 4.000000 0.125000
3.000000 1.000000 1.939634 5.999988 0.697703 1.151067 7.000007 2.000000
2.000000 0.515561 1.000000 1.000000 0.500000 0.500000 7.000007 0.500000
1.000000 0.166667 1.000000 1.000000 0.200000 0.116459 0.704372 1.057170
3.000000 1.433274 2.000000 5.000000 1.000000 2.000000 8.000000 4.000000
3.549160 0.868759 2.000000 8.586705 0.500000 1.000000 5.000000 1.788977
0.250000 0.142857 0.142857 1.419705 0.125000 0.200000 1.000000 0.200000
8.000000 0.500000 2.000000 0.945922 0.250000 0.558979 5.000000 1.000000

Matrix 269:
1.000000 3.000003 0.623500 0.802537 5.000000 2.000000 0.535037 1.951915
0.333333 1.000000 0.131968 0.403640 1.579234 0.333333 0.111111 0.200000
1.603850 7.577602 1.000000 0.500000 3.000003 3.000003 0.719673 4.000000
1.246049 2.477457 2.000000 1.000000 5.999988 1.615772 0.598168 0.500000
0.200000 0.633218 0.333333 0.166667 1.000000 0.250000 0.236224 1.000000
0.500000 3.000000 0.333333 0.618899 4.000000 1.000000 0.142857 0.659322
1.869030 9.000000 1.389520 1.671771 4.233266 7.000000 1.000000 2.284240
0.512317 5.000000 0.250000 2.000000 1.000000 1.516709 0.437782 1.000000

Matrix 270:
1.000000 2.088549 1.182152 3.000003 8.000000 2.157572 5.000000 2.000000
0.478801 1.000000 1.000000 2.000000 1.226070 1.507832 0.500000 0.333333
0.845915 1.000000 1.000000 5.999988 5.999988 0.487004 0.500000 1.296946
0.333333 0.500000 0.166667 1.000000 1.008283 0.125000 0.407297 0.200000
0.125000 0.815614 0.166667 0.991785 1.000000 0.116213 0.250000 0.333333
0.463484 0.663204 2.053372 8.000000 8.604890 1.000000 1.272186 0.764674
0.200000 2.000000 2.000000 2.455214 4.000000 0.786048 1.000000 2.000000
0.500000 3.000000 0.771042 5.000000 3.000000 1.307747 0.500000 1.000000

Matrix 271:
1.000000 7.000007 1.990982 2.000000 0.542521 5.999988 5.999988 6.000000
0.142857 1.000000 0.500000 0.500000 0.348557 0.200000 1.919330 1.399810
0.502265 2.000000 1.000000 1.000000 0.640469 0.301869 5.000000 2.000000
0.500000 2.000000 1.000000 1.000000 2.461125 1.000000 5.000000 5.169593
1.843247 2.868972 1.561356 0.406318 1.000000 2.111535 4.521723 3.242752
0.166667 5.000000 3.312700 1.000000 0.473589 1.000000 2.000000 1.737914
0.166667 0.521015 0.200000 0.200000 0.221155 0.500000 1.000000 0.500000
0.166667 0.714383 0.500000 0.193439 0.308380 0.575402 2.000000 1.000000

Matrix 272:
1.000000 1.698329 0.200000 0.142857 0.111111 0.150920 0.535714 0.166667
0.588814 1.000000 0.250000 0.166667 0.111111 0.142857 0.333333 0.125000
5.000000 4.000000 1.000000 2.000000 0.500000 0.142857 6.000000 0.200000
7.000000 6.000000 0.500000 1.000000 0.477401 0.333333 5.000000 1.000000
9.000000 9.000000 2.000000 2.094674 1.000000 1.000000 9.000000 3.000000
6.626027 7.000000 7.000000 3.000000 1.000000 1.000000 7.000000 0.486504
1.866668 3.000000 0.166667 0.200000 0.111111 0.142857 1.000000 0.184835
6.000000 8.000000 5.000000 1.000000 0.333333 2.055481 5.410236 1.000000

Matrix 273:
1.000000 0.961068 0.250000 0.333333 0.500000 0.256943 5.000000 1.000000
1.040509 1.000000 0.333333 0.500000 0.529918 0.613631 0.978561 0.411029
4.000000 3.000000 1.000000 5.999988 3.000003 1.612464 9.000009 1.442441
3.000000 2.000000 0.166667 1.000000 0.574968 0.200000 3.000003 0.643876
2.000000 1.887085 0.333333 1.739226 1.000000 0.125000 3.177601 1.000000
3.891906 1.629643 0.620169 5.000000 8.000000 1.000000 7.707684 1.922581
0.200000 1.021908 0.111111 0.333333 0.314703 0.129741 1.000000 0.200000
1.000000 2.432920 0.693269 1.553094 1.000000 0.520134 5.000000 1.000000

Matrix 274:
1.000000 0.982540 7.000007 0.279731 0.250000 2.157759 7.000007 2.016069
1.017771 1.000000 2.000000 0.250000 0.333333 0.500000 3.218071 0.745671
0.142857 0.500000 1.000000 0.200000 0.250000 0.200000 2.736506 1.172371
3.574868 4.000000 5.000000 1.000000 0.500000 3.000003 5.000000 4.479977
4.000000 3.000000 4.000000 2.000000 1.000000 2.666487 5.000000 4.000000
0.463444 2.000000 5.000000 0.333333 0.375025 1.000000 8.000000 3.000000
0.142857 0.310745 0.365430 0.200000 0.200000 0.125000 1.000000 0.250000
0.496015 1.341074 0.852973 0.223215 0.250000 0.333333 4.000000 1.000000

Matrix 275:
1.000000 0.111111 0.200000 0.479519 0.142857 0.125000 0.188211 0.166667
9.000000 1.000000 4.000000 7.000007 0.960890 2.798071 3.439207 7.157291
5.000000 0.250000 1.000000 7.000007 2.000000 2.000000 2.000000 3.453405
2.085423 0.142857 0.142857 1.000000 0.166667 0.333333 2.000000 0.454986
7.000000 1.040702 0.500000 6.000000 1.000000 0.724556 1.512697 6.000000
8.000000 0.357389 0.500000 3.000000 1.380155 1.000000 2.000000 3.662653
5.313180 0.290765 0.500000 0.500000 0.661071 0.500000 1.000000 1.272538
6.000000 0.139718 0.289569 2.197868 0.166667 0.273026 0.785831 1.000000

Matrix 276:
1.000000 1.202689 8.000000 2.000000 7.505604 0.333333 0.206495 0.382865
0.831470 1.000000 7.000007 5.999988 3.000003 1.289406 0.584919 0.147976
0.125000 0.142857 1.000000 0.566564 0.399903 0.166667 0.142857 0.163811
0.500000 0.166667 1.765027 1.000000 0.566885 0.200000 0.238520 0.200000
0.133234 0.333333 2.500606 1.764025 1.000000 0.166667 0.250000 0.111111
3.000000 0.775551 6.000000 5.000000 6.000000 1.000000 0.643163 0.562813
4.842727 1.709639 7.000000 4.192520 4.000000 1.554816 1.000000 0.950781
2.611884 6.757847 6.104593 5.000000 9.000000 1.776788 1.051767 1.000000

Matrix 277:
1.000000 1.976716 0.855211 3.564577 0.802250 2.144000 3.000003 1.690592
0.505889 1.000000 2.000000 0.726614 0.250000 0.500000 2.000000 2.065154
1.169302 0.500000 1.000000 1.999797 0.453278 0.341572 8.000000 1.000000
0.280538 1.376247 0.500051 1.000000 0.333333 0.536322 3.000003 0.349048
1.246495 4.000000 2.206152 3.000000 1.000000 2.547828 4.000000 7.000000
0.466418 2.000000 2.927639 1.864553 0.392491 1.000000 7.000007 2.230822
0.333333 0.500000 0.125000 0.333333 0.250000 0.142857 1.000000 0.794382
0.591509 0.484225 1.000000 2.864938 0.142857 0.448265 1.258840 1.000000

Matrix 278:
1.000000 0.200000 0.500000 0.111111 0.575013 0.166667 0.500000 0.142857
5.000000 1.000000 0.333333 0.166667 5.999988 1.000000 0.923851 0.435626
2.000000 3.000000 1.000000 0.465182 9.000009 1.523530 5.000000 1.000000
9.000000 6.000000 2.149695 1.000000 8.000000 4.000000 8.654651 2.299815
1.739090 0.166667 0.111111 0.125000 1.000000 0.111111 2.226991 0.166667
6.000000 1.000000 0.656371 0.250000 9.000000 1.000000 4.000000 0.500000
2.000000 1.082425 0.200000 0.115545 0.449036 0.250000 1.000000 0.500000
7.000000 2.295548 1.000000 0.434818 6.000000 2.000000 2.000000 1.000000

Matrix 279:
1.000000 3.318314 7.000007 0.844987 0.500000 1.444640 0.500000 0.243364
0.301358 1.000000 0.593612 0.308640 0.111111 0.111111 0.173930 0.142857
0.142857 1.684601 1.000000 0.470645 1.000000 0.250000 0.500000 0.168006
1.183451 3.240022 2.124743 1.000000 0.586070 1.000000 1.000000 0.519575
2.000000 9.000000 1.000000 1.706282 1.000000 0.478388 1.414126 0.611086
0.692214 9.000000 4.000000 1.000000 2.090355 1.000000 4.000000 0.333333
2.000000 5.749445 2.000000 1.000000 0.707150 0.250000 1.000000 0.200000
4.109068 7.000000 5.952155 1.924651 1.636432 3.000000 5.000000 1.000000

Matrix 280:
1.000000 0.200000 0.621087 0.732741 1.693823 2.000000 1.000000 6.000000
5.000000 1.000000 4.000000 4.000000 8.000000 2.185170 2.000000 9.000000
1.610082 0.250000 1.000000 1.341029 2.000000 0.250000 3.173913 1.000000
1.364739 0.250000 0.745696 1.000000 3.000003 1.026497 2.822602 4.000000
0.590380 0.125000 0.500000 0.333333 1.000000 0.333333 1.044340 1.000000
0.500000 0.457630 4.000000 0.974187 3.000000 1.000000 2.083308 5.000000
1.000000 0.500000 0.315068 0.354283 0.957543 0.480006 1.000000 3.000000
0.166667 0.111111 1.000000 0.250000 1.000000 0.200000 0.333333 1.000000

Matrix 281:
1.000000 3.000003 1.655744 0.500000 2.000000 1.356106 1.482602 2.097487
0.333333 1.000000 1.000000 0.200000 0.532095 0.200000 0.384383 0.500000
0.603958 1.000000 1.000000 0.200000 0.500000 0.948148 1.000000 0.493207
2.000000 5.000000 5.000000 1.000000 9.000009 5.000000 5.167458 4.000000
0.500000 1.879365 2.000000 0.111111 1.000000 1.000000 3.000003 0.500000
0.737405 5.000000 1.054688 0.200000 1.000000 1.000000 0.566549 2.341508
0.674490 2.601572 1.000000 0.193519 0.333333 1.765072 1.000000 2.000000
0.476761 2.000000 2.027547 0.250000 2.000000 0.427075 0.500000 1.000000

Matrix 282:
1.000000 8.000000 2.000000 7.000007 1.940915 3.000003 0.725543 2.000000
0.125000 1.000000 1.016654 7.000007 0.333333 0.753255 0.299577 2.000000
0.500000 0.983619 1.000000 5.000000 3.000003 1.524603 1.000000 4.000000
0.142857 0.142857 0.200000 1.000000 0.111111 0.250000 0.142857 0.333333
0.515221 3.000000 0.333333 9.000000 1.000000 1.000000 0.500000 3.000000
0.333333 1.327572 0.655909 4.000000 1.000000 1.000000 1.153166 0.937706
1.378279 3.338037 1.000000 7.000000 2.000000 0.867178 1.000000 8.000000
0.500000 0.500000 0.250000 3.000000 0.333333 1.066433 0.125000 1.000000

Matrix 283:
1.000000 1.473168 0.500000 0.500000 2.000000 8.000000 4.000000 0.660428
0.678809 1.000000 1.000000 0.188878 1.661828 4.000000 8.000000 3.000000
2.000000 1.000000 1.000000 1.000000 5.999988 5.000000 5.999988 8.000000
2.000000 5.294432 1.000000 1.000000 2.201618 7.000007 7.000007 7.000000
0.500000 0.601747 0.166667 0.454211 1.000000 8.000000 4.000000 1.570900
0.125000 0.250000 0.200000 0.142857 0.125000 1.000000 0.729160 0.166667
0.250000 0.125000 0.166667 0.142857 0.250000 1.371441 1.000000 0.333333
1.514169 0.333333 0.125000 0.142857 0.636578 6.000000 3.000000 1.000000

Matrix 284:
1.000000 0.115732 0.250000 0.500000 0.200000 0.487832 0.500000 0.353429
8.640629 1.000000 7.000007 5.000000 3.232781 8.000000 6.000459 3.319328
4.000000 0.142857 1.000000 1.000000 0.518295 0.649488 2.422741 0.142857
2.000000 0.200000 1.000000 1.000000 0.333333 2.000000 1.000000 0.123959
5.000000 0.309331 1.929402 3.000000 1.000000 0.733113 1.000000 0.500000
2.049887 0.125000 1.539674 0.500000 1.364046 1.000000 0.649678 0.500000
2.000000 0.166654 0.412756 1.000000 1.000000 1.539223 1.000000 0.200000
2.829422 0.301266 7.000000 8.067170 2.000000 2.000000 5.000000 1.000000

Matrix 285:
1.000000 3.524504 1.990497 2.000000 2.000000 1.056583 9.000009 2.000000
0.283728 1.000000 0.200000 0.500000 0.286159 0.333333 0.588239 0.111111
0.502387 5.000000 1.000000 1.460619 3.000003 0.878497 7.000007 0.500000
0.500000 2.000000 0.684641 1.000000 0.444993 2.041296 5.999988 0.472032
0.500000 3.494562 0.333333 2.247224 1.000000 2.000000 4.000000 1.645833
0.946447 3.000000 1.138307 0.489885 0.500000 1.000000 0.955026 0.500000
0.111111 1.699990 0.142857 0.166667 0.250000 1.047092 1.000000 0.200000
0.500000 9.000000 2.000000 2.118501 0.607595 2.000000 5.000000 1.000000

Matrix 286:
1.000000 0.984955 0.166667 0.166667 0.500000 1.000000 0.125000 2.000000
1.015275 1.000000 0.111111 0.166667 0.142857 0.142857 0.125000 0.500000
6.000000 9.000000 1.000000 1.560836 0.333333 1.006476 0.166667 6.660790
6.000000 6.000000 0.640682 1.000000 0.679287 3.000003 0.333333 6.863673
2.000000 7.000000 3.000000 1.472132 1.000000 0.886677 0.909734 6.667950
1.000000 7.000000 0.993566 0.333333 1.127807 1.000000 0.500000 3.375030
8.000000 8.000000 6.000000 3.000000 1.099222 2.000000 1.000000 8.000000
0.500000 2.000000 0.150132 0.145695 0.149971 0.296294 0.125000 1.000000

Matrix 287:
1.000000 0.639061 0.250000 0.200000 0.166667 8.000000 0.250000 0.275246
1.564797 1.000000 0.113626 0.250000 0.250000 2.381961 0.250000 0.111111
4.000000 8.800774 1.000000 1.460074 1.000000 9.000009 1.000000 0.600574
5.000000 4.000000 0.684897 1.000000 1.000000 5.000000 1.252016 3.000000
6.000000 4.000000 1.000000 1.000000 1.000000 9.000009 0.250000 1.000000
0.125000 0.419822 0.111111 0.200000 0.111111 1.000000 0.111111 0.142857
4.000000 4.000000 1.000000 0.798712 4.000000 9.000000 1.000000 2.000000
3.633113 9.000000 1.665073 0.333333 1.000000 7.000000 0.500000 1.000000

Matrix 288:
1.000000 1.878760 1.275033 5.999988 2.000000 0.250000 3.000000 5.000000
0.532266 1.000000 0.250000 1.965987 0.578984 0.125000 6.000000 3.000000
0.784294 4.000000 1.000000 5.000000 6.000000 0.355749 2.787507 6.000000
0.166667 0.508650 0.200000 1.000000 0.307350 0.166667 1.860575 2.953634
0.500000 1.727165 0.166667 3.253618 1.000000 0.111111 4.000000 3.000000
4.000000 8.000000 2.810970 6.000000 9.000000 1.000000 7.000000 8.000000
0.333333 0.166667 0.358744 0.537468 0.250000 0.142857 1.000000 0.500000
0.200000 0.333333 0.166667 0.338566 0.333333 0.125000 2.000000 1.000000

Matrix 289:
1.000000 2.161610 0.668825 2.265216 0.998118 0.111111 0.166667 0.579038
0.462618 1.000000 0.500000 0.500000 0.333333 0.111111 0.250000 0.333333
1.495159 2.000000 1.000000 3.681541 0.610130 0.229149 0.111111 0.333333
0.441459 2.000000 0.271625 1.000000 0.250000 0.125000 0.333333 0.875573
1.001885 3.000000 1.638995 4.000000 1.000000 0.250000 1.000000 1.635750
9.000000 9.000000 4.363968 8.000000 4.000000 1.000000 0.713969 1.000000
6.000000 4.000000 9.000000 3.000000 1.000000 1.400621 1.000000 2.000000
1.727002 3.000000 3.000000 1.142110 0.611340 1.000000 0.500000 1.000000

Matrix 290:
1.000000 1.000000 0.500000 0.500000 0.111111 0.422170 2.036088 2.000000
1.000000 1.000000 0.281061 0.200000 0.111111 0.111111 0.250000 0.199972
2.000000 3.557953 1.000000 1.538841 0.346892 0.600264 4.599149 2.000000
2.000000 5.000000 0.649840 1.000000 0.313347 0.596456 3.000000 2.000000
9.000000 9.000000 2.882742 3.191351 1.000000 3.000003 6.000000 0.996651
2.368713 9.000000 1.665934 1.676571 0.333333 1.000000 5.000000 2.802535
0.491138 4.000000 0.217432 0.333333 0.166667 0.200000 1.000000 0.499501
0.500000 5.000695 0.500000 0.500000 1.003360 0.356820 2.002000 1.000000

Matrix 291:
1.000000 0.660062 3.000003 5.000000 1.000000 1.000000 1.000000 6.548889
1.515010 1.000000 4.000000 2.948188 0.125000 1.000000 0.333333 3.000000
0.333333 0.250000 1.000000 0.414217 0.200000 0.242448 0.142857 2.168138
0.200000 0.339191 2.414191 1.000000 0.250000 0.500000 0.163739 2.099003
1.000000 8.000000 5.000000 4.000000 1.000000 1.900587 0.660588 6.000000
1.000000 1.000000 4.124589 2.000000 0.526153 1.000000 0.111111 2.000000
1.000000 3.000000 7.000000 6.107280 1.513802 9.000000 1.000000 5.000000
0.152698 0.333333 0.461225 0.476417 0.166667 0.500000 0.200000 1.000000

Matrix 292:
1.000000 0.377356 0.125000 2.000000 0.500000 0.185736 0.250000 0.500000
2.650015 1.000000 0.166667 3.000003 0.333333 2.000000 0.200000 0.500000
8.000000 6.000000 1.000000 9.000009 3.952740 8.000000 3.104516 6.000000
0.500000 0.333333 0.111111 1.000000 0.435230 0.593845 0.294378 0.353382
2.000000 3.000000 0.252989 2.297637 1.000000 0.764605 0.333333 0.561661
5.383981 0.500000 0.125000 1.683942 1.307864 1.000000 0.348950 1.949277
4.000000 5.000000 0.322111 3.396987 3.000000 2.865741 1.000000 5.000000
2.000000 2.000000 0.166667 2.829796 1.780433 0.513011 0.200000 1.000000

Matrix 293:
1.000000 0.607565 1.216555 0.241397 2.000000 0.166667 0.748731 0.500000
1.645915 1.000000 0.718347 0.333333 3.000003 0.111111 5.999988 1.000000
0.821993 1.392085 1.000000 1.347593 1.000000 0.111111 2.000000 1.000000
4.142552 3.000000 0.742064 1.000000 7.000007 0.482944 5.000000 5.000000
0.500000 0.333333 1.000000 0.142857 1.000000 0.180632 3.000003 0.535431
6.000000 9.000000 9.000000 2.070632 5.536128 1.000000 8.000000 7.000000
1.335594 0.166667 0.500000 0.200000 0.333333 0.125000 1.000000 1.000000
2.000000 1.000000 1.000000 0.200000 1.867654 0.142857 1.000000 1.000000

Matrix 294:
1.000000 8.000000 3.000003 8.000000 2.000000 1.000000 5.000000 7.000000
0.125000 1.000000 0.958944 1.730699 0.250000 0.250000 0.503394 4.000000
0.333333 1.042813 1.000000 1.000000 0.375866 0.973105 2.173020 7.000000
0.125000 0.577801 1.000000 1.000000 0.142857 1.000000 0.500000 3.000000
0.500000 4.000000 2.660521 7.000000 1.000000 0.982555 5.000000 8.000000
1.000000 4.000000 1.027639 1.000000 1.017755 1.000000 1.307544 3.000000
0.200000 1.986516 0.460189 2.000000 0.200000 0.764793 1.000000 5.000000
0.142857 0.250000 0.142857 0.333333 0.125000 0.333333 0.200000 1.000000

Matrix 295:
1.000000 7.784002 2.768542 9.000009 4.577677 0.418757 3.000003 7.000000
0.128469 1.000000 0.270367 1.000000 0.428133 0.232514 0.165100 0.333333
0.361201 3.698679 1.000000 3.000003 1.351194 0.142857 2.000000 0.793169
0.111111 1.000000 0.333333 1.000000 1.000000 0.142857 0.125000 2.088367
0.218451 2.335720 0.740086 1.000000 1.000000 0.111111 0.558110 0.500000
2.388020 4.300810 7.000000 7.000000 9.000000 1.000000 5.000000 5.334696
0.333333 6.056932 0.500000 8.000000 1.791762 0.200000 1.000000 1.834932
0.142857 3.000000 1.260765 0.478843 2.000000 0.187452 0.544979 1.000000

Matrix 296:
1.000000 1.000000 0.500000 1.209220 5.999988 0.200000 0.627911 0.499816
1.000000 1.000000 0.500000 1.000000 4.000000 0.250000 2.000000 0.275421
2.000000 2.000000 1.000000 0.983351 4.000000 0.166667 5.999988 2.120165
0.826979 1.000000 1.016930 1.000000 5.000000 0.166667 2.000000 0.333333
0.166667 0.250000 0.250000 0.200000 1.000000 0.111111 0.200000 0.250000
5.000000 4.000000 6.000000 6.000000 9.000000 1.000000 5.000000 2.428475
1.592582 0.500000 0.166667 0.500000 5.000000 0.200000 1.000000 0.133314
2.000735 3.630804 0.471662 3.000000 4.000000 0.411781 7.501093 1.000000

Matrix 297:
1.000000 5.847392 8.000000 2.319220 0.500000 3.000003 2.000000 2.000000
0.171016 1.000000 2.000000 0.250000 0.250000 0.517843 0.595263 0.250000
0.125000 0.500000 1.000000 0.563875 0.142857 0.827318 0.333333 0.200000
0.431180 4.000000 1.773443 1.000000 0.414977 0.635967 1.000000 1.861727
2.000000 4.000000 7.000000 2.409771 1.000000 1.638802 9.000009 8.000000
0.333333 1.931089 1.208726 1.572409 0.610202 1.000000 3.000003 0.494336
0.500000 1.679929 3.000000 1.000000 0.111111 0.333333 1.000000 0.500000
0.500000 4.000000 5.000000 0.537136 0.125000 2.022917 2.000000 1.000000

Matrix 298:
1.000000 7.000007 4.249560 4.000000 2.949032 4.000000 5.000000 0.545959
0.142857 1.000000 0.111111 0.166667 0.142857 0.500000 0.161211 0.200000
0.235318 9.000000 1.000000 0.973136 5.000000 3.049458 0.573157 0.250000
0.250000 6.000000 1.027606 1.000000 1.000000 4.324974 2.000000 0.506680
0.339094 7.000000 0.200000 1.000000 1.000000 1.067118 1.000000 0.142857
0.250000 2.000000 0.327927 0.231215 0.937103 1.000000 0.541946 0.114925
0.200000 6.203048 1.744721 0.500000 1.000000 1.845203 1.000000 0.250000
1.831641 5.000000 4.000000 1.973632 7.000000 8.701344 4.000000 1.000000

Matrix 299:
1.000000 0.437222 0.565869 0.890748 5.000000 2.000000 3.000003 1.527365
2.287169 1.000000 1.736690 5.999988 5.999988 8.000000 8.678547 1.000000
1.767192 0.575808 1.000000 1.348518 8.000000 9.000009 2.000000 2.000000
1.122652 0.166667 0.741555 1.000000 0.889468 1.000000 0.500000 1.342206
0.200000 0.166667 0.125000 1.124267 1.000000 0.625061 0.542331 0.333333
0.500000 0.125000 0.111111 1.000000 1.599844 1.000000 1.000000 1.000000
0.333333 0.115227 0.500000 2.000000 1.843891 1.000000 1.000000 0.666103
0.654722 1.000000 0.500000 0.745042 3.000000 1.000000 1.501269 1.000000

Matrix 300:
1.000000 2.000000 0.142857 1.627443 0.500000 0.166667 0.142857 0.500000
0.500000 1.000000 0.166667 0.336304 0.250000 0.125000 0.200000 0.333333
7.000000 6.000000 1.000000 5.305975 2.554048 0.578655 1.000000 6.000000
0.614461 2.973500 0.188467 1.000000 0.200000 0.111111 0.250000 0.479157
2.000000 4.000000 0.391535 5.000000 1.000000 0.762467 1.203901 1.579992
6.000000 8.000000 1.728145 9.000000 1.311532 1.000000 5.999988 2.000000
7.000000 5.000000 1.000000 4.000000 0.830633 0.166667 1.000000 6.000000
2.000000 3.000000 0.166667 2.086998 0.632915 0.500000 0.166667 1.000000

Matrix 301:
1.000000 0.500000 0.145055 0.604126 1.000000 2.000000 0.591637 2.776672
2.000000 1.000000 0.200000 1.366498 0.736771 4.000000 0.769916 6.000000
6.893918 5.000000 1.000000 0.666575 4.000000 9.000009 3.000003 7.000000
1.655283 0.731797 1.500205 1.000000 0.612331 4.000000 3.000003 4.000000
1.000000 1.357273 0.250000 1.633105 1.000000 7.000007 4.000000 8.000000
0.500000 0.250000 0.111111 0.250000 0.142857 1.000000 0.166667 0.512482
1.690226 1.298843 0.333333 0.333333 0.250000 6.000000 1.000000 1.547076
0.360143 0.166667 0.142857 0.250000 0.125000 1.951290 0.646381 1.000000

Matrix 302:
1.000000 3.000003 5.999988 2.000000 9.000009 2.245599 0.603950 2.000000
0.333333 1.000000 1.798158 1.000000 2.375355 1.402955 0.200000 0.732164
0.166667 0.556125 1.000000 0.250000 1.000000 0.295818 0.125000 2.000000
0.500000 1.000000 4.000000 1.000000 2.065732 2.000000 0.200000 1.589290
0.111111 0.420990 1.000000 0.484090 1.000000 0.166667 0.216940 1.081708
0.445316 0.712781 3.380459 0.500000 6.000000 1.000000 0.250000 5.000000
1.655766 5.000000 8.000000 5.000000 4.609563 4.000000 1.000000 3.319489
0.500000 1.365814 0.500000 0.629212 0.924464 0.200000 0.301251 1.000000

Matrix 303:
1.000000 1.000000 1.648878 4.000000 0.333333 4.000000 7.000007 5.822633
1.000000 1.000000 3.000003 5.000000 0.250000 2.000000 4.000000 4.000000
0.606473 0.333333 1.000000 1.525265 0.200000 7.000007 4.000000 9.000000
0.250000 0.200000 0.655624 1.000000 0.500000 4.000000 2.941542 4.000000
3.000000 4.000000 5.000000 2.000000 1.000000 5.999988 8.000000 9.000000
0.250000 0.500000 0.142857 0.250000 0.166667 1.000000 0.536028 3.010224
0.142857 0.250000 0.250000 0.339958 0.125000 1.865575 1.000000 2.000000
0.171744 0.250000 0.111111 0.250000 0.111111 0.332201 0.500000 1.000000

Matrix 304:
1.000000 0.969946 2.000000 2.000000 7.000007 1.000000 2.076235 2.116376
1.030986 1.000000 4.000000 1.077378 2.000000 0.416229 5.000000 0.616832
0.500000 0.250000 1.000000 0.200000 0.688664 0.111111 1.214245 0.111111
0.500000 0.928179 5.000000 1.000000 7.000007 0.566029 8.000000 2.000000
0.142857 0.500000 1.452087 0.142857 1.000000 0.200000 0.588259 0.142857
1.000000 2.402522 9.000000 1.766695 5.000000 1.000000 5.999988 2.452637
0.481641 0.200000 0.823557 0.125000 1.699930 0.166667 1.000000 0.142857
0.472506 1.621187 9.000000 0.500000 7.000000 0.407724 7.000000 1.000000

Matrix 305:
1.000000 2.000000 1.556313 5.999988 0.979650 7.000007 5.999988 7.000000
0.500000 1.000000 3.317330 5.000000 2.013476 2.463678 5.000000 8.000000
0.642544 0.301447 1.000000 4.000000 1.395886 1.000000 0.971719 5.000000
0.166667 0.200000 0.250000 1.000000 0.365830 0.269983 0.250000 0.506697
1.020773 0.496653 0.716391 2.733511 1.000000 5.741157 3.000003 3.000000
0.142857 0.405897 1.000000 3.703931 0.174181 1.000000 0.325154 0.906550
0.166667 0.200000 1.029104 4.000000 0.333333 3.075470 1.000000 3.000000
0.142857 0.125000 0.200000 1.973565 0.333333 1.103083 0.333333 1.000000

Matrix 306:
1.000000 1.000000 1.981119 1.337786 0.250000 1.000000 2.019742 0.333333
1.000000 1.000000 0.556302 1.000000 0.111111 0.219187 0.276599 0.125000
0.504765 1.797586 1.000000 1.678393 0.142857 0.200000 0.770466 0.125000
0.747504 1.000000 0.595808 1.000000 0.166667 1.000000 4.000000 0.382004
4.000000 9.000000 7.000000 6.000000 1.000000 5.000000 9.000000 4.000000
1.000000 4.562310 5.000000 1.000000 0.200000 1.000000 2.146231 0.200000
0.495113 3.615338 1.297916 0.250000 0.111111 0.465933 1.000000 0.200000
3.000000 8.000000 8.000000 2.617771 0.250000 5.000000 5.000000 1.000000

Matrix 307:
1.000000 0.125000 0.111111 0.339088 0.500000 0.200000 0.112439 1.031179
8.000000 1.000000 1.000000 9.000009 1.382361 2.473156 0.637156 8.237733
9.000000 1.000000 1.000000 7.000007 0.656238 4.000000 2.000000 4.162923
2.949086 0.111111 0.142857 1.000000 0.250000 0.250000 0.333333 0.333333
2.000000 0.723400 1.523838 4.000000 1.000000 0.333333 1.000000 4.000000
5.000000 0.404342 0.250000 4.000000 3.000000 1.000000 1.000000 2.000000
8.893740 1.569473 0.500000 3.000000 1.000000 1.000000 1.000000 4.000000
0.969764 0.121393 0.240216 3.000000 0.250000 0.500000 0.250000 1.000000

Matrix 308:
1.000000 0.851080 0.250000 1.844430 5.000000 0.166667 1.000000 6.000000
1.174978 1.000000 1.000000 0.664798 3.000003 0.418913 0.420490 2.000000
4.000000 1.000000 1.000000 1.855782 5.000000 1.000000 1.534592 1.974292
0.542173 1.504215 0.538857 1.000000 4.707427 0.125000 0.568025 2.297725
0.200000 0.333333 0.200000 0.212430 1.000000 0.112201 0.112855 1.914474
6.000000 2.387128 1.000000 8.000000 8.912604 1.000000 4.000000 8.000000
1.000000 2.378178 0.651639 1.760487 8.860964 0.250000 1.000000 2.000000
0.166667 0.500000 0.506511 0.435213 0.522337 0.125000 0.500000 1.000000

Matrix 309:
1.000000 0.250000 0.333333 3.196477 0.125000 1.782917 0.762241 0.250000
4.000000 1.000000 4.000000 8.000000 2.254002 5.000000 9.000009 0.748351
3.000000 0.250000 1.000000 2.000000 0.200000 2.388797 8.000000 0.333333
0.312844 0.125000 0.500000 1.000000 0.142857 0.250000 1.138692 0.243648
8.000000 0.443655 5.000000 7.000000 1.000000 1.298335 9.000009 1.517154
0.560879 0.200000 0.418621 4.000000 0.770217 1.000000 4.000000 0.333333
1.311921 0.111111 0.125000 0.878201 0.111111 0.250000 1.000000 0.166667
4.000000 1.336271 3.000000 4.104278 0.659129 3.000000 6.000000 1.000000

Matrix 310:
1.000000 2.000000 0.202736 1.000000 0.111111 0.142857 0.200000 0.500000
0.500000 1.000000 0.333333 0.200000 0.111111 0.125000 0.200000 0.250000
4.932519 3.000000 1.000000 1.000000 1.000000 0.250000 0.200000 5.000000
1.000000 5.000000 1.000000 1.000000 0.333333 0.333333 0.250000 0.740110
9.000000 9.000000 1.000000 3.000000 1.000000 0.598317 0.500000 9.000000
7.000000 8.000000 4.000000 3.000000 1.671354 1.000000 0.333333 8.000000
5.000000 5.000000 5.000000 4.000000 2.000000 3.000000 1.000000 9.000000
2.000000 4.000000 0.200000 1.351151 0.111111 0.125000 0.111111 1.000000

Matrix 311:
1.000000 5.000000 0.384569 5.000000 0.989434 2.000000 0.530424 1.000000
0.200000 1.000000 0.125000 2.000000 0.333333 1.857236 0.342676 0.856266
2.600313 8.000000 1.000000 5.999988 0.500000 3.000003 1.201066 0.540894
0.200000 0.500000 0.166667 1.000000 0.111111 0.394221 0.111111 0.200000
1.010679 3.000000 2.000000 9.000000 1.000000 3.000003 1.000000 0.470568
0.500000 0.538434 0.333333 2.536650 0.333333 1.000000 0.111111 0.329463
1.885283 2.918205 0.832594 9.000000 1.000000 9.000000 1.000000 2.000000
1.000000 1.167862 1.848792 5.000000 2.125092 3.035239 0.500000 1.000000

Matrix 312:
1.000000 4.000000 1.782935 1.571289 0.538077 5.999988 1.000000 2.692847
0.250000 1.000000 0.602888 0.864856 0.132607 0.868627 0.500000 3.000000
0.560873 1.658683 1.000000 2.000000 0.250000 0.739866 0.250000 2.000000
0.636420 1.156262 0.500000 1.000000 0.210645 1.536110 0.463191 3.000000
1.858469 7.541101 4.000000 4.747317 1.000000 8.000000 1.000000 3.000000
0.166667 1.151242 1.351595 0.650995 0.125000 1.000000 1.000000 0.500000
1.000000 2.000000 4.000000 2.158934 1.000000 1.000000 1.000000 8.000000
0.371354 0.333333 0.500000 0.333333 0.333333 2.000000 0.125000 1.000000

Matrix 313:
1.000000 0.200000 0.420415 0.499504 4.000000 0.333333 0.250000 0.651465
5.000000 1.000000 0.676143 2.766953 7.786089 0.333333 0.336947 5.000000
2.378603 1.478977 1.000000 5.999988 5.999988 0.500000 0.333333 3.660623
2.001985 0.361408 0.166667 1.000000 5.000000 0.500000 0.125000 2.000000
0.250000 0.128434 0.166667 0.200000 1.000000 0.233594 0.142857 0.266810
3.000000 3.000000 2.000000 2.000000 4.280929 1.000000 2.097172 5.057766
4.000000 2.967825 3.000000 8.000000 7.000000 0.476833 1.000000 8.000000
1.535003 0.200000 0.273178 0.500000 3.747984 0.197716 0.125000 1.000000

Matrix 314:
1.000000 1.000000 0.250000 1.693982 2.601358 0.610598 0.166667 2.654237
1.000000 1.000000 0.333333 1.000000 0.358357 0.333333 0.142857 0.333333
4.000000 3.000000 1.000000 1.165497 4.000000 2.622045 1.000000 5.000000
0.590325 1.000000 0.858003 1.000000 2.000000 0.422517 1.000000 2.230868
0.384415 2.790514 0.250000 0.500000 1.000000 1.000000 0.333333 1.000000
1.637738 3.000000 0.381382 2.366771 1.000000 1.000000 0.531107 3.000000
6.000000 7.000000 1.000000 1.000000 3.000000 1.882860 1.000000 3.000000
0.376756 3.000000 0.200000 0.448256 1.000000 0.333333 0.333333 1.000000

Matrix 315:
1.000000 7.000007 1.000000 0.753768 0.333333 0.431678 4.000000 2.399954
0.142857 1.000000 0.560117 0.166667 0.200000 0.218370 2.000000 0.551122
1.000000 1.785342 1.000000 0.117361 0.142857 0.333333 0.588410 2.000000
1.326668 6.000000 8.520742 1.000000 1.000000 0.500000 3.000000 7.000000
3.000000 5.000000 7.000000 1.000000 1.000000 0.500000 6.000000 8.000000
2.316544 4.579382 3.000000 2.000000 2.000000 1.000000 7.000000 7.766995
0.250000 0.500000 1.699496 0.333333 0.166667 0.142857 1.000000 0.591107
0.416675 1.814482 0.500000 0.142857 0.125000 0.128750 1.691741 1.000000

Matrix 316:
1.000000 4.000000 3.000003 1.000000 0.538883 2.000000 3.000003 4.000000
0.250000 1.000000 2.793239 0.500000 0.338634 1.555740 0.333333 0.641866
0.333333 0.358007 1.000000 0.375400 0.250000 0.200000 0.166667 0.364739
1.000000 2.000000 2.663824 1.000000 0.521837 1.000000 1.898965 7.000000
1.855691 2.953041 4.000000 1.916307 1.000000 5.999988 2.000000 3.000000
0.500000 0.642781 5.000000 1.000000 0.166667 1.000000 0.544921 2.000000
0.333333 3.000000 6.000000 0.526603 0.500000 1.835128 1.000000 1.551867
0.250000 1.557958 2.741686 0.142857 0.333333 0.500000 0.644385 1.000000

Matrix 317:
1.000000 5.999988 4.802572 1.000000 0.772091 9.000009 4.000000 3.000000
0.166667 1.000000 1.000000 0.166667 0.111111 0.333333 0.530313 0.233388
0.208222 1.000000 1.000000 0.200000 0.200000 1.449137 0.636635 0.125000
1.000000 6.000000 5.000000 1.000000 0.250000 5.999988 3.444850 0.465465
1.295183 9.000000 5.000000 4.000000 1.000000 4.000000 5.999988 0.564918
0.111111 3.000000 0.690066 0.166667 0.250000 1.000000 3.000003 0.200000
0.250000 1.885680 1.570759 0.290288 0.166667 0.333333 1.000000 0.125000
0.333333 4.284712 8.000000 2.148390 1.770169 5.000000 8.000000 1.000000

Matrix 318:
1.000000 0.601991 0.166667 2.000000 0.133052 2.000000 0.114936 0.125000
1.661155 1.000000 1.000000 5.000000 1.000000 8.000000 0.500000 3.381100
6.000000 1.000000 1.000000 9.000009 0.500000 4.000000 0.600419 0.420500
0.500000 0.200000 0.111111 1.000000 0.125000 0.563455 0.166667 0.111111
7.515871 1.000000 2.000000 8.000000 1.000000 9.000009 1.000000 1.570940
0.500000 0.125000 0.250000 1.774766 0.111111 1.000000 0.111111 0.366174
8.700465 2.000000 1.665502 6.000000 1.000000 9.000000 1.000000 3.000000
8.000000 0.295762 2.378119 9.000000 0.636562 2.730940 0.333333 1.000000

Matrix 319:
1.000000 0.166667 0.166667 2.029645 0.603944 1.000000 0.333333 0.198409
6.000000 1.000000 0.333333 5.999988 2.964008 8.000000 5.000000 5.000000
6.000000 3.000000 1.000000 4.165909 8.000000 4.000000 3.259346 8.000000
0.492697 0.166667 0.240044 1.000000 0.449858 0.443536 0.111111 0.312247
1.655783 0.337381 0.125000 2.222926 1.000000 1.000000 0.613775 1.138525
1.000000 0.125000 0.250000 2.254607 1.000000 1.000000 1.000000 0.250000
3.000000 0.200000 0.306810 9.000000 1.629263 1.000000 1.000000 1.000000
5.040084 0.200000 0.125000 3.202594 0.878330 4.000000 1.000000 1.000000

Matrix 320:
1.000000 5.000000 8.000000 1.000000 2.000000 1.323916 1.000000 0.382198
0.200000 1.000000 0.500000 0.500000 2.149039 0.500000 0.200000 0.333333
0.125000 2.000000 1.000000 0.142857 1.579897 0.333333 0.164782 0.111111
1.000000 2.000000 7.000000 1.000000 2.000000 1.000000 1.000000 1.000000
0.500000 0.465324 0.632953 0.500000 1.000000 0.200000 0.250000 0.200000
0.755335 2.000000 3.000000 1.000000 5.000000 1.000000 0.333333 2.000000
1.000000 5.000000 6.068626 1.000000 4.000000 3.000000 1.000000 0.500000
2.616446 3.000000 9.000000 1.000000 5.000000 0.500000 2.000000 1.000000

Matrix 321:
1.000000 1.181758 0.166667 0.142857 0.349162 0.417519 0.125000 0.166667
0.846197 1.000000 0.111111 0.250000 0.333333 0.508536 0.111111 0.166667
6.000000 9.000000 1.000000 0.473843 2.000000 9.000009 2.000000 5.000000
7.000000 4.000000 2.110404 1.000000 5.000000 7.000007 0.333333 5.000000
2.863999 3.000000 0.500000 0.200000 1.000000 4.000000 0.500000 0.346541
2.395100 1.966428 0.111111 0.142857 0.250000 1.000000 0.111111 0.309588
8.000000 9.000000 0.500000 3.000000 2.000000 9.000000 1.000000 2.174878
6.000000 6.000000 0.200000 0.200000 2.885662 3.230095 0.459796 1.000000

Matrix 322:
1.000000 0.500000 0.500000 0.428900 1.000000 0.111111 1.248333 0.333333
2.000000 1.000000 1.000000 1.455059 1.000000 0.320717 1.000000 0.200000
2.000000 1.000000 1.000000 5.177224 2.000000 0.460630 0.736450 2.000000
2.331547 0.687257 0.193154 1.000000 0.934582 0.205931 0.554445 0.500000
1.000000 1.000000 0.500000 1.069997 1.000000 0.166667 1.000000 0.500000
9.000000 3.118013 2.170939 4.855995 6.000000 1.000000 3.000000 0.500000
0.801068 1.000000 1.357866 1.803604 1.000000 0.333333 1.000000 0.250000
3.000000 5.000000 0.500000 2.000000 2.000000 2.000000 4.000000 1.000000

Matrix 323:
1.000000 0.200000 0.125000 0.333333 0.500000 0.678282 0.640278 1.022553
5.000000 1.000000 1.000000 2.000000 4.000000 5.999988 2.300727 0.500000
8.000000 1.000000 1.000000 0.755765 4.000000 7.000007 3.000003 7.000000
3.000000 0.500000 1.323162 1.000000 3.000003 3.000003 1.762525 2.000000
2.000000 0.250000 0.250000 0.333333 1.000000 2.000000 0.333333 0.535084
1.474313 0.166667 0.142857 0.333333 0.500000 1.000000 0.333333 0.278239
1.561823 0.434645 0.333333 0.567368 3.000000 3.000000 1.000000 1.432745
0.977945 2.000000 0.142857 0.500000 1.868866 3.594029 0.697961 1.000000

Matrix 324:
1.000000 0.444017 0.250000 3.000003 0.200000 0.785721 0.676458 0.125000
2.252166 1.000000 0.500000 5.000000 0.500000 1.000000 5.999988 0.656278
4.000000 2.000000 1.000000 4.000000 2.000000 5.999988 4.000000 2.000000
0.333333 0.200000 0.250000 1.000000 0.142857 2.000000 1.900036 0.200000
5.000000 2.000000 0.500000 7.000000 1.000000 4.000000 5.999988 0.500000
1.272717 1.000000 0.166667 0.500000 0.250000 1.000000 0.884512 0.500000
1.478288 0.166667 0.250000 0.526306 0.166667 1.130566 1.000000 0.476206
8.000000 1.523745 0.500000 5.000000 2.000000 2.000000 2.099933 1.000000

Matrix 325:
1.000000 3.000003 0.686979 0.455571 5.000000 0.166667 2.282153 2.000000
0.333333 1.000000 0.200000 0.333333 2.390687 0.166667 0.442307 0.500000
1.455648 5.000000 1.000000 0.333333 8.000000 0.333333 1.112297 0.479053
2.195048 3.000000 3.000000 1.000000 8.852255 0.624276 3.211847 0.333333
0.200000 0.418290 0.125000 0.112966 1.000000 0.125000 0.142857 0.200000
6.000000 6.000000 3.000000 1.601856 8.000000 1.000000 5.000000 3.000000
0.438183 2.260871 0.899040 0.311347 7.000000 0.200000 1.000000 0.250000
0.500000 2.000000 2.087453 3.000000 5.000000 0.333333 4.000000 1.000000

Matrix 326:
1.000000 3.000003 2.000000 8.000000 4.000000 4.000000 9.000009 1.000000
0.333333 1.000000 0.166667 0.584028 3.000003 2.000000 2.000000 0.200000
0.500000 6.000000 1.000000 1.000000 5.000000 8.000000 5.999988 1.760902
0.125000 1.712246 1.000000 1.000000 5.000000 0.748104 1.000000 0.410553
0.250000 0.333333 0.200000 0.200000 1.000000 0.536952 0.367530 0.116785
0.250000 0.500000 0.125000 1.336713 1.862365 1.000000 2.000000 0.200000
0.111111 0.500000 0.166667 1.000000 2.720865 0.500000 1.000000 0.156707
1.000000 5.000000 0.567891 2.435740 8.562746 5.000000 6.381354 1.000000

Matrix 327:
1.000000 1.796788 2.464257 0.200000 2.000000 2.000000 4.000000 0.500000
0.556549 1.000000 0.200000 0.333333 1.911944 2.000000 3.000003 0.787821
0.405802 5.000000 1.000000 0.133044 1.712430 1.474062 2.000000 0.500000
5.000000 3.000000 7.516305 1.000000 7.000007 9.000009 9.000009 4.000000
0.500000 0.523028 0.583965 0.142857 1.000000 1.000000 3.000003 0.568892
0.500000 0.500000 0.678397 0.111111 1.000000 1.000000 0.560588 0.166667
0.250000 0.333333 0.500000 0.111111 0.333333 1.783841 1.000000 0.500000
2.000000 1.269325 2.000000 0.250000 1.757803 6.000000 2.000000 1.000000

Matrix 328:
1.000000 3.000003 1.000000 0.333333 2.000000 0.508259 0.333333 3.000000
0.333333 1.000000 0.125000 0.166667 0.200000 0.167235 0.131999 1.534385
1.000000 8.000000 1.000000 0.500000 3.096337 0.250000 0.125000 7.000000
3.000000 6.000000 2.000000 1.000000 5.999988 2.000000 0.521996 8.000000
0.500000 5.000000 0.322962 0.166667 1.000000 1.000000 0.166667 4.000000
1.967500 5.979592 4.000000 0.500000 1.000000 1.000000 0.707527 6.000000
3.000000 7.575791 8.000000 1.915723 6.000000 1.413373 1.000000 8.000000
0.333333 0.651727 0.142857 0.125000 0.250000 0.166667 0.125000 1.000000

Matrix 329:
1.000000 5.000000 0.349104 3.000003 5.000000 4.000000 1.935251 9.000000
0.200000 1.000000 0.111111 0.125000 1.794438 0.166667 0.200000 1.000000
2.864478 9.000000 1.000000 2.506226 8.000000 4.000000 5.669178 9.000000
0.333333 8.000000 0.399006 1.000000 7.000007 2.000000 1.381189 6.000000
0.200000 0.557278 0.125000 0.142857 1.000000 1.000000 0.166667 0.611637
0.250000 6.000000 0.250000 0.500000 1.000000 1.000000 0.500000 1.428972
0.516729 5.000000 0.176392 0.724014 6.000000 2.000000 1.000000 1.000000
0.111111 1.000000 0.111111 0.166667 1.634958 0.699804 1.000000 1.000000

Matrix 330:
1.000000 0.570348 0.830429 2.000000 0.166667 3.000003 0.176493 0.250000
1.753316 1.000000 0.200000 2.000000 0.142857 2.242948 1.000000 0.444773
1.204197 5.000000 1.000000 4.000000 1.000000 8.000000 4.000000 2.000000
0.500000 0.500000 0.250000 1.000000 0.311941 2.595983 0.250000 0.333333
6.000000 7.000000 1.000000 3.205734 1.000000 8.000000 3.715588 3.000000
0.333333 0.445842 0.125000 0.385211 0.125000 1.000000 0.333333 0.125000
5.665936 1.000000 0.250000 4.000000 0.269136 3.000000 1.000000 1.684691
4.000000 2.248336 0.500000 3.000000 0.333333 8.000000 0.593581 1.000000

Matrix 331:
1.000000 0.475751 0.203905 0.489169 1.000000 1.209259 0.333333 0.785387
2.101940 1.000000 0.140185 0.166667 0.698860 2.000000 0.333333 2.868508
4.904242 7.133431 1.000000 1.830987 5.999988 7.437157 0.578877 9.000000
2.044283 6.000000 0.546154 1.000000 4.000000 5.000000 0.648127 1.000000
1.000000 1.430902 0.166667 0.250000 1.000000 5.999988 0.166667 0.500000
0.826953 0.500000 0.134460 0.200000 0.166667 1.000000 0.111111 0.538383
3.000000 3.000000 1.727482 1.542909 6.000000 9.000000 1.000000 6.000000
1.273257 0.348613 0.111111 1.000000 2.000000 1.857413 0.166667 1.000000

Matrix 332:
1.000000 0.200000 0.579231 0.142857 0.500000 2.027612 0.111111 0.111111
5.000000 1.000000 2.000000 0.611972 8.000000 5.999988 1.700975 0.500000
1.726426 0.500000 1.000000 0.142857 0.333333 2.000000 0.500000 0.125000
7.000000 1.634062 7.000000 1.000000 4.969502 5.000000 2.000000 1.000000
2.000000 0.125000 3.000000 0.201227 1.000000 0.500000 1.148586 0.250000
0.493191 0.166667 0.500000 0.200000 2.000000 1.000000 0.485388 0.142857
9.000000 0.587898 2.000000 0.500000 0.870636 2.060207 1.000000 0.364930
9.000000 2.000000 8.000000 1.000000 4.000000 7.000000 2.740252 1.000000

Matrix 333:
1.000000 0.500000 2.729921 0.333333 2.000000 5.000000 1.715112 0.517500
2.000000 1.000000 3.050542 0.701858 8.207851 8.000000 5.999988 3.759045
0.366311 0.327811 1.000000 0.849760 0.624661 1.490076 0.500000 1.745112
3.000000 1.424789 1.176802 1.000000 3.766053 8.000000 1.860446 1.907825
0.500000 0.121835 1.600868 0.265530 1.000000 5.000000 0.536169 0.362443
0.200000 0.125000 0.671107 0.125000 0.200000 1.000000 0.500000 0.125000
0.583052 0.166667 2.000000 0.537505 1.865085 2.000000 1.000000 0.599260
1.932365 0.266025 0.573029 0.524157 2.759055 8.000000 1.668725 1.000000

Matrix 334:
1.000000 2.000000 2.000000 4.000000 7.000007 1.599542 4.000000 0.806401
0.500000 1.000000 0.354349 1.408630 1.000000 1.000000 3.000003 0.250000
0.500000 2.822074 1.000000 2.050603 0.500000 1.624276 3.837209 1.000000
0.250000 0.709910 0.487661 1.000000 0.829064 0.699740 2.000000 0.111111
0.142857 1.000000 2.000000 1.206180 1.000000 0.740695 2.759184 1.033111
0.625179 1.000000 0.615659 1.429102 1.350084 1.000000 3.147256 2.000000
0.250000 0.333333 0.260606 0.500000 0.362426 0.317737 1.000000 0.207870
1.240077 4.000000 1.000000 9.000000 0.967950 0.500000 4.810690 1.000000

Matrix 335:
1.000000 3.000003 7.000007 0.583189 1.905520 3.163973 1.764611 3.000000
0.333333 1.000000 3.359707 1.000000 0.125000 0.473033 0.879958 2.000000
0.142857 0.297645 1.000000 0.282600 0.200000 0.166667 0.502660 0.500000
1.714710 1.000000 3.538576 1.000000 1.000000 2.216505 2.000000 3.000000
0.524791 8.000000 5.000000 1.000000 1.000000 9.000009 9.000009 3.114222
0.316058 2.114015 6.000000 0.451161 0.111111 1.000000 1.000000 0.926084
0.566697 1.136418 1.989415 0.500000 0.111111 1.000000 1.000000 1.510136
0.333333 0.500000 2.000000 0.333333 0.321107 1.079816 0.662192 1.000000

Matrix 336:
1.000000 8.000000 5.000000 2.000000 7.000007 5.000000 7.000000 9.000000
0.125000 1.000000 1.000000 0.200000 1.664425 0.250000 2.000000 6.000000
0.200000 1.000000 1.000000 0.142857 0.540849 0.200000 1.453383 1.000000
0.500000 5.000000 7.000000 1.000000 5.000000 2.580206 3.000000 5.000000
0.142857 0.600808 1.848943 0.200000 1.000000 0.125000 0.665234 0.701381
0.200000 4.000000 5.000000 0.387566 8.000000 1.000000 1.000000 7.000000
0.142857 0.500000 0.688050 0.333333 1.503229 1.000000 1.000000 2.358813
0.111111 0.166667 1.000000 0.200000 1.425759 0.142857 0.423942 1.000000

Matrix 337:
1.000000 0.425908 0.142857 0.200000 4.000000 0.635962 0.200000 2.000000
2.347923 1.000000 0.111111 0.142857 2.061915 2.451626 0.125000 0.423044
7.000000 9.000000 1.000000 4.726482 7.000007 5.999988 2.000000 8.000000
5.000000 7.000000 0.211574 1.000000 8.000000 3.203085 0.506059 6.000000
0.250000 0.484986 0.142857 0.125000 1.000000 0.309029 0.114727 0.505000
1.572422 0.407892 0.166667 0.312199 3.235942 1.000000 0.127596 1.624477
5.000000 8.000000 0.500000 1.976055 8.716311 7.837208 1.000000 6.000000
0.500000 2.363818 0.125000 0.166667 1.980197 0.615583 0.166667 1.000000

Matrix 338:
1.000000 3.000003 0.500000 0.142857 4.000000 0.360379 0.500000 9.000000
0.333333 1.000000 0.508320 0.166667 0.804628 0.180244 0.142857 2.000000
2.000000 1.967265 1.000000 0.111111 2.000000 1.000000 0.500000 9.000000
7.000000 6.000000 9.000000 1.000000 5.999988 5.000000 1.826514 9.000000
0.250000 1.242811 0.500000 0.166667 1.000000 0.166667 0.125000 3.858223
2.774858 5.548021 1.000000 0.200000 6.000000 1.000000 0.250000 4.000000
2.000000 7.000000 2.000000 0.547491 8.000000 4.000000 1.000000 6.456004
0.111111 0.500000 0.111111 0.111111 0.259187 0.250000 0.154895 1.000000

Matrix 339:
1.000000 8.000000 1.649017 0.914523 0.769795 1.535321 4.436866 4.000000
0.125000 1.000000 1.070651 0.111111 0.677276 0.111111 0.902867 0.610492
0.606422 0.934011 1.000000 0.166667 1.623246 0.538436 4.000000 2.607252
1.093466 9.000000 6.000000 1.000000 5.999988 2.000000 6.354695 3.000000
1.299047 1.476502 0.616049 0.166667 1.000000 0.500000 3.000003 6.000000
0.651330 9.000000 1.857232 0.500000 2.000000 1.000000 4.000000 1.880684
0.225384 1.107582 0.250000 0.157364 0.333333 0.250000 1.000000 0.651985
0.250000 1.638023 0.383546 0.333333 0.166667 0.531722 1.533778 1.000000

Matrix 340:
1.000000 7.000007 2.000000 0.662129 0.995862 7.339323 1.030441 3.000000
0.142857 1.000000 0.111111 0.142857 0.500000 0.500000 0.422590 3.110030
0.500000 9.000000 1.000000 1.505442 5.000000 5.000000 4.000000 9.000000
1.510280 7.000000 0.664257 1.000000 2.000000 4.000000 5.999988 6.000000
1.004155 2.000000 0.200000 0.500000 1.000000 4.000000 2.348130 4.000000
0.136252 2.000000 0.200000 0.250000 0.250000 1.000000 0.765355 2.428282
0.970459 2.366362 0.250000 0.166667 0.425871 1.306583 1.000000 6.000000
0.333333 0.321540 0.111111 0.166667 0.250000 0.411814 0.166667 1.000000

Matrix 341:
1.000000 1.000000 1.000000 0.145202 0.250000 0.469739 1.000000 0.609684
1.000000 1.000000 0.333333 0.125000 1.000000 0.250000 0.500000 2.972433
1.000000 3.000000 1.000000 1.000000 0.500000 1.753185 2.015363 3.000000
6.886968 8.000000 1.000000 1.000000 3.000003 4.000000 4.000000 3.821211
4.000000 1.000000 2.000000 0.333333 1.000000 0.500000 1.646720 3.000000
2.128840 4.000000 0.570391 0.250000 2.000000 1.000000 2.000000 6.000000
1.000000 2.000000 0.496189 0.250000 0.607268 0.500000 1.000000 3.000000
1.640195 0.336425 0.333333 0.261697 0.333333 0.166667 0.333333 1.000000

Matrix 342:
1.000000 2.000000 0.539844 1.337338 2.415826 0.166667 1.593037 0.333333
0.500000 1.000000 0.592034 0.500000 1.000000 0.333333 0.611225 0.250000
1.852386 1.689092 1.000000 5.999988 5.000000 0.411775 1.471515 0.500000
0.747754 2.000000 0.166667 1.000000 0.295192 0.166667 0.328900 0.250000
0.413937 1.000000 0.200000 3.387628 1.000000 0.166667 0.506593 0.142857
6.000000 3.000000 2.428512 6.000000 6.000000 1.000000 4.974179 3.000000
0.627732 1.636058 0.679572 3.040434 1.973973 0.201038 1.000000 1.840666
3.000000 4.000000 2.000000 4.000000 7.000000 0.333333 0.543281 1.000000

Matrix 343:
1.000000 1.263300 0.200000 1.501735 0.500000 2.000000 4.403850 4.000000
0.791577 1.000000 0.368954 5.000000 0.448628 3.000000 5.441792 8.000000
5.000000 2.710361 1.000000 3.000003 1.970853 4.000000 4.000000 9.000000
0.665897 0.200000 0.333333 1.000000 0.500000 1.000000 2.000000 0.678290
2.000000 2.229019 0.507395 2.000000 1.000000 4.000000 9.000000 7.000000
0.500000 0.333333 0.250000 1.000000 0.250000 1.000000 7.000000 7.000000
0.227074 0.183763 0.250000 0.500000 0.111111 0.142857 1.000000 1.946089
0.250000 0.125000 0.111111 1.474295 0.142857 0.142857 0.513851 1.000000

Matrix 344:
1.000000 0.250000 0.111111 0.292211 0.250000 0.333333 0.220258 0.139600
4.000000 1.000000 0.530984 4.000000 9.000009 7.000007 4.000000 1.455097
9.000000 1.883294 1.000000 5.000000 4.000000 4.000000 1.821174 0.701298
3.422185 0.250000 0.200000 1.000000 1.261588 0.490926 0.200000 0.125000
4.000000 0.111111 0.250000 0.792652 1.000000 1.020742 0.142857 0.111111
3.000000 0.142857 0.250000 2.036968 0.979680 1.000000 0.200000 0.166667
4.540131 0.250000 0.549096 5.000000 7.000000 5.000000 1.000000 1.680331
7.163321 0.687239 1.425928 8.000000 9.000000 6.000000 0.595121 1.000000

Matrix 345:
1.000000 7.000007 8.559168 7.000007 5.000000 5.000000 1.490398 7.000000
0.142857 1.000000 0.259636 0.461135 0.500000 0.142857 0.580026 0.250000
0.116834 3.851551 1.000000 2.023674 2.000000 0.333333 0.250000 0.500000
0.142857 2.168562 0.494151 1.000000 0.590703 0.698531 0.333333 0.500000
0.200000 2.000000 0.500000 1.692899 1.000000 0.544663 0.546725 1.239734
0.200000 7.000000 3.000000 1.431575 1.835999 1.000000 1.225032 6.000000
0.670962 1.724062 4.000000 3.000000 1.829074 0.816305 1.000000 2.000000
0.142857 4.000000 2.000000 2.000000 0.806625 0.166667 0.500000 1.000000

Matrix 346:
1.000000 7.000007 5.999988 0.630797 7.000007 2.027909 0.500000 4.000000
0.142857 1.000000 0.525391 0.258078 2.175715 0.200000 0.173987 0.250000
0.166667 1.903343 1.000000 0.500000 1.000000 2.019284 0.125000 0.684260
1.585296 3.874792 2.000000 1.000000 2.000000 2.000000 0.500000 1.000000
0.142857 0.459619 1.000000 0.500000 1.000000 0.250000 0.142857 0.571453
0.493119 5.000000 0.495225 0.500000 4.000000 1.000000 0.166667 1.000000
2.000000 5.747544 8.000000 2.000000 7.000000 6.000000 1.000000 1.912417
0.250000 4.000000 1.461433 1.000000 1.749924 1.000000 0.522898 1.000000

Matrix 347:
1.000000 0.142857 0.125000 0.142857 0.200000 0.500000 1.693773 0.333333
7.000000 1.000000 2.340131 1.070367 1.565858 4.000000 9.000009 0.554111
8.000000 0.427327 1.000000 2.000000 0.500000 2.107743 3.127705 0.500000
7.000000 0.934259 0.500000 1.000000 4.000000 7.000007 5.999988 0.409226
5.000000 0.638627 2.000000 0.250000 1.000000 2.000000 2.724977 0.382551
2.000000 0.250000 0.474441 0.142857 0.500000 1.000000 0.500000 0.250000
0.590398 0.111111 0.319723 0.166667 0.366976 2.000000 1.000000 0.268139
3.000000 1.804692 2.000000 2.443640 2.614031 4.000000 3.729415 1.000000

Matrix 348:
1.000000 2.156566 0.250000 3.000003 1.000000 0.307500 0.209355 0.166667
0.463700 1.000000 0.250000 2.000000 0.500000 0.500000 0.500000 0.200000
4.000000 4.000000 1.000000 9.000009 0.459822 8.000000 2.000000 0.637548
0.333333 0.500000 0.111111 1.000000 0.200000 0.333333 0.142857 0.142857
1.000000 2.000000 2.174755 5.000000 1.000000 4.000000 1.834782 0.500000
3.252028 2.000000 0.125000 3.000000 0.250000 1.000000 0.404951 0.250000
4.776579 2.000000 0.500000 7.000000 0.545024 2.469437 1.000000 1.000000
6.000000 5.000000 1.568510 7.000000 2.000000 4.000000 1.000000 1.000000

Matrix 349:
1.000000 0.777348 5.999988 4.000000 0.500000 0.333333 1.000000 6.000000
1.286424 1.000000 8.000000 4.000000 1.225637 2.000000 0.375041 4.000000
0.166667 0.125000 1.000000 0.500000 0.125000 0.125000 0.120993 0.471333
0.250000 0.250000 2.000000 1.000000 0.523420 0.111111 0.125000 2.619519
2.000000 0.815902 8.000000 1.910511 1.000000 0.250000 0.333333 2.000000
3.000000 0.500000 8.000000 9.000000 4.000000 1.000000 0.505282 7.354464
1.000000 2.666379 8.264937 8.000000 3.000000 1.979092 1.000000 4.000000
0.166667 0.250000 2.121643 0.381749 0.500000 0.135972 0.250000 1.000000

Matrix 350:
1.000000 0.250000 0.200000 0.492761 2.000000 0.548253 5.999988 0.676808
4.000000 1.000000 0.269510 1.492678 5.999988 3.000003 4.038802 0.321208
5.000000 3.710442 1.000000 7.000007 9.000009 5.999988 5.999988 2.839374
2.029380 0.669937 0.142857 1.000000 2.377465 2.761407 6.823420 0.500000
0.500000 0.166667 0.111111 0.420616 1.000000 0.200000 1.000000 0.145631
1.823976 0.333333 0.166667 0.362134 5.000000 1.000000 4.000000 0.250000
0.166667 0.247598 0.166667 0.146554 1.000000 0.250000 1.000000 0.200000
1.477525 3.113250 0.352190 2.000000 6.866674 4.000000 5.000000 1.000000

Matrix 351:
1.000000 2.000000 0.200000 0.166667 0.125000 0.250000 0.250000 1.000000
0.500000 1.000000 0.503748 0.142857 0.142857 0.333333 0.241663 0.200000
5.000000 1.985119 1.000000 0.500000 0.250000 0.555594 0.244749 1.000000
6.000000 7.000000 2.000000 1.000000 0.688960 4.000000 3.000003 1.000000
8.000000 7.000000 4.000000 1.451463 1.000000 3.000003 0.500000 1.958889
4.000000 3.000000 1.799875 0.250000 0.333333 1.000000 0.200000 0.539818
4.000000 4.137986 4.085810 0.333333 2.000000 5.000000 1.000000 2.381793
1.000000 5.000000 1.000000 1.000000 0.510494 1.852477 0.419852 1.000000

Matrix 352:
1.000000 0.125000 0.500000 0.333333 0.554603 2.000000 0.297102 0.111111
8.000000 1.000000 7.000007 3.000003 5.999988 2.000000 3.000003 0.532965
2.000000 0.142857 1.000000 0.125000 0.500000 0.890213 1.000000 0.125000
3.000000 0.333333 8.000000 1.000000 2.504908 2.211645 4.000000 0.657666
1.803092 0.166667 2.000000 0.399216 1.000000 0.333333 1.566730 0.250000
0.500000 0.500000 1.123326 0.452152 3.000000 1.000000 0.500000 0.352548
3.365844 0.333333 1.000000 0.250000 0.638272 2.000000 1.000000 0.189351
9.000000 1.876294 8.000000 1.520528 4.000000 2.836496 5.281210 1.000000

Matrix 353:
1.000000 0.281293 1.376378 0.391456 0.577419 4.000000 0.144391 2.899353
3.555018 1.000000 0.652051 1.541113 1.000000 5.000000 1.330359 4.000000
0.726545 1.533623 1.000000 0.333333 2.432857 3.000003 0.630270 5.000000
2.554565 0.648882 3.000000 1.000000 2.000000 8.224004 0.689622 6.000000
1.731845 1.000000 0.411039 0.500000 1.000000 4.771980 1.000000 4.000000
0.250000 0.200000 0.333333 0.121595 0.209557 1.000000 0.111111 1.000000
6.925652 0.751677 1.586621 1.450071 1.000000 9.000000 1.000000 6.000000
0.344904 0.250000 0.200000 0.166667 0.250000 1.000000 0.166667 1.000000

Matrix 354:
1.000000 0.250000 0.200000 0.333333 0.250000 0.754919 2.043376 0.333333
4.000000 1.000000 0.396160 0.408505 0.250000 2.000000 9.000009 3.018185
5.000000 2.524232 1.000000 1.109177 0.500000 7.000007 8.000000 1.618204
3.000000 2.447950 0.901569 1.000000 0.250000 5.000000 5.999988 3.000000
4.000000 4.000000 2.000000 4.000000 1.000000 9.000009 4.000000 8.000000
1.324645 0.500000 0.142857 0.200000 0.111111 1.000000 0.500000 0.254859
0.489386 0.111111 0.125000 0.166667 0.250000 2.000000 1.000000 0.200000
3.000000 0.331325 0.617969 0.333333 0.125000 3.923746 5.000000 1.000000

Matrix 355:
1.000000 8.000000 0.500000 2.000000 8.000000 0.333333 1.912047 7.000000
0.125000 1.000000 0.135109 1.000000 0.333333 0.250000 0.157334 1.284725
2.000000 7.401426 1.000000 5.999988 9.000009 3.000003 3.041965 9.000000
0.500000 1.000000 0.166667 1.000000 0.500000 0.200000 0.200000 0.333333
0.125000 3.000000 0.111111 2.000000 1.000000 0.166667 0.250000 1.000000
3.000000 4.000000 0.333333 5.000000 6.000000 1.000000 0.750360 2.000000
0.523000 6.355902 0.328735 5.000000 4.000000 1.332695 1.000000 6.000000
0.142857 0.778377 0.111111 3.000000 1.000000 0.500000 0.166667 1.000000

Matrix 356:
1.000000 3.000003 2.000000 1.292858 2.589190 1.385621 4.000000 0.489589
0.333333 1.000000 0.430045 0.166667 2.000000 0.333333 3.000003 0.362062
0.500000 2.325340 1.000000 0.142857 1.892850 0.353118 3.000003 0.333333
0.773480 6.000000 7.000000 1.000000 5.300372 0.250000 2.000000 1.000000
0.386221 0.500000 0.528304 0.188666 1.000000 0.124417 0.965511 0.142857
0.721698 3.000000 2.831917 4.000000 8.037510 1.000000 5.999988 0.742503
0.250000 0.333333 0.333333 0.500000 1.035721 0.166667 1.000000 0.250000
2.042531 2.761958 3.000000 1.000000 7.000000 1.346796 4.000000 1.000000

Matrix 357:
1.000000 0.694228 3.000003 0.500000 0.877906 0.636749 0.200000 2.000000
1.440448 1.000000 7.000007 0.200000 0.490420 0.432482 0.500000 2.000000
0.333333 0.142857 1.000000 0.120636 0.142857 0.200000 0.142477 1.284384
2.000000 5.000000 8.289432 1.000000 1.375270 0.565360 4.000000 3.000000
1.139074 2.039067 7.000000 0.727130 1.000000 0.983083 2.673569 5.000000
1.570477 2.312234 5.000000 1.768785 1.017208 1.000000 2.000000 2.000000
5.000000 2.000000 7.018667 0.250000 0.374032 0.500000 1.000000 1.240893
0.500000 0.500000 0.778583 0.333333 0.200000 0.500000 0.805871 1.000000

Matrix 358:
1.000000 1.000000 2.904460 2.000000 2.000000 0.386412 0.500000 5.000000
1.000000 1.000000 5.999988 5.999988 2.000000 2.000000 1.000000 6.000000
0.344298 0.166667 1.000000 1.320062 0.136178 0.142857 0.111111 1.607500
0.500000 0.166667 0.757540 1.000000 0.142857 0.111111 0.344025 2.000000
0.500000 0.500000 7.343327 7.000000 1.000000 0.510888 0.142857 3.000000
2.587911 0.500000 7.000000 9.000000 1.957376 1.000000 0.728613 1.914077
2.000000 1.000000 9.000000 2.906763 7.000000 1.372470 1.000000 7.000000
0.200000 0.166667 0.622084 0.500000 0.333333 0.522445 0.142857 1.000000

Matrix 359:
1.000000 0.333333 3.000003 0.620612 0.976184 0.250000 1.341910 0.200000
3.000000 1.000000 4.000000 1.651452 3.000003 0.500000 0.533458 0.333333
0.333333 0.250000 1.000000 0.682566 1.000000 0.333333 0.372980 0.435302
1.611312 0.605528 1.465060 1.000000 1.759311 0.250000 0.333333 0.265300
1.024397 0.333333 1.000000 0.568404 1.000000 0.200000 0.166667 0.147921
4.000000 2.000000 3.000000 4.000000 5.000000 1.000000 6.000000 3.000000
0.745206 1.874562 2.681106 3.000000 6.000000 0.166667 1.000000 0.235946
5.000000 3.000000 2.297253 3.769318 6.760371 0.333333 4.238263 1.000000

Matrix 360:
1.000000 4.776690 3.000003 8.079064 9.000009 3.000003 6.000000 3.000000
0.209350 1.000000 0.142857 0.800675 0.463664 0.811635 1.451422 0.111111
0.333333 7.000000 1.000000 7.000007 2.000000 7.030836 2.000000 0.500000
0.123777 1.248947 0.142857 1.000000 0.333333 0.584061 0.597805 0.259560
0.111111 2.156734 0.500000 3.000000 1.000000 0.540704 1.697804 0.333333
0.333333 1.232081 0.142231 1.712149 1.849441 1.000000 0.430268 0.111111
0.166667 0.688979 0.500000 1.672787 0.588996 2.324132 1.000000 0.250000
0.333333 9.000000 2.000000 3.852675 3.000000 9.000000 4.000000 1.000000

Matrix 361:
1.000000 1.298593 2.503458 8.955678 5.999988 2.000000 2.582861 7.000000
0.770064 1.000000 4.029892 8.000000 7.000007 2.555423 5.999988 6.000000
0.399448 0.248146 1.000000 1.349627 0.838850 0.142857 3.000003 0.534741
0.111661 0.125000 0.740946 1.000000 2.000000 0.142857 1.065597 0.250000
0.166667 0.142857 1.192109 0.500000 1.000000 0.111111 1.658437 0.200000
0.500000 0.391325 7.000000 7.000000 9.000000 1.000000 3.000003 1.645587
0.387168 0.166667 0.333333 0.938441 0.602977 0.333333 1.000000 0.454711
0.142857 0.166667 1.870065 4.000000 5.000000 0.607686 2.199200 1.000000

Matrix 362:
1.000000 2.928164 1.000000 0.500000 0.599352 1.753960 4.166360 5.659131
0.341511 1.000000 0.653037 0.813830 0.479080 0.500000 5.999988 3.000000
1.000000 1.531307 1.000000 0.125000 0.478498 2.000000 3.000003 0.860988
2.000000 1.228758 8.000000 1.000000 2.000000 5.999988 5.999988 9.000000
1.668468 2.087334 2.089873 0.500000 1.000000 1.000000 3.312192 4.000000
0.570138 2.000000 0.500000 0.166667 1.000000 1.000000 3.558523 6.000000
0.240018 0.166667 0.333333 0.166667 0.301915 0.281015 1.000000 1.000000
0.176706 0.333333 1.161456 0.111111 0.250000 0.166667 1.000000 1.000000

Matrix 363:
1.000000 0.500000 1.000000 1.041699 3.101016 1.245480 1.158282 0.200000
2.000000 1.000000 2.680172 1.000000 9.000009 4.000000 4.000000 3.000000
1.000000 0.373110 1.000000 3.000003 9.000009 4.000000 2.907730 0.582749
0.959970 1.000000 0.333333 1.000000 7.000007 3.779625 3.000003 0.250000
0.322475 0.111111 0.111111 0.142857 1.000000 0.500000 1.000000 0.250000
0.802903 0.250000 0.250000 0.264576 2.000000 1.000000 0.455855 0.335470
0.863347 0.250000 0.343911 0.333333 1.000000 2.193678 1.000000 0.505429
5.000000 0.333333 1.716003 4.000000 4.000000 2.980895 1.978516 1.000000

Matrix 364:
1.000000 0.250000 0.250000 1.048764 0.166667 4.000000 0.475219 1.058177
4.000000 1.000000 4.000000 3.505273 0.492436 5.000000 1.478486 9.000000
4.000000 0.250000 1.000000 0.500000 1.160572 5.000000 0.952549 3.217495
0.953503 0.285284 2.000000 1.000000 0.200000 9.000009 2.000000 3.000000
6.000000 2.030721 0.861644 5.000000 1.000000 5.438302 5.000000 9.000000
0.250000 0.200000 0.200000 0.111111 0.183881 1.000000 0.142857 0.625406
2.104295 0.676368 1.049815 0.500000 0.200000 7.000000 1.000000 2.000000
0.945022 0.111111 0.310801 0.333333 0.111111 1.598961 0.500000 1.000000

Matrix 365:
1.000000 0.818221 0.142857 0.500000 0.617114 0.250000 0.125000 0.250000
1.222164 1.000000 1.642639 3.599147 0.500000 0.333333 0.421565 0.333333
7.000000 0.608776 1.000000 5.000000 0.666151 0.250000 1.551622 0.292336
2.000000 0.277844 0.200000 1.000000 0.200000 0.142857 0.223271 0.139203
1.620445 2.000000 1.501162 5.000000 1.000000 0.303494 0.333333 0.200000
4.000000 3.000000 4.000000 7.000000 3.294959 1.000000 2.000000 2.000000
8.000000 2.372111 0.644487 4.478865 3.000000 0.500000 1.000000 0.333333
4.000000 3.000000 3.420727 7.183731 5.000000 0.500000 3.000000 1.000000

Matrix 366:
1.000000 0.920491 1.353019 9.000009 5.999988 0.500000 5.000000 7.000000
1.086376 1.000000 0.333333 1.888406 2.000000 0.547370 1.000000 1.346639
0.739088 3.000000 1.000000 8.000000 4.078283 5.000000 2.495660 5.000000
0.111111 0.529547 0.125000 1.000000 0.250000 0.142857 0.111111 0.444913
0.166667 0.500000 0.245201 4.000000 1.000000 0.565853 1.000000 3.000000
2.000000 1.826918 0.200000 7.000000 1.767245 1.000000 1.886671 2.000000
0.200000 1.000000 0.400696 9.000000 1.000000 0.530034 1.000000 2.257141
0.142857 0.742589 0.200000 2.247630 0.333333 0.500000 0.443038 1.000000

Matrix 367:
1.000000 1.742171 0.354958 0.820766 3.618600 0.500000 0.230013 2.000000
0.573996 1.000000 0.125000 0.333333 1.286241 0.125000 0.111111 0.333333
2.817232 8.000000 1.000000 0.942108 5.999988 0.245681 0.200540 3.000000
1.218375 3.000000 1.061449 1.000000 0.605753 0.397787 0.250000 1.556942
0.276350 0.777459 0.166667 1.650838 1.000000 0.413206 0.166667 0.500000
2.000000 8.000000 4.070324 2.513909 2.420101 1.000000 0.637218 3.000000
4.347586 9.000000 4.986533 4.000000 6.000000 1.569322 1.000000 5.000000
0.500000 3.000000 0.333333 0.642285 2.000000 0.333333 0.200000 1.000000

Matrix 368:
1.000000 2.140832 0.377444 8.000000 2.000000 4.000000 2.000000 2.000000
0.467108 1.000000 0.166667 3.000003 0.541474 0.333333 0.200000 0.500000
2.649398 6.000000 1.000000 9.000009 2.421561 2.000000 1.706861 7.000000
0.125000 0.333333 0.111111 1.000000 0.500000 0.542736 0.465275 0.333333
0.500000 1.846812 0.412957 2.000000 1.000000 0.376918 0.142857 0.639154
0.250000 3.000000 0.500000 1.842518 2.653100 1.000000 0.616052 0.500000
0.500000 5.000000 0.585871 2.149265 7.000000 1.623241 1.000000 1.515882
0.500000 2.000000 0.142857 3.000000 1.564569 2.000000 0.659682 1.000000

Matrix 369:
1.000000 3.743197 4.000000 9.000009 1.000000 8.000000 0.500000 6.000000
0.267151 1.000000 3.000003 2.000000 2.000000 3.000003 1.724167 6.000000
0.250000 0.333333 1.000000 1.764864 0.500000 4.000000 0.333333 1.681441
0.111111 0.500000 0.566616 1.000000 0.333333 1.496121 0.500000 0.449041
1.000000 0.500000 2.000000 3.000000 1.000000 4.000000 2.000000 3.000000
0.125000 0.333333 0.250000 0.668395 0.250000 1.000000 0.379743 1.000000
2.000000 0.579990 3.000000 2.000000 0.500000 2.633362 1.000000 2.000000
0.166667 0.166667 0.594728 2.226970 0.333333 1.000000 0.500000 1.000000

Matrix 370:
1.000000 2.073623 3.864738 2.000000 0.200000 7.000007 1.915449 1.000000
0.482248 1.000000 7.000007 3.000003 0.125000 5.999988 3.000000 0.524407
0.258750 0.142857 1.000000 1.000000 0.166667 0.457663 0.250000 0.125000
0.500000 0.333333 1.000000 1.000000 0.142857 1.430429 0.500000 0.333333
5.000000 8.000000 6.000000 7.000000 1.000000 7.000007 4.000000 1.771914
0.142857 0.166667 2.185013 0.699091 0.142857 1.000000 1.000000 0.333333
0.522071 0.333333 4.000000 2.000000 0.250000 1.000000 1.000000 0.200000
1.000000 1.906916 8.000000 3.000000 0.564361 3.000000 5.000000 1.000000

Matrix 371:
1.000000 0.500000 0.500000 2.000000 0.125000 0.166667 0.200000 0.500000
2.000000 1.000000 0.166667 0.500000 0.142857 0.142857 1.653243 0.166667
2.000000 6.000000 1.000000 2.000000 0.500000 0.250000 3.000003 2.099641
0.500000 2.000000 0.500000 1.000000 0.142857 0.142857 0.503646 0.333333
8.000000 7.000000 2.000000 7.000000 1.000000 1.059343 5.999988 2.560677
6.000000 7.000000 4.000000 7.000000 0.943981 1.000000 3.000003 3.000000
5.000000 0.604872 0.333333 1.985522 0.166667 0.333333 1.000000 0.314732
2.000000 6.000000 0.476272 3.000000 0.390522 0.333333 3.177304 1.000000

Matrix 372:
1.000000 0.225688 1.709969 4.000000 0.166667 0.500000 1.000000 2.282645
4.430901 1.000000 8.000000 8.000000 1.610020 2.877450 1.309236 6.147938
0.584806 0.125000 1.000000 2.000000 0.166667 0.333333 0.578732 3.000000
0.250000 0.125000 0.500000 1.000000 0.111111 0.166667 1.270886 0.571196
6.000000 0.621110 6.000000 9.000000 1.000000 5.000000 5.999988 5.000000
2.000000 0.347530 3.000000 6.000000 0.200000 1.000000 3.000003 2.000000
1.000000 0.763804 1.727914 0.786853 0.166667 0.333333 1.000000 0.500000
0.438088 0.162656 0.333333 1.750713 0.200000 0.500000 2.000000 1.000000

Matrix 373:
1.000000 0.236888 0.111111 0.333333 0.346526 0.500000 0.111111 1.000000
4.221412 1.000000 5.000000 2.000000 8.000000 9.000009 1.954432 6.000000
9.000000 0.200000 1.000000 0.960623 1.930494 1.000000 0.652852 8.000000
3.000000 0.500000 1.040991 1.000000 4.723466 2.000000 1.894498 3.000000
2.885784 0.125000 0.518002 0.211709 1.000000 0.569040 1.000000 2.709843
2.000000 0.111111 1.000000 0.500000 1.757345 1.000000 0.250000 2.204491
9.000000 0.511658 1.531741 0.527844 1.000000 4.000000 1.000000 8.000000
1.000000 0.166667 0.125000 0.333333 0.369025 0.453620 0.125000 1.000000

Matrix 374:
1.000000 0.815692 1.823030 0.500000 7.000000 2.000000 6.000000 1.000000
1.225953 1.000000 0.200000 0.333333 6.000000 0.500000 3.511323 0.500000
0.548537 5.000000 1.000000 0.410583 2.000000 1.000000 6.000000 0.577710
2.000000 3.000000 2.435562 1.000000 6.000000 3.000000 8.000000 4.000000
0.142857 0.166667 0.500000 0.166667 1.000000 0.145758 0.500000 0.333333
0.500000 2.000000 1.000000 0.333333 6.860692 1.000000 5.000000 2.337839
0.166667 0.284793 0.166667 0.125000 2.000000 0.200000 1.000000 0.125000
1.000000 2.000000 1.730972 0.250000 3.000000 0.427745 8.000000 1.000000

Matrix 375:
1.000000 1.783890 0.500000 0.400879 0.142857 0.125000 0.333333 4.000000
0.560573 1.000000 1.184948 0.500000 0.120789 0.166667 0.250000 0.748301
2.000000 0.843919 1.000000 1.548007 0.111111 0.333333 0.250000 4.000000
2.494515 2.000000 0.645992 1.000000 0.589228 0.593299 0.274591 6.000000
7.000000 8.278900 9.000000 1.697135 1.000000 2.000000 4.000000 9.000000
8.000000 6.000000 3.000000 1.685490 0.500000 1.000000 0.474812 5.741239
3.000000 4.000000 4.000000 3.641786 0.250000 2.106097 1.000000 7.000000
0.250000 1.336361 0.250000 0.166667 0.111111 0.174178 0.142857 1.000000

Matrix 376:
1.000000 0.960738 0.333333 5.999988 1.905537 2.000000 4.000000 1.000000
1.040867 1.000000 0.463034 4.000000 1.829138 2.000825 2.000000 0.333333
3.000000 2.159670 1.000000 7.000007 5.000000 4.000000 8.121303 4.000000
0.166667 0.250000 0.142857 1.000000 0.250000 0.421211 0.560795 0.125000
0.524786 0.546706 0.200000 4.000000 1.000000 0.333333 8.000000 1.000000
0.500000 0.499794 0.250000 2.374108 3.000000 1.000000 9.000000 0.500000
0.250000 0.500000 0.123133 1.783183 0.125000 0.111111 1.000000 0.333333
1.000000 3.000000 0.250000 8.000000 1.000000 2.000000 3.000000 1.000000

Matrix 377:
1.000000 2.351001 1.666351 4.000000 0.499349 0.408895 3.000000 6.000000
0.425351 1.000000 0.500000 4.000000 0.166667 0.166667 2.635616 8.000000
0.600114 2.000000 1.000000 9.000009 1.000000 0.333333 4.000000 9.000000
0.250000 0.250000 0.111111 1.000000 0.142857 0.200000 0.500000 0.482373
2.002607 6.000000 1.000000 7.000000 1.000000 2.000000 6.000000 7.000000
2.445618 6.000000 3.000000 5.000000 0.500000 1.000000 2.000000 6.820815
0.333333 0.379418 0.250000 2.000000 0.166667 0.500000 1.000000 2.044827
0.166667 0.125000 0.111111 2.073083 0.142857 0.146610 0.489039 1.000000

Matrix 378:
1.000000 4.000000 7.333820 1.476354 0.654268 3.000003 2.165360 0.250000
0.250000 1.000000 0.333333 0.250000 0.142857 0.174278 0.125000 0.200000
0.136355 3.000000 1.000000 0.125000 0.174309 0.451937 0.200000 0.142857
0.677344 4.000000 8.000000 1.000000 0.346763 2.000000 1.818856 1.275994
1.528426 7.000000 5.736945 2.883813 1.000000 1.420797 2.000000 0.914192
0.333333 5.737973 2.212696 0.500000 0.703830 1.000000 0.500000 0.142857
0.461817 8.000000 5.000000 0.549796 0.500000 2.000000 1.000000 0.250000
4.000000 5.000000 7.000000 0.783703 1.093862 7.000000 4.000000 1.000000

Matrix 379:
1.000000 0.500000 3.916051 1.587134 2.000000 8.000000 7.000007 1.000000
2.000000 1.000000 1.694155 0.956513 1.673086 3.819209 8.000000 0.865123
0.255359 0.590265 1.000000 0.631876 0.831581 2.000000 3.315893 1.000000
0.630066 1.045464 1.582589 1.000000 1.778273 1.940488 9.000009 0.399365
0.500000 0.597698 1.202529 0.562343 1.000000 0.333333 9.000009 0.500000
0.125000 0.261834 0.500000 0.515334 3.000000 1.000000 6.049361 0.562779
0.142857 0.125000 0.301578 0.111111 0.111111 0.165307 1.000000 0.125000
1.000000 1.155905 1.000000 2.503972 2.000000 1.776897 8.000000 1.000000

Matrix 380:
1.000000 3.000003 4.000000 7.000007 1.897166 3.000003 8.000000 6.000000
0.333333 1.000000 0.530889 0.529812 0.398110 4.000000 8.000000 5.000000
0.250000 1.883632 1.000000 3.376994 1.273978 9.000009 6.629974 4.753655
0.142857 1.887460 0.296121 1.000000 0.447090 1.950522 5.000000 6.000000
0.527102 2.511871 0.784943 2.236686 1.000000 3.000003 7.000000 2.000000
0.333333 0.250000 0.111111 0.512683 0.333333 1.000000 4.000000 2.116156
0.125000 0.125000 0.150830 0.200000 0.142857 0.250000 1.000000 1.360334
0.166667 0.200000 0.210364 0.166667 0.500000 0.472555 0.735113 1.000000

Matrix 381:
1.000000 1.971545 2.000000 5.999988 2.000000 8.000000 0.539778 0.569958
0.507216 1.000000 2.000000 8.000000 0.583605 1.000000 2.000000 0.333333
0.500000 0.500000 1.000000 3.603268 0.641456 2.000000 0.453848 0.111111
0.166667 0.125000 0.277526 1.000000 0.311266 1.273297 0.200000 0.200000
0.500000 1.713488 1.558954 3.212690 1.000000 1.816998 0.595478 0.243415
0.125000 1.000000 0.500000 0.785363 0.550358 1.000000 0.710113 0.166667
1.852612 0.500000 2.203381 5.000000 1.679324 1.408227 1.000000 0.622161
1.754514 3.000000 9.000000 5.000000 4.108202 6.000000 1.607300 1.000000

Matrix 382:
1.000000 0.371709 1.755510 0.500000 2.147279 2.408290 0.255424 0.337902
2.690279 1.000000 1.892758 7.000007 4.000000 5.999988 2.000000 0.500000
0.569635 0.528329 1.000000 2.000000 2.000000 2.927928 0.219208 0.357152
2.000000 0.142857 0.500000 1.000000 1.879840 0.500000 0.892791 0.250000
0.465706 0.250000 0.500000 0.531960 1.000000 0.677627 0.250000 0.142857
0.415232 0.166667 0.341538 2.000000 1.475738 1.000000 0.200000 0.125000
3.915058 0.500000 4.561869 1.120083 4.000000 5.000000 1.000000 1.749974
2.959441 2.000000 2.799931 4.000000 7.000000 8.000000 0.571437 1.000000

Matrix 383:
1.000000 3.000003 1.000000 0.563145 1.384453 4.000000 4.000000 1.000000
0.333333 1.000000 1.171739 1.000000 2.000000 1.000000 0.509332 1.000000
1.000000 0.853432 1.000000 0.635921 5.000000 3.915325 2.884022 2.000000
1.775741 1.000000 1.572522 1.000000 9.000009 4.339153 5.999988 3.501171
0.722307 0.500000 0.200000 0.111111 1.000000 2.000000 0.548420 0.200000
0.250000 1.000000 0.255407 0.230460 0.500000 1.000000 0.452132 0.212943
0.250000 1.963355 0.346738 0.166667 1.823421 2.211743 1.000000 0.500000
1.000000 1.000000 0.500000 0.285619 5.000000 4.696086 2.000000 1.000000

Matrix 384:
1.000000 0.500000 1.583451 0.344109 2.000000 3.265280 0.448661 2.125930
2.000000 1.000000 8.000000 0.629193 8.724374 2.000000 2.000000 7.000000
0.631532 0.125000 1.000000 1.000000 1.606745 1.000000 0.526554 2.236587
2.906060 1.589337 1.000000 1.000000 8.000000 8.000000 1.975119 4.000000
0.500000 0.114621 0.622376 0.125000 1.000000 2.000000 0.200000 2.666109
0.306252 0.500000 1.000000 0.125000 0.500000 1.000000 0.333333 3.000000
2.228852 0.500000 1.899139 0.506299 5.000000 3.000000 1.000000 7.000000
0.470382 0.142857 0.447110 0.250000 0.375078 0.333333 0.142857 1.000000

Matrix 385:
1.000000 1.725898 3.000003 2.448020 0.500000 0.999177 5.000000 0.500000
0.579408 1.000000 4.467500 2.000000 0.211392 2.307903 5.000000 2.652827
0.333333 0.223839 1.000000 0.472635 0.125000 0.250000 0.580243 0.142857
0.408493 0.500000 2.115796 1.000000 0.259232 0.500000 1.963586 1.000000
2.000000 4.730545 8.000000 3.857553 1.000000 8.000000 7.000007 7.000000
1.000824 0.433294 4.000000 2.000000 0.125000 1.000000 1.000000 2.000000
0.200000 0.200000 1.723417 0.509272 0.142857 1.000000 1.000000 0.500000
2.000000 0.376956 7.000000 1.000000 0.142857 0.500000 2.000000 1.000000

Matrix 386:
1.000000 0.500331 0.111111 1.744300 0.333333 0.251178 0.500000 0.166667
1.998679 1.000000 0.500000 0.500000 0.206936 0.250000 0.333333 0.125000
9.000000 2.000000 1.000000 9.000009 1.712165 2.000000 0.398657 1.748930
0.573296 2.000000 0.111111 1.000000 0.200000 0.500000 0.333333 0.250000
3.000000 4.832402 0.584056 5.000000 1.000000 1.000000 0.500000 0.386631
3.981248 4.000000 0.500000 2.000000 1.000000 1.000000 0.500000 0.333333
2.000000 3.000000 2.508423 3.000000 2.000000 2.000000 1.000000 0.595017
6.000000 8.000000 0.571778 4.000000 2.586444 3.000000 1.680623 1.000000

Matrix 387:
1.000000 5.000000 0.500000 2.214682 4.000000 1.000000 1.433204 1.000000
0.200000 1.000000 0.142857 0.111111 1.000000 0.142857 0.200000 0.111111
2.000000 7.000000 1.000000 8.000000 9.000009 2.000000 3.000003 4.000000
0.451532 9.000000 0.125000 1.000000 3.000003 0.880683 0.250000 2.000000
0.250000 1.000000 0.111111 0.333333 1.000000 0.200000 0.333333 0.142857
1.000000 7.000000 0.500000 1.135483 5.000000 1.000000 3.000003 2.000000
0.697738 5.000000 0.333333 4.000000 3.000000 0.333333 1.000000 0.436041
1.000000 9.000000 0.250000 0.500000 7.000000 0.500000 2.293365 1.000000

Matrix 388:
1.000000 5.000000 1.794325 2.527527 3.000003 8.000000 1.162911 6.362564
0.200000 1.000000 0.125000 0.352462 0.142857 0.551023 0.166667 3.112635
0.557313 8.000000 1.000000 4.000000 2.000000 7.000007 0.387687 3.717110
0.395644 2.837185 0.250000 1.000000 0.714135 1.568871 0.333333 3.675682
0.333333 7.000000 0.500000 1.400295 1.000000 0.500000 0.564899 6.000000
0.125000 1.814805 0.142857 0.637401 2.000000 1.000000 0.200000 5.000000
0.859911 6.000000 2.579402 3.000000 1.770227 5.000000 1.000000 8.000000
0.157169 0.321271 0.269026 0.272058 0.166667 0.200000 0.125000 1.000000

Matrix 389:
1.000000 8.460735 3.467124 5.000000 5.000000 8.000000 9.000009 7.000000
0.118193 1.000000 0.250000 0.250000 5.000000 0.500000 0.500000 0.533625
0.288423 4.000000 1.000000 5.999988 7.000007 3.000003 5.999988 8.000000
0.200000 4.000000 0.166667 1.000000 8.000000 1.981840 1.888869 2.231101
0.200000 0.200000 0.142857 0.125000 1.000000 0.333333 0.250000 0.333333
0.125000 2.000000 0.333333 0.504582 3.000000 1.000000 2.000000 1.000000
0.111111 2.000000 0.166667 0.529417 4.000000 0.500000 1.000000 1.815289
0.142857 1.873974 0.125000 0.448209 3.000000 1.000000 0.550877 1.000000

Matrix 390:
1.000000 9.000009 4.254733 2.453602 2.000000 9.000009 1.946291 0.688160
0.111111 1.000000 0.257537 0.125000 0.472680 1.806788 0.200000 0.333333
0.235032 3.882935 1.000000 1.000000 5.999988 2.581887 0.538776 0.292421
0.407564 8.000000 1.000000 1.000000 4.000000 5.999988 0.333333 0.250000
0.500000 2.115598 0.166667 0.250000 1.000000 2.000000 0.166667 0.333333
0.111111 0.553468 0.387314 0.166667 0.500000 1.000000 0.142857 0.250000
0.513798 5.000000 1.856058 3.000000 6.000000 7.000000 1.000000 0.500000
1.453150 3.000000 3.419730 4.000000 3.000000 4.000000 2.000000 1.000000

Matrix 391:
1.000000 1.908373 0.500000 0.562447 0.203236 0.333333 0.591659 3.000000
0.524006 1.000000 0.142857 0.250000 0.200000 1.000000 2.000000 4.000000
2.000000 7.000000 1.000000 2.814758 0.767342 3.000003 8.000000 8.000000
1.777947 4.000000 0.355270 1.000000 0.111111 2.000000 2.000000 1.766377
4.920382 5.000000 1.303199 9.000000 1.000000 4.396824 7.000000 4.000000
3.000000 1.000000 0.333333 0.500000 0.227437 1.000000 2.727884 2.104852
1.690162 0.500000 0.125000 0.500000 0.142857 0.366585 1.000000 0.812733
0.333333 0.250000 0.125000 0.566131 0.250000 0.475093 1.230417 1.000000

Matrix 392:
1.000000 0.125000 0.166667 0.662163 2.000000 1.000000 0.200000 0.333333
8.000000 1.000000 1.000000 9.000009 8.000000 9.000009 1.809646 6.000000
6.000000 1.000000 1.000000 3.000003 2.968593 7.000007 0.250000 8.000000
1.510202 0.111111 0.333333 1.000000 1.935001 4.326133 0.500000 0.664632
0.500000 0.125000 0.336860 0.516796 1.000000 2.301032 0.166667 1.665335
1.000000 0.111111 0.142857 0.231153 0.434588 1.000000 0.125000 0.607316
5.000000 0.552594 4.000000 2.000000 6.000000 8.000000 1.000000 7.000000
3.000000 0.166667 0.125000 1.504592 0.600480 1.646590 0.142857 1.000000

Matrix 393:
1.000000 0.500000 0.250000 5.999988 3.000003 3.000003 0.554982 0.125000
2.000000 1.000000 2.261754 3.000003 2.735046 4.000000 4.000000 0.500000
4.000000 0.442135 1.000000 7.000007 3.000003 7.000007 5.999988 0.250000
0.166667 0.333333 0.142857 1.000000 1.000000 0.460140 0.500000 0.125000
0.333333 0.365625 0.333333 1.000000 1.000000 1.000000 0.229158 0.111111
0.333333 0.250000 0.142857 2.173251 1.000000 1.000000 1.529193 0.111111
1.801860 0.250000 0.166667 2.000000 4.363800 0.653940 1.000000 0.200000
8.000000 2.000000 4.000000 8.000000 9.000000 9.000000 5.000000 1.000000

Matrix 394:
1.000000 3.000003 5.000000 1.000000 4.000000 4.000000 2.267731 0.523260
0.333333 1.000000 2.000000 0.200000 8.000000 5.000000 0.631384 0.111111
0.200000 0.500000 1.000000 0.111111 1.000000 0.691440 0.166667 0.125000
1.000000 5.000000 9.000000 1.000000 5.999988 5.000000 5.000000 0.402453
0.250000 0.125000 1.000000 0.166667 1.000000 1.000000 0.200000 0.200000
0.250000 0.200000 1.446257 0.200000 1.000000 1.000000 0.200000 0.166667
0.440969 1.583823 6.000000 0.200000 5.000000 5.000000 1.000000 0.500000
1.911095 9.000000 8.000000 2.484765 5.000000 6.000000 2.000000 1.000000

Matrix 395:
1.000000 1.733443 0.125000 0.142857 0.125000 1.000000 0.142857 0.500000
0.576887 1.000000 0.134960 0.125000 0.200000 0.444296 0.333333 0.413873
8.000000 7.409602 1.000000 0.492492 0.450246 3.000003 0.250000 2.000000
7.000000 8.000000 2.030492 1.000000 2.058820 2.000000 4.450605 8.498351
8.000000 5.000000 2.221009 0.485715 1.000000 3.000003 1.000000 8.000000
1.000000 2.250752 0.333333 0.500000 0.333333 1.000000 0.333333 3.000000
7.000000 3.000000 4.000000 0.224689 1.000000 3.000000 1.000000 4.899990
2.000000 2.416200 0.500000 0.117670 0.125000 0.333333 0.204082 1.000000

Matrix 396:
1.000000 0.142857 2.152306 0.421069 0.125000 1.000000 3.000000 1.428849
7.000000 1.000000 5.000000 5.000000 2.000000 9.000000 4.000000 5.000000
0.464618 0.200000 1.000000 0.166667 0.142857 0.500000 0.673066 0.142857
2.374906 0.200000 6.000000 1.000000 0.565444 8.000000 9.000000 1.869151
8.000000 0.500000 7.000000 1.768523 1.000000 4.000000 7.000000 4.000000
1.000000 0.111111 2.000000 0.125000 0.250000 1.000000 0.647394 1.000000
0.333333 0.250000 1.485738 0.111111 0.142857 1.544655 1.000000 1.000000
0.699864 0.200000 7.000000 0.535002 0.250000 1.000000 1.000000 1.000000

Matrix 397:
1.000000 0.333333 0.280866 0.166667 0.166667 0.125000 0.125000 0.365659
3.000000 1.000000 1.257609 0.142857 0.166667 0.333333 0.142857 1.000000
3.560411 0.795160 1.000000 0.111111 0.142857 1.672979 0.275898 2.000000
6.000000 7.000000 9.000000 1.000000 1.000000 7.000007 1.713156 7.589833
6.000000 6.000000 7.000000 1.000000 1.000000 5.000000 2.521562 2.000000
8.000000 3.000000 0.597736 0.142857 0.200000 1.000000 1.000000 2.000000
8.000000 7.000000 3.624526 0.583718 0.396580 1.000000 1.000000 5.423741
2.734791 1.000000 0.500000 0.131755 0.500000 0.500000 0.184375 1.000000

Matrix 398:
1.000000 2.000000 1.924881 1.412706 0.250000 0.500000 3.000003 0.200000
0.500000 1.000000 0.669168 1.066501 0.111111 0.333333 0.338798 0.125000
0.519513 1.494392 1.000000 0.333333 0.250000 0.333333 1.399921 0.166667
0.707861 0.937646 3.000000 1.000000 0.612267 2.000000 3.000003 0.500000
4.000000 9.000000 4.000000 1.633275 1.000000 1.000000 3.211891 0.603014
2.000000 3.000000 3.000000 0.500000 1.000000 1.000000 4.829216 2.000000
0.333333 2.951610 0.714326 0.333333 0.311343 0.207073 1.000000 0.238919
5.000000 8.000000 6.000000 2.000000 1.658337 0.500000 4.185526 1.000000

Matrix 399:
1.000000 5.000000 4.000000 4.000000 3.000003 4.000000 3.000003 1.980743
0.200000 1.000000 0.651536 0.250000 0.685272 0.250000 0.500000 0.111111
0.250000 1.534834 1.000000 0.333333 2.408030 0.200000 0.500000 0.200000
0.250000 4.000000 3.000000 1.000000 1.837545 0.692023 4.000000 0.200000
0.333333 1.459274 0.415277 0.544204 1.000000 0.333333 0.333333 0.142857
0.250000 4.000000 5.000000 1.445039 3.000000 1.000000 3.000003 0.250000
0.333333 2.000000 2.000000 0.250000 3.000000 0.333333 1.000000 0.125000
0.504861 9.000000 5.000000 5.000000 7.000000 4.000000 8.000000 1.000000

Matrix 400:
1.000000 2.000000 0.391647 0.333333 0.125000 0.200000 4.000000 2.140358
0.500000 1.000000 1.445598 0.724420 0.142857 0.166667 3.000003 2.000000
2.553321 0.691755 1.000000 0.500000 0.111111 0.250000 9.000009 2.680320
3.000000 1.380415 2.000000 1.000000 0.166667 0.382805 4.000000 1.363134
8.000000 7.000000 9.000000 6.000000 1.000000 1.274204 5.384065 8.000000
5.000000 6.000000 4.000000 2.612299 0.784804 1.000000 6.865499 9.000000
0.250000 0.333333 0.111111 0.250000 0.185733 0.145656 1.000000 0.500000
0.467212 0.500000 0.373090 0.733604 0.125000 0.111111 2.000000 1.000000

Matrix 401:
1.000000 4.000000 1.070904 5.999988 2.326161 7.000007 3.000003 1.000000
0.250000 1.000000 0.273037 0.333333 0.123118 0.446933 0.250000 0.200000
0.933791 3.662502 1.000000 5.999988 4.000000 8.000000 2.184565 2.000000
0.166667 3.000000 0.166667 1.000000 0.333333 3.000003 0.500000 0.587454
0.429893 8.122256 0.250000 3.000000 1.000000 4.000000 3.000003 0.594900
0.142857 2.237470 0.125000 0.333333 0.250000 1.000000 0.333333 0.851938
0.333333 4.000000 0.457757 2.000000 0.333333 3.000000 1.000000 0.333333
1.000000 5.000000 0.500000 1.702262 1.680956 1.173794 3.000000 1.000000

Matrix 402:
1.000000 0.553685 1.670098 1.622016 4.000000 5.999988 9.000009 1.000000
1.806081 1.000000 2.000000 7.000007 7.000007 7.000007 9.000009 3.000000
0.598767 0.500000 1.000000 0.333333 5.999988 3.000003 7.000007 4.000000
0.616517 0.142857 3.000000 1.000000 2.814255 5.168957 4.000000 2.055106
0.250000 0.142857 0.166667 0.355334 1.000000 1.000000 2.483639 0.500000
0.166667 0.142857 0.333333 0.193463 1.000000 1.000000 0.638905 0.166667
0.111111 0.111111 0.142857 0.250000 0.402635 1.565179 1.000000 0.200000
1.000000 0.333333 0.250000 0.486593 2.000000 6.000000 5.000000 1.000000

Matrix 403:
1.000000 5.000000 8.000000 5.999988 3.458496 1.991816 2.000000 3.000000
0.200000 1.000000 0.500000 3.000003 3.000003 0.166667 1.809525 0.457995
0.125000 2.000000 1.000000 5.000000 3.000003 0.133306 0.500000 0.500000
0.166667 0.333333 0.200000 1.000000 1.000000 0.125000 0.333333 0.166667
0.289143 0.333333 0.333333 1.000000 1.000000 0.160594 0.500000 0.439425
0.502055 6.000000 7.501513 8.000000 6.226885 1.000000 4.000000 2.000000
0.500000 0.552631 2.000000 3.000000 2.000000 0.250000 1.000000 1.406250
0.333333 2.183429 2.000000 6.000000 2.275701 0.500000 0.711111 1.000000

Matrix 404:
1.000000 0.200000 0.166667 0.134341 0.485573 0.583741 2.537520 0.142857
5.000000 1.000000 1.832846 3.000003 8.000000 4.000000 8.000000 5.544156
6.000000 0.545599 1.000000 3.000003 5.000000 6.370429 5.999988 2.752646
7.443723 0.333333 0.333333 1.000000 3.227531 5.676601 7.283848 1.652466
2.059422 0.125000 0.200000 0.309834 1.000000 5.999988 4.000000 0.570920
1.713089 0.250000 0.156975 0.176162 0.166667 1.000000 1.000000 0.357773
0.394086 0.125000 0.166667 0.137290 0.250000 1.000000 1.000000 0.225052
7.000000 0.180370 0.363287 0.605156 1.751560 2.795066 4.443412 1.000000

Matrix 405:
1.000000 0.500000 1.859072 3.000003 4.000000 1.207735 0.250000 2.670705
2.000000 1.000000 4.000000 3.000003 1.661054 0.250000 0.250000 4.000000
0.537903 0.250000 1.000000 3.414811 1.444496 0.250000 0.244634 0.719949
0.333333 0.333333 0.292842 1.000000 0.750849 0.142857 0.142857 0.533383
0.250000 0.602027 0.692283 1.331826 1.000000 0.142857 0.333333 0.352634
0.827996 4.000000 4.000000 7.000000 7.000000 1.000000 0.500000 3.304912
4.000000 4.000000 4.087738 7.000000 3.000000 2.000000 1.000000 9.000000
0.374433 0.250000 1.388987 1.874825 2.835803 0.302580 0.111111 1.000000

Matrix 406:
1.000000 0.178766 2.281935 0.125000 0.265872 0.620733 0.430425 0.333333
5.593920 1.000000 9.000009 1.000000 1.991118 6.773944 5.231820 0.665753
0.438225 0.111111 1.000000 0.200000 0.125000 0.500000 0.250000 0.200000
8.000000 1.000000 5.000000 1.000000 1.000000 9.000009 1.000000 5.000000
3.761202 0.502230 8.000000 1.000000 1.000000 4.113791 7.000007 2.000000
1.611000 0.147624 2.000000 0.111111 0.243085 1.000000 0.333333 0.500000
2.323286 0.191138 4.000000 1.000000 0.142857 3.000000 1.000000 0.482931
3.000000 1.502059 5.000000 0.200000 0.500000 2.000000 2.070691 1.000000

Matrix 407:
1.000000 1.757061 0.111111 0.431248 0.250000 0.500000 1.082240 0.166667
0.569132 1.000000 0.250000 1.000000 0.250000 1.938518 4.598485 0.142857
9.000000 4.000000 1.000000 2.000000 2.000000 5.000000 6.000000 4.000000
2.318850 1.000000 0.500000 1.000000 1.000000 1.896430 2.000000 0.333333
4.000000 4.000000 0.500000 1.000000 1.000000 3.297655 3.000000 1.000000
2.000000 0.515858 0.200000 0.527307 0.303246 1.000000 3.011798 1.001438
0.924009 0.217463 0.166667 0.500000 0.333333 0.332028 1.000000 0.333333
6.000000 7.000000 0.250000 3.000000 1.000000 0.998565 3.000000 1.000000

Matrix 408:
1.000000 0.671826 2.000000 0.352448 5.000000 1.714832 5.000000 0.500000
1.488480 1.000000 5.999988 0.473065 4.000000 1.000000 1.389550 0.200000
0.500000 0.166667 1.000000 0.166667 0.500172 0.250000 0.281802 0.111111
2.837296 2.113873 6.000000 1.000000 8.000000 4.000000 2.000000 1.000000
0.200000 0.250000 1.999312 0.125000 1.000000 0.547493 3.000000 0.201730
0.583147 1.000000 4.000000 0.250000 1.826507 1.000000 0.847657 0.125000
0.200000 0.719658 3.548587 0.500000 0.333333 1.179723 1.000000 0.166667
2.000000 5.000000 9.000000 1.000000 4.957122 8.000000 6.000000 1.000000

Matrix 409:
1.000000 4.844611 2.032247 0.500000 0.179225 2.964069 2.000000 6.000000
0.206415 1.000000 0.230349 0.250000 0.132376 0.166667 0.333333 0.409771
0.492066 4.341242 1.000000 0.125000 0.166667 0.500000 4.000000 1.846371
2.000000 4.000000 8.000000 1.000000 2.109046 3.000003 5.999988 4.000000
5.579583 7.554252 6.000000 0.474148 1.000000 3.000003 8.000000 9.000000
0.337374 6.000000 2.000000 0.333333 0.333333 1.000000 5.000000 2.000000
0.500000 3.000000 0.250000 0.166667 0.125000 0.200000 1.000000 1.606637
0.166667 2.440387 0.541603 0.250000 0.111111 0.500000 0.622418 1.000000

Matrix 410:
1.000000 0.126686 0.589220 2.418734 4.000000 1.000000 0.459040 0.500000
7.893527 1.000000 5.301970 7.000007 4.000000 1.000000 3.000003 8.000000
1.697160 0.188609 1.000000 7.000007 2.000000 1.000000 0.513649 0.499817
0.413439 0.142857 0.142857 1.000000 1.000000 0.166667 0.250000 0.176265
0.250000 0.250000 0.500000 1.000000 1.000000 0.333155 0.530177 0.333333
1.000000 1.000000 1.000000 6.000000 3.001608 1.000000 0.453371 2.177705
2.178458 0.333333 1.946855 4.000000 1.886162 2.205697 1.000000 2.000000
2.000000 0.125000 2.000732 5.673288 3.000000 0.459199 0.500000 1.000000

Matrix 411:
1.000000 3.000003 0.523345 0.282865 0.333333 0.333333 0.166667 5.000000
0.333333 1.000000 0.250000 0.175045 0.250000 0.250000 0.250000 0.613291
1.910787 4.000000 1.000000 0.671551 0.250000 1.000000 0.500000 9.000000
3.535261 5.712816 1.489090 1.000000 0.333333 2.000000 0.200000 5.000000
3.000000 4.000000 4.000000 3.000000 1.000000 2.000000 0.436337 3.000000
3.000000 4.000000 1.000000 0.500000 0.500000 1.000000 0.500000 5.000000
6.000000 4.000000 2.000000 5.000000 2.291808 2.000000 1.000000 9.000000
0.200000 1.630546 0.111111 0.200000 0.333333 0.200000 0.111111 1.000000

Matrix 412:
1.000000 0.406992 0.500000 1.776433 0.111111 1.000000 0.200000 0.209984
2.457048 1.000000 4.785423 5.118943 0.399585 0.796884 0.548133 0.142857
2.000000 0.208968 1.000000 2.258417 0.125000 0.560081 0.125000 0.142857
0.562926 0.195353 0.442788 1.000000 0.142857 0.250000 0.137985 0.125000
9.000000 2.502597 8.000000 7.000000 1.000000 6.058524 0.250000 0.500000
1.000000 1.254888 1.785456 4.000000 0.165057 1.000000 0.142857 0.125000
5.000000 1.824375 8.000000 7.247189 4.000000 7.000000 1.000000 1.717947
4.762271 7.000000 7.000000 8.000000 2.000000 8.000000 0.582090 1.000000

Matrix 413:
1.000000 0.731069 0.111679 0.111111 0.200000 0.333333 0.250000 0.160284
1.367859 1.000000 0.333333 0.166667 0.200000 0.462683 0.200000 0.142857
8.954202 3.000000 1.000000 0.653718 1.908862 2.000000 0.730379 3.000000
9.000000 6.000000 1.529712 1.000000 2.965136 1.000000 0.280790 1.585212
5.000000 5.000000 0.523872 0.337253 1.000000 4.131253 0.491135 1.009131
3.000000 2.161306 0.500000 1.000000 0.242057 1.000000 0.142857 0.200000
4.000000 5.000000 1.369152 3.561384 2.036099 7.000000 1.000000 1.089808
6.238927 7.000000 0.333333 0.630830 0.990952 5.000000 0.917593 1.000000

Matrix 414:
1.000000 0.142857 0.250000 1.726935 1.000000 0.500000 0.116586 0.111111
7.000000 1.000000 0.538939 4.000000 0.500000 1.116410 2.000000 0.273494
4.000000 1.855498 1.000000 4.000000 1.866583 0.870773 0.500000 0.333333
0.579060 0.250000 0.250000 1.000000 0.166667 0.200000 0.128330 0.166068
1.000000 2.000000 0.535738 6.000000 1.000000 1.000000 1.000000 0.500000
2.000000 0.895729 1.148404 5.000000 1.000000 1.000000 0.333333 0.852213
8.577387 0.500000 2.000000 7.792426 1.000000 3.000000 1.000000 0.500000
9.000000 3.656381 3.000000 6.021629 2.000000 1.173416 2.000000 1.000000

Matrix 415:
1.000000 2.482599 2.000000 5.413157 5.000000 0.500000 6.000000 0.684145
0.402804 1.000000 3.000003 7.000007 9.000009 0.468388 3.000000 2.134083
0.500000 0.333333 1.000000 2.113987 5.000000 0.500000 4.000000 0.116719
0.184735 0.142857 0.473040 1.000000 0.430435 0.142857 0.579194 0.333333
0.200000 0.111111 0.200000 2.323231 1.000000 0.125000 1.262852 0.125000
2.000000 2.134983 2.000000 7.000000 8.000000 1.000000 6.205787 1.000000
0.166667 0.333333 0.250000 1.726538 0.791859 0.161140 1.000000 0.142857
1.461678 0.468585 8.567622 3.000000 8.000000 1.000000 7.000000 1.000000

Matrix 416:
1.000000 1.881176 3.000003 0.500000 2.000000 7.000000 4.000000 4.000000
0.531582 1.000000 3.000003 0.166667 2.000000 8.000000 4.000000 2.112840
0.333333 0.333333 1.000000 0.270698 1.888736 8.000000 1.192701 0.400791
2.000000 6.000000 3.694153 1.000000 5.000000 8.000000 5.000000 4.000000
0.500000 0.500000 0.529455 0.200000 1.000000 4.000000 0.333333 0.438689
0.142857 0.125000 0.125000 0.125000 0.250000 1.000000 0.500000 0.333333
0.250000 0.250000 0.838433 0.200000 3.000000 2.000000 1.000000 0.200000
0.250000 0.473296 2.495067 0.250000 2.279519 3.000000 5.000000 1.000000

Matrix 417:
1.000000 0.612729 0.142857 2.000000 3.000003 0.133243 3.000000 3.055442
1.632044 1.000000 0.142857 5.999988 2.518779 0.200000 3.000000 1.000000
7.000000 7.000000 1.000000 9.000009 5.999988 0.583948 7.000000 8.000000
0.500000 0.166667 0.111111 1.000000 1.000000 0.111111 0.579309 0.340816
0.333333 0.397018 0.166667 1.000000 1.000000 0.125000 3.000000 2.427611
7.505086 5.000000 1.712482 9.000000 8.000000 1.000000 7.000000 6.000000
0.333333 0.333333 0.142857 1.726194 0.333333 0.142857 1.000000 2.000000
0.327285 1.000000 0.125000 2.934137 0.411928 0.166667 0.500000 1.000000

Matrix 418:
1.000000 1.000000 1.577921 0.500000 0.635355 0.125000 0.364921 1.795122
1.000000 1.000000 3.000003 1.000000 1.000000 1.339167 0.200000 1.972894
0.633745 0.333333 1.000000 0.404163 0.500000 0.333333 0.142857 0.600528
2.000000 1.000000 2.474249 1.000000 3.000003 0.461881 0.250000 6.000000
1.573923 1.000000 2.000000 0.333333 1.000000 0.271851 0.333333 8.000000
8.000000 0.746733 3.000000 2.165062 3.678491 1.000000 1.244031 8.000000
2.740316 5.000000 7.000000 4.000000 3.000000 0.803839 1.000000 5.000000
0.557065 0.506870 1.665202 0.166667 0.125000 0.125000 0.200000 1.000000

Matrix 419:
1.000000 1.000000 0.672992 8.000000 7.000007 0.726322 9.000000 2.891839
1.000000 1.000000 2.000000 5.000000 2.501317 1.951055 4.643346 8.000000
1.485901 0.500000 1.000000 4.000000 5.000000 0.621882 7.047101 2.884376
0.125000 0.200000 0.250000 1.000000 1.709241 0.500000 2.000000 0.200000
0.142857 0.399789 0.200000 0.585055 1.000000 0.292183 3.000000 0.475175
1.376799 0.512543 1.608022 2.000000 3.422516 1.000000 4.000000 4.000000
0.111111 0.215362 0.141902 0.500000 0.333333 0.250000 1.000000 0.200000
0.345801 0.125000 0.346695 5.000000 2.104486 0.250000 5.000000 1.000000

Matrix 420:
1.000000 7.688392 4.000000 3.000003 0.378651 8.829809 5.999988 0.592126
0.130066 1.000000 0.630132 0.168692 0.142857 2.000000 1.227261 0.125000
0.250000 1.586970 1.000000 1.209143 0.200000 4.000000 5.000000 0.250000
0.333333 5.927947 0.827032 1.000000 0.434996 1.000000 3.000003 1.000000
2.640954 7.000000 5.000000 2.298873 1.000000 8.000000 5.130708 0.669870
0.113253 0.500000 0.250000 1.000000 0.125000 1.000000 1.425163 0.200000
0.166667 0.814823 0.200000 0.333333 0.194905 0.701674 1.000000 0.250000
1.688829 8.000000 4.000000 1.000000 1.492827 5.000000 4.000000 1.000000

Matrix 421:
1.000000 5.040161 5.778364 0.322009 0.568254 0.142857 0.510384 2.232874
0.198406 1.000000 2.163676 0.333333 1.391439 0.111111 0.250000 1.847036
0.173059 0.462176 1.000000 0.125000 0.115916 0.142857 0.166667 0.646832
3.105504 3.000000 8.000000 1.000000 0.500000 0.607935 0.629123 9.000000
1.759778 0.718680 8.626972 2.000000 1.000000 0.580439 1.000000 7.000000
7.000000 9.000000 7.000000 1.644914 1.722835 1.000000 4.000000 6.000000
1.959311 4.000000 6.000000 1.589514 1.000000 0.250000 1.000000 7.000000
0.447853 0.541408 1.545996 0.111111 0.142857 0.166667 0.142857 1.000000

Matrix 422:
1.000000 8.000000 0.142857 0.500000 4.000000 0.200000 2.000000 6.000000
0.125000 1.000000 0.200000 0.200000 2.000000 0.125000 0.500000 0.500000
7.000000 5.000000 1.000000 1.562979 9.000000 0.500000 9.000000 5.000000
2.000000 5.000000 0.639804 1.000000 8.000000 0.500000 8.000000 5.000000
0.250000 0.500000 0.111111 0.125000 1.000000 0.200000 0.250000 0.200000
5.000000 8.000000 2.000000 2.000000 5.000000 1.000000 9.000000 6.000000
0.500000 2.000000 0.111111 0.125000 4.000000 0.111111 1.000000 1.000000
0.166667 2.000000 0.200000 0.200000 5.000000 0.166667 1.000000 1.000000

Matrix 423:
1.000000 5.000000 3.000003 5.000000 5.999988 9.000009 1.818708 0.500000
0.200000 1.000000 2.266574 4.000000 2.250668 2.046035 0.333333 0.166667
0.333333 0.441194 1.000000 2.999301 3.000003 8.000000 0.250000 0.500000
0.200000 0.250000 0.333411 1.000000 1.876756 1.496026 0.333333 0.166667
0.166667 0.444312 0.333333 0.532834 1.000000 0.483093 0.258982 0.166667
0.111111 0.488750 0.125000 0.668438 2.069994 1.000000 0.142857 0.142857
0.549841 3.000000 4.000000 3.000000 3.861278 7.000000 1.000000 0.250000
2.000000 6.000000 2.000000 6.000000 6.000000 7.000000 4.000000 1.000000

Matrix 424:
1.000000 1.660891 0.474881 0.635347 1.000000 0.125000 0.142857 1.668814
0.602086 1.000000 0.125000 0.333333 0.333333 0.333333 0.142857 0.500000
2.105792 8.000000 1.000000 4.000000 0.981609 0.397368 1.338841 9.000000
1.573942 3.000000 0.250000 1.000000 0.166667 0.166667 0.333333 1.658771
1.000000 3.000000 1.018736 6.000000 1.000000 0.500000 1.301919 2.000000
8.000000 3.000000 2.516559 6.000000 2.000000 1.000000 2.000000 7.000000
7.000000 7.000000 0.746915 3.000000 0.768097 0.500000 1.000000 2.000000
0.599228 2.000000 0.111111 0.602856 0.500000 0.142857 0.500000 1.000000

Matrix 425:
1.000000 2.000000 1.000000 2.000000 1.926395 0.429469 0.421271 5.000000
0.500000 1.000000 0.142857 0.200000 0.166667 0.142857 0.617690 0.612536
1.000000 7.000000 1.000000 1.142008 1.000000 0.433585 0.333333 6.000000
0.500000 5.000000 0.875650 1.000000 2.000000 0.333617 0.500000 2.000000
0.519104 6.000000 1.000000 0.500000 1.000000 0.142857 0.541595 3.000000
2.328455 7.000000 2.306355 2.997453 7.000000 1.000000 4.000000 6.528526
2.373771 1.618935 3.000000 2.000000 1.846397 0.250000 1.000000 4.678715
0.200000 1.632556 0.166667 0.500000 0.333333 0.153174 0.213734 1.000000

Matrix 426:
1.000000 1.250770 0.500000 2.662441 7.000007 0.333333 4.000000 1.767122
0.799507 1.000000 0.166667 0.500000 1.716741 0.200000 0.500000 0.359360
2.000000 6.000000 1.000000 1.000000 8.000000 0.500000 9.000000 2.000000
0.375595 2.000000 1.000000 1.000000 5.000000 0.500000 3.000000 1.000000
0.142857 0.582499 0.125000 0.200000 1.000000 0.190015 0.503901 1.000000
3.000000 5.000000 2.000000 2.000000 5.262746 1.000000 7.000000 2.000000
0.250000 2.000000 0.111111 0.333333 1.984515 0.142857 1.000000 1.000000
0.565892 2.782725 0.500000 1.000000 1.000000 0.500000 1.000000 1.000000

Matrix 427:
1.000000 0.142857 0.500000 0.547933 0.537919 1.000000 0.142857 0.500000
7.000000 1.000000 9.000009 2.522143 5.000000 5.999988 0.624103 3.411410
2.000000 0.111111 1.000000 0.500000 0.163082 0.333333 0.117330 0.333333
1.825042 0.396488 2.000000 1.000000 0.446033 0.937017 1.119320 1.000000
1.859015 0.200000 6.131886 2.241988 1.000000 1.000000 0.377974 2.000000
1.000000 0.166667 3.000000 1.067216 1.000000 1.000000 0.250000 0.500000
7.000000 1.602300 8.522970 0.893399 2.645688 4.000000 1.000000 8.667689
2.000000 0.293134 3.000000 1.000000 0.500000 2.000000 0.115371 1.000000

Matrix 428:
1.000000 0.348112 0.325106 1.000000 3.042538 3.289934 0.333333 4.000000
2.872639 1.000000 0.327073 0.500000 4.000000 3.988992 0.621800 5.000000
3.075921 3.057426 1.000000 0.613400 4.000000 9.000009 1.574630 5.000000
1.000000 2.000000 1.630257 1.000000 5.999988 4.000000 3.000000 6.000000
0.328673 0.250000 0.250000 0.166667 1.000000 0.682608 0.250000 4.000000
0.303957 0.250690 0.111111 0.250000 1.464969 1.000000 0.479726 2.880249
3.000000 1.608235 0.635070 0.333333 4.000000 2.084521 1.000000 2.000000
0.250000 0.200000 0.200000 0.166667 0.250000 0.347192 0.500000 1.000000

Matrix 429:
1.000000 3.042496 4.000000 4.000000 0.304006 0.397670 2.000000 7.000000
0.328677 1.000000 1.389246 1.811135 0.333333 0.166667 1.596991 0.500000
0.250000 0.719815 1.000000 2.000000 0.111111 0.500000 3.000003 1.772406
0.250000 0.552140 0.500000 1.000000 0.125000 0.111111 0.591118 2.000000
3.289404 3.000000 9.000000 8.000000 1.000000 1.000000 8.000000 6.000000
2.514645 6.000000 2.000000 9.000000 1.000000 1.000000 3.000003 3.000000
0.500000 0.626178 0.333333 1.691709 0.125000 0.333333 1.000000 0.606609
0.142857 2.000000 0.564205 0.500000 0.166667 0.333333 1.648508 1.000000

Matrix 430:
1.000000 0.125000 0.250000 5.999988 2.000000 0.333333 0.125000 2.019857
8.000000 1.000000 0.539830 7.182104 5.000000 3.779981 1.689954 7.000000
4.000000 1.852435 1.000000 8.000000 9.000009 1.654840 1.601568 6.000000
0.166667 0.139235 0.125000 1.000000 0.612525 0.500000 0.250000 0.335822
0.500000 0.200000 0.111111 1.632586 1.000000 0.250000 0.125000 0.500000
3.000000 0.264552 0.604288 2.000000 4.000000 1.000000 0.125000 3.554598
8.000000 0.591732 0.624388 4.000000 8.000000 8.000000 1.000000 9.000000
0.495085 0.142857 0.166667 2.977772 2.000000 0.281326 0.111111 1.000000

Matrix 431:
1.000000 2.448191 7.000007 0.347999 3.000003 0.251595 2.612282 0.142857
0.408465 1.000000 1.000000 0.122553 1.000000 0.362826 0.333333 0.250000
0.142857 1.000000 1.000000 0.111111 0.494380 0.333333 0.200000 0.142857
2.873572 8.159731 9.000000 1.000000 6.089210 0.500000 2.000000 0.333333
0.333333 1.000000 2.022735 0.164225 1.000000 0.200000 0.166667 0.125000
3.974642 2.756142 3.000000 2.000000 5.000000 1.000000 1.891072 0.629283
0.382807 3.000000 5.000000 0.500000 6.000000 0.528801 1.000000 0.149832
7.000000 4.000000 7.000000 3.000000 8.000000 1.589111 6.674146 1.000000

Matrix 432:
1.000000 3.817685 0.200000 0.144226 0.373799 0.142857 0.586519 3.000000
0.261939 1.000000 0.200000 0.111111 1.000000 0.111111 0.111111 1.682536
5.000000 5.000000 1.000000 0.500000 2.000000 0.415407 1.000000 3.191599
6.933568 9.000000 2.000000 1.000000 4.585635 0.639765 0.695678 7.000000
2.675234 1.000000 0.500000 0.218072 1.000000 0.200000 1.049592 2.461778
7.000000 9.000000 2.407277 1.563074 5.000000 1.000000 3.000003 5.000000
1.704974 9.000000 1.000000 1.437448 0.952751 0.333333 1.000000 2.000000
0.333333 0.594341 0.313323 0.142857 0.406211 0.200000 0.500000 1.000000

Matrix 433:
1.000000 0.369387 3.000003 8.000000 8.000000 1.000000 5.999988 2.000000
2.707185 1.000000 2.710096 7.000007 6.263228 2.153910 5.000000 7.000000
0.333333 0.368991 1.000000 3.000003 4.000000 0.250000 3.000003 1.940618
0.125000 0.142857 0.333333 1.000000 0.574437 0.776758 1.000000 1.000000
0.125000 0.159662 0.250000 1.740834 1.000000 0.113212 0.347622 1.538617
1.000000 0.464272 4.000000 1.287403 8.833012 1.000000 5.999988 6.412972
0.166667 0.200000 0.333333 1.000000 2.876684 0.166667 1.000000 1.593481
0.500000 0.142857 0.515300 1.000000 0.649935 0.155934 0.627557 1.000000

Matrix 434:
1.000000 0.125000 0.333333 0.142857 0.481342 0.111111 2.000000 0.125000
8.000000 1.000000 5.000000 0.333333 1.765918 0.142857 5.000000 0.500000
3.000000 0.200000 1.000000 0.300010 0.828375 0.373453 2.000000 0.111111
7.000000 3.000000 3.333220 1.000000 2.000000 0.250000 7.000007 0.444267
2.077525 0.566278 1.207183 0.500000 1.000000 0.111111 5.999988 0.250000
9.000000 7.000000 2.677712 4.000000 9.000000 1.000000 6.524457 2.262684
0.500000 0.200000 0.500000 0.142857 0.166667 0.153269 1.000000 0.166667
8.000000 2.000000 9.000000 2.250901 4.000000 0.441953 6.000000 1.000000

Matrix 435:
1.000000 0.500000 0.250000 5.000000 4.000000 4.000000 8.000000 2.000000
2.000000 1.000000 1.151351 4.000000 4.000000 7.000007 7.090577 9.000000
4.000000 0.868545 1.000000 5.999988 8.000000 8.000000 9.000009 5.433787
0.200000 0.250000 0.166667 1.000000 1.418209 1.625403 2.000000 0.541807
0.250000 0.250000 0.125000 0.705115 1.000000 2.000000 5.999988 4.000000
0.250000 0.142857 0.125000 0.615232 0.500000 1.000000 3.000003 0.250000
0.125000 0.141032 0.111111 0.500000 0.166667 0.333333 1.000000 0.945951
0.500000 0.111111 0.184034 1.845676 0.250000 4.000000 1.057137 1.000000

Matrix 436:
1.000000 0.531731 0.500000 0.500000 5.000000 0.500000 9.000009 1.154305
1.880651 1.000000 1.528655 3.000003 4.783261 2.657652 7.000007 3.000000
2.000000 0.654170 1.000000 2.326246 2.166893 3.000003 5.775070 1.079702
2.000000 0.333333 0.429877 1.000000 1.000000 0.617840 5.999988 0.570898
0.200000 0.209062 0.461490 1.000000 1.000000 0.142857 0.652705 0.235562
2.000000 0.376272 0.333333 1.618543 7.000000 1.000000 5.000000 2.000000
0.111111 0.142857 0.173158 0.166667 1.532086 0.200000 1.000000 0.500000
0.866322 0.333333 0.926181 1.751626 4.245160 0.500000 2.000000 1.000000

Matrix 437:
1.000000 3.802533 7.136638 4.000000 2.410052 0.676413 5.999988 5.000000
0.262983 1.000000 5.999988 0.500000 0.594456 0.366077 4.000000 0.500000
0.140122 0.166667 1.000000 0.250000 0.250000 0.166667 2.060630 0.197187
0.250000 2.000000 4.000000 1.000000 2.000000 0.333333 3.000003 1.000000
0.414929 1.682210 4.000000 0.500000 1.000000 2.000000 5.999988 3.000000
1.478388 2.731666 6.000000 3.000000 0.500000 1.000000 8.000000 7.000000
0.166667 0.250000 0.485289 0.333333 0.166667 0.125000 1.000000 0.496862
0.200000 2.000000 5.071336 1.000000 0.333333 0.142857 2.012630 1.000000

Matrix 438:
1.000000 1.672341 1.069022 0.500000 0.333333 0.594200 0.333333 1.373141
0.597964 1.000000 0.508283 1.204596 0.333333 0.333333 0.142857 0.377274
0.935434 1.967409 1.000000 2.402213 1.360477 0.250000 0.732565 1.000000
2.000000 0.830154 0.416283 1.000000 0.500000 0.200000 0.166667 0.521549
3.000000 3.000000 0.735036 2.000000 1.000000 0.500000 0.125000 4.000000
1.682936 3.000000 4.000000 5.000000 2.000000 1.000000 0.250000 2.000000
3.000000 7.000000 1.365066 6.000000 8.000000 4.000000 1.000000 8.000000
0.728257 2.650595 1.000000 1.917366 0.250000 0.500000 0.125000 1.000000

Matrix 439:
1.000000 7.000007 0.432309 2.000000 2.000000 1.000000 7.000007 2.000000
0.142857 1.000000 0.385613 0.500000 1.000000 0.500000 2.442693 0.333333
2.313158 2.593272 1.000000 2.000000 1.335765 2.000000 8.000000 2.460114
0.500000 2.000000 0.500000 1.000000 5.194295 1.000000 4.000000 0.500000
0.500000 1.000000 0.748635 0.192519 1.000000 0.655938 5.000000 0.333333
1.000000 2.000000 0.500000 1.000000 1.524535 1.000000 5.000000 1.584872
0.142857 0.409384 0.125000 0.250000 0.200000 0.200000 1.000000 0.500000
0.500000 3.000000 0.406485 2.000000 3.000000 0.630966 2.000000 1.000000

Matrix 440:
1.000000 0.140801 1.000000 2.161062 0.581154 0.491723 0.607890 1.000000
7.102225 1.000000 4.000000 8.000000 3.000003 2.257977 5.000000 5.000000
1.000000 0.250000 1.000000 0.620803 0.500000 0.200000 1.000000 0.333333
0.462735 0.125000 1.610818 1.000000 0.761935 0.125000 2.000000 0.200000
1.720715 0.333333 2.000000 1.312448 1.000000 0.200000 2.060995 1.719541
2.033664 0.442874 5.000000 8.000000 5.000000 1.000000 2.000000 1.723257
1.645035 0.200000 1.000000 0.500000 0.485203 0.500000 1.000000 0.200000
1.000000 0.200000 3.000000 5.000000 0.581550 0.580297 5.000000 1.000000

Matrix 441:
1.000000 0.333333 0.333333 0.250000 0.333333 0.142857 3.000003 1.000000
3.000000 1.000000 0.333333 0.536630 1.841599 0.704493 4.000000 7.000000
3.000000 3.000000 1.000000 2.024052 8.000000 1.000000 4.000000 7.000000
4.000000 1.863482 0.494059 1.000000 1.000000 2.316908 5.000000 9.000000
3.000000 0.543007 0.125000 1.000000 1.000000 0.546232 9.000009 3.000000
7.000000 1.419461 1.000000 0.431610 1.830722 1.000000 5.000000 2.390399
0.333333 0.250000 0.250000 0.200000 0.111111 0.200000 1.000000 1.000000
1.000000 0.142857 0.142857 0.111111 0.333333 0.418340 1.000000 1.000000

Matrix 442:
1.000000 1.079654 1.780695 1.000000 2.198289 0.586296 1.000000 0.333333
0.926222 1.000000 1.000000 0.588729 7.000007 0.333333 0.500000 0.816842
0.561578 1.000000 1.000000 0.250000 1.000000 0.472194 0.333333 0.142857
1.000000 1.698575 4.000000 1.000000 3.778684 2.000000 1.000000 0.614661
0.454899 0.142857 1.000000 0.264642 1.000000 0.190584 0.333333 0.125000
1.705623 3.000000 2.117775 0.500000 5.247030 1.000000 0.688279 0.333333
1.000000 2.000000 3.000000 1.000000 3.000000 1.452898 1.000000 3.000000
3.000000 1.224227 7.000000 1.626913 8.000000 3.000000 0.333333 1.000000

Matrix 443:
1.000000 8.000000 9.000009 1.770062 5.999988 5.999988 9.000000 0.737921
0.125000 1.000000 1.671030 0.166667 0.142857 1.612994 0.412010 0.200000
0.111111 0.598433 1.000000 0.200000 0.142857 0.304995 0.200000 0.142857
0.564952 6.000000 5.000000 1.000000 1.818200 2.905235 1.000000 0.249530
0.166667 7.000000 7.000000 0.549995 1.000000 2.088242 0.782549 0.125000
0.166667 0.619965 3.278742 0.344206 0.478872 1.000000 0.500000 0.185707
0.111111 2.427125 5.000000 1.000000 1.277875 2.000000 1.000000 0.142857
1.355159 5.000000 7.000000 4.007529 8.000000 5.384832 7.000000 1.000000

Matrix 444:
1.000000 1.921436 9.000009 5.000000 1.480427 0.580823 4.000000 3.000000
0.520444 1.000000 0.654899 2.000000 0.333333 0.125000 0.505131 0.512566
0.111111 1.526952 1.000000 0.677312 0.200000 0.317150 0.333333 0.200000
0.200000 0.500000 1.476425 1.000000 0.388777 0.142857 1.756787 0.425752
0.675481 3.000000 5.000000 2.572167 1.000000 1.000000 3.000003 1.568649
1.721694 8.000000 3.153082 7.000000 1.000000 1.000000 5.999988 1.000000
0.250000 1.979684 3.000000 0.569221 0.333333 0.166667 1.000000 1.357986
0.333333 1.950970 5.000000 2.348787 0.637491 1.000000 0.736385 1.000000

Matrix 445:
1.000000 0.310986 0.500000 0.921803 0.500000 0.366048 2.000000 1.000000
3.215579 1.000000 4.000000 2.936208 1.000000 0.500000 5.000000 0.726231
2.000000 0.250000 1.000000 2.000000 0.624454 0.589310 5.999988 1.000000
1.084831 0.340575 0.500000 1.000000 0.111111 0.125000 0.484414 0.333333
2.000000 1.000000 1.601400 9.000000 1.000000 2.000000 2.000000 0.677225
2.731884 2.000000 1.696899 8.000000 0.500000 1.000000 9.000009 1.387022
0.500000 0.200000 0.166667 2.064351 0.500000 0.111111 1.000000 0.166667
1.000000 1.376972 1.000000 3.000000 1.476614 0.720969 6.000000 1.000000

Matrix 446:
1.000000 0.333333 0.453704 0.125000 0.250000 0.771953 0.312039 0.598064
3.000000 1.000000 0.874293 0.142857 1.000000 1.000000 1.000000 3.000000
2.204080 1.143781 1.000000 0.142857 0.333333 0.577512 0.453002 5.000000
8.000000 7.000000 7.000000 1.000000 2.000000 7.000007 8.000000 7.000000
4.000000 1.000000 3.000000 0.500000 1.000000 1.000000 5.999988 8.000000
1.295416 1.000000 1.731564 0.142857 1.000000 1.000000 1.793367 6.000000
3.204727 1.000000 2.207498 0.125000 0.166667 0.557610 1.000000 5.000000
1.672063 0.333333 0.200000 0.142857 0.125000 0.166667 0.200000 1.000000

Matrix 447:
1.000000 0.144497 0.200000 0.167459 2.050847 0.500000 0.125000 0.125000
6.920575 1.000000 0.697465 0.500000 5.000000 1.755827 0.166667 0.500000
5.000000 1.433764 1.000000 1.616446 3.000003 5.305307 0.228050 1.885182
5.971610 2.000000 0.618641 1.000000 8.171031 9.000009 0.200000 2.000000
0.487603 0.200000 0.333333 0.122384 1.000000 0.250000 0.125000 0.142857
2.000000 0.569532 0.188491 0.111111 4.000000 1.000000 0.200000 0.295229
8.000000 6.000000 4.385007 5.000000 8.000000 5.000000 1.000000 6.615541
8.000000 2.000000 0.530453 0.500000 7.000000 3.387203 0.151159 1.000000

Matrix 448:
1.000000 4.520948 0.111111 1.402014 0.333333 0.125000 0.166667 0.500000
0.221193 1.000000 0.125000 0.811143 0.200000 0.166667 0.166667 0.250000
9.000000 8.000000 1.000000 2.309743 5.330827 0.929572 1.788867 3.000000
0.713259 1.232829 0.432949 1.000000 0.430790 0.142857 0.142857 1.909292
3.000000 5.000000 0.187588 2.321314 1.000000 0.125000 0.500000 0.500000
8.000000 6.000000 1.075764 7.000000 8.000000 1.000000 2.000000 5.000000
6.000000 6.000000 0.559013 7.000000 2.000000 0.500000 1.000000 4.000000
2.000000 4.000000 0.333333 0.523754 2.000000 0.200000 0.250000 1.000000

Matrix 449:
1.000000 1.613572 3.445496 4.000000 5.000000 4.000000 9.000009 9.000000
0.619743 1.000000 9.000009 3.350630 3.347752 1.000000 2.623305 7.000000
0.290234 0.111111 1.000000 0.333333 0.804841 0.664647 0.682568 0.728594
0.250000 0.298451 3.000000 1.000000 4.305157 3.000003 5.999988 6.946663
0.200000 0.298708 1.242481 0.232280 1.000000 0.531520 0.279774 0.968416
0.250000 1.000000 1.504559 0.333333 1.881398 1.000000 0.746141 4.000000
0.111111 0.381199 1.465055 0.166667 3.574310 1.340229 1.000000 4.000000
0.111111 0.142857 1.372506 0.143954 1.032614 0.250000 0.250000 1.000000

Matrix 450:
1.000000 0.142857 0.333333 3.098984 0.142857 0.886169 1.000000 1.844500
7.000000 1.000000 2.033009 5.999988 1.464724 2.000000 0.523522 8.000000
3.000000 0.491882 1.000000 9.000009 1.528000 4.000000 3.000000 7.000000
0.322686 0.166667 0.111111 1.000000 0.166667 0.397195 0.166667 2.006312
7.000000 0.682722 0.654450 6.000000 1.000000 2.391898 3.259482 7.132030
1.128453 0.500000 0.250000 2.517653 0.418078 1.000000 2.000000 3.000000
1.000000 1.910141 0.333333 6.000000 0.306797 0.500000 1.000000 7.000000
0.542152 0.125000 0.142857 0.498427 0.140213 0.333333 0.142857 1.000000

Matrix 451:
1.000000 0.142857 0.673377 0.457346 0.166667 0.692157 1.000000 1.000000
7.000000 1.000000 5.000000 4.000000 0.790240 2.481755 8.000000 0.743486
1.485053 0.200000 1.000000 0.575926 0.142857 0.500000 1.608616 0.263812
2.186529 0.250000 1.736333 1.000000 0.250000 0.250000 5.373592 1.000000
6.000000 1.265438 7.000000 4.000000 1.000000 1.154114 5.000000 0.681073
1.444758 0.402941 2.000000 4.000000 0.866465 1.000000 3.000003 0.333333
1.000000 0.125000 0.621652 0.186095 0.200000 0.333333 1.000000 0.333333
1.000000 1.345015 3.790572 1.000000 1.468271 3.000000 3.000000 1.000000

Matrix 452:
1.000000 8.000000 8.000000 4.000000 0.500000 1.395572 4.356901 1.000000
0.125000 1.000000 1.000000 0.500000 0.250000 0.125000 0.198002 0.333333
0.125000 1.000000 1.000000 0.166667 0.200000 0.250000 0.200000 0.125000
0.250000 2.000000 6.000000 1.000000 0.987984 0.436676 1.655077 0.200000
2.000000 4.000000 5.000000 1.012162 1.000000 1.313628 3.088558 0.250000
0.716552 8.000000 4.000000 2.290028 0.761250 1.000000 3.000003 1.000000
0.229521 5.050459 5.000000 0.604201 0.323776 0.333333 1.000000 0.166667
1.000000 3.000000 8.000000 5.000000 4.000000 1.000000 6.000000 1.000000

Matrix 453:
1.000000 1.333429 3.244707 1.139353 7.000007 1.000000 2.000000 0.200000
0.749946 1.000000 7.000007 4.000000 5.999988 0.519660 4.000000 0.114262
0.308194 0.142857 1.000000 0.250000 1.057201 0.500000 0.543511 0.142857
0.877691 0.250000 4.000000 1.000000 2.000000 0.500000 0.580080 0.200000
0.142857 0.166667 0.945894 0.500000 1.000000 0.111111 0.405713 0.111111
1.000000 1.924337 2.000000 2.000000 9.000000 1.000000 8.000000 0.200000
0.500000 0.250000 1.839890 1.723901 2.464794 0.125000 1.000000 0.125000
5.000000 8.751840 7.000000 5.000000 9.000000 5.000000 8.000000 1.000000

Matrix 454:
1.000000 3.000003 3.000003 0.531929 2.000000 4.000000 0.333333 0.166667
0.333333 1.000000 0.662653 0.333333 0.269838 0.564398 0.200000 0.333333
0.333333 1.509085 1.000000 0.125000 0.500000 0.333333 0.142766 0.125000
1.879952 3.000000 8.000000 1.000000 1.000000 4.000000 0.300297 0.200000
0.500000 3.705923 2.000000 1.000000 1.000000 1.826412 0.111111 0.200000
0.250000 1.771800 3.000000 0.250000 0.547522 1.000000 0.111111 0.166667
3.000000 5.000000 7.004480 3.330037 9.000000 9.000000 1.000000 3.000000
6.000000 3.000000 8.000000 5.000000 5.000000 6.000000 0.333333 1.000000

Matrix 455:
1.000000 3.317839 5.999988 2.000000 8.000000 3.463694 0.269908 2.331570
0.301401 1.000000 1.000000 0.791965 1.000000 0.634130 0.200000 2.304525
0.166667 1.000000 1.000000 0.200000 0.250000 0.250000 0.125000 0.690876
0.500000 1.262682 5.000000 1.000000 6.121891 1.880562 1.594553 3.616227
0.125000 1.000000 4.000000 0.163348 1.000000 0.250000 0.298454 0.518467
0.288709 1.576964 4.000000 0.531756 4.000000 1.000000 0.311442 1.930922
3.704972 5.000000 8.000000 0.627135 3.350605 3.210875 1.000000 9.000000
0.428896 0.433929 1.447439 0.276531 1.928761 0.517887 0.111111 1.000000

Matrix 456:
1.000000 0.345455 0.972602 4.000000 0.500000 0.200000 0.510400 0.443762
2.894733 1.000000 5.000000 8.000000 5.999988 1.804509 5.999988 4.000000
1.028170 0.200000 1.000000 7.000007 1.000000 0.500000 2.000000 1.476836
0.250000 0.125000 0.142857 1.000000 0.333333 0.125000 1.310071 0.142857
2.000000 0.166667 1.000000 3.000000 1.000000 0.250000 0.500000 0.166667
5.000000 0.554167 2.000000 8.000000 4.000000 1.000000 7.435972 2.000000
1.959246 0.166667 0.500000 0.763317 2.000000 0.134481 1.000000 0.333333
2.253461 0.250000 0.677123 7.000000 6.000000 0.500000 3.000000 1.000000

Matrix 457:
1.000000 0.832975 3.853811 0.649715 0.200000 1.000000 3.116238 3.000000
1.200517 1.000000 3.000003 1.452655 0.160410 0.128369 1.579814 0.479009
0.259483 0.333333 1.000000 0.350103 0.142857 0.200000 1.000000 0.519540
1.539137 0.688395 2.856305 1.000000 0.333333 0.200000 0.687749 2.176001
5.000000 6.234020 7.000000 3.000000 1.000000 0.333333 5.999988 6.000000
1.000000 7.790037 5.000000 5.000000 3.000000 1.000000 5.000000 7.085875
0.320900 0.632986 1.000000 1.454019 0.166667 0.200000 1.000000 1.000000
0.333333 2.087642 1.924780 0.459559 0.166667 0.141126 1.000000 1.000000

Matrix 458:
1.000000 2.000000 1.690814 0.500000 1.396184 0.461615 2.657622 0.500000
0.500000 1.000000 3.000003 0.175824 1.000000 0.294794 2.601529 0.200000
0.591431 0.333333 1.000000 1.000000 2.037030 0.250000 1.000000 0.125000
2.000000 5.687498 1.000000 1.000000 4.000000 0.439646 4.000000 0.333333
0.716238 1.000000 0.490911 0.250000 1.000000 0.250000 2.000000 0.166667
2.166308 3.392198 4.000000 2.274559 4.000000 1.000000 5.000000 0.500000
0.376276 0.384389 1.000000 0.250000 0.500000 0.200000 1.000000 0.500000
2.000000 5.000000 8.000000 3.000000 6.000000 2.000000 2.000000 1.000000

Matrix 459:
1.000000 0.730325 1.673238 2.000000 0.517323 2.000000 5.000000 0.166667
1.369253 1.000000 1.000000 0.250000 0.600425 2.374549 1.878784 0.250000
0.597644 1.000000 1.000000 0.388698 0.505087 4.000000 5.392454 0.125000
0.500000 4.000000 2.572690 1.000000 3.000003 7.000007 8.000000 0.333333
1.933029 1.665486 1.979856 0.333333 1.000000 5.999988 8.000000 0.244101
0.500000 0.421133 0.250000 0.142857 0.166667 1.000000 1.511958 0.166667
0.200000 0.532259 0.185444 0.125000 0.125000 0.661394 1.000000 0.142857
6.000000 4.000000 8.000000 3.000000 4.096660 6.000000 7.000000 1.000000

Matrix 460:
1.000000 1.740109 2.000000 2.000000 1.000000 0.425405 0.200000 3.000000
0.574677 1.000000 0.612439 0.142857 1.754878 0.118941 0.111111 0.333333
0.500000 1.632816 1.000000 0.250000 1.398877 0.500000 0.125000 0.608319
0.500000 7.000000 4.000000 1.000000 2.000000 0.250000 0.480734 5.000000
1.000000 0.569840 0.714859 0.500000 1.000000 0.166667 0.142857 0.694475
2.350703 8.407539 2.000000 4.000000 6.000000 1.000000 0.363671 5.000000
5.000000 9.000000 8.000000 2.080155 7.000000 2.749742 1.000000 6.000000
0.333333 3.000000 1.643874 0.200000 1.439937 0.200000 0.166667 1.000000

Matrix 461:
1.000000 2.000000 2.000000 0.516076 0.333333 1.804659 0.521907 3.000000
0.500000 1.000000 0.495429 1.000000 0.125000 0.250000 0.333333 1.659943
0.500000 2.018453 1.000000 0.500000 0.166667 0.500000 0.250000 1.729613
1.937700 1.000000 2.000000 1.000000 0.500000 5.000000 1.000000 3.608525
3.000000 8.000000 6.000000 2.000000 1.000000 5.000000 3.000003 3.000000
0.554121 4.000000 2.000000 0.200000 0.200000 1.000000 0.349493 1.000000
1.916051 3.000000 4.000000 1.000000 0.333333 2.861289 1.000000 1.000000
0.333333 0.602430 0.578164 0.277122 0.333333 1.000000 1.000000 1.000000

Matrix 462:
1.000000 1.359022 1.000000 1.000000 5.999988 0.333333 1.499286 7.000000
0.735823 1.000000 0.948162 0.500000 8.000000 0.250000 4.000000 8.813444
1.000000 1.054672 1.000000 2.000000 5.999988 0.142857 0.792997 2.000000
1.000000 2.000000 0.500000 1.000000 2.430448 0.125000 1.471438 3.000000
0.166667 0.125000 0.166667 0.411447 1.000000 0.149822 0.814487 2.307387
3.000000 4.000000 7.000000 8.000000 6.674583 1.000000 8.000000 8.000000
0.666984 0.250000 1.261039 0.679607 1.227766 0.125000 1.000000 3.000000
0.142857 0.113463 0.500000 0.333333 0.433391 0.125000 0.333333 1.000000

Matrix 463:
1.000000 0.500000 0.125000 0.250663 1.521590 0.181114 0.125000 0.375032
2.000000 1.000000 0.200000 0.333333 5.999988 1.452192 0.498845 6.000000
8.000000 5.000000 1.000000 1.524519 7.000007 7.000007 0.776272 5.496379
3.989420 3.000000 0.655945 1.000000 8.000000 5.919844 3.000003 5.000000
0.657207 0.166667 0.142857 0.125000 1.000000 0.250000 0.200000 0.320313
5.521374 0.688614 0.142857 0.168923 4.000000 1.000000 0.522915 5.000000
8.000000 2.004632 1.288208 0.333333 5.000000 1.912355 1.000000 5.000000
2.666442 0.166667 0.181938 0.200000 3.121948 0.200000 0.200000 1.000000

Matrix 464:
1.000000 2.574583 5.999988 7.548115 0.836407 5.999988 3.000003 4.000000
0.388412 1.000000 1.657483 2.414644 1.000000 1.843015 0.166667 0.333333
0.166667 0.603324 1.000000 4.000000 0.250000 3.000003 0.534637 0.500000
0.132483 0.414140 0.250000 1.000000 0.111111 0.166667 0.111111 0.111111
1.195591 1.000000 4.000000 9.000000 1.000000 5.000000 0.902437 1.143776
0.166667 0.542589 0.333333 6.000000 0.200000 1.000000 0.166634 0.477124
0.333333 6.000000 1.870429 9.000000 1.108111 6.001194 1.000000 3.000000
0.250000 3.000000 2.000000 9.000000 0.874297 2.095893 0.333333 1.000000

Matrix 465:
1.000000 3.000003 0.601336 0.361666 0.404185 0.333333 1.215682 0.572588
0.333333 1.000000 0.246044 0.111111 0.125000 0.242682 0.500000 0.386986
1.662962 4.064318 1.000000 0.389412 2.000000 0.333333 1.215622 5.000000
2.764982 9.000000 2.567972 1.000000 2.000000 0.500000 2.000000 9.000000
2.474115 8.000000 0.500000 0.500000 1.000000 1.000000 1.000000 3.000000
3.000000 4.120620 3.000000 2.000000 1.000000 1.000000 8.000000 5.289712
0.822583 2.000000 0.822624 0.500000 1.000000 0.125000 1.000000 2.000000
1.746456 2.584071 0.200000 0.111111 0.333333 0.189046 0.500000 1.000000

Matrix 466:
1.000000 3.000003 0.874187 1.000000 0.166667 2.302289 3.000000 3.629751
0.333333 1.000000 0.333333 2.000000 0.162048 0.888918 1.690938 0.757473
1.143920 3.000000 1.000000 4.000000 0.340963 6.566575 1.000000 6.000000
1.000000 0.500000 0.250000 1.000000 0.174829 0.500000 0.500000 1.468198
6.000000 6.171019 2.932869 5.719876 1.000000 5.000000 4.000000 7.000000
0.434350 1.124963 0.152286 2.000000 0.200000 1.000000 0.333333 1.683541
0.333333 0.591388 1.000000 2.000000 0.250000 3.000000 1.000000 0.663254
0.275501 1.320180 0.166667 0.681107 0.142857 0.593986 1.507718 1.000000

Matrix 467:
1.000000 0.337512 0.520978 5.000000 1.000000 0.111111 1.736027 0.142857
2.962860 1.000000 0.333333 7.000007 1.512547 0.125000 4.000000 0.380459
1.919466 3.000000 1.000000 5.999988 7.000007 0.500000 3.000003 1.000000
0.200000 0.142857 0.166667 1.000000 0.142857 0.125000 0.500000 0.111111
1.000000 0.661137 0.142857 7.000000 1.000000 0.288293 4.000000 1.000000
9.000000 8.000000 2.000000 8.000000 3.468695 1.000000 8.081524 3.361238
0.576028 0.250000 0.333333 2.000000 0.250000 0.123739 1.000000 0.142857
7.000000 2.628401 1.000000 9.000000 1.000000 0.297509 7.000000 1.000000

Matrix 468:
1.000000 7.000007 8.000000 9.000009 7.000007 3.000003 9.000009 3.000000
0.142857 1.000000 0.463663 0.627023 0.166667 0.333333 1.000000 0.497616
0.125000 2.156739 1.000000 1.427008 0.125000 1.242627 0.947955 0.333333
0.111111 1.594838 0.700767 1.000000 0.142857 0.166667 0.562945 0.125000
0.142857 6.000000 8.000000 7.000000 1.000000 0.500000 7.000007 2.000000
0.333333 3.000000 0.804747 6.000000 2.000000 1.000000 4.000000 0.799105
0.111111 1.000000 1.054903 1.776372 0.142857 0.250000 1.000000 0.250000
0.333333 2.009580 3.000000 8.000000 0.500000 1.251399 4.000000 1.000000

Matrix 469:
1.000000 4.000000 0.250000 0.286085 5.999988 2.000000 9.000009 0.440332
0.250000 1.000000 0.250000 0.128908 0.604931 0.363925 1.564663 0.111111
4.000000 4.000000 1.000000 1.000000 8.000000 2.000000 5.054908 2.203931
3.495469 7.757446 1.000000 1.000000 4.000000 5.999988 5.000000 1.691774
0.166667 1.653082 0.125000 0.250000 1.000000 0.399302 3.000003 1.000000
0.500000 2.747819 0.500000 0.166667 2.504371 1.000000 4.000000 0.500000
0.111111 0.639115 0.197828 0.200000 0.333333 0.250000 1.000000 0.250000
2.271011 9.000000 0.453735 0.591095 1.000000 2.000000 4.000000 1.000000

Matrix 470:
1.000000 1.693177 0.142857 4.000000 0.458338 1.862549 0.333333 1.000000
0.590606 1.000000 0.111111 2.789674 0.344438 1.000000 0.250000 1.443753
7.000000 9.000000 1.000000 4.027647 5.153312 4.000000 3.000003 9.000000
0.250000 0.358465 0.248284 1.000000 0.111111 0.500914 0.142857 0.306002
2.181798 2.903281 0.194050 9.000000 1.000000 5.999988 0.500000 1.046166
0.536899 1.000000 0.250000 1.996349 0.166667 1.000000 0.443484 1.000000
3.000000 4.000000 0.333333 7.000000 2.000000 2.254872 1.000000 6.000000
1.000000 0.692639 0.111111 3.267957 0.955871 1.000000 0.166667 1.000000

Matrix 471:
1.000000 3.000003 3.000003 5.999988 0.882149 4.000000 2.000000 0.250000
0.333333 1.000000 3.000003 0.652374 0.250000 0.684253 0.250000 0.111111
0.333333 0.333333 1.000000 0.500000 0.166667 0.200000 0.142857 0.142857
0.166667 1.532863 2.000000 1.000000 0.250000 0.510372 0.584836 0.250000
1.133595 4.000000 6.000000 4.000000 1.000000 8.000000 2.084033 1.000000
0.250000 1.461449 5.000000 1.959354 0.125000 1.000000 0.333333 0.125000
0.500000 4.000000 7.000000 1.709881 0.479839 3.000000 1.000000 2.095733
4.000000 9.000000 7.000000 4.000000 1.000000 8.000000 0.477160 1.000000

Matrix 472:
1.000000 1.000000 0.346405 1.010317 3.056137 3.800941 8.000000 0.444996
1.000000 1.000000 0.166667 0.311546 5.000000 1.000000 5.000000 0.287554
2.886793 6.000000 1.000000 5.999988 8.622663 8.000000 7.000007 1.905937
0.989788 3.209802 0.166667 1.000000 8.000000 4.000000 3.000003 0.166667
0.327210 0.200000 0.115973 0.125000 1.000000 0.200000 0.333333 0.114658
0.263093 1.000000 0.125000 0.250000 5.000000 1.000000 2.931305 0.142857
0.125000 0.200000 0.142857 0.333333 3.000000 0.341145 1.000000 0.166667
2.247210 3.477609 0.524676 6.000000 8.721602 7.000000 6.000000 1.000000

Matrix 473:
1.000000 2.000000 1.260925 5.999988 5.999988 5.999988 2.975612 1.000000
0.500000 1.000000 0.200000 3.000003 1.000000 1.627062 0.543556 0.155534
0.793069 5.000000 1.000000 5.999988 7.000007 2.860351 1.822226 2.000000
0.166667 0.333333 0.166667 1.000000 1.000000 0.205234 0.200000 0.333333
0.166667 1.000000 0.142857 1.000000 1.000000 0.333333 0.250000 0.200000
0.166667 0.614605 0.349608 4.872497 3.000000 1.000000 0.125000 0.200000
0.336065 1.839736 0.548779 5.000000 4.000000 8.000000 1.000000 0.370877
1.000000 6.429480 0.500000 3.000000 5.000000 5.000000 2.696315 1.000000

Matrix 474:
1.000000 9.000009 0.571842 2.105695 1.000000 1.000000 1.387552 3.000000
0.111111 1.000000 1.280592 0.250000 0.200000 0.156940 0.188688 1.000000
1.748734 0.780889 1.000000 0.500000 0.952096 0.489261 0.500000 2.054608
0.474903 4.000000 2.000000 1.000000 0.570804 0.333333 2.000000 2.061141
1.000000 5.000000 1.050314 1.751915 1.000000 0.500000 2.000000 2.000000
1.000000 6.371846 2.043901 3.000000 2.000000 1.000000 1.937080 8.176360
0.720694 5.299744 2.000000 0.500000 0.500000 0.516241 1.000000 6.000000
0.333333 1.000000 0.486711 0.485168 0.500000 0.122304 0.166667 1.000000

Matrix 475:
1.000000 2.000000 0.489517 0.443757 0.333333 7.000007 2.000000 3.000000
0.500000 1.000000 0.500000 2.000000 0.250000 7.000007 8.000000 2.000000
2.042830 2.000000 1.000000 1.000000 1.000000 4.000000 9.000009 7.000000
2.253485 0.500000 1.000000 1.000000 0.362210 5.999988 3.911867 1.563270
3.000000 4.000000 1.000000 2.760828 1.000000 7.041880 5.000000 2.304695
0.142857 0.142857 0.250000 0.166667 0.142008 1.000000 0.500000 0.411262
0.500000 0.125000 0.111111 0.255632 0.200000 2.000000 1.000000 1.270326
0.333333 0.500000 0.142857 0.639685 0.433897 2.431537 0.787199 1.000000

Matrix 476:
1.000000 0.367694 5.000000 5.000000 2.387332 2.000000 3.000003 0.396955
2.719651 1.000000 6.996754 8.000000 2.000000 2.000000 4.000000 4.000000
0.200000 0.142923 1.000000 0.500000 0.200000 0.111111 0.200000 0.166667
0.200000 0.125000 2.000000 1.000000 0.333333 0.125000 0.250000 0.125000
0.418878 0.500000 5.000000 3.000000 1.000000 1.366246 2.000000 0.334768
0.500000 0.500000 9.000000 8.000000 0.731933 1.000000 2.000000 1.993094
0.333333 0.250000 5.000000 4.000000 0.500000 0.500000 1.000000 0.142857
2.519176 0.250000 6.000000 8.000000 2.987147 0.501732 7.000000 1.000000

Matrix 477:
1.000000 0.111111 0.111111 0.333333 0.200000 0.536799 0.500000 0.200000
9.000000 1.000000 0.451494 0.639747 0.707655 2.458862 3.000003 2.391289
9.000000 2.214870 1.000000 0.762454 1.564671 5.000000 5.000000 1.977469
3.000000 1.563119 1.311554 1.000000 0.756057 8.000000 1.000000 0.793563
5.000000 1.413117 0.639112 1.322652 1.000000 5.000000 1.347120 2.000000
1.862896 0.406692 0.200000 0.125000 0.200000 1.000000 0.166667 0.142857
2.000000 0.333333 0.200000 1.000000 0.742324 6.000000 1.000000 0.788154
5.000000 0.418184 0.505697 1.260139 0.500000 7.000000 1.268788 1.000000

Matrix 478:
1.000000 3.000003 2.000000 9.000009 1.000000 3.000003 0.250000 0.527823
0.333333 1.000000 0.500000 2.314664 0.333333 4.000000 0.142857 0.367760
0.500000 2.000000 1.000000 5.000000 3.000003 2.000000 1.000000 0.450691
0.111111 0.432028 0.200000 1.000000 0.490903 1.454863 0.200000 0.111111
1.000000 3.000000 0.333333 2.037063 1.000000 1.000000 0.404267 0.241866
0.333333 0.250000 0.500000 0.687350 1.000000 1.000000 0.142857 0.333333
4.000000 7.000000 1.000000 5.000000 2.473616 7.000000 1.000000 1.941569
1.894574 2.719168 2.218817 9.000000 4.134515 3.000000 0.515047 1.000000

Matrix 479:
1.000000 0.203400 0.662739 0.250000 0.500000 0.111111 0.333333 0.333333
4.916418 1.000000 3.000003 1.000000 0.333333 0.614754 1.567625 0.500000
1.508889 0.333333 1.000000 0.533394 0.324826 0.125000 1.414515 0.500000
4.000000 1.000000 1.874786 1.000000 0.200000 0.200000 2.276978 0.330413
2.000000 3.000000 3.078572 5.000000 1.000000 3.000003 7.000007 2.000000
9.000000 1.626668 8.000000 5.000000 0.333333 1.000000 4.000000 1.057721
3.000000 0.637908 0.706956 0.439179 0.142857 0.250000 1.000000 0.250000
3.000000 2.000000 2.000000 3.026519 0.500000 0.945429 4.000000 1.000000

Matrix 480:
1.000000 0.243824 0.809607 0.166667 0.696687 0.142857 0.586966 1.000000
4.101317 1.000000 9.000009 2.284552 7.000007 3.000003 9.000009 4.000000
1.235167 0.111111 1.000000 0.276222 1.000000 1.000000 4.000000 2.200993
6.000000 0.437723 3.620271 1.000000 7.000007 2.287997 4.000000 4.000000
1.435365 0.142857 1.000000 0.142857 1.000000 1.000000 0.500000 0.333333
7.000000 0.333333 1.000000 0.437064 1.000000 1.000000 1.768606 2.000000
1.703675 0.111111 0.250000 0.250000 2.000000 0.565417 1.000000 0.500000
1.000000 0.250000 0.454340 0.250000 3.000000 0.500000 2.000000 1.000000

Matrix 481:
1.000000 0.166667 1.238599 3.000003 0.375857 3.000003 0.720897 0.199779
6.000000 1.000000 7.000007 8.000000 1.507588 8.000000 5.120659 2.217866
0.807364 0.142857 1.000000 2.000000 0.313420 9.000009 1.454697 0.142857
0.333333 0.125000 0.500000 1.000000 0.846369 1.000000 0.250000 0.166667
2.660583 0.663311 3.190605 1.181517 1.000000 7.000007 4.000000 0.632998
0.333333 0.125000 0.111111 1.000000 0.142857 1.000000 0.142857 0.200000
1.387160 0.195287 0.687428 4.000000 0.250000 7.000000 1.000000 0.309384
5.005531 0.450884 7.000000 6.000000 1.579784 5.000000 3.232234 1.000000

Matrix 482:
1.000000 0.333333 0.586657 1.000000 0.333333 0.765594 0.142857 0.333333
3.000000 1.000000 2.206163 4.000000 4.000000 0.500000 2.000000 2.463400
1.704573 0.453276 1.000000 2.000000 0.495399 0.142857 0.250000 0.333333
1.000000 0.250000 0.500000 1.000000 0.250000 0.125000 0.250000 0.142857
3.000000 0.250000 2.018577 4.000000 1.000000 0.670356 0.702067 2.000000
1.306175 2.000000 7.000000 8.000000 1.491746 1.000000 1.776233 0.718746
7.000000 0.500000 4.000000 4.000000 1.424365 0.562989 1.000000 0.500000
3.000000 0.405943 3.000000 7.000000 0.500000 1.391312 2.000000 1.000000

Matrix 483:
1.000000 0.500000 1.000000 1.438560 3.406817 0.333333 0.142857 2.000000
2.000000 1.000000 1.062445 0.791602 0.927662 0.500000 0.148092 1.872063
1.000000 0.941225 1.000000 2.000000 9.000009 0.478248 0.500000 3.000000
0.695140 1.263261 0.500000 1.000000 1.376871 0.200000 0.200000 3.000000
0.293529 1.077979 0.111111 0.726285 1.000000 0.222361 0.200000 0.591040
3.000000 2.000000 2.090963 5.000000 4.497192 1.000000 0.233471 3.000000
7.000000 6.752568 2.000000 5.000000 5.000000 4.283188 1.000000 7.000000
0.500000 0.534170 0.333333 0.333333 1.691934 0.333333 0.142857 1.000000

Matrix 484:
1.000000 0.113976 0.666674 1.000000 1.548240 1.000000 0.125000 0.125000
8.773805 1.000000 9.000009 7.260749 7.000007 4.000000 1.304087 2.263088
1.499984 0.111111 1.000000 2.000000 0.500000 2.000000 0.250000 0.539869
1.000000 0.137727 0.500000 1.000000 1.000000 1.931540 0.701189 0.125000
0.645895 0.142857 2.000000 1.000000 1.000000 2.836725 0.166667 0.333333
1.000000 0.250000 0.500000 0.517722 0.352519 1.000000 0.200000 0.333333
8.000000 0.766820 4.000000 1.426149 6.000000 5.000000 1.000000 2.000000
8.000000 0.441874 1.852301 8.000000 3.000000 3.000000 0.500000 1.000000

Matrix 485:
1.000000 1.941148 2.000000 0.500000 1.628464 1.696162 0.515977 6.000000
0.515159 1.000000 0.333333 0.333333 0.500000 0.200000 0.252629 8.000000
0.500000 3.000000 1.000000 0.250000 0.250000 0.500000 0.259577 8.000000
2.000000 3.000000 4.000000 1.000000 4.000000 1.320187 2.375022 8.000000
0.614075 2.000000 4.000000 0.250000 1.000000 1.270584 0.480210 4.000000
0.589566 5.000000 2.000000 0.757469 0.787040 1.000000 2.000000 9.000000
1.938070 3.958377 3.852424 0.421049 2.082424 0.500000 1.000000 6.000000
0.166667 0.125000 0.125000 0.125000 0.250000 0.111111 0.166667 1.000000

Matrix 486:
1.000000 0.200000 0.333333 0.142857 0.111111 0.250000 2.127480 1.000000
5.000000 1.000000 0.937085 2.203672 1.000000 6.000000 9.000000 3.000000
3.000000 1.067139 1.000000 2.000000 1.000000 2.000000 4.000000 4.000000
7.000000 0.453788 0.500000 1.000000 0.250000 0.500000 2.000000 2.000000
9.000000 1.000000 1.000000 4.000000 1.000000 5.000000 4.000000 8.000000
4.000000 0.166667 0.500000 2.000000 0.200000 1.000000 2.000000 5.000000
0.470040 0.111111 0.250000 0.500000 0.250000 0.500000 1.000000 0.273224
1.000000 0.333333 0.250000 0.500000 0.125000 0.200000 3.660005 1.000000

Matrix 487:
1.000000 3.000003 3.007113 0.250000 0.200000 0.658406 3.000003 2.000000
0.333333 1.000000 0.500000 0.142857 0.166667 0.250000 0.477286 0.333333
0.332545 2.000000 1.000000 0.138456 0.111111 0.500000 0.500000 0.200000
4.000000 7.000000 7.222524 1.000000 2.000000 1.945233 4.263681 3.000000
5.000000 6.000000 9.000000 0.500000 1.000000 1.968236 9.000009 1.000000
1.518820 4.000000 2.000000 0.514077 0.508069 1.000000 1.510780 5.000000
0.333333 2.095180 2.000000 0.234539 0.111111 0.661910 1.000000 1.658425
0.500000 3.000000 5.000000 0.333333 1.000000 0.200000 0.602982 1.000000

Matrix 488:
1.000000 0.977978 0.166667 0.737914 0.333333 5.000000 1.358215 4.000000
1.022518 1.000000 0.141044 3.000003 2.000000 2.000000 0.500000 6.000000
6.000000 7.089988 1.000000 3.000003 2.000000 7.000007 1.000000 6.918893
1.355171 0.333333 0.333333 1.000000 0.333333 4.258667 0.250000 3.000000
3.000000 0.500000 0.500000 3.000000 1.000000 5.000000 1.664275 7.579911
0.200000 0.500000 0.142857 0.234815 0.200000 1.000000 0.111111 1.650255
0.736261 2.000000 1.000000 4.000000 0.600862 9.000000 1.000000 7.000000
0.250000 0.166667 0.144532 0.333333 0.131928 0.605967 0.142857 1.000000

Matrix 489:
1.000000 1.514949 4.000000 2.193981 5.000000 4.000000 5.000000 0.333333
0.660088 1.000000 3.000003 1.777993 3.000003 2.000000 2.997887 0.142857
0.250000 0.333333 1.000000 0.535243 3.000003 1.000000 2.000000 0.500000
0.455793 0.562432 1.868309 1.000000 5.999988 5.000000 3.000000 0.166667
0.200000 0.333333 0.333333 0.166667 1.000000 0.495047 0.125000 0.125000
0.250000 0.500000 1.000000 0.200000 2.020011 1.000000 0.550650 0.214122
0.200000 0.333568 0.500000 0.333333 8.000000 1.816034 1.000000 0.142857
3.000000 7.000000 2.000000 6.000000 8.000000 4.670244 7.000000 1.000000

Matrix 490:
1.000000 0.250000 0.250000 0.166667 0.368853 0.200000 0.142857 0.642649
4.000000 1.000000 0.166667 2.110113 3.000003 0.500000 0.626425 9.000000
4.000000 6.000000 1.000000 2.000000 2.803428 1.000000 8.000000 8.000000
6.000000 0.473908 0.500000 1.000000 1.000000 0.500000 0.500000 3.000000
2.711106 0.333333 0.356706 1.000000 1.000000 0.333333 0.500000 4.000000
5.000000 2.000000 1.000000 2.000000 3.000000 1.000000 3.000000 9.000000
7.000000 1.596361 0.125000 2.000000 2.000000 0.333333 1.000000 7.000000
1.556060 0.111111 0.125000 0.333333 0.250000 0.111111 0.142857 1.000000

Matrix 491:
1.000000 0.333333 0.200000 0.250000 0.150872 0.166667 0.125000 0.189822
3.000000 1.000000 1.237542 0.500000 1.000000 0.840244 0.233748 2.000000
5.000000 0.808053 1.000000 1.501534 0.142857 0.250000 0.369811 0.617819
4.000000 2.000000 0.665986 1.000000 0.908604 1.286230 0.250000 0.553909
6.628144 1.000000 7.000000 1.100590 1.000000 1.000000 0.500000 2.000000
6.000000 1.190130 4.000000 0.777466 1.000000 1.000000 1.000000 3.000000
8.000000 4.278116 2.704083 4.000000 2.000000 1.000000 1.000000 2.193415
5.268089 0.500000 1.618596 1.805352 0.500000 0.333333 0.455910 1.000000

Matrix 492:
1.000000 7.000007 2.000000 5.000000 0.200000 3.000003 7.000007 1.000000
0.142857 1.000000 1.000000 0.200000 0.111111 0.523964 0.661895 0.333333
0.500000 1.000000 1.000000 2.000000 0.333333 1.000400 2.010937 1.000000
0.200000 5.000000 0.500000 1.000000 0.142857 0.549306 2.000000 2.052848
5.000000 9.000000 3.000000 7.000000 1.000000 5.000000 7.544571 2.000000
0.333333 1.908530 0.999600 1.820479 0.200000 1.000000 4.000000 2.000000
0.142857 1.510814 0.497281 0.500000 0.132546 0.250000 1.000000 0.272289
1.000000 3.000000 1.000000 0.487128 0.500000 0.500000 3.672572 1.000000

Matrix 493:
1.000000 0.500000 1.000000 0.223985 0.500000 1.575770 0.331141 0.111111
2.000000 1.000000 0.392374 0.806748 0.166667 1.677321 0.500000 0.166667
1.000000 2.548589 1.000000 1.616092 0.271932 3.538585 1.385703 0.167804
4.464585 1.239544 0.618777 1.000000 0.200000 4.000000 0.734235 0.125000
2.000000 6.000000 3.677395 5.000000 1.000000 8.000000 2.000000 0.333333
0.634610 0.596189 0.282599 0.250000 0.125000 1.000000 1.000000 0.166667
3.019862 2.000000 0.721655 1.361962 0.500000 1.000000 1.000000 0.500000
9.000000 6.000000 5.959331 8.000000 3.000000 6.000000 2.000000 1.000000

Matrix 494:
1.000000 2.000000 0.525150 4.000000 2.000000 0.500000 1.000000 9.000000
0.500000 1.000000 0.200000 3.202376 0.200000 0.200000 0.200000 2.544064
1.904217 5.000000 1.000000 9.000009 0.333333 0.363093 0.670265 2.782360
0.250000 0.312268 0.111111 1.000000 0.200000 0.111111 0.142857 0.333333
0.500000 5.000000 3.000000 5.000000 1.000000 0.166667 1.000000 8.000000
2.000000 5.000000 2.754112 9.000000 6.000000 1.000000 1.489384 5.000000
1.000000 5.000000 1.491947 7.000000 1.000000 0.671418 1.000000 7.000000
0.111111 0.393072 0.359407 3.000000 0.125000 0.200000 0.142857 1.000000

Matrix 495:
1.000000 5.999988 0.333333 0.500000 2.000000 3.000000 4.000000 0.166667
0.166667 1.000000 0.111111 0.125000 0.250000 0.250000 0.142857 0.111111
3.000000 9.000000 1.000000 1.572463 5.000000 8.000000 3.000000 0.554187
2.000000 8.000000 0.635945 1.000000 4.000000 2.000000 0.635072 0.200000
0.500000 4.000000 0.200000 0.250000 1.000000 4.000000 0.780370 0.333333
0.333333 4.000000 0.125000 0.500000 0.250000 1.000000 0.500000 0.111111
0.250000 7.000000 0.333333 1.574625 1.281444 2.000000 1.000000 0.166667
6.000000 9.000000 1.804445 5.000000 3.000000 9.000000 6.000000 1.000000

Matrix 496:
1.000000 0.333333 0.413929 0.416775 0.200000 0.166667 0.125000 0.500000
3.000000 1.000000 2.070950 0.698510 0.111111 0.333333 0.250000 1.637043
2.415873 0.482870 1.000000 2.000000 0.280951 2.000000 0.333333 0.858190
2.399377 1.431619 0.500000 1.000000 0.111111 1.419099 0.200000 1.000000
5.000000 9.000000 3.559334 9.000000 1.000000 4.000000 1.554536 3.000000
6.000000 3.000000 0.500000 0.704673 0.250000 1.000000 0.250000 4.000000
8.000000 4.000000 3.000000 5.000000 0.643279 4.000000 1.000000 9.000000
2.000000 0.610857 1.165243 1.000000 0.333333 0.250000 0.111111 1.000000

Matrix 497:
1.000000 5.999988 4.000000 0.576342 0.657337 7.000007 0.500000 0.478861
0.166667 1.000000 0.333333 0.125000 0.679042 0.532217 0.133487 0.125000
0.250000 3.000000 1.000000 0.546947 0.500000 7.000007 0.367241 0.300093
1.735082 8.000000 1.828331 1.000000 2.447719 9.000009 2.397008 1.000000
1.521290 1.472663 2.000000 0.408544 1.000000 5.000000 2.000000 0.315411
0.142857 1.878933 0.142857 0.111111 0.200000 1.000000 0.125000 0.333333
2.000000 7.491384 2.723011 0.417187 0.500000 8.000000 1.000000 1.000000
2.088289 8.000000 3.332301 1.000000 3.170470 3.000000 1.000000 1.000000

Matrix 498:
1.000000 0.250000 0.142857 0.200000 2.162570 0.125000 0.250000 0.333333
4.000000 1.000000 0.535170 0.166667 1.000000 0.500000 0.333333 0.250000
7.000000 1.868565 1.000000 0.490811 5.000000 0.333333 1.000000 0.512493
5.000000 6.000000 2.037445 1.000000 7.000000 0.586284 4.000000 1.000000
0.462413 1.000000 0.200000 0.142857 1.000000 0.111111 0.142857 0.333333
8.000000 2.000000 3.000000 1.705658 9.000000 1.000000 6.000000 2.000000
4.000000 3.000000 1.000000 0.250000 7.000000 0.166667 1.000000 0.524776
3.000000 4.000000 1.951247 1.000000 3.000000 0.500000 1.905576 1.000000

Matrix 499:
1.000000 7.000007 1.603220 9.000009 7.000007 4.000000 2.067257 2.816207
0.142857 1.000000 0.268803 0.670715 0.500000 0.333333 0.166667 0.142857
0.623745 3.720202 1.000000 4.000000 8.000000 1.624327 1.580591 4.287960
0.111111 1.490946 0.250000 1.000000 0.500000 0.142857 0.250000 0.139540
0.142857 2.000000 0.125000 2.000000 1.000000 0.132160 0.250000 0.250000
0.250000 3.000000 0.615640 7.000000 7.566571 1.000000 0.621411 1.769147
0.483733 6.000000 0.632675 4.000000 4.000000 1.609240 1.000000 0.250000
0.355088 7.000000 0.233211 7.166385 4.000000 0.565244 4.000000 1.000000

Matrix 500:
1.000000 1.532313 7.000007 0.166667 0.273912 9.000009 8.000000 1.000000
0.652608 1.000000 2.355313 0.116774 1.026920 5.999988 2.000000 0.200000
0.142857 0.424572 1.000000 0.250000 0.200000 3.000003 2.166568 0.249210
6.000000 8.563546 4.000000 1.000000 3.000003 9.000009 9.000009 3.000000
3.650808 0.973786 5.000000 0.333333 1.000000 5.000000 8.000000 0.562187
0.111111 0.166667 0.333333 0.111111 0.200000 1.000000 0.608896 0.142857
0.125000 0.500000 0.461560 0.111111 0.125000 1.642316 1.000000 0.125000
1.000000 5.000000 4.012685 0.333333 1.778768 7.000000 8.000000 1.000000

Matrix 501:
1.000000 1.000000 1.000000 0.111111 0.260568 0.125000 0.250000 0.142857
1.000000 1.000000 0.757397 0.413539 2.000000 0.142857 1.671095 0.111111
1.000000 1.320311 1.000000 1.000000 0.403753 0.166667 0.333333 0.125000
9.000000 2.418150 1.000000 1.000000 2.321911 0.333333 3.428496 0.384307
3.837766 0.500000 2.476762 0.430680 1.000000 0.250000 1.000000 0.166667
8.000000 7.000000 6.000000 3.000000 4.000000 1.000000 2.700451 2.168333
4.000000 0.598410 3.000000 0.291673 1.000000 0.370308 1.000000 0.111111
7.000000 9.000000 8.000000 2.602088 6.000000 0.461184 9.000000 1.000000

Matrix 502:
1.000000 0.605291 0.500000 0.296722 1.995250 1.649903 0.166667 0.111111
1.652097 1.000000 0.333333 0.500000 5.000000 1.759211 0.166667 0.500000
2.000000 3.000000 1.000000 0.125000 4.000000 3.000003 0.250000 0.474721
3.370163 2.000000 8.000000 1.000000 5.999988 9.000009 0.250000 2.000000
0.501190 0.200000 0.250000 0.166667 1.000000 1.097366 0.166667 0.333333
0.606096 0.568437 0.333333 0.111111 0.911273 1.000000 0.142857 0.500000
6.000000 6.000000 4.000000 4.000000 6.000000 7.000000 1.000000 3.000000
9.000000 2.000000 2.106499 0.500000 3.000000 2.000000 0.333333 1.000000

Matrix 503:
1.000000 0.200000 5.999988 1.513763 0.250000 0.111111 2.000000 0.333333
5.000000 1.000000 8.991958 1.969171 2.892678 0.340094 9.000009 4.264282
0.166667 0.111210 1.000000 0.200855 0.111111 0.200000 0.333333 0.333333
0.660605 0.507828 4.978724 1.000000 0.443602 0.111111 2.000000 0.497352
4.000000 0.345700 9.000000 2.254273 1.000000 0.581717 8.000000 4.000000
9.000000 2.940361 5.000000 9.000000 1.719050 1.000000 5.842065 6.000000
0.500000 0.111111 3.000000 0.500000 0.125000 0.171172 1.000000 0.253582
3.000000 0.234506 3.000000 2.010647 0.250000 0.166667 3.943493 1.000000

Matrix 504:
1.000000 0.424902 0.166667 0.161598 0.384416 0.200000 0.166667 2.108039
2.353483 1.000000 0.250000 0.250000 1.000000 0.500000 1.000000 3.000000
6.000000 4.000000 1.000000 5.000000 6.096047 3.218143 0.813523 5.000000
6.188198 4.000000 0.200000 1.000000 2.436457 0.470564 0.385498 4.000000
2.601350 1.000000 0.164041 0.410432 1.000000 0.519251 0.333333 4.544381
5.000000 2.000000 0.310738 2.125108 1.925849 1.000000 0.495326 5.000000
6.000000 1.000000 1.229222 2.594050 3.000000 2.018871 1.000000 4.000000
0.474375 0.333333 0.200000 0.250000 0.220052 0.200000 0.250000 1.000000

Matrix 505:
1.000000 0.200000 0.216390 0.611596 0.166667 1.854222 2.901873 0.250000
5.000000 1.000000 3.000003 4.000000 2.323891 5.000000 2.000000 2.869957
4.621289 0.333333 1.000000 5.000000 1.000000 5.000000 4.000000 1.000000
1.635066 0.250000 0.200000 1.000000 0.132201 2.000000 0.719137 1.000000
6.000000 0.430313 1.000000 7.564221 1.000000 2.000000 5.999988 2.517164
0.539310 0.200000 0.200000 0.500000 0.500000 1.000000 1.666397 0.333333
0.344605 0.500000 0.250000 1.390556 0.166667 0.600097 1.000000 0.250000
4.000000 0.348437 1.000000 1.000000 0.397272 3.000000 4.000000 1.000000

Matrix 506:
1.000000 3.321122 0.520400 2.206902 0.500000 4.000000 9.000000 1.000000
0.301103 1.000000 0.250000 0.142857 0.125000 2.556860 1.000000 0.111111
1.921600 4.000000 1.000000 5.000000 3.000003 7.000000 7.000000 3.000000
0.453124 7.000000 0.200000 1.000000 1.565482 2.000000 6.000000 2.000000
2.000000 8.000000 0.333333 0.638781 1.000000 2.704768 4.000000 1.000000
0.250000 0.391105 0.142857 0.500000 0.369717 1.000000 2.435660 0.200000
0.111111 1.000000 0.142857 0.166667 0.250000 0.410566 1.000000 0.142857
1.000000 9.000000 0.333333 0.500000 1.000000 5.000000 7.000000 1.000000

Matrix 507:
1.000000 5.000000 1.695529 2.431391 1.000000 0.111111 0.581140 0.142857
0.200000 1.000000 0.111111 0.333333 0.111111 0.142857 0.166667 0.125000
0.589787 9.000000 1.000000 4.136658 2.018254 0.111111 1.006433 0.341983
0.411287 3.000000 0.241741 1.000000 0.372897 0.333333 0.500000 0.250000
1.000000 9.000000 0.495478 2.681709 1.000000 0.200000 0.500000 0.250000
9.000000 7.000000 9.000000 3.000000 5.000000 1.000000 3.000003 0.746738
1.720756 6.000000 0.993608 2.000000 2.000000 0.333333 1.000000 0.500000
7.000000 8.000000 2.924124 4.000000 4.000000 1.339157 2.000000 1.000000

Matrix 508:
1.000000 3.356226 0.500000 5.000000 3.052892 0.200000 2.000000 6.000000
0.297954 1.000000 2.000000 1.000000 1.674892 0.125000 1.101928 2.669216
2.000000 0.500000 1.000000 1.947173 0.510945 0.250000 1.000000 5.000000
0.200000 1.000000 0.513565 1.000000 0.289727 0.125000 1.000000 0.794709
0.327558 0.597053 1.957156 3.451530 1.000000 0.166667 2.000000 2.000000
5.000000 8.000000 4.000000 8.000000 6.000000 1.000000 9.000009 5.000000
0.500000 0.907500 1.000000 1.000000 0.500000 0.111111 1.000000 2.670745
0.166667 0.374642 0.200000 1.258323 0.500000 0.200000 0.374427 1.000000

Matrix 509:
1.000000 2.000000 2.000000 3.000003 1.530698 0.250000 0.528832 6.000000
0.500000 1.000000 7.000007 3.139369 0.500000 0.125000 0.333333 7.000000
0.500000 0.142857 1.000000 0.495346 0.166667 0.111111 0.200323 1.391476
0.333333 0.318535 2.018791 1.000000 0.333333 0.111111 0.299433 2.417627
0.653297 2.000000 6.000000 3.000000 1.000000 0.250000 0.864197 9.000000
4.000000 8.000000 9.000000 9.000000 4.000000 1.000000 9.000009 6.000000
1.890959 3.000000 4.991948 3.339646 1.157143 0.111111 1.000000 5.000000
0.166667 0.142857 0.718661 0.413629 0.111111 0.166667 0.200000 1.000000

Matrix 510:
1.000000 0.466001 0.142857 0.125000 1.561681 0.333333 0.922580 1.000000
2.145919 1.000000 1.000000 0.166667 3.000003 0.909215 1.801658 0.500000
7.000000 1.000000 1.000000 0.435963 9.000009 5.000000 5.999988 3.000000
8.000000 6.000000 2.293775 1.000000 5.999988 7.000007 4.000000 5.000000
0.640336 0.333333 0.111111 0.166667 1.000000 0.333166 2.859412 0.454498
3.000000 1.099850 0.200000 0.142857 3.001507 1.000000 2.000000 0.500000
1.083917 0.555044 0.166667 0.250000 0.349722 0.500000 1.000000 1.604537
1.000000 2.000000 0.333333 0.200000 2.200229 2.000000 0.623233 1.000000

Matrix 511:
1.000000 9.000009 9.000009 2.875271 1.019470 0.500000 0.500000 4.000000
0.111111 1.000000 0.331339 0.166667 0.250000 0.250000 0.406682 0.622311
0.111111 3.018058 1.000000 0.881227 0.125000 0.497307 0.292355 1.608258
0.347793 6.000000 1.134782 1.000000 0.525549 0.776777 1.000000 3.628254
0.980902 4.000000 8.000000 1.902771 1.000000 3.000003 2.147426 2.456178
2.000000 4.000000 2.010830 1.287371 0.333333 1.000000 0.534670 2.000000
2.000000 2.458924 3.420499 1.000000 0.465674 1.870311 1.000000 3.000000
0.250000 1.606912 0.621791 0.275615 0.407137 0.500000 0.333333 1.000000

Matrix 512:
1.000000 0.500000 2.000000 0.660196 3.000003 0.193634 2.000000 0.333333
2.000000 1.000000 1.363818 0.500000 1.480508 0.333333 1.537869 0.142857
0.500000 0.733236 1.000000 0.452035 3.000003 0.125000 2.518798 0.125000
1.514702 2.000000 2.212216 1.000000 2.053598 0.111111 0.333333 0.210857
0.333333 0.675444 0.333333 0.486950 1.000000 0.113886 0.455593 0.166667
5.164379 3.000000 8.000000 9.000000 8.780728 1.000000 4.000000 1.721511
0.500000 0.650250 0.397015 3.000000 2.194939 0.250000 1.000000 0.113564
3.000000 7.000000 8.000000 4.742551 6.000000 0.580885 8.805580 1.000000

Matrix 513:
1.000000 1.000000 3.000003 0.492886 1.000000 5.427131 0.417239 4.644579
1.000000 1.000000 2.000000 0.896513 1.679761 0.977190 0.333333 8.000000
0.333333 0.500000 1.000000 0.333333 0.142857 2.000000 0.339853 5.000000
2.028868 1.115432 3.000000 1.000000 0.454936 1.899083 0.571490 5.000000
1.000000 0.595323 7.000000 2.198112 1.000000 9.000009 1.000000 5.000000
0.184259 1.023342 0.500000 0.526570 0.111111 1.000000 0.142857 2.269164
2.396708 3.000000 2.942446 1.749811 1.000000 7.000000 1.000000 4.000000
0.215305 0.125000 0.200000 0.200000 0.200000 0.440691 0.250000 1.000000

Matrix 514:
1.000000 4.000000 2.589974 2.508994 2.350161 2.861654 5.000000 8.551706
0.250000 1.000000 0.200000 0.250000 0.534048 0.125000 0.528038 2.000000
0.386104 5.000000 1.000000 1.000000 1.000000 5.000000 4.000000 6.843615
0.398566 4.000000 1.000000 1.000000 1.668371 2.605909 7.000007 8.000000
0.425503 1.872491 1.000000 0.599387 1.000000 1.000000 1.000000 6.000000
0.349448 8.000000 0.200000 0.383743 1.000000 1.000000 5.000000 3.997537
0.200000 1.893803 0.250000 0.142857 1.000000 0.200000 1.000000 6.000000
0.116936 0.500000 0.146122 0.125000 0.166667 0.250154 0.166667 1.000000

Matrix 515:
1.000000 0.714690 1.911208 0.166667 0.508051 0.125000 1.516157 1.500898
1.399207 1.000000 0.500000 0.111111 0.250000 0.142857 0.333333 0.200000
0.523229 2.000000 1.000000 0.250000 0.500000 0.111111 0.528371 0.250000
6.000000 9.000000 4.000000 1.000000 7.000007 0.166667 7.000007 2.000000
1.968307 4.000000 2.000000 0.142857 1.000000 0.200000 2.000000 1.000000
8.000000 7.000000 9.000000 6.000000 5.000000 1.000000 7.000007 3.000000
0.659563 3.000000 1.892611 0.142857 0.500000 0.142857 1.000000 0.500000
0.666268 5.000000 4.000000 0.500000 1.000000 0.333333 2.000000 1.000000

Matrix 516:
1.000000 2.000000 0.125000 1.000000 0.250000 0.142857 0.166667 0.521102
0.500000 1.000000 0.142857 0.583028 0.193526 0.166667 0.316094 0.125000
8.000000 7.000000 1.000000 5.400477 4.000000 5.000000 7.000007 5.000000
1.000000 1.715185 0.185169 1.000000 0.250000 0.500000 0.333333 0.166667
4.000000 5.167260 0.250000 4.000000 1.000000 1.637027 5.999988 0.840189
7.000000 6.000000 0.200000 2.000000 0.610863 1.000000 1.587481 0.277826
6.000000 3.163614 0.142857 3.000000 0.166667 0.629929 1.000000 0.500000
1.919008 8.000000 0.200000 6.000000 1.190209 3.599379 2.000000 1.000000

Matrix 517:
1.000000 5.999988 5.999988 9.000009 8.000000 7.672421 4.000000 6.486053
0.166667 1.000000 1.000000 0.500000 1.914397 0.644730 0.250000 8.000000
0.166667 1.000000 1.000000 0.561044 3.000003 1.210704 2.000000 5.000000
0.111111 2.000000 1.782390 1.000000 4.311273 0.671594 0.725318 9.000000
0.125000 0.522358 0.333333 0.231950 1.000000 0.524554 0.333333 4.000000
0.130337 1.551038 0.825966 1.488994 1.906381 1.000000 0.596041 9.000000
0.250000 4.000000 0.500000 1.378705 3.000000 1.677736 1.000000 7.426682
0.154177 0.125000 0.200000 0.111111 0.250000 0.111111 0.134650 1.000000

Matrix 518:
1.000000 0.480193 0.307045 0.125000 0.166667 0.142857 0.111111 1.000000
2.082498 1.000000 1.604952 1.000000 0.591679 0.166667 0.500000 2.000000
3.256853 0.623072 1.000000 0.511649 0.500000 0.518368 0.500000 0.566279
8.000000 1.000000 1.954465 1.000000 0.405656 0.593725 3.000003 1.000000
6.000000 1.690105 2.000000 2.465142 1.000000 0.333333 1.000000 6.000000
7.000000 6.000000 1.929133 1.684282 3.000000 1.000000 1.856808 3.000000
9.000000 2.000000 2.000000 0.333333 1.000000 0.538559 1.000000 3.000000
1.000000 0.500000 1.765913 1.000000 0.166667 0.333333 0.333333 1.000000

Matrix 519:
1.000000 7.000007 8.000000 1.009558 3.000003 9.000009 2.743888 0.627639
0.142857 1.000000 1.002033 0.125000 0.200000 0.523699 0.500000 0.111111
0.125000 0.997971 1.000000 0.250000 0.536759 0.500000 0.142857 0.200000
0.990532 8.000000 4.000000 1.000000 4.334163 8.000000 2.226864 0.333333
0.333333 5.000000 1.863035 0.230725 1.000000 3.000003 0.452328 1.000000
0.111111 1.909495 2.000000 0.125000 0.333333 1.000000 0.250000 0.142857
0.364446 2.000000 7.000000 0.449062 2.210785 4.000000 1.000000 2.000000
1.593274 9.000000 5.000000 3.000000 1.000000 7.000000 0.500000 1.000000

Matrix 520:
1.000000 0.333333 0.585141 2.000000 0.137886 0.200000 1.000000 0.166667
3.000000 1.000000 1.000000 2.000000 0.250000 0.500000 1.000000 1.000000
1.708988 1.000000 1.000000 3.000003 0.625971 0.250000 2.000000 1.915309
0.500000 0.500000 0.333333 1.000000 0.166667 0.125000 0.200000 0.166667
7.252382 4.000000 1.597518 6.000000 1.000000 3.000003 4.000000 0.590774
5.000000 2.000000 4.000000 8.000000 0.333333 1.000000 2.331035 0.500000
1.000000 1.000000 0.500000 5.000000 0.250000 0.428994 1.000000 0.333333
6.000000 1.000000 0.522109 6.000000 1.692694 2.000000 3.000000 1.000000

Matrix 521:
1.000000 0.500000 1.000000 0.531056 0.333333 0.125000 0.604256 0.142857
2.000000 1.000000 5.999988 9.000009 1.000000 1.450463 5.000000 0.500000
1.000000 0.166667 1.000000 1.585639 0.303559 0.111111 0.686682 0.500000
1.883041 0.111111 0.630661 1.000000 0.295376 0.144697 1.000000 0.250000
3.000000 1.000000 3.294251 3.385513 1.000000 1.000000 5.000000 0.250000
8.000000 0.689435 9.000000 6.910978 1.000000 1.000000 8.000000 1.993580
1.654927 0.200000 1.456277 1.000000 0.200000 0.125000 1.000000 0.111111
7.000000 2.000000 2.000000 4.000000 4.000000 0.501610 9.000000 1.000000

Matrix 522:
1.000000 0.142857 1.935381 0.333333 0.200000 0.250000 4.000000 3.000000
7.000000 1.000000 5.000000 0.688093 2.099430 1.000000 7.000000 4.365712
0.516694 0.200000 1.000000 0.333333 0.125000 0.333333 1.000000 3.000000
3.000000 1.453292 3.000000 1.000000 1.236376 0.494574 1.962725 4.000000
5.000000 0.476320 8.000000 0.808816 1.000000 0.383137 7.000000 9.000000
4.000000 1.000000 3.000000 2.021944 2.610032 1.000000 8.000000 7.000000
0.250000 0.142857 1.000000 0.509496 0.142857 0.125000 1.000000 0.544550
0.333333 0.229058 0.333333 0.250000 0.111111 0.142857 1.836380 1.000000

Matrix 523:
1.000000 5.999988 2.766539 2.000000 4.984788 0.250000 5.999988 0.565526
0.166667 1.000000 1.880638 1.000000 0.602936 0.142857 1.000000 0.166667
0.361462 0.531734 1.000000 0.418673 0.309554 0.111111 1.792247 0.250000
0.500000 1.000000 2.388500 1.000000 1.963539 0.250000 9.000009 0.548218
0.200610 1.658552 3.230453 0.509285 1.000000 0.111111 3.000003 0.500000
4.000000 7.000000 9.000000 4.000000 9.000000 1.000000 3.000003 0.942525
0.166667 1.000000 0.557959 0.111111 0.333333 0.333333 1.000000 0.142857
1.768266 6.000000 4.000000 1.824093 2.000000 1.060980 7.000000 1.000000

Matrix 524:
1.000000 1.919833 1.885332 1.000000 2.000000 7.000007 9.000000 0.333333
0.520879 1.000000 0.333333 0.250000 0.250000 0.691878 2.074667 0.166667
0.530411 3.000000 1.000000 2.000000 0.569495 8.000000 8.000000 0.333333
1.000000 4.000000 0.500000 1.000000 2.279580 5.853810 8.000000 2.000000
0.500000 4.000000 1.755942 0.438677 1.000000 6.530508 3.000000 0.500000
0.142857 1.445340 0.125000 0.170829 0.153127 1.000000 3.000000 0.333333
0.111111 0.482005 0.125000 0.125000 0.333333 0.333333 1.000000 0.125000
3.000000 6.000000 3.000000 0.500000 2.000000 3.000000 8.000000 1.000000

Matrix 525:
1.000000 9.000009 2.851895 1.145323 2.659595 0.939840 1.927405 0.166667
0.111111 1.000000 0.125000 0.166667 0.333333 0.166667 0.250000 0.111111
0.350644 8.000000 1.000000 2.000000 3.000003 4.000000 0.500000 0.529446
0.873116 6.000000 0.500000 1.000000 2.000000 0.500000 1.000000 0.200000
0.375997 3.000000 0.333333 0.500000 1.000000 1.000000 0.166667 0.200000
1.064011 6.000000 0.250000 2.000000 1.000000 1.000000 0.583735 0.200000
0.518832 4.000000 2.000000 1.000000 6.000000 1.713107 1.000000 0.200000
6.000000 9.000000 1.888767 5.000000 5.000000 5.000000 5.000000 1.000000

Matrix 526:
1.000000 0.279518 1.000000 4.000000 0.250000 2.699387 0.250000 5.000000
3.577584 1.000000 2.178929 4.102510 0.500000 5.999988 0.250000 3.000000
1.000000 0.458941 1.000000 1.668371 0.250000 4.000000 0.111111 0.500000
0.250000 0.243753 0.599387 1.000000 0.200000 0.502323 0.111111 1.000000
4.000000 2.000000 4.000000 5.000000 1.000000 9.000009 0.333333 7.000000
0.370454 0.166667 0.250000 1.990752 0.111111 1.000000 0.200000 2.148275
4.000000 4.000000 9.000000 9.000000 3.000000 5.000000 1.000000 7.000000
0.200000 0.333333 2.000000 1.000000 0.142857 0.465490 0.142857 1.000000

Matrix 527:
1.000000 1.000000 8.223867 1.285940 2.000000 1.836505 1.264682 0.266546
1.000000 1.000000 3.000003 3.000003 5.000000 5.999988 0.454458 0.394973
0.121597 0.333333 1.000000 0.226561 0.426302 0.500000 0.149002 0.142857
0.777641 0.333333 4.413831 1.000000 6.627562 4.000000 1.943830 0.500000
0.500000 0.200000 2.345756 0.150885 1.000000 0.500000 0.142857 0.333333
0.544513 0.166667 2.000000 0.250000 2.000000 1.000000 0.166667 0.164340
0.790713 2.200423 6.711338 0.514448 7.000000 6.000000 1.000000 0.333333
3.751698 2.531820 7.000000 2.000000 3.000000 6.084960 3.000000 1.000000

Matrix 528:
1.000000 4.575910 2.000000 1.503188 2.000000 0.578175 1.648296 0.506496
0.218536 1.000000 0.125000 0.250000 0.383089 1.000000 0.500000 0.125000
0.500000 8.000000 1.000000 2.085637 8.000000 2.012744 2.000000 0.200000
0.665253 4.000000 0.479470 1.000000 0.712724 1.491914 1.721556 0.125000
0.500000 2.610357 0.125000 1.403068 1.000000 0.811624 1.517883 0.125000
1.729579 1.000000 0.496834 0.670280 1.232098 1.000000 2.000000 0.333333
0.606687 2.000000 0.500000 0.580870 0.658812 0.500000 1.000000 0.226138
1.974350 8.000000 5.000000 8.000000 8.000000 3.000000 4.422085 1.000000

Matrix 529:
1.000000 0.142857 0.166667 3.000003 0.177733 0.399931 0.333333 2.000000
7.000000 1.000000 1.663712 3.802046 3.300827 7.178754 0.799255 8.000000
6.000000 0.601066 1.000000 3.000003 0.696281 7.000007 0.589575 4.000000
0.333333 0.263016 0.333333 1.000000 0.200000 0.426646 0.200000 0.674647
5.626415 0.302954 1.436202 5.000000 1.000000 9.000009 0.333333 5.000000
2.500434 0.139300 0.142857 2.343862 0.111111 1.000000 0.166667 1.001314
3.000000 1.251165 1.696137 5.000000 3.000000 6.000000 1.000000 3.000000
0.500000 0.125000 0.250000 1.482257 0.200000 0.998688 0.333333 1.000000

Matrix 530:
1.000000 0.128612 2.000000 0.500000 0.424501 0.500000 0.669840 2.176612
7.775303 1.000000 8.000000 1.540120 4.000000 8.000000 9.000009 6.000000
0.500000 0.125000 1.000000 0.200000 1.569350 1.191748 2.000000 2.000000
2.000000 0.649300 5.000000 1.000000 5.999988 1.999637 2.726891 2.000000
2.355708 0.250000 0.637206 0.166667 1.000000 1.678780 0.479350 0.960659
2.000000 0.125000 0.839104 0.500091 0.595671 1.000000 1.522113 2.000000
1.492894 0.111111 0.500000 0.366718 2.086159 0.656981 1.000000 2.514951
0.459430 0.166667 0.500000 0.500000 1.040952 0.500000 0.397622 1.000000

Matrix 531:
1.000000 1.699470 0.500000 0.142857 0.166667 0.166667 2.000000 0.200000
0.588419 1.000000 0.548265 0.200000 0.121871 0.111111 0.200000 0.166667
2.000000 1.823934 1.000000 0.333333 0.111111 0.166667 0.567490 0.716074
7.000000 5.000000 3.000000 1.000000 0.166667 0.562396 4.000000 1.533156
6.000000 8.205372 9.000000 6.000000 1.000000 0.500000 9.000009 2.236745
6.000000 9.000000 6.000000 1.778107 2.000000 1.000000 3.466400 6.967705
0.500000 5.000000 1.762147 0.250000 0.111111 0.288484 1.000000 0.250000
5.000000 6.000000 1.396503 0.652249 0.447078 0.143519 4.000000 1.000000

Matrix 532:
1.000000 0.142857 0.413109 0.142857 0.333333 0.516191 0.158570 0.453647
7.000000 1.000000 2.000000 0.428233 0.200000 1.575255 0.125000 0.662321
2.420671 0.500000 1.000000 0.143903 0.256536 0.345002 0.142857 1.000000
7.000000 2.335178 6.949106 1.000000 3.841027 8.000000 0.333333 6.000000
3.000000 5.000000 3.898083 0.260347 1.000000 1.000000 0.166667 2.000000
1.937269 0.634818 2.898532 0.125000 1.000000 1.000000 0.125000 0.500000
6.306360 8.000000 7.000000 3.000000 6.000000 8.000000 1.000000 6.862173
2.204358 1.509842 1.000000 0.166667 0.500000 2.000000 0.145726 1.000000

Matrix 533:
1.000000 2.511369 8.000000 5.999988 5.999988 5.000000 1.810577 0.500000
0.398189 1.000000 1.701968 0.658252 2.829134 2.000000 0.331129 0.500000
0.125000 0.587555 1.000000 0.375111 0.752133 1.071078 0.158804 0.500000
0.166667 1.519175 2.665876 1.000000 2.000000 1.000000 0.333333 0.572500
0.166667 0.353465 1.329552 0.500000 1.000000 0.200000 0.333333 0.166667
0.200000 0.500000 0.933639 1.000000 5.000000 1.000000 0.500000 1.000000
0.552310 3.019973 6.297076 3.000000 3.000000 2.000000 1.000000 0.500000
2.000000 2.000000 2.000000 1.746724 6.000000 1.000000 2.000000 1.000000

Matrix 534:
1.000000 5.999988 8.484200 2.699851 9.000009 9.000009 0.651485 9.000000
0.166667 1.000000 4.000000 0.830313 5.999988 3.930441 0.142857 6.000000
0.117866 0.250000 1.000000 0.166667 0.670410 0.250000 0.125000 0.250000
0.370391 1.204365 6.000000 1.000000 5.999988 3.000003 1.000000 3.000000
0.111111 0.166667 1.491625 0.166667 1.000000 2.000000 0.124848 1.444843
0.111111 0.254424 4.000000 0.333333 0.500000 1.000000 0.111111 0.970755
1.534955 7.000000 8.000000 1.000000 8.009756 9.000000 1.000000 7.000000
0.111111 0.166667 4.000000 0.333333 0.692117 1.030126 0.142857 1.000000

Matrix 535:
1.000000 0.592111 5.000000 1.000000 2.000000 1.898758 1.000000 2.000000
1.688873 1.000000 3.000003 0.500000 3.000003 2.000000 0.967075 4.503021
0.200000 0.333333 1.000000 0.200000 2.000000 0.500000 0.500000 0.250000
1.000000 2.000000 5.000000 1.000000 4.629828 9.000009 3.000003 4.000000
0.500000 0.333333 0.500000 0.215991 1.000000 0.333333 0.111111 0.501020
0.526660 0.500000 2.000000 0.111111 3.000000 1.000000 0.500000 0.355201
1.000000 1.034046 2.000000 0.333333 9.000000 2.000000 1.000000 5.309768
0.500000 0.222073 4.000000 0.250000 1.995928 2.815305 0.188332 1.000000

Matrix 536:
1.000000 5.994488 1.000000 0.735256 1.354170 4.000000 1.716790 0.434793
0.166820 1.000000 0.111111 0.166667 0.250000 0.250000 0.250000 0.111111
1.000000 9.000000 1.000000 1.952543 1.000000 2.000000 7.000007 1.511320
1.360070 6.000000 0.512153 1.000000 0.529210 0.500000 0.481609 0.250000
0.738460 4.000000 1.000000 1.889611 1.000000 5.000000 1.024924 1.313072
0.250000 4.000000 0.500000 2.000000 0.200000 1.000000 0.737823 0.166667
0.582483 4.000000 0.142857 2.076372 0.975682 1.355339 1.000000 0.387138
2.299946 9.000000 0.661673 4.000000 0.761573 6.000000 2.583058 1.000000

Matrix 537:
1.000000 0.421721 4.000000 0.500000 0.333333 0.250000 0.240371 0.250000
2.371237 1.000000 7.000007 1.000000 2.478277 1.000000 0.391122 2.000000
0.250000 0.142857 1.000000 0.576166 0.333333 0.333333 0.142857 0.111111
2.000000 1.000000 1.735611 1.000000 0.429319 0.250000 0.166667 0.209235
3.000000 0.403506 3.000000 2.329272 1.000000 0.432843 0.500000 0.333333
4.000000 1.000000 3.000000 4.000000 2.310304 1.000000 0.614102 1.790950
4.160232 2.556745 7.000000 6.000000 2.000000 1.628394 1.000000 1.000000
4.000000 0.500000 9.000000 4.779312 3.000000 0.558363 1.000000 1.000000

Matrix 538:
1.000000 0.250000 0.333333 0.505377 0.500000 0.125000 0.111111 0.250000
4.000000 1.000000 1.794742 8.000000 2.901695 0.250000 0.538506 1.000000
3.000000 0.557183 1.000000 5.000000 1.778227 1.000000 0.333333 3.000000
1.978721 0.125000 0.200000 1.000000 0.333333 0.125000 0.250000 1.081509
2.000000 0.344626 0.562358 3.000000 1.000000 0.125000 1.000000 2.000000
8.000000 4.000000 1.000000 8.000000 8.000000 1.000000 1.000000 4.000000
9.000000 1.856988 3.000000 4.000000 1.000000 1.000000 1.000000 4.000000
4.000000 1.000000 0.333333 0.924634 0.500000 0.250000 0.250000 1.000000

Matrix 539:
1.000000 0.142857 0.111111 0.142857 0.346481 0.200000 0.250000 0.192060
7.000000 1.000000 0.200000 0.573859 5.999988 1.634784 0.564747 0.940381
9.000000 5.000000 1.000000 7.000007 4.000000 9.000009 1.890285 5.160897
7.000000 1.742588 0.142857 1.000000 3.000003 1.619473 0.333333 0.559671
2.886165 0.166667 0.250000 0.333333 1.000000 0.553778 0.200000 0.200000
5.000000 0.611701 0.111111 0.617485 1.805778 1.000000 0.142857 0.500000
4.000000 1.770703 0.529021 3.000000 5.000000 7.000000 1.000000 0.642264
5.206697 1.063399 0.193765 1.786762 5.000000 2.000000 1.556992 1.000000

Matrix 540:
1.000000 0.490877 2.700865 0.333333 0.333333 1.000000 1.317333 0.527496
2.037169 1.000000 1.294145 2.000000 1.000000 3.000003 2.000000 4.577094
0.370252 0.772711 1.000000 0.500000 0.142857 1.000000 1.000000 0.500000
3.000000 0.500000 2.000000 1.000000 0.333333 3.880835 2.287801 0.500000
3.000000 1.000000 7.000000 3.000000 1.000000 7.000007 5.000000 3.000000
1.000000 0.333333 1.000000 0.257677 0.142857 1.000000 0.333333 2.000000
0.759110 0.500000 1.000000 0.437101 0.200000 3.000000 1.000000 0.886358
1.895747 0.218479 2.000000 2.000000 0.333333 0.500000 1.128213 1.000000

Matrix 541:
1.000000 1.204201 0.565529 0.500000 0.500000 0.111111 0.250000 0.111769
0.830426 1.000000 1.411696 3.624463 1.000000 0.200000 0.500000 0.166667
1.768257 0.708368 1.000000 2.000000 0.500000 0.415153 0.250000 0.111111
2.000000 0.275903 0.500000 1.000000 0.250000 0.200000 0.142857 0.142857
2.000000 1.000000 2.000000 4.000000 1.000000 0.185080 1.569958 0.250000
9.000000 5.000000 2.408749 5.000000 5.403080 1.000000 4.000000 3.000000
4.000000 2.000000 4.000000 7.000000 0.636960 0.250000 1.000000 0.333333
8.947018 6.000000 9.000000 7.000000 4.000000 0.333333 3.000000 1.000000

Matrix 542:
1.000000 1.566888 4.000000 7.000007 1.000000 7.000007 8.000000 3.000000
0.638208 1.000000 3.000003 4.692264 1.000000 2.000000 3.000000 4.000000
0.250000 0.333333 1.000000 1.000000 0.250000 1.496929 4.000000 0.590705
0.142857 0.213117 1.000000 1.000000 0.123400 0.500000 6.000000 0.250000
1.000000 1.000000 4.000000 8.103704 1.000000 2.000000 3.498257 1.719446
0.142857 0.500000 0.668034 2.000000 0.500000 1.000000 8.475390 0.613846
0.125000 0.333333 0.250000 0.166667 0.285857 0.117989 1.000000 0.125000
0.333333 0.250000 1.692891 4.000000 0.581583 1.629073 8.000000 1.000000

Matrix 543:
1.000000 7.000007 3.182246 0.462217 7.000007 5.999988 2.234378 0.520965
0.142857 1.000000 0.200000 0.142857 0.500000 0.500000 0.200000 0.200000
0.314243 5.000000 1.000000 0.166667 4.258305 8.000000 0.250000 0.250000
2.163488 7.000000 6.000000 1.000000 5.000000 7.000007 3.000003 0.333333
0.142857 2.000000 0.234835 0.200000 1.000000 1.738988 0.125000 0.111111
0.166667 2.000000 0.125000 0.142857 0.575047 1.000000 0.333333 0.111111
0.447552 5.000000 4.000000 0.333333 8.000000 3.000000 1.000000 1.000000
1.919514 5.000000 4.000000 3.000000 9.000000 9.000000 1.000000 1.000000

Matrix 544:
1.000000 2.247031 5.000000 0.500000 1.000000 1.814670 1.000000 0.748702
0.445032 1.000000 2.000000 0.111111 0.316208 0.263898 0.166667 0.726013
0.200000 0.500000 1.000000 0.137522 0.166667 0.333333 0.250000 0.333333
2.000000 9.000000 7.271580 1.000000 3.000003 7.944192 1.000000 2.131887
1.000000 3.162476 6.000000 0.333333 1.000000 0.652440 0.500000 0.250000
0.551064 3.789338 3.000000 0.125878 1.532708 1.000000 0.166667 1.000000
1.000000 6.000000 4.000000 1.000000 2.000000 6.000000 1.000000 4.000000
1.335645 1.377387 3.000000 0.469068 4.000000 1.000000 0.250000 1.000000

Matrix 545:
1.000000 7.000007 0.629484 2.736471 0.624225 1.360146 3.000003 0.500000
0.142857 1.000000 0.142857 0.430096 0.250000 0.111909 0.250000 0.250000
1.588603 7.000000 1.000000 9.000009 2.000000 0.580320 5.000000 2.323685
0.365434 2.325065 0.111111 1.000000 0.572539 0.250000 0.333333 0.314806
1.601987 4.000000 0.500000 1.746605 1.000000 0.500000 0.554105 0.330042
0.735215 8.935807 1.723187 4.000000 2.000000 1.000000 4.000000 3.000000
0.333333 4.000000 0.200000 3.000000 1.804712 0.250000 1.000000 0.166667
2.000000 4.000000 0.430351 3.176555 3.029918 0.333333 6.000000 1.000000

Matrix 546:
1.000000 3.000003 8.000000 0.333333 0.711066 3.000003 0.451194 2.000000
0.333333 1.000000 9.000009 1.115717 0.341016 5.999988 0.250000 2.637434
0.125000 0.111111 1.000000 0.125000 0.166667 0.333333 0.111111 0.142857
3.000000 0.896285 8.000000 1.000000 2.000000 2.000239 0.400512 2.000000
1.406338 2.932413 6.000000 0.500000 1.000000 1.000000 0.250000 1.916376
0.333333 0.166667 3.000000 0.499940 1.000000 1.000000 0.200000 0.526299
2.216343 4.000000 9.000000 2.496805 4.000000 5.000000 1.000000 2.677533
0.500000 0.379156 7.000000 0.500000 0.521818 1.900062 0.373478 1.000000

Matrix 547:
1.000000 2.000000 0.142857 0.333333 0.528851 1.010195 0.333333 0.200000
0.500000 1.000000 0.166667 0.200000 0.200000 0.111111 0.200000 0.207485
7.000000 6.000000 1.000000 1.000000 9.000009 2.000000 2.000000 1.000000
3.000000 5.000000 1.000000 1.000000 5.000000 2.000000 6.252211 1.000000
1.890892 5.000000 0.111111 0.200000 1.000000 0.142857 1.000000 0.500000
0.989908 9.000000 0.500000 0.500000 7.000000 1.000000 2.178462 1.459739
3.000000 5.000000 0.500000 0.159943 1.000000 0.459040 1.000000 0.333333
5.000000 4.819622 1.000000 1.000000 2.000000 0.685054 3.000000 1.000000

Matrix 548:
1.000000 0.333333 2.000000 4.000000 2.000000 0.529050 1.306733 0.528649
3.000000 1.000000 6.620774 4.318012 1.866500 7.000007 1.906877 0.500000
0.500000 0.151040 1.000000 1.000000 1.000000 0.521544 0.200000 0.142857
0.250000 0.231588 1.000000 1.000000 0.149532 0.500000 0.125000 0.131980
0.500000 0.535762 1.000000 6.687546 1.000000 2.148907 1.000000 1.000000
1.890179 0.142857 1.917382 2.000000 0.465353 1.000000 0.500000 0.250000
0.765267 0.524418 5.000000 8.000000 1.000000 2.000000 1.000000 0.333333
1.891615 2.000000 7.000000 7.576908 1.000000 4.000000 3.000000 1.000000

Matrix 549:
1.000000 1.000000 9.000009 8.000000 1.000000 2.000000 5.000000 0.250000
1.000000 1.000000 7.000007 8.000000 0.500000 0.500000 5.000000 0.301217
0.111111 0.142857 1.000000 0.500000 0.142857 0.333333 0.423859 0.111111
0.125000 0.125000 2.000000 1.000000 0.200000 0.200000 0.500000 0.123273
1.000000 2.000000 7.000000 5.000000 1.000000 4.000000 8.000000 2.000000
0.500000 2.000000 3.000000 5.000000 0.250000 1.000000 2.126680 1.602616
0.200000 0.200000 2.359276 2.000000 0.125000 0.470216 1.000000 0.142857
4.000000 3.319864 9.000000 8.112076 0.500000 0.623980 7.000000 1.000000

Matrix 550:
1.000000 0.333333 1.692779 1.579205 7.000007 4.000000 6.000000 3.000000
3.000000 1.000000 4.000000 1.167118 8.000000 8.000000 9.000000 5.000000
0.590745 0.250000 1.000000 1.990663 7.000007 7.000007 6.000000 0.674633
0.633230 0.856812 0.502345 1.000000 3.000003 9.000009 9.000000 0.642688
0.142857 0.125000 0.142857 0.333333 1.000000 4.000000 1.596236 1.000000
0.250000 0.125000 0.142857 0.111111 0.250000 1.000000 0.478914 0.200000
0.166667 0.111111 0.166667 0.111111 0.626474 2.088058 1.000000 0.333333
0.333333 0.200000 1.482287 1.555966 1.000000 5.000000 3.000000 1.000000

Matrix 551:
1.000000 0.250000 2.624653 0.145565 0.166667 1.398674 3.000000 0.169506
4.000000 1.000000 4.000000 0.142857 0.333333 0.333333 4.000000 0.250000
0.381003 0.250000 1.000000 0.200000 0.166667 0.250000 0.783576 0.142857
6.869788 7.000000 5.000000 1.000000 3.000000 3.000000 9.000000 4.000000
6.000000 3.000000 6.000000 0.333333 1.000000 3.000000 8.000000 1.000000
0.714963 3.000000 4.000000 0.333333 0.333333 1.000000 5.000000 1.474095
0.333333 0.250000 1.276200 0.111111 0.125000 0.200000 1.000000 0.166667
5.899506 4.000000 7.000000 0.250000 1.000000 0.678382 6.000000 1.000000

Matrix 552:
1.000000 0.333333 0.142857 0.200000 1.000000 0.473201 8.000000 2.000000
3.000000 1.000000 0.576743 0.366190 5.000000 1.547810 8.000000 0.895797
7.000000 1.733874 1.000000 1.000000 4.197601 7.000007 7.000007 5.000000
5.000000 2.730824 1.000000 1.000000 5.750421 3.250468 5.999988 5.000000
1.000000 0.200000 0.238231 0.173900 1.000000 0.200000 4.000000 0.512942
2.113269 0.646074 0.142857 0.307648 5.000000 1.000000 9.000009 1.810142
0.125000 0.125000 0.142857 0.166667 0.250000 0.111111 1.000000 0.166667
0.500000 1.116324 0.200000 0.200000 1.949540 0.552443 6.000000 1.000000

Matrix 553:
1.000000 9.000009 1.585515 1.876697 0.542346 7.000007 1.000000 0.250000
0.111111 1.000000 0.166667 1.000000 0.142857 1.000000 0.299587 0.111111
0.630710 6.000000 1.000000 2.000000 2.000000 3.000003 2.377226 0.500000
0.532851 1.000000 0.500000 1.000000 0.125000 1.690175 1.000000 0.125000
1.843840 7.000000 0.500000 8.000000 1.000000 5.000000 7.000007 0.200000
0.142857 1.000000 0.333333 0.591655 0.200000 1.000000 1.000000 0.166667
1.000000 3.337930 0.420658 1.000000 0.142857 1.000000 1.000000 0.250000
4.000000 9.000000 2.000000 8.000000 5.000000 6.000000 4.000000 1.000000

Matrix 554:
1.000000 0.649322 0.500000 1.000000 0.483231 0.125000 0.404139 0.115849
1.540069 1.000000 0.250000 0.273668 0.125000 0.142857 0.250000 0.333333
2.000000 4.000000 1.000000 1.403754 0.201305 0.573871 0.333333 0.111111
1.000000 3.654062 0.712376 1.000000 0.500000 0.333333 0.500000 0.125000
2.069404 8.000000 4.967583 2.000000 1.000000 1.948394 1.666400 1.464910
8.000000 7.000000 1.742552 3.000000 0.513243 1.000000 1.000000 0.333333
2.474398 4.000000 3.000000 2.000000 0.600096 1.000000 1.000000 0.333333
8.631919 3.000000 9.000000 8.000000 0.682636 3.000000 3.000000 1.000000

Matrix 555:
1.000000 1.866596 2.000000 0.500000 4.000000 0.500000 1.440060 0.500000
0.535734 1.000000 8.000000 2.000000 5.999988 1.624243 0.500000 1.000000
0.500000 0.125000 1.000000 0.333333 0.548357 0.142857 0.333333 0.142857
2.000000 0.500000 3.000000 1.000000 3.000003 0.500000 0.575229 1.000000
0.250000 0.166667 1.823628 0.333333 1.000000 0.504997 0.689833 0.214608
2.000000 0.615671 7.000000 2.000000 1.980209 1.000000 1.000000 2.766682
0.694416 2.000000 3.000000 1.738438 1.449627 1.000000 1.000000 1.796219
2.000000 1.000000 7.000000 1.000000 4.659657 0.361444 0.556725 1.000000

Matrix 556:
1.000000 0.604873 0.562228 0.125000 0.534327 3.000003 0.200000 3.000000
1.653239 1.000000 2.696715 0.420303 1.000000 2.214805 0.538532 1.789643
1.778639 0.370822 1.000000 0.142857 0.500000 0.500000 0.166667 0.384694
8.000000 2.379235 7.000000 1.000000 5.000000 7.000007 1.000000 8.000000
1.871513 1.000000 2.000000 0.200000 1.000000 2.000000 0.125000 4.000000
0.333333 0.451507 2.000000 0.142857 0.500000 1.000000 0.125000 0.323622
5.000000 1.856898 6.000000 1.000000 8.000000 8.000000 1.000000 4.000000
0.333333 0.558771 2.599467 0.125000 0.250000 3.090026 0.250000 1.000000

Matrix 557:
1.000000 9.000009 4.000000 4.960981 5.999988 1.391965 1.000000 9.000000
0.111111 1.000000 0.272032 1.603354 2.000000 0.333333 0.166667 6.000000
0.250000 3.676044 1.000000 4.781657 2.000000 1.894744 2.000000 4.000000
0.201573 0.623693 0.209133 1.000000 0.659242 0.111111 0.200000 3.000000
0.166667 0.500000 0.500000 1.516895 1.000000 0.250000 0.333333 1.454016
0.718409 3.000000 0.527776 9.000000 4.000000 1.000000 2.663725 3.393458
1.000000 6.000000 0.500000 5.000000 3.000000 0.375414 1.000000 9.000000
0.111111 0.166667 0.250000 0.333333 0.687750 0.294685 0.111111 1.000000

Matrix 558:
1.000000 5.999988 5.999988 8.000000 3.000003 4.233895 0.588796 6.000000
0.166667 1.000000 1.108716 0.586998 0.461455 0.333333 0.250000 0.427982
0.166667 0.901944 1.000000 0.500000 0.489988 0.166667 0.166667 0.333333
0.125000 1.703583 2.000000 1.000000 0.500000 2.000000 0.250000 2.000000
0.333333 2.167059 2.040864 2.000000 1.000000 0.238225 0.333333 0.596180
0.236189 3.000000 6.000000 0.500000 4.197714 1.000000 0.333333 2.000000
1.698380 4.000000 6.000000 4.000000 3.000000 3.000000 1.000000 2.000000
0.166667 2.336549 3.000000 0.500000 1.677347 0.500000 0.500000 1.000000

Matrix 559:
1.000000 0.333333 0.333333 1.775638 0.125000 0.850714 0.111111 1.791944
3.000000 1.000000 1.321415 7.000007 1.005572 2.000000 0.200000 2.215637
3.000000 0.756765 1.000000 1.914611 0.200000 1.644998 0.142857 0.608493
0.563178 0.142857 0.522299 1.000000 0.200000 2.000000 0.333333 1.000000
8.000000 0.994459 5.000000 5.000000 1.000000 5.999988 0.500000 7.000000
1.175483 0.500000 0.607903 0.500000 0.166667 1.000000 0.125000 0.333333
9.000000 5.000000 7.000000 3.000000 2.000000 8.000000 1.000000 7.000000
0.558053 0.451337 1.643404 1.000000 0.142857 3.000000 0.142857 1.000000

Matrix 560:
1.000000 3.161909 7.000007 7.000007 1.000000 7.000007 7.000000 3.000000
0.316265 1.000000 9.000009 5.999988 3.000003 3.518323 1.000000 0.500000
0.142857 0.111111 1.000000 0.260403 0.111111 0.500000 0.250000 0.166667
0.142857 0.166667 3.840194 1.000000 0.395144 3.000003 0.563790 0.250000
1.000000 0.333333 9.000000 2.530725 1.000000 5.999988 1.846816 0.474566
0.142857 0.284226 2.000000 0.333333 0.166667 1.000000 0.508660 0.308651
0.142857 1.000000 4.000000 1.773710 0.541473 1.965950 1.000000 0.193882
0.333333 2.000000 6.000000 4.000000 2.107190 3.239906 5.157770 1.000000

Matrix 561:
1.000000 3.000003 3.000003 2.000000 0.525158 1.000000 0.488856 3.000000
0.333333 1.000000 0.453902 0.250000 0.333333 0.132973 0.170234 0.400415
0.333333 2.203119 1.000000 1.000000 0.142857 0.142857 0.142857 2.000000
0.500000 4.000000 1.000000 1.000000 0.200000 0.373031 0.500000 1.881755
1.904189 3.000000 7.000000 5.000000 1.000000 1.000000 0.250000 6.000000
1.000000 7.520301 7.000000 2.680745 1.000000 1.000000 1.000000 1.000000
2.045593 5.874252 7.000000 2.000000 4.000000 1.000000 1.000000 3.000000
0.333333 2.497409 0.500000 0.531419 0.166667 1.000000 0.333333 1.000000

Matrix 562:
1.000000 1.912842 4.000000 5.000000 3.000003 7.000007 3.574286 4.000000
0.522782 1.000000 9.000009 5.999988 1.853558 5.999988 1.386048 6.000000
0.250000 0.111111 1.000000 2.000000 0.424174 2.673568 0.200000 0.493029
0.200000 0.166667 0.500000 1.000000 1.000000 5.000000 0.200000 0.333333
0.333333 0.539503 2.357524 1.000000 1.000000 4.000000 1.590775 2.468947
0.142857 0.166667 0.374032 0.200000 0.250000 1.000000 0.250000 0.531579
0.279776 0.721476 5.000000 5.000000 0.628625 4.000000 1.000000 1.000000
0.250000 0.166667 2.028278 3.000000 0.405031 1.881187 1.000000 1.000000

Matrix 563:
1.000000 0.125000 0.333333 0.333333 0.142857 0.250000 0.200000 1.000000
8.000000 1.000000 5.999988 9.000009 4.000000 8.551706 3.223636 9.000000
3.000000 0.166667 1.000000 0.520573 0.142857 2.000000 1.000000 0.511027
3.000000 0.111111 1.920959 1.000000 0.127783 0.333333 0.200000 1.515926
7.000000 0.250000 7.000000 7.825790 1.000000 3.000003 1.892474 9.000000
4.000000 0.116936 0.500000 3.000000 0.333333 1.000000 0.333333 1.000000
5.000000 0.310209 1.000000 5.000000 0.528409 3.000000 1.000000 1.976522
1.000000 0.111111 1.956844 0.659663 0.111111 1.000000 0.505939 1.000000

Matrix 564:
1.000000 0.517863 1.677645 0.250000 0.125000 1.000000 0.200000 0.250000
1.931014 1.000000 3.000003 0.166667 0.333333 1.622871 0.200000 0.250000
0.596074 0.333333 1.000000 0.500000 0.227663 1.000000 0.200000 1.000000
4.000000 6.000000 2.000000 1.000000 0.268793 2.000000 0.500000 1.000000
8.000000 3.000000 4.392455 3.720341 1.000000 7.000007 0.621527 1.000000
1.000000 0.616192 1.000000 0.500000 0.142857 1.000000 0.166080 0.250000
5.000000 5.000000 5.000000 2.000000 1.608940 6.021193 1.000000 0.500000
4.000000 4.000000 1.000000 1.000000 1.000000 4.000000 2.000000 1.000000

Matrix 565:
1.000000 0.350945 0.142857 0.500000 1.640990 0.708025 2.000000 0.250000
2.849449 1.000000 1.660942 3.000003 3.943532 0.684240 3.000003 0.436988
7.000000 0.602068 1.000000 4.000000 3.000003 2.555225 8.000000 1.592097
2.000000 0.333333 0.250000 1.000000 2.000000 0.206352 4.036661 0.500000
0.609388 0.253580 0.333333 0.500000 1.000000 0.250000 1.749126 0.250000
1.412379 1.461474 0.391355 4.846088 4.000000 1.000000 3.000003 0.185625
0.500000 0.333333 0.125000 0.247730 0.571714 0.333333 1.000000 0.125000
4.000000 2.288395 0.628102 2.000000 4.000000 5.387215 8.000000 1.000000

Matrix 566:
1.000000 4.000000 5.999988 2.521078 5.000000 0.500000 0.250000 5.000000
0.250000 1.000000 2.000000 0.166667 0.166667 0.269253 0.125000 0.537183
0.166667 0.500000 1.000000 0.200000 0.385794 0.111111 0.125000 2.000000
0.396656 6.000000 5.000000 1.000000 4.000000 0.443911 0.418711 6.000000
0.200000 6.000000 2.592055 0.250000 1.000000 0.166667 0.200000 4.000000
2.000000 3.713986 9.000000 2.252701 6.000000 1.000000 2.000000 7.932100
4.000000 8.000000 8.000000 2.388282 5.000000 0.500000 1.000000 8.000000
0.200000 1.861563 0.500000 0.166667 0.250000 0.126070 0.125000 1.000000

Matrix 567:
1.000000 0.333333 0.166667 0.142857 0.210803 1.514412 0.250000 1.000000
3.000000 1.000000 0.500000 0.500000 1.621798 4.000000 2.096239 3.000000
6.000000 2.000000 1.000000 0.578882 9.000009 4.000000 5.000000 5.000000
7.000000 2.000000 1.727467 1.000000 3.000003 5.999988 2.000000 8.000000
4.743768 0.616600 0.111111 0.333333 1.000000 1.832933 1.253736 0.836939
0.660322 0.250000 0.250000 0.166667 0.545574 1.000000 1.000000 4.519730
4.000000 0.477045 0.200000 0.500000 0.797616 1.000000 1.000000 4.000000
1.000000 0.333333 0.200000 0.125000 1.194830 0.221252 0.250000 1.000000

Matrix 568:
1.000000 0.142857 0.333333 0.166667 0.166667 2.000000 0.500000 0.200000
7.000000 1.000000 7.000007 2.137051 8.807885 5.000000 3.000003 2.000000
3.000000 0.142857 1.000000 1.001880 0.553683 3.000003 1.424836 0.333333
6.000000 0.467934 0.998124 1.000000 1.000000 5.999988 0.627703 0.333333
6.000000 0.113535 1.806088 1.000000 1.000000 3.000003 0.250000 0.587614
0.500000 0.200000 0.333333 0.166667 0.333333 1.000000 0.125000 0.200000
2.000000 0.333333 0.701835 1.593111 4.000000 8.000000 1.000000 0.500000
5.000000 0.500000 3.000000 3.000000 1.701797 5.000000 2.000000 1.000000

Matrix 569:
1.000000 2.414404 9.000009 7.000007 9.000009 0.250000 2.000000 7.000000
0.414181 1.000000 5.999988 3.000003 3.000003 0.224437 0.745032 7.599218
0.111111 0.166667 1.000000 0.664409 2.000000 0.142857 1.000000 0.411323
0.142857 0.333333 1.505097 1.000000 1.000000 0.333333 0.333333 1.510067
0.111111 0.333333 0.500000 1.000000 1.000000 0.125000 0.200000 0.821803
4.000000 4.455585 7.000000 3.000000 8.000000 1.000000 3.000003 7.906774
0.500000 1.342224 1.000000 3.000000 5.000000 0.333333 1.000000 3.000000
0.142857 0.131592 2.431180 0.662222 1.216836 0.126474 0.333333 1.000000

Matrix 570:
1.000000 4.000000 4.714807 2.000000 5.000000 2.807919 2.039996 6.000000
0.250000 1.000000 2.000000 1.455558 4.000000 0.574303 0.435709 2.000000
0.212098 0.500000 1.000000 1.432841 1.855945 0.333333 0.295471 1.853068
0.500000 0.687022 0.697914 1.000000 8.000000 1.214186 0.200000 1.928062
0.200000 0.250000 0.538809 0.125000 1.000000 0.250000 0.125000 0.383731
0.356136 1.741242 3.000000 0.823597 4.000000 1.000000 2.000000 9.000000
0.490197 2.295110 3.384425 5.000000 8.000000 0.500000 1.000000 5.080723
0.166667 0.500000 0.539646 0.518655 2.605992 0.111111 0.196822 1.000000

Matrix 571:
1.000000 5.999988 0.500000 4.904698 2.647598 5.000000 7.000000 2.000000
0.166667 1.000000 0.333333 1.909233 2.918094 1.370669 2.669909 1.000000
2.000000 3.000000 1.000000 3.206360 3.145205 9.000009 3.000000 3.000000
0.203886 0.523771 0.311880 1.000000 0.166667 1.000000 0.500000 0.500000
0.377701 0.342689 0.317944 6.000000 1.000000 5.999988 2.110246 2.000000
0.200000 0.729571 0.111111 1.000000 0.166667 1.000000 0.690940 1.000000
0.142857 0.374545 0.333333 2.000000 0.473878 1.447304 1.000000 1.281554
0.500000 1.000000 0.333333 2.000000 0.500000 1.000000 0.780303 1.000000

Matrix 572:
1.000000 0.500000 1.000000 0.553295 2.719252 0.142857 0.250000 0.166667
2.000000 1.000000 7.000007 2.179906 2.000000 1.000000 0.585230 1.016047
1.000000 0.142857 1.000000 0.500000 0.250000 0.142857 0.219083 0.111111
1.807354 0.458735 2.000000 1.000000 5.999988 0.333333 0.500000 0.125000
0.367748 0.500000 4.000000 0.166667 1.000000 0.200000 0.125000 0.111111
7.000000 1.000000 7.000000 3.000000 5.000000 1.000000 0.638331 0.333333
4.000000 1.708729 4.564478 2.000000 8.000000 1.566586 1.000000 0.500000
6.000000 0.984206 9.000000 8.000000 9.000000 3.000000 2.000000 1.000000

Matrix 573:
1.000000 0.936390 1.000000 1.000000 2.455413 0.200000 0.554169 4.789833
1.067932 1.000000 2.000000 0.500000 2.000000 0.142857 1.000000 3.000000
1.000000 0.500000 1.000000 0.612442 0.617854 0.500000 0.333333 6.000000
1.000000 2.000000 1.632806 1.000000 2.885179 0.380530 0.771526 7.000000
0.407263 0.500000 1.618504 0.346599 1.000000 0.500000 0.916782 5.000000
5.000000 7.000000 2.000000 2.627915 2.000000 1.000000 2.589931 6.000000
1.804503 1.000000 3.000000 1.296133 1.090772 0.386111 1.000000 2.000000
0.208776 0.333333 0.166667 0.142857 0.200000 0.166667 0.500000 1.000000

Matrix 574:
1.000000 0.333333 0.500000 0.125000 0.553745 3.000003 2.000000 1.792571
3.000000 1.000000 1.685889 0.200000 2.202348 5.000000 5.999988 3.000000
2.000000 0.593159 1.000000 1.012432 1.000000 5.000000 3.355325 7.462791
8.000000 5.000000 0.987720 1.000000 3.751622 9.000009 9.000009 8.000000
1.805886 0.454061 1.000000 0.266551 1.000000 1.783749 0.528338 5.438645
0.333333 0.200000 0.200000 0.111111 0.560617 1.000000 0.364976 1.620592
0.500000 0.166667 0.298034 0.111111 1.892728 2.739904 1.000000 1.471349
0.557858 0.333333 0.133998 0.125000 0.183869 0.617058 0.679648 1.000000

Matrix 575:
1.000000 0.225666 2.596539 0.333333 0.333333 3.752907 0.569217 8.000000
4.431337 1.000000 8.000000 4.000000 2.000000 7.000007 3.548781 9.000000
0.385128 0.125000 1.000000 0.111111 0.111111 1.644001 0.125000 1.000000
3.000000 0.250000 9.000000 1.000000 0.640707 9.000009 4.000000 6.000000
3.000000 0.500000 9.000000 1.560776 1.000000 4.000000 5.000000 5.000000
0.266460 0.142857 0.608272 0.111111 0.250000 1.000000 0.142857 2.848608
1.756801 0.281787 8.000000 0.250000 0.200000 7.000000 1.000000 6.000000
0.125000 0.111111 1.000000 0.166667 0.200000 0.351049 0.166667 1.000000

Matrix 576:
1.000000 0.500000 0.438977 6.030083 0.766654 3.000003 4.000000 2.000000
2.000000 1.000000 1.649026 5.999988 3.519279 4.000000 5.999988 2.000000
2.278022 0.606418 1.000000 8.000000 1.701368 2.000000 2.000000 1.964606
0.165835 0.166667 0.125000 1.000000 0.125000 0.166667 0.250000 0.142857
1.304369 0.284149 0.587762 8.000000 1.000000 0.565457 0.639003 0.359284
0.333333 0.250000 0.500000 6.000000 1.768482 1.000000 7.000007 1.539259
0.250000 0.166667 0.500000 4.000000 1.564937 0.142857 1.000000 0.333333
0.500000 0.500000 0.509008 7.000000 2.783312 0.649663 3.000000 1.000000

Matrix 577:
1.000000 5.999988 4.000000 0.470859 5.999988 5.972348 7.000007 2.326685
0.166667 1.000000 1.000000 0.142857 2.000000 0.500000 0.688286 0.142857
0.250000 1.000000 1.000000 0.474359 4.000000 3.074296 2.046009 1.000000
2.123776 7.000000 2.108107 1.000000 7.606287 4.000000 4.915278 0.881325
0.166667 0.500000 0.250000 0.131470 1.000000 1.314338 3.000003 0.166667
0.167438 2.000000 0.325278 0.250000 0.760839 1.000000 2.000000 0.731926
0.142857 1.452885 0.488756 0.203447 0.333333 0.500000 1.000000 0.142857
0.429796 7.000000 1.000000 1.134656 6.000000 1.366258 7.000000 1.000000

Matrix 578:
1.000000 1.235951 2.000000 6.181928 2.000000 1.211739 5.000000 9.000000
0.809093 1.000000 0.427574 0.718946 1.092205 0.142857 1.000000 1.000000
0.500000 2.338778 1.000000 7.719847 0.617071 0.299690 1.743213 2.000000
0.161762 1.390926 0.129536 1.000000 0.111111 0.142857 1.000000 1.210970
0.500000 0.915579 1.620559 9.000000 1.000000 0.359014 3.000003 5.000000
0.825260 7.000000 3.336781 7.000000 2.785404 1.000000 5.999988 7.000000
0.200000 1.000000 0.573653 1.000000 0.333333 0.166667 1.000000 0.500000
0.111111 1.000000 0.500000 0.825784 0.200000 0.142857 2.000000 1.000000

Matrix 579:
1.000000 0.200000 0.500000 2.000000 0.250000 0.177555 3.971688 0.430268
5.000000 1.000000 4.000000 8.000000 0.500000 0.698754 5.000000 3.059586
2.000000 0.250000 1.000000 2.510248 0.500000 0.474431 4.000000 1.000000
0.500000 0.125000 0.398367 1.000000 0.166667 0.390216 4.000000 1.849508
4.000000 2.000000 2.000000 6.000000 1.000000 3.000003 9.000009 2.000000
5.632068 1.431119 2.107787 2.562682 0.333333 1.000000 4.494397 3.000000
0.251782 0.200000 0.250000 0.250000 0.111111 0.222499 1.000000 0.776942
2.324132 0.326842 1.000000 0.540684 0.500000 0.333333 1.287097 1.000000

Matrix 580:
1.000000 0.166667 0.111111 2.000000 4.000000 0.474712 0.125000 0.125000
6.000000 1.000000 0.500000 4.000000 5.000000 9.000000 3.000000 1.000000
9.000000 2.000000 1.000000 7.000007 7.057707 4.000000 2.000000 1.000000
0.500000 0.250000 0.142857 1.000000 0.500000 0.500000 0.142857 0.125000
0.250000 0.200000 0.141689 2.000000 1.000000 0.500000 0.150502 0.333333
2.106542 0.111111 0.250000 2.000000 2.000000 1.000000 0.200000 0.821135
8.000000 0.333333 0.500000 7.000000 6.644418 5.000000 1.000000 2.000000
8.000000 1.000000 1.000000 8.000000 3.000000 1.217826 0.500000 1.000000

Matrix 581:
1.000000 5.000000 5.000000 2.232225 1.061604 4.000000 1.000000 1.000000
0.200000 1.000000 0.250000 0.200000 0.250000 0.345193 0.142857 0.554140
0.200000 4.000000 1.000000 0.250000 1.681361 1.255354 0.333333 0.500000
0.447983 5.000000 4.000000 1.000000 3.948042 1.000000 1.421221 0.477817
0.941971 4.000000 0.594756 0.253290 1.000000 0.500000 0.303197 0.250000
0.250000 2.896926 0.796588 1.000000 2.000000 1.000000 0.250000 0.404195
1.000000 7.000000 3.000000 0.703620 3.298190 4.000000 1.000000 0.609887
1.000000 1.804597 2.000000 2.092854 4.000000 2.474054 1.639649 1.000000

Matrix 582:
1.000000 7.000007 5.000000 3.000003 9.000009 4.662347 4.205915 6.000000
0.142857 1.000000 1.658861 0.500000 2.000000 0.333333 5.000000 5.000000
0.200000 0.602823 1.000000 0.250000 1.149144 1.459826 1.000000 6.000000
0.333333 2.000000 4.000000 1.000000 2.000000 2.000000 9.000000 6.000000
0.111111 0.500000 0.870213 0.500000 1.000000 0.574808 1.470047 4.000000
0.214484 3.000000 0.685013 0.500000 1.739712 1.000000 6.000000 4.000000
0.237760 0.200000 1.000000 0.111111 0.680250 0.166667 1.000000 2.000000
0.166667 0.200000 0.166667 0.166667 0.250000 0.250000 0.500000 1.000000

Matrix 583:
1.000000 0.320137 0.417443 2.094672 1.520055 5.999988 0.330238 6.000000
3.123658 1.000000 0.500000 2.524601 3.472334 8.000000 0.250000 8.597677
2.395535 2.000000 1.000000 2.000000 1.766596 8.000000 0.142857 9.000000
0.477402 0.396102 0.500000 1.000000 3.404183 5.000000 0.111111 2.000000
0.657871 0.287991 0.566060 0.293756 1.000000 2.000000 0.142857 6.000000
0.166667 0.125000 0.125000 0.200000 0.500000 1.000000 0.142857 0.624623
3.028123 4.000000 7.000000 9.000000 7.000000 7.000000 1.000000 8.899685
0.166667 0.116310 0.111111 0.500000 0.166667 1.600965 0.112364 1.000000

Matrix 584:
1.000000 0.125000 0.125000 0.142857 0.250000 0.142857 0.500000 2.000000
8.000000 1.000000 2.516594 2.718037 0.541579 5.999988 3.000003 6.000000
8.000000 0.397362 1.000000 4.200726 1.240223 3.000003 5.000000 4.746547
7.000000 0.367913 0.238054 1.000000 0.166667 1.759995 1.204243 5.000000
4.000000 1.846454 0.806306 6.000000 1.000000 5.999988 9.000009 7.000000
7.000000 0.166667 0.333333 0.568183 0.166667 1.000000 2.000000 3.000000
2.000000 0.333333 0.200000 0.830397 0.111111 0.500000 1.000000 1.670109
0.500000 0.166667 0.210679 0.200000 0.142857 0.333333 0.598763 1.000000

Matrix 585:
1.000000 0.264374 0.460410 0.462332 0.111111 0.111111 0.166667 0.333333
3.782521 1.000000 7.000007 5.000000 0.333333 0.250000 0.500000 1.000000
2.171977 0.142857 1.000000 0.500000 0.166667 0.125000 0.500000 0.166667
2.162948 0.200000 2.000000 1.000000 0.125000 0.200000 0.250000 0.500000
9.000000 3.000000 6.000000 8.000000 1.000000 0.648202 1.820565 0.500000
9.000000 4.000000 8.000000 5.000000 1.542729 1.000000 0.512330 3.000000
6.000000 2.000000 2.000000 4.000000 0.549280 1.951868 1.000000 0.906806
3.000000 1.000000 6.000000 2.000000 2.000000 0.333333 1.102771 1.000000

Matrix 586:
1.000000 3.000003 0.518945 0.839398 5.000000 5.999988 8.000000 2.000000
0.333333 1.000000 0.125000 0.142857 0.200000 0.626577 0.487630 0.166667
1.926988 8.000000 1.000000 4.000000 4.000000 8.000000 7.000007 1.428624
1.191330 7.000000 0.250000 1.000000 4.000000 5.000000 7.660339 0.627607
0.200000 5.000000 0.250000 0.250000 1.000000 9.000009 4.000000 0.500000
0.166667 1.595973 0.125000 0.200000 0.111111 1.000000 0.500000 0.333333
0.125000 2.050736 0.142857 0.130543 0.250000 2.000000 1.000000 0.125000
0.500000 6.000000 0.699974 1.593353 2.000000 3.000000 8.000000 1.000000

Matrix 587:
1.000000 0.561784 1.206598 0.148838 2.907962 2.000000 0.372020 4.000000
1.780044 1.000000 1.929992 0.333333 2.000000 3.000003 0.526145 2.646895
0.828776 0.518137 1.000000 0.846100 4.000000 2.595763 0.250000 4.000000
6.718718 3.000000 1.181894 1.000000 8.000000 9.000009 0.334050 5.000000
0.343883 0.500000 0.250000 0.125000 1.000000 1.751466 0.198879 3.000000
0.500000 0.333333 0.385243 0.111111 0.570950 1.000000 0.500000 2.222327
2.688028 1.900617 4.000000 2.993563 5.028183 2.000000 1.000000 8.197284
0.250000 0.377801 0.250000 0.200000 0.333333 0.449979 0.121992 1.000000

Matrix 588:
1.000000 3.608550 0.200000 0.951769 2.000000 3.273283 2.450411 0.333333
0.277120 1.000000 0.111111 0.462792 0.628219 5.999988 0.692105 0.250000
5.000000 9.000000 1.000000 1.493508 8.000000 8.000000 5.000000 1.688362
1.050675 2.160797 0.669564 1.000000 9.000009 5.999988 4.000000 4.000000
0.500000 1.591802 0.125000 0.111111 1.000000 1.823837 0.333333 0.166667
0.305504 0.166667 0.125000 0.166667 0.548295 1.000000 0.341076 0.268260
0.408095 1.444867 0.200000 0.250000 3.000000 2.931894 1.000000 0.200000
3.000000 4.000000 0.592290 0.250000 6.000000 3.727725 5.000000 1.000000

Matrix 589:
1.000000 5.999988 1.000000 2.000000 0.333333 1.681931 0.525705 0.471219
0.166667 1.000000 0.125000 0.490032 0.250000 0.343470 0.333333 0.200000
1.000000 8.000000 1.000000 4.000000 1.619839 1.542835 2.000000 1.745091
0.500000 2.040681 0.250000 1.000000 0.155510 0.142857 0.358422 0.166667
3.000000 4.000000 0.617345 6.430454 1.000000 2.000000 4.000000 5.000000
0.594555 2.911463 0.648157 7.000000 0.500000 1.000000 1.313683 3.000000
1.902206 3.000000 0.500000 2.790005 0.250000 0.761219 1.000000 0.594117
2.122156 5.000000 0.573036 6.000000 0.200000 0.333333 1.683171 1.000000

Matrix 590:
1.000000 1.000000 0.333333 8.000000 2.000000 3.000003 4.000000 1.845267
1.000000 1.000000 0.333333 3.754709 0.789767 5.999988 1.676890 2.000000
3.000000 3.000000 1.000000 5.999988 2.791169 4.000000 2.000000 4.000000
0.125000 0.266332 0.166667 1.000000 0.734868 5.000000 0.386146 0.238248
0.500000 1.266197 0.358273 1.360788 1.000000 5.000000 2.150000 0.500000
0.333333 0.166667 0.250000 0.200000 0.200000 1.000000 0.200000 0.166667
0.250000 0.596342 0.500000 2.589692 0.465116 5.000000 1.000000 0.500000
0.541927 0.500000 0.250000 4.197316 2.000000 6.000000 2.000000 1.000000

Matrix 591:
1.000000 3.000003 2.070597 0.500000 4.000000 0.230063 2.000000 2.000000
0.333333 1.000000 0.214840 0.200000 1.000000 0.166667 0.333333 0.250000
0.482953 4.654634 1.000000 1.000000 1.000000 0.150735 3.000003 0.588831
2.000000 5.000000 1.000000 1.000000 5.000000 0.250000 6.172867 3.898190
0.250000 1.000000 1.000000 0.200000 1.000000 0.250000 0.325024 0.333333
4.346639 6.000000 6.634176 4.000000 4.000000 1.000000 5.000000 8.000000
0.500000 3.000000 0.333333 0.161999 3.076699 0.200000 1.000000 1.000000
0.500000 4.000000 1.698280 0.256529 3.000000 0.125000 1.000000 1.000000

Matrix 592:
1.000000 0.333333 2.000000 1.000000 0.451463 2.000000 0.250000 0.200000
3.000000 1.000000 3.000003 4.000000 0.649875 1.000000 0.513282 0.333333
0.500000 0.333333 1.000000 3.271250 0.362943 1.000000 0.111111 0.500000
1.000000 0.250000 0.305694 1.000000 0.655202 0.560265 0.166667 0.111111
2.215022 1.538757 2.755254 1.526248 1.000000 0.814881 0.500000 1.498401
0.500000 1.000000 1.000000 1.784871 1.227173 1.000000 0.433100 0.200000
4.000000 1.948248 9.000000 6.000000 2.000000 2.308937 1.000000 1.018466
5.000000 3.000000 2.000000 9.000000 0.667378 5.000000 0.981869 1.000000

Matrix 593:
1.000000 1.720114 3.000003 1.000000 5.999988 0.259506 7.000007 0.445065
0.581357 1.000000 1.000000 0.500000 2.619295 0.200000 5.000000 0.200000
0.333333 1.000000 1.000000 1.622273 2.777030 0.159710 2.000000 0.586342
1.000000 2.000000 0.616419 1.000000 4.000000 0.111111 5.999988 0.131421
0.166667 0.381782 0.360097 0.250000 1.000000 0.111111 0.626539 0.333333
3.853473 5.000000 6.261335 9.000000 9.000000 1.000000 8.000000 1.971553
0.142857 0.200000 0.500000 0.166667 1.596069 0.125000 1.000000 0.166667
2.246863 5.000000 1.705488 7.609121 3.000000 0.507214 6.000000 1.000000

Matrix 594:
1.000000 0.592895 0.333333 0.200000 2.160294 0.333333 0.333333 0.476732
1.686638 1.000000 0.512914 0.470947 6.795407 0.628910 0.563462 2.000000
3.000000 1.949646 1.000000 4.000000 4.000000 5.999988 4.000000 6.000000
5.000000 2.123381 0.250000 1.000000 7.000007 1.375244 0.453040 0.740407
0.462900 0.147158 0.250000 0.142857 1.000000 0.250000 0.111111 0.142857
3.000000 1.590054 0.166667 0.727143 4.000000 1.000000 0.676403 0.741770
3.000000 1.774742 0.250000 2.207313 9.000000 1.478408 1.000000 1.000000
2.097616 0.500000 0.166667 1.350608 7.000000 1.348128 1.000000 1.000000

Matrix 595:
1.000000 1.000255 5.999988 0.712587 0.333333 0.527500 0.156536 0.500000
0.999745 1.000000 3.000003 1.211035 0.203324 4.000000 0.500000 0.250000
0.166667 0.333333 1.000000 0.142857 0.159002 0.339600 0.111111 0.166667
1.403338 0.825740 7.000000 1.000000 0.250000 4.000000 1.000000 1.000000
3.000000 4.918248 6.289217 4.000000 1.000000 5.000000 2.000000 2.093142
1.895736 0.250000 2.944640 0.250000 0.200000 1.000000 0.250000 1.340524
6.388322 2.000000 9.000000 1.000000 0.500000 4.000000 1.000000 2.000000
2.000000 4.000000 6.000000 1.000000 0.477751 0.745977 0.500000 1.000000

Matrix 596:
1.000000 8.000000 1.787711 0.333333 3.000003 0.508673 2.000000 8.000000
0.125000 1.000000 0.111111 0.201778 0.166667 0.125000 0.125000 0.333333
0.559375 9.000000 1.000000 1.591932 4.000000 0.636492 0.614549 1.175891
3.000000 4.955941 0.628167 1.000000 3.000003 0.830243 1.000000 6.000000
0.333333 6.000000 0.250000 0.333333 1.000000 0.500000 0.250000 0.593572
1.965899 8.000000 1.571112 1.204467 2.000000 1.000000 0.520997 6.000000
0.500000 8.000000 1.627209 1.000000 4.000000 1.919398 1.000000 4.000000
0.125000 3.000000 0.850419 0.166667 1.684715 0.166667 0.250000 1.000000

Matrix 597:
1.000000 1.000000 9.000009 0.763934 0.200000 1.000000 5.999988 8.000000
1.000000 1.000000 3.021998 0.493246 0.374918 1.597222 0.810834 5.000000
0.111111 0.330907 1.000000 0.250000 0.126143 0.318922 0.163801 0.658284
1.309013 2.027388 4.000000 1.000000 0.487902 1.986376 7.877220 6.000000
5.000000 2.667252 7.927517 2.049593 1.000000 8.087005 7.000007 5.600960
1.000000 0.626087 3.135563 0.503429 0.123655 1.000000 2.137862 2.223232
0.166667 1.233298 6.104977 0.126948 0.142857 0.467757 1.000000 2.000000
0.125000 0.200000 1.519101 0.166667 0.178541 0.449796 0.500000 1.000000

Matrix 598:
1.000000 1.052087 1.000000 0.650960 1.877213 0.218920 0.333333 0.500000
0.950492 1.000000 2.888116 0.651410 9.000009 0.500000 2.136552 2.712613
1.000000 0.346247 1.000000 1.061682 1.679042 0.176035 0.250000 1.000000
1.536194 1.535131 0.941902 1.000000 9.000009 1.152128 2.715117 2.748337
0.532704 0.111111 0.595578 0.111111 1.000000 0.142857 0.125000 0.200000
4.567880 2.000000 5.680680 0.867959 7.000000 1.000000 4.475316 2.503209
3.000000 0.468044 4.000000 0.368308 8.000000 0.223448 1.000000 1.435948
2.000000 0.368648 1.000000 0.363856 5.000000 0.399487 0.696404 1.000000

Matrix 599:
1.000000 5.999988 2.000000 2.068641 2.000000 0.399483 0.665265 0.423549
0.166667 1.000000 1.535237 0.424086 0.421292 0.142857 0.344928 0.142857
0.500000 0.651365 1.000000 1.000000 0.125000 0.142857 0.151275 0.333333
0.483409 2.358013 1.000000 1.000000 0.250000 0.125000 0.250000 0.333333
0.500000 2.373651 8.000000 4.000000 1.000000 1.396647 3.000003 1.103333
2.503234 7.000000 7.000000 8.000000 0.716001 1.000000 5.000000 2.000000
1.503160 2.899158 6.610497 4.000000 0.333333 0.200000 1.000000 0.250000
2.360999 7.000000 3.000000 3.000000 0.906345 0.500000 4.000000 1.000000

Matrix 600:
1.000000 4.000000 2.000000 4.000000 8.000000 7.000007 7.000007 6.000000
0.250000 1.000000 1.000000 3.000003 1.897851 5.999988 3.000003 6.273651
0.500000 1.000000 1.000000 2.138907 4.000000 5.000000 2.000000 8.000000
0.250000 0.333333 0.467529 1.000000 3.000003 1.658048 1.582100 1.000000
0.125000 0.526912 0.250000 0.333333 1.000000 2.823134 2.793305 3.628861
0.142857 0.166667 0.200000 0.603119 0.354216 1.000000 1.020179 1.696412
0.142857 0.333333 0.500000 0.632071 0.357999 0.980220 1.000000 2.214460
0.166667 0.159397 0.125000 1.000000 0.275569 0.589479 0.451577 1.000000

Matrix 601:
1.000000 2.000000 5.999988 0.882671 1.557711 9.000009 5.999988 0.534845
0.500000 1.000000 1.638870 0.333333 0.333333 8.000000 1.570294 0.650731
0.166667 0.610177 1.000000 0.200000 1.572360 1.000000 1.000000 0.333333
1.132924 3.000000 5.000000 1.000000 4.000000 7.055004 3.304545 3.000000
0.641968 3.000000 0.635987 0.250000 1.000000 2.000000 2.399415 0.500000
0.111111 0.125000 1.000000 0.141743 0.500000 1.000000 0.500000 0.250000
0.166667 0.636823 1.000000 0.302614 0.416768 2.000000 1.000000 1.000000
1.869701 1.536733 3.000000 0.333333 2.000000 4.000000 1.000000 1.000000

Matrix 602:
1.000000 1.516352 1.000000 1.434597 1.699516 4.000000 0.776038 3.085119
0.659478 1.000000 0.277887 1.235924 0.661634 2.934314 4.000000 3.000000
1.000000 3.598584 1.000000 2.000000 8.000000 9.000009 6.000000 8.000000
0.697060 0.809111 0.500000 1.000000 0.901827 1.671647 2.000000 0.969181
0.588403 1.511409 0.125000 1.108860 1.000000 0.840149 2.629653 1.000000
0.250000 0.340795 0.111111 0.598213 1.190266 1.000000 0.500000 0.333333
1.288596 0.250000 0.166667 0.500000 0.380278 2.000000 1.000000 0.425839
0.324137 0.333333 0.125000 1.031799 1.000000 3.000000 2.348304 1.000000

Matrix 603:
1.000000 0.250000 0.612161 4.000000 4.000000 7.000007 1.663221 4.000000
4.000000 1.000000 1.872672 2.000000 5.999988 7.000007 2.000000 4.000000
1.633556 0.533996 1.000000 7.000007 8.000000 2.000000 3.000003 6.000000
0.250000 0.500000 0.142857 1.000000 0.500000 1.269028 0.250000 1.000000
0.250000 0.166667 0.125000 2.000000 1.000000 3.000003 0.448982 1.000000
0.142857 0.142857 0.500000 0.788005 0.333333 1.000000 0.500000 0.500000
0.601243 0.500000 0.333333 4.000000 2.227260 2.000000 1.000000 0.621321
0.250000 0.250000 0.166667 1.000000 1.000000 2.000000 1.609473 1.000000

Matrix 604:
1.000000 1.000000 2.000000 8.000000 4.000000 4.000000 0.500000 3.676251
1.000000 1.000000 5.000000 5.000000 2.000000 5.000000 0.333333 2.892521
0.500000 0.200000 1.000000 2.291919 0.426184 0.500000 0.166667 1.000000
0.125000 0.200000 0.436316 1.000000 0.250000 1.000000 0.111111 0.111111
0.250000 0.500000 2.346403 4.000000 1.000000 0.743603 0.654179 1.000000
0.250000 0.200000 2.000000 1.000000 1.344803 1.000000 0.333333 0.333333
2.000000 3.000000 6.000000 9.000000 1.528634 3.000000 1.000000 5.000000
0.272016 0.345719 1.000000 9.000000 1.000000 3.000000 0.200000 1.000000

Matrix 605:
1.000000 5.999988 4.000000 3.000003 5.000000 0.250000 1.692065 0.250000
0.166667 1.000000 0.333333 0.409475 2.000000 0.333333 0.250000 0.166667
0.250000 3.000000 1.000000 0.471451 3.000003 0.333333 0.476254 0.333333
0.333333 2.442153 2.121111 1.000000 4.000000 0.333333 3.000003 0.215574
0.200000 0.500000 0.333333 0.250000 1.000000 0.125000 0.250000 0.111111
4.000000 3.000000 3.000000 3.000000 8.000000 1.000000 0.676760 0.333333
0.590994 4.000000 2.099719 0.333333 4.000000 1.477630 1.000000 0.333333
4.000000 6.000000 3.000000 4.638773 9.000000 3.000000 3.000000 1.000000

Matrix 606:
1.000000 0.111111 0.250000 0.125000 1.000000 2.000000 0.500000 2.078011
9.000000 1.000000 4.000000 0.529542 5.999988 5.999988 5.000000 6.000000
4.000000 0.250000 1.000000 0.421047 8.000000 8.000000 1.000000 7.000000
8.000000 1.888423 2.375035 1.000000 5.154618 9.000009 3.000003 5.000000
1.000000 0.166667 0.125000 0.194001 1.000000 1.580171 0.142857 0.609448
0.500000 0.166667 0.125000 0.111111 0.632843 1.000000 0.297649 0.539418
2.000000 0.200000 1.000000 0.333333 7.000000 3.359667 1.000000 1.276690
0.481229 0.166667 0.142857 0.200000 1.640829 1.853851 0.783275 1.000000

Matrix 607:
1.000000 0.561095 0.356760 0.188071 1.609885 5.999988 1.000000 5.000000
1.782229 1.000000 2.644884 1.000000 1.000000 5.000000 0.746681 8.000000
2.803005 0.378088 1.000000 0.592050 2.000000 7.000007 2.000000 6.000000
5.317153 1.000000 1.689045 1.000000 1.743584 5.999988 0.333333 7.000000
0.621162 1.000000 0.500000 0.573531 1.000000 4.672985 0.458789 3.000000
0.166667 0.200000 0.142857 0.166667 0.213996 1.000000 0.125000 3.000000
1.000000 1.339261 0.500000 3.000000 2.179653 8.000000 1.000000 8.000000
0.200000 0.125000 0.166667 0.142857 0.333333 0.333333 0.125000 1.000000

Matrix 608:
1.000000 2.312882 0.500000 0.326558 3.000003 0.452734 3.000003 0.333333
0.432361 1.000000 0.500000 0.125000 0.500000 0.125000 0.574976 0.200000
2.000000 2.000000 1.000000 0.200000 1.677306 1.367889 0.945503 0.383696
3.062247 8.000000 5.000000 1.000000 3.000003 0.500000 7.000007 3.000000
0.333333 2.000000 0.596194 0.333333 1.000000 1.000000 3.000003 0.333333
2.208804 8.000000 0.731053 2.000000 1.000000 1.000000 4.000000 0.500000
0.333333 1.739202 1.057638 0.142857 0.333333 0.250000 1.000000 0.166667
3.000000 5.000000 2.606232 0.333333 3.000000 2.000000 6.000000 1.000000

Matrix 609:
1.000000 0.500000 1.238939 0.422532 0.480587 0.125000 0.125000 0.111111
2.000000 1.000000 4.465501 1.572101 5.715498 0.200000 1.262021 1.000000
0.807143 0.223939 1.000000 0.250000 0.548910 0.208865 0.251975 0.237881
2.366684 0.636091 4.000000 1.000000 2.000000 0.250000 0.250000 0.214159
2.080791 0.174963 1.821793 0.500000 1.000000 0.159788 0.333333 0.125000
8.000000 5.000000 4.787772 4.000000 6.258312 1.000000 2.000000 4.000000
8.000000 0.792380 3.968643 4.000000 3.000000 0.500000 1.000000 2.324422
9.000000 1.000000 4.203779 4.669434 8.000000 0.250000 0.430215 1.000000

Matrix 610:
1.000000 5.000000 1.000000 0.590797 4.000000 4.000000 1.755293 1.000000
0.200000 1.000000 0.200000 0.120038 2.000000 0.250000 2.000000 0.345433
1.000000 5.000000 1.000000 1.689387 8.627021 8.000000 7.000007 2.149856
1.692628 8.330693 0.591931 1.000000 9.000009 5.000000 5.000000 4.000000
0.250000 0.500000 0.115915 0.111111 1.000000 1.804094 0.500000 0.250000
0.250000 4.000000 0.125000 0.200000 0.554295 1.000000 1.991213 0.333333
0.569706 0.500000 0.142857 0.200000 2.000000 0.502206 1.000000 0.873367
1.000000 2.894919 0.465147 0.250000 4.000000 3.000000 1.144994 1.000000

Matrix 611:
1.000000 0.412769 0.308699 0.278779 0.400448 0.613701 0.620051 0.329359
2.422664 1.000000 1.766654 0.272804 0.250000 0.500000 5.999988 0.333333
3.239403 0.566042 1.000000 0.500000 0.250000 0.333333 4.000000 0.333333
3.587076 3.665634 2.000000 1.000000 2.412145 2.000000 5.999988 0.539281
2.497205 4.000000 4.000000 0.414569 1.000000 2.034073 3.742643 0.617787
1.629458 2.000000 3.000000 0.500000 0.491625 1.000000 3.161810 0.250000
1.612772 0.166667 0.250000 0.166667 0.267191 0.316275 1.000000 0.174513
3.036198 3.000000 3.000000 1.854322 1.618681 4.000000 5.730236 1.000000

Matrix 612:
1.000000 0.200000 0.125000 1.000000 0.200000 4.000000 1.000000 0.487694
5.000000 1.000000 2.549389 4.000000 1.000000 5.215411 5.999988 1.633419
8.000000 0.392251 1.000000 8.000000 0.500000 6.439371 4.000000 1.812712
1.000000 0.250000 0.125000 1.000000 0.388673 1.249629 0.639324 0.166667
5.000000 1.000000 2.000000 2.572856 1.000000 2.000000 0.785431 1.000000
0.250000 0.191739 0.155295 0.800238 0.500000 1.000000 0.500000 0.166667
1.000000 0.166667 0.250000 1.564151 1.273186 2.000000 1.000000 0.263544
2.050464 0.612213 0.551660 6.000000 1.000000 6.000000 3.794428 1.000000

Matrix 613:
1.000000 3.480645 7.000007 0.624016 2.000000 0.817102 6.000000 3.000000
0.287303 1.000000 0.439168 0.111111 0.111111 0.500000 1.637898 0.111111
0.142857 2.277031 1.000000 0.354735 0.250000 0.504591 1.869101 0.500000
1.602522 9.000000 2.819007 1.000000 2.000000 2.000000 3.000000 4.000000
0.500000 9.000000 4.000000 0.500000 1.000000 4.000000 4.000000 3.000000
1.223838 2.000000 1.981802 0.500000 0.250000 1.000000 4.000000 1.000000
0.166667 0.610539 0.535016 0.333333 0.250000 0.250000 1.000000 0.200000
0.333333 9.000000 2.000000 0.250000 0.333333 1.000000 5.000000 1.000000

Matrix 614:
1.000000 3.000003 7.000007 9.000009 5.000000 4.000000 0.728985 1.622344
0.333333 1.000000 1.912922 3.000003 2.241400 0.250000 1.295456 0.694306
0.142857 0.522760 1.000000 1.000000 1.000000 0.497105 0.111111 0.250000
0.111111 0.333333 1.000000 1.000000 0.500000 0.200000 0.111111 0.111111
0.200000 0.446150 1.000000 2.000000 1.000000 0.200000 0.250000 0.111111
0.250000 4.000000 2.011648 5.000000 5.000000 1.000000 2.031183 1.167543
1.371771 0.771929 9.000000 9.000000 4.000000 0.492324 1.000000 0.716004
0.616392 1.440288 4.000000 9.000000 9.000000 0.856500 1.396639 1.000000

Matrix 615:
1.000000 1.000000 0.166667 4.000000 0.333333 1.119314 5.999988 5.000000
1.000000 1.000000 0.333333 2.477253 1.609151 2.000000 7.000007 5.354486
6.000000 3.000000 1.000000 4.000000 1.638621 5.000000 9.000009 6.000000
0.250000 0.403673 0.250000 1.000000 0.125000 3.000003 5.000000 3.000000
3.000000 0.621446 0.610269 8.000000 1.000000 7.000007 8.000000 6.000000
0.893404 0.500000 0.200000 0.333333 0.142857 1.000000 1.000000 1.918193
0.166667 0.142857 0.111111 0.200000 0.125000 1.000000 1.000000 0.333333
0.200000 0.186759 0.166667 0.333333 0.166667 0.521324 3.000000 1.000000

Matrix 616:
1.000000 0.200000 1.000000 0.459827 1.000000 2.997217 0.346972 2.000000
5.000000 1.000000 5.000000 1.000000 1.668401 9.000009 0.663524 2.656230
1.000000 0.200000 1.000000 0.333333 0.333333 3.000003 0.200000 0.312501
2.174730 1.000000 3.000000 1.000000 0.500000 4.000000 4.000000 2.219346
1.000000 0.599376 3.000000 2.000000 1.000000 8.000000 2.000000 2.000000
0.333643 0.111111 0.333333 0.250000 0.125000 1.000000 0.111111 0.500000
2.882077 1.507104 5.000000 0.250000 0.500000 9.000000 1.000000 1.000000
0.500000 0.376473 3.199993 0.450583 0.500000 2.000000 1.000000 1.000000

Matrix 617:
1.000000 0.672456 0.166667 0.333333 0.500000 0.250000 0.333333 0.166667
1.487087 1.000000 0.333333 0.409598 0.250000 0.325576 0.250000 0.333333
6.000000 3.000000 1.000000 8.000000 5.999988 4.000000 5.999988 6.821435
3.000000 2.441416 0.125000 1.000000 1.503656 3.000003 2.373335 0.492655
2.000000 4.000000 0.166667 0.665046 1.000000 1.626144 1.000000 0.500000
4.000000 3.071477 0.250000 0.333333 0.614952 1.000000 1.562786 0.481344
3.000000 4.000000 0.166667 0.421348 1.000000 0.639883 1.000000 0.500000
6.000000 3.000000 0.146597 2.029819 2.000000 2.077517 2.000000 1.000000

Matrix 618:
1.000000 4.000000 5.999988 0.500000 9.000009 9.000009 5.999988 0.500000
0.250000 1.000000 0.500000 0.333333 3.000003 0.648970 2.192289 0.166667
0.166667 2.000000 1.000000 0.250000 2.072924 3.000003 0.732467 0.125000
2.000000 3.000000 4.000000 1.000000 3.000003 5.000000 4.875035 1.187862
0.111111 0.333333 0.482410 0.333333 1.000000 0.580009 1.000000 0.200000
0.111111 1.540904 0.333333 0.200000 1.724110 1.000000 3.000003 0.250000
0.166667 0.456144 1.365249 0.205127 1.000000 0.333333 1.000000 0.142857
2.000000 6.000000 8.000000 0.841848 5.000000 4.000000 7.000000 1.000000

Matrix 619:
1.000000 1.000000 0.455569 2.000000 1.000000 1.000000 5.999988 0.476352
1.000000 1.000000 0.200000 3.000003 0.500000 0.333333 2.089995 0.245569
2.195057 5.000000 1.000000 5.000000 0.500000 1.655073 1.240137 0.614409
0.500000 0.333333 0.200000 1.000000 0.200000 0.166667 0.622954 0.250000
1.000000 2.000000 2.000000 5.000000 1.000000 4.177645 5.000000 0.333333
1.000000 3.000000 0.604203 6.000000 0.239369 1.000000 1.727454 0.572630
0.166667 0.478470 0.806363 1.605255 0.200000 0.578887 1.000000 0.166667
2.099290 4.072171 1.627581 4.000000 3.000000 1.746329 6.000000 1.000000

Matrix 620:
1.000000 0.200000 0.585834 0.333333 0.142857 0.142857 0.250000 0.750314
5.000000 1.000000 5.000000 0.685085 0.333333 0.504008 4.000000 5.000000
1.706968 0.200000 1.000000 0.250000 0.142857 0.142857 0.333333 0.257357
3.000000 1.459672 4.000000 1.000000 0.500000 0.470626 1.000000 7.000000
7.000000 3.000000 7.000000 2.000000 1.000000 0.408731 4.429534 9.000000
7.000000 1.984097 7.000000 2.124828 2.446596 1.000000 1.000000 2.000000
4.000000 0.250000 3.000000 1.000000 0.225757 1.000000 1.000000 3.000000
1.332775 0.200000 3.885656 0.142857 0.111111 0.500000 0.333333 1.000000

Matrix 621:
1.000000 1.428295 0.174629 0.611821 0.333333 0.333333 0.142857 0.142857
0.700135 1.000000 0.333333 4.000000 0.533718 0.166667 0.156903 0.333333
5.726421 3.000000 1.000000 5.000000 1.000000 2.000000 0.500000 1.109922
1.634465 0.250000 0.200000 1.000000 1.229068 0.125000 0.142857 0.172781
3.000000 1.873650 1.000000 0.813625 1.000000 0.166667 0.333333 0.166667
3.000000 6.000000 0.500000 8.000000 6.000000 1.000000 1.000000 0.500000
7.000000 6.373385 2.000000 7.000000 3.000000 1.000000 1.000000 2.000000
7.000000 3.000000 0.900964 5.787690 6.000000 2.000000 0.500000 1.000000

Matrix 622:
1.000000 8.000000 3.203612 2.000000 0.333333 0.693277 6.000000 2.000000
0.125000 1.000000 0.333333 1.383264 0.273255 0.125000 0.500000 0.166667
0.312148 3.000000 1.000000 1.686169 0.242750 0.166667 1.648255 0.883280
0.500000 0.722928 0.593060 1.000000 0.200000 0.333333 1.000000 0.500000
3.000000 3.659580 4.119467 5.000000 1.000000 0.417004 6.136474 4.000000
1.442426 8.000000 6.000000 3.000000 2.398058 1.000000 3.000000 8.000000
0.166667 2.000000 0.606702 1.000000 0.162960 0.333333 1.000000 2.000000
0.500000 6.000000 1.132144 2.000000 0.250000 0.125000 0.500000 1.000000

Matrix 623:
1.000000 3.000003 0.404055 0.142857 0.250000 0.772190 1.609258 4.000000
0.333333 1.000000 0.166667 0.125000 0.142857 0.200000 0.200000 0.393354
2.474911 6.000000 1.000000 0.166667 0.261832 2.000000 4.000000 8.000000
7.000000 8.000000 6.000000 1.000000 4.000000 3.000003 9.000009 6.000000
4.000000 7.000000 3.819237 0.250000 1.000000 3.000003 3.573190 4.000000
1.295018 5.000000 0.500000 0.333333 0.333333 1.000000 0.584766 2.000000
0.621404 5.000000 0.250000 0.111111 0.279862 1.710086 1.000000 2.187243
0.250000 2.542240 0.125000 0.166667 0.250000 0.500000 0.457197 1.000000

Matrix 624:
1.000000 4.000000 5.999988 1.585730 7.000007 1.874966 2.331734 0.500000
0.250000 1.000000 3.000003 0.533881 0.377437 0.125000 0.125000 0.125000
0.166667 0.333333 1.000000 1.283945 0.500000 0.200000 0.111111 0.333333
0.630624 1.873076 0.778850 1.000000 1.000000 0.250000 0.333333 0.142857
0.142857 2.649449 2.000000 1.000000 1.000000 0.250000 0.111111 0.111111
0.533343 8.000000 5.000000 4.000000 4.000000 1.000000 1.000000 1.453559
0.428865 8.000000 9.000000 3.000000 9.000000 1.000000 1.000000 1.000000
2.000000 8.000000 3.000000 7.000000 9.000000 0.687967 1.000000 1.000000

Matrix 625:
1.000000 9.000009 0.386687 2.384031 3.883254 7.000007 0.591702 3.000000
0.111111 1.000000 0.500000 3.000003 2.000000 1.517344 0.166667 0.500000
2.586072 2.000000 1.000000 1.699685 4.000000 5.000000 1.590571 1.785390
0.419458 0.333333 0.588344 1.000000 1.993948 2.000000 0.250000 0.200000
0.257516 0.500000 0.250000 0.501518 1.000000 2.250353 0.142857 0.250000
0.142857 0.659046 0.200000 0.500000 0.444375 1.000000 0.166667 0.333333
1.690040 6.000000 0.628705 4.000000 7.000000 6.000000 1.000000 4.765465
0.333333 2.000000 0.560102 5.000000 4.000000 3.000000 0.209843 1.000000

Matrix 626:
1.000000 1.595655 0.333333 0.500000 9.000009 3.000003 0.250000 2.241520
0.626702 1.000000 0.200000 0.463043 3.642846 2.612843 1.000000 0.566158
3.000000 5.000000 1.000000 2.383415 9.000009 7.000007 2.007484 3.000000
2.000000 2.159626 0.419566 1.000000 8.000000 5.999988 3.000003 5.000000
0.111111 0.274511 0.111111 0.125000 1.000000 0.747753 0.142857 0.142857
0.333333 0.382725 0.142857 0.166667 1.337339 1.000000 0.142857 0.723667
4.000000 1.000000 0.498136 0.333333 7.000000 7.000000 1.000000 6.000000
0.446126 1.766293 0.333333 0.200000 7.000000 1.381852 0.166667 1.000000

Matrix 627:
1.000000 5.000000 0.631171 3.006267 5.999988 5.999988 4.000000 2.000000
0.200000 1.000000 0.142857 0.333333 0.200000 2.000000 0.333333 0.142857
1.584356 7.000000 1.000000 2.000000 0.995189 8.000000 3.000003 2.398097
0.332638 3.000000 0.500000 1.000000 2.000000 3.000003 2.066076 0.333333
0.166667 5.000000 1.004834 0.500000 1.000000 4.000000 4.959462 0.500000
0.166667 0.500000 0.125000 0.333333 0.250000 1.000000 0.394338 0.200000
0.250000 3.000000 0.333333 0.484009 0.201635 2.535895 1.000000 0.166667
0.500000 7.000000 0.416997 3.000000 2.000000 5.000000 6.000000 1.000000

Matrix 628:
1.000000 1.356488 0.392900 2.278468 1.000000 0.487455 0.500000 0.957181
0.737198 1.000000 0.166667 3.000003 0.200000 0.166667 0.142857 1.747224
2.545177 6.000000 1.000000 3.000003 9.000009 1.497268 0.572250 7.741800
0.438891 0.333333 0.333333 1.000000 0.195519 0.111111 0.200000 1.000000
1.000000 5.000000 0.111111 5.114584 1.000000 0.200000 0.333333 4.000000
2.051473 6.000000 0.667883 9.000000 5.000000 1.000000 1.687432 5.000000
2.000000 7.000000 1.747488 5.000000 3.000000 0.592616 1.000000 8.000000
1.044734 0.572336 0.129169 1.000000 0.250000 0.200000 0.125000 1.000000

Matrix 629:
1.000000 2.000000 4.000000 4.375652 0.500000 0.500000 7.000007 0.250000
0.500000 1.000000 1.707180 1.933332 0.333333 0.589810 4.000000 0.187806
0.250000 0.585761 1.000000 3.000003 0.246639 0.333333 5.999988 0.200000
0.228537 0.517242 0.333333 1.000000 0.348369 0.250000 2.093445 0.500000
2.000000 3.000000 4.054503 2.870519 1.000000 3.000003 8.000000 2.920537
2.000000 1.695460 3.000000 4.000000 0.333333 1.000000 5.999988 0.352209
0.142857 0.250000 0.166667 0.477682 0.125000 0.166667 1.000000 0.142857
4.000000 5.324637 5.000000 2.000000 0.342403 2.839227 7.000000 1.000000

Matrix 630:
1.000000 0.500000 0.157817 1.000000 0.333333 4.000000 0.250000 1.000000
2.000000 1.000000 0.166667 2.565628 1.000000 2.594801 1.028925 0.200000
6.336456 6.000000 1.000000 5.999988 0.987139 8.000000 2.921597 1.409226
1.000000 0.389768 0.166667 1.000000 0.142857 2.000000 0.350986 0.200000
3.000000 1.000000 1.013028 7.000000 1.000000 3.295445 3.000003 0.704092
0.250000 0.385386 0.125000 0.500000 0.303449 1.000000 0.142857 0.142857
4.000000 0.971888 0.342279 2.849119 0.333333 7.000000 1.000000 1.816780
1.000000 5.000000 0.709609 5.000000 1.420269 7.000000 0.550424 1.000000

Matrix 631:
1.000000 8.000000 0.500000 0.500000 0.500000 0.200000 0.256888 2.064480
0.125000 1.000000 0.200000 0.333333 0.125000 0.121214 0.166667 0.200000
2.000000 5.000000 1.000000 3.151332 1.218137 0.333333 0.609543 3.000000
2.000000 3.000000 0.317326 1.000000 0.200000 0.111111 0.111111 1.000000
2.000000 8.000000 0.820925 5.000000 1.000000 1.507798 1.000000 4.000000
5.000000 8.249900 3.000000 9.000000 0.663219 1.000000 5.000000 6.000000
3.892745 6.000000 1.640573 9.000000 1.000000 0.200000 1.000000 6.000000
0.484383 5.000000 0.333333 1.000000 0.250000 0.166667 0.166667 1.000000

Matrix 632:
1.000000 0.142857 1.450302 0.333333 0.333333 0.166667 2.000000 0.534696
7.000000 1.000000 0.615777 1.113962 1.568434 0.393785 8.000000 4.000000
0.689512 1.623963 1.000000 0.551671 0.250572 0.200000 2.000000 0.637901
3.000000 0.897697 1.812675 1.000000 1.543597 0.333333 7.000007 1.907298
3.000000 0.637579 3.990875 0.647837 1.000000 1.009881 8.000000 1.694321
6.000000 2.539454 5.000000 3.000000 0.990216 1.000000 8.000000 8.000000
0.500000 0.125000 0.500000 0.142857 0.125000 0.125000 1.000000 0.395895
1.870221 0.250000 1.567642 0.524302 0.590207 0.125000 2.525922 1.000000

Matrix 633:
1.000000 0.250000 0.640805 2.962768 0.136396 4.000000 1.855264 0.333333
4.000000 1.000000 1.000000 5.999988 0.542987 5.416251 5.999988 2.921913
1.560536 1.000000 1.000000 3.000003 0.333333 7.000007 5.999988 3.808316
0.337522 0.166667 0.333333 1.000000 0.142857 1.800576 0.486823 0.142857
7.331582 1.841665 3.000000 7.000000 1.000000 7.000007 5.999988 5.000000
0.250000 0.184630 0.142857 0.555378 0.142857 1.000000 0.125000 0.333333
0.539007 0.166667 0.166667 2.054136 0.166667 8.000000 1.000000 0.535128
3.000000 0.342242 0.262583 7.000000 0.200000 3.000000 1.868712 1.000000

Matrix 634:
1.000000 0.589127 5.000000 2.000000 0.500000 2.000000 0.111111 9.000000
1.697428 1.000000 3.000003 7.000007 0.616645 5.000000 0.142857 8.000000
0.200000 0.333333 1.000000 0.493053 0.125000 0.641061 0.125000 1.000000
0.500000 0.142857 2.028181 1.000000 0.111111 2.000000 0.250000 1.000000
2.000000 1.621678 8.000000 9.000000 1.000000 7.000000 1.140027 6.000000
0.500000 0.200000 1.559914 0.500000 0.142857 1.000000 0.166667 1.000000
9.000000 7.000000 8.000000 4.000000 0.877172 6.000000 1.000000 8.670478
0.111111 0.125000 1.000000 1.000000 0.166667 1.000000 0.115334 1.000000

Matrix 635:
1.000000 3.219102 0.691795 0.500000 1.000000 0.269185 1.127435 0.979328
0.310646 1.000000 0.160353 0.125000 0.657471 0.200000 0.180441 1.000000
1.445514 6.236227 1.000000 3.000003 4.000000 0.646368 0.533182 4.000000
2.000000 8.000000 0.333333 1.000000 2.000000 0.333333 1.000000 5.000000
1.000000 1.520980 0.250000 0.500000 1.000000 0.200000 0.436984 0.333333
3.714916 5.000000 1.547107 3.000000 5.000000 1.000000 3.000003 1.511626
0.886969 5.541986 1.875531 1.000000 2.288412 0.333333 1.000000 2.864557
1.021109 1.000000 0.250000 0.200000 3.000000 0.661539 0.349094 1.000000

Matrix 636:
1.000000 0.500000 0.333333 2.710684 1.524017 0.111111 0.200000 0.250000
2.000000 1.000000 1.635579 2.256397 0.500000 0.250000 0.111111 0.122798
3.000000 0.611404 1.000000 7.968558 3.000003 0.500000 0.571955 0.250000
0.368911 0.443184 0.125493 1.000000 0.125000 0.143250 0.125000 0.126148
0.656161 2.000000 0.333333 8.000000 1.000000 0.142857 0.250000 0.166667
9.000000 4.000000 2.000000 6.980823 7.000000 1.000000 2.000000 0.639024
5.000000 9.000000 1.748388 8.000000 4.000000 0.500000 1.000000 0.340443
4.000000 8.143446 4.000000 7.927200 6.000000 1.564886 2.937347 1.000000

Matrix 637:
1.000000 0.569933 0.333333 2.415855 0.500000 5.696491 3.000000 4.000000
1.754593 1.000000 1.617466 2.597251 2.496765 5.000000 7.000000 8.000000
3.000000 0.618251 1.000000 5.000000 0.605310 5.000000 2.374985 9.000000
0.413932 0.385022 0.200000 1.000000 0.337512 4.000000 2.140081 2.000000
2.000000 0.400518 1.652047 2.962860 1.000000 2.000000 4.000000 3.404768
0.175547 0.200000 0.200000 0.250000 0.500000 1.000000 1.000000 5.000000
0.333333 0.142857 0.421055 0.467272 0.250000 1.000000 1.000000 6.000000
0.250000 0.125000 0.111111 0.500000 0.293706 0.200000 0.166667 1.000000

Matrix 638:
1.000000 1.595439 0.608822 3.000003 3.000003 5.000000 0.210821 3.000000
0.626787 1.000000 0.399791 1.000000 3.000003 5.000000 0.500000 5.000000
1.642516 2.501308 1.000000 2.000000 8.602030 1.000000 0.250000 5.755815
0.333333 1.000000 0.500000 1.000000 5.999988 2.216027 0.125000 2.000000
0.333333 0.333333 0.116252 0.166667 1.000000 0.525331 0.125000 1.947665
0.200000 0.200000 1.000000 0.451258 1.903562 1.000000 0.166667 1.660690
4.743358 2.000000 4.000000 8.000000 8.000000 6.000000 1.000000 9.000000
0.333333 0.200000 0.173737 0.500000 0.513435 0.602159 0.111111 1.000000

Matrix 639:
1.000000 3.058993 0.493538 0.622709 5.000000 1.000000 0.416708 0.333333
0.326905 1.000000 0.200000 0.333333 2.000000 0.111111 0.276131 0.500000
2.026184 5.000000 1.000000 1.721259 5.999988 1.469744 1.000000 0.500000
1.605888 3.000000 0.580970 1.000000 2.000000 0.485029 2.147983 1.633231
0.200000 0.500000 0.166667 0.500000 1.000000 0.250000 0.166667 0.166667
1.000000 9.000000 0.680391 2.061734 4.000000 1.000000 2.000000 2.000000
2.399764 3.621474 1.000000 0.465553 6.000000 0.500000 1.000000 3.000000
3.000000 2.000000 2.000000 0.612283 6.000000 0.500000 0.333333 1.000000

Matrix 640:
1.000000 2.013521 4.265534 0.625297 5.999988 3.000003 9.000009 0.399565
0.496642 1.000000 0.500000 0.500000 5.000000 0.849158 0.690338 0.142857
0.234437 2.000000 1.000000 0.253033 5.999988 2.000000 1.000000 0.250000
1.599240 2.000000 3.952047 1.000000 5.000000 1.857657 8.000000 0.200000
0.166667 0.200000 0.166667 0.200000 1.000000 0.250000 0.500000 0.139992
0.333333 1.177637 0.500000 0.538313 4.000000 1.000000 1.962568 0.125000
0.111111 1.448566 1.000000 0.125000 2.000000 0.509536 1.000000 0.125000
2.502725 7.000000 4.000000 5.000000 7.143241 8.000000 8.000000 1.000000

Matrix 641:
1.000000 2.000000 5.999988 1.000000 0.410853 0.125000 3.000000 0.333333
0.500000 1.000000 2.000259 0.500000 0.200000 0.142857 0.500000 1.000000
0.166667 0.499935 1.000000 0.250000 0.147971 0.111111 0.634661 0.125000
1.000000 2.000000 4.000000 1.000000 0.250000 1.035017 6.000000 0.500000
2.433960 5.000000 6.758061 4.000000 1.000000 2.000000 7.000000 3.000000
8.000000 7.000000 9.000000 0.966167 0.500000 1.000000 5.000000 3.162272
0.333333 2.000000 1.575644 0.166667 0.142857 0.200000 1.000000 0.397150
3.000000 1.000000 8.000000 2.000000 0.333333 0.316228 2.517941 1.000000

Matrix 642:
1.000000 0.250000 1.391823 0.250000 0.323107 0.500000 4.000000 1.679388
4.000000 1.000000 8.000000 0.727717 2.646583 2.000000 5.999988 3.192497
0.718482 0.125000 1.000000 0.500000 0.333333 0.333333 5.000000 0.556109
4.000000 1.374161 2.000000 1.000000 5.999988 7.000007 8.000000 6.000000
3.094954 0.377846 3.000000 0.166667 1.000000 0.500000 8.000000 5.000000
2.000000 0.500000 3.000000 0.142857 2.000000 1.000000 4.000000 2.000000
0.250000 0.166667 0.200000 0.125000 0.125000 0.250000 1.000000 0.353704
0.595455 0.313234 1.798207 0.166667 0.200000 0.500000 2.827221 1.000000

Matrix 643:
1.000000 2.000000 5.000000 5.999988 0.492237 1.000000 0.166667 8.000000
0.500000 1.000000 3.000003 1.860081 0.250000 0.671691 0.142857 1.000000
0.200000 0.333333 1.000000 0.447758 0.125000 0.506012 0.121130 0.166667
0.166667 0.537611 2.233348 1.000000 0.250000 1.000000 0.166667 0.442286
2.031543 4.000000 8.000000 4.000000 1.000000 1.740993 0.250000 5.000000
1.000000 1.488781 1.976238 1.000000 0.574385 1.000000 0.500000 3.000000
6.000000 7.000000 8.255608 6.000000 4.000000 2.000000 1.000000 8.125235
0.125000 1.000000 6.000000 2.260979 0.200000 0.333333 0.123073 1.000000

Matrix 644:
1.000000 0.333333 0.111111 0.500000 0.333333 0.125000 0.333333 0.250000
3.000000 1.000000 1.342070 3.436463 4.000000 1.000000 0.500000 1.786997
9.000000 0.745118 1.000000 5.000000 1.000000 0.333333 3.000003 3.000000
2.000000 0.290997 0.200000 1.000000 0.529313 0.200000 1.000000 2.000000
3.000000 0.250000 1.000000 1.889241 1.000000 0.234068 0.470782 2.005130
8.000000 1.000000 3.000000 5.000000 4.272272 1.000000 4.000000 5.000000
3.000000 2.000000 0.333333 1.000000 2.124127 0.250000 1.000000 1.000000
4.000000 0.559598 0.333333 0.500000 0.498721 0.200000 1.000000 1.000000

Matrix 645:
1.000000 9.000009 4.000000 4.000000 4.000000 5.000000 7.000007 5.000000
0.111111 1.000000 1.000000 0.637293 1.000000 0.250000 2.000000 2.003138
0.250000 1.000000 1.000000 0.500000 0.500000 0.250000 0.500000 0.333333
0.250000 1.569138 2.000000 1.000000 0.592177 0.322894 1.602983 3.000000
0.250000 1.000000 2.000000 1.688685 1.000000 2.025102 2.373754 0.822245
0.200000 4.000000 4.000000 3.096990 0.493802 1.000000 3.347803 2.000000
0.142857 0.500000 2.000000 0.623837 0.421274 0.298703 1.000000 2.362695
0.200000 0.499217 3.000000 0.333333 1.216182 0.500000 0.423246 1.000000

Matrix 646:
1.000000 6.755086 5.526914 8.000000 3.388824 3.000003 1.720698 5.000000
0.148037 1.000000 0.721494 0.250000 0.333333 0.333333 0.200000 0.628370
0.180933 1.386013 1.000000 2.468307 1.000000 0.333333 0.111111 2.000000
0.125000 4.000000 0.405136 1.000000 2.000000 0.371659 0.142857 0.398962
0.295088 3.000000 1.000000 0.500000 1.000000 1.332699 0.142857 0.500000
0.333333 3.000000 3.000000 2.690642 0.750357 1.000000 0.166667 2.000000
0.581160 5.000000 9.000000 7.000000 7.000000 6.000000 1.000000 2.632306
0.200000 1.591420 0.500000 2.506501 2.000000 0.500000 0.379895 1.000000

Matrix 647:
1.000000 0.166667 0.662130 1.805260 4.000000 0.235788 0.578630 5.046790
6.000000 1.000000 3.000003 7.000007 9.000009 7.000007 4.000000 8.000000
1.510278 0.333333 1.000000 3.615219 2.000000 0.500000 1.525996 5.000000
0.553937 0.142857 0.276608 1.000000 0.626169 0.250000 0.333333 3.000000
0.250000 0.111111 0.500000 1.597013 1.000000 0.125000 0.125000 3.000000
4.241099 0.142857 2.000000 4.000000 8.000000 1.000000 0.500000 9.000000
1.728221 0.250000 0.655310 3.000000 8.000000 2.000000 1.000000 9.000000
0.198146 0.125000 0.200000 0.333333 0.333333 0.111111 0.111111 1.000000

Matrix 648:
1.000000 3.000003 7.000007 0.250000 4.000000 5.999988 7.000007 2.285490
0.333333 1.000000 7.000007 0.333333 4.000000 4.000000 5.687678 0.500000
0.142857 0.142857 1.000000 0.142857 0.500000 2.000000 0.723923 0.500000
4.000000 3.000000 7.000000 1.000000 4.000000 9.000009 5.999988 2.000000
0.250000 0.250000 2.000000 0.250000 1.000000 3.000003 9.000009 0.365276
0.166667 0.250000 0.500000 0.111111 0.333333 1.000000 0.541111 0.250000
0.142857 0.175819 1.381363 0.166667 0.111111 1.848049 1.000000 0.250000
0.437543 2.000000 2.000000 0.500000 2.737655 4.000000 4.000000 1.000000

Matrix 649:
1.000000 2.128550 0.250000 0.333333 0.187739 1.000000 1.820048 2.000000
0.469803 1.000000 0.166667 0.111111 0.200000 0.946990 0.333333 2.295846
4.000000 6.000000 1.000000 0.409860 0.558861 0.991732 3.455800 7.000000
3.000000 9.000000 2.439858 1.000000 0.541650 5.000000 8.000000 4.000000
5.326558 5.000000 1.789352 1.846210 1.000000 3.542534 3.000003 6.320398
1.000000 1.055978 1.008337 0.200000 0.282284 1.000000 1.834901 6.000000
0.549436 3.000000 0.289369 0.125000 0.333333 0.544989 1.000000 5.000000
0.500000 0.435569 0.142857 0.250000 0.158218 0.166667 0.200000 1.000000

Matrix 650:
1.000000 2.940759 1.719160 0.333333 0.590342 2.000000 3.000000 5.000000
0.340048 1.000000 1.000000 0.250000 0.250000 1.730053 0.596722 3.213623
0.581679 1.000000 1.000000 0.200000 0.595891 2.000000 1.641151 4.117672
3.000000 4.000000 5.000000 1.000000 3.000003 6.570546 4.000000 6.000000
1.693934 4.000000 1.678160 0.333333 1.000000 9.000000 5.000000 4.000000
0.500000 0.578017 0.500000 0.152194 0.111111 1.000000 0.333333 7.000000
0.333333 1.675822 0.609328 0.250000 0.200000 3.000000 1.000000 7.000000
0.200000 0.311175 0.242856 0.166667 0.250000 0.142857 0.142857 1.000000

Matrix 651:
1.000000 0.177264 0.142857 0.318086 0.119828 0.437953 1.670960 0.200000
5.641295 1.000000 0.655488 1.000000 1.319405 2.000000 5.000000 2.000000
7.000000 1.525581 1.000000 1.000000 2.379594 9.000009 5.000000 8.000000
3.143808 1.000000 1.000000 1.000000 0.760946 4.000000 4.000000 0.492294
8.345310 0.757917 0.420240 1.314154 1.000000 1.400306 2.000000 2.544023
2.283350 0.500000 0.111111 0.250000 0.714130 1.000000 2.445407 0.505691
0.598458 0.200000 0.200000 0.250000 0.500000 0.408930 1.000000 0.166667
5.000000 0.500000 0.125000 2.031308 0.393078 1.977493 6.000000 1.000000

Matrix 652:
1.000000 0.166667 0.333333 0.142857 0.478743 0.250000 0.142857 0.166667
6.000000 1.000000 5.999988 0.500000 5.000000 4.000000 1.000000 0.671569
3.000000 0.166667 1.000000 0.131991 0.376005 1.523820 0.127537 0.111111
7.000000 2.000000 7.576298 1.000000 7.000007 5.278364 4.000000 3.000000
2.088803 0.200000 2.659536 0.142857 1.000000 4.000000 0.142857 0.200000
4.000000 0.250000 0.656245 0.189453 0.250000 1.000000 0.125000 0.500000
7.000000 1.000000 7.840840 0.250000 7.000000 8.000000 1.000000 2.000000
6.000000 1.489050 9.000000 0.333333 5.000000 2.000000 0.500000 1.000000

Matrix 653:
1.000000 4.000000 1.224150 0.142857 0.262809 0.574700 5.000000 0.500000
0.250000 1.000000 0.142857 0.250000 0.124392 0.125000 0.500000 0.125000
0.816893 7.000000 1.000000 0.257371 0.614295 2.000000 3.542853 1.554543
7.000000 4.000000 3.885435 1.000000 1.502732 4.000000 5.999988 1.689901
3.805038 8.039100 1.627882 0.665454 1.000000 4.001377 7.194635 1.330507
1.740040 8.000000 0.500000 0.250000 0.249914 1.000000 1.867125 0.250000
0.200000 2.000000 0.282258 0.166667 0.138992 0.535583 1.000000 0.125000
2.000000 8.000000 0.643276 0.591751 0.751593 4.000000 8.000000 1.000000

Matrix 654:
1.000000 0.112774 0.166667 0.500000 0.500000 0.250000 0.179230 0.333333
8.867282 1.000000 1.781098 1.000000 2.777258 0.660457 2.000000 3.000000
6.000000 0.561451 1.000000 1.000000 1.346585 0.500000 1.742704 3.938938
2.000000 1.000000 1.000000 1.000000 3.000003 0.864458 1.931703 3.007380
2.000000 0.360067 0.742619 0.333333 1.000000 1.000000 0.586078 3.000000
4.000000 1.514102 2.000000 1.156794 1.000000 1.000000 7.000007 6.000000
5.579416 0.500000 0.573821 0.517678 1.706257 0.142857 1.000000 5.000000
3.000000 0.333333 0.253876 0.332515 0.333333 0.166667 0.200000 1.000000

Matrix 655:
1.000000 5.999988 4.000000 5.000000 5.999988 7.000007 2.602117 2.000000
0.166667 1.000000 2.000000 2.329418 2.000000 3.014791 0.166667 0.273837
0.250000 0.500000 1.000000 4.000000 4.000000 5.999988 0.333333 0.405587
0.200000 0.429292 0.250000 1.000000 5.999988 2.000000 0.142857 0.142857
0.166667 0.500000 0.250000 0.166667 1.000000 0.500000 0.166667 0.166667
0.142857 0.331698 0.166667 0.500000 2.000000 1.000000 0.111111 0.250000
0.384303 6.000000 3.000000 7.000000 6.000000 9.000000 1.000000 1.598740
0.500000 3.651803 2.465564 7.000000 6.000000 4.000000 0.625493 1.000000

Matrix 656:
1.000000 3.739169 2.984582 0.500000 1.737491 8.000000 3.000003 0.570215
0.267439 1.000000 0.500000 0.140836 0.250000 2.000000 0.644287 0.200000
0.335055 2.000000 1.000000 1.017374 0.500000 8.000000 5.999988 0.111111
2.000000 7.100444 0.982922 1.000000 1.597794 7.000007 3.000003 0.403888
0.575543 4.000000 2.000000 0.625863 1.000000 8.000000 7.000007 0.333333
0.125000 0.500000 0.125000 0.142857 0.125000 1.000000 0.333333 0.196945
0.333333 1.552104 0.166667 0.333333 0.142857 3.000000 1.000000 0.111111
1.753724 5.000000 9.000000 2.475935 3.000000 5.077557 9.000000 1.000000

Matrix 657:
1.000000 0.286717 0.142857 0.352097 0.142857 0.142857 0.200000 0.125000
3.487762 1.000000 1.991184 3.000003 0.501205 5.000000 2.043909 0.232915
7.000000 0.502214 1.000000 2.039985 0.596105 2.951724 3.589307 0.408016
2.840128 0.333333 0.490200 1.000000 0.250000 1.800290 2.000000 0.347383
7.000000 1.995190 1.677556 4.000000 1.000000 4.000000 4.000000 2.000000
7.000000 0.200000 0.338785 0.555466 0.250000 1.000000 1.984889 0.125000
5.000000 0.489258 0.278605 0.500000 0.250000 0.503807 1.000000 0.250000
8.000000 4.293412 2.450884 2.878669 0.500000 8.000000 4.000000 1.000000

Matrix 658:
1.000000 0.500000 0.500000 2.117156 0.333333 0.125000 2.790134 0.333333
2.000000 1.000000 0.635631 2.000000 1.000000 0.111111 4.000000 1.617990
2.000000 1.573240 1.000000 3.000003 1.144682 0.333333 3.479885 0.673620
0.472332 0.500000 0.333333 1.000000 0.411643 0.111111 1.000000 0.166667
3.000000 1.000000 0.873605 2.429288 1.000000 0.500000 6.269287 5.000000
8.000000 9.000000 3.000000 9.000000 2.000000 1.000000 9.000009 6.186295
0.358406 0.250000 0.287366 1.000000 0.159508 0.111111 1.000000 0.500000
3.000000 0.618051 1.484517 6.000000 0.200000 0.161648 2.000000 1.000000

Matrix 659:
1.000000 0.249335 1.000000 0.576566 1.197007 0.515325 0.111111 0.346022
4.010675 1.000000 1.835843 4.000000 4.000000 1.000000 0.776487 3.202152
1.000000 0.544709 1.000000 1.172081 0.794104 1.765911 0.331379 0.440568
1.734405 0.250000 0.853183 1.000000 2.058000 0.500000 0.266707 0.500000
0.835417 0.250000 1.259280 0.485909 1.000000 0.443108 0.125000 2.000000
1.940524 1.000000 0.566280 2.000000 2.256784 1.000000 0.142857 0.586351
9.000000 1.287851 3.017694 3.749427 8.000000 7.000000 1.000000 4.000000
2.889989 0.312290 2.269796 2.000000 0.500000 1.705462 0.250000 1.000000

Matrix 660:
1.000000 0.168958 0.333333 0.111111 0.333333 0.111111 2.012538 0.200000
5.918626 1.000000 0.276665 1.000000 0.333333 0.500000 5.999988 0.200000
3.000000 3.614475 1.000000 1.196741 1.731272 2.415329 7.000007 0.500000
9.000000 1.000000 0.835603 1.000000 1.275620 1.570756 7.481011 1.399334
3.000000 3.000000 0.577610 0.783933 1.000000 2.000000 9.000009 0.333333
9.000000 2.000000 0.414022 0.636636 0.500000 1.000000 5.999988 2.000000
0.496885 0.166667 0.142857 0.133672 0.111111 0.166667 1.000000 0.111111
5.000000 5.000000 2.000000 0.714626 3.000000 0.500000 9.000000 1.000000

Matrix 661:
1.000000 1.000000 8.000000 1.000000 1.936966 4.000000 1.000000 1.000000
1.000000 1.000000 5.999988 1.379626 6.596934 8.000000 7.000007 1.000000
0.125000 0.166667 1.000000 0.531882 1.477028 1.435539 0.426056 0.116773
1.000000 0.724834 1.880116 1.000000 1.624708 2.960251 3.000003 0.642012
0.516271 0.151586 0.677035 0.615495 1.000000 2.779622 0.791542 1.000000
0.250000 0.125000 0.696602 0.337809 0.359761 1.000000 1.065828 0.142857
1.000000 0.142857 2.347107 0.333333 1.263356 0.938238 1.000000 0.220141
1.000000 1.000000 8.563622 1.557603 1.000000 7.000000 4.542540 1.000000

Matrix 662:
1.000000 4.000000 1.698121 8.000000 3.434217 4.000000 0.990512 0.808281
0.250000 1.000000 0.349763 6.944745 5.000000 1.000000 1.000000 0.574255
0.588886 2.859082 1.000000 5.999988 8.000000 1.000000 0.250000 1.469092
0.125000 0.143994 0.166667 1.000000 0.661305 0.166667 0.200000 0.250000
0.291187 0.200000 0.125000 1.512162 1.000000 0.405657 0.250000 0.333333
0.250000 1.000000 1.000000 6.000000 2.465140 1.000000 0.166667 0.333333
1.009579 1.000000 4.000000 5.000000 4.000000 6.000000 1.000000 1.927501
1.237193 1.741386 0.680692 4.000000 3.000000 3.000000 0.518807 1.000000

Matrix 663:
1.000000 5.000000 0.333333 4.000000 2.129412 1.300608 2.827584 2.000000
0.200000 1.000000 0.200000 0.333333 0.539910 0.143833 0.142857 0.166667
3.000000 5.000000 1.000000 5.999988 1.329861 3.437113 5.000000 2.212076
0.250000 3.000000 0.166667 1.000000 0.500000 0.250000 0.376397 1.000000
0.469613 1.852160 0.751958 2.000000 1.000000 1.400231 0.420609 0.483963
0.768871 6.952485 0.290942 4.000000 0.714168 1.000000 2.588203 1.000000
0.353659 7.000000 0.200000 2.656770 2.377507 0.386368 1.000000 1.105905
0.500000 6.000000 0.452064 1.000000 2.066274 1.000000 0.904237 1.000000

Matrix 664:
1.000000 0.500000 0.500000 2.005962 7.000007 1.228011 2.659871 4.000000
2.000000 1.000000 1.000000 1.000000 9.000009 6.881904 3.000003 5.000000
2.000000 1.000000 1.000000 2.000000 8.000000 3.000003 2.000000 2.962375
0.498514 1.000000 0.500000 1.000000 2.999921 3.056126 0.500000 0.859875
0.142857 0.111111 0.125000 0.333342 1.000000 2.000000 0.200000 1.000000
0.814325 0.145309 0.333333 0.327212 0.500000 1.000000 0.500000 0.438074
0.375958 0.333333 0.500000 2.000000 5.000000 2.000000 1.000000 2.274634
0.250000 0.200000 0.337567 1.162959 1.000000 2.282719 0.439631 1.000000

Matrix 665:
1.000000 4.000000 2.096620 2.157257 5.000000 8.000000 5.000000 9.000000
0.250000 1.000000 0.724848 1.688119 4.000000 2.000000 1.000000 5.000000
0.476958 1.379600 1.000000 1.000000 4.000000 4.000000 1.624902 2.000000
0.463552 0.592375 1.000000 1.000000 3.000003 5.000000 3.195072 8.933233
0.200000 0.250000 0.250000 0.333333 1.000000 3.000003 0.576395 5.000000
0.125000 0.500000 0.250000 0.200000 0.333333 1.000000 0.333333 0.552770
0.200000 1.000000 0.615422 0.312982 1.734923 3.000000 1.000000 0.733176
0.111111 0.200000 0.500000 0.111942 0.200000 1.809069 1.363929 1.000000

Matrix 666:
1.000000 0.999854 3.000003 0.578950 1.000000 0.200000 5.000000 0.197203
1.000146 1.000000 2.000000 0.166667 0.142857 0.543069 2.000000 0.200000
0.333333 0.500000 1.000000 0.500000 0.200000 0.200000 0.696910 0.200000
1.727265 6.000000 2.000000 1.000000 0.539671 3.000003 9.000009 0.680741
1.000000 7.000000 5.000000 1.852982 1.000000 1.839621 3.000003 0.850082
5.000000 1.841385 5.000000 0.333333 0.543590 1.000000 3.000003 0.810336
0.200000 0.500000 1.434905 0.111111 0.333333 0.333333 1.000000 0.166667
5.070923 5.000000 5.000000 1.468987 1.176358 1.234057 6.000000 1.000000

Matrix 667:
1.000000 8.000000 2.272325 3.000003 7.000007 4.000000 1.828476 2.000000
0.125000 1.000000 0.111111 0.505661 1.105886 0.246915 0.200000 0.142857
0.440078 9.000000 1.000000 2.849500 5.999988 5.000000 0.500000 5.000000
0.333333 1.977608 0.350939 1.000000 2.000000 0.500000 0.316992 1.766319
0.142857 0.904252 0.166667 0.500000 1.000000 0.111111 0.200000 0.111111
0.250000 4.049981 0.200000 2.000000 9.000000 1.000000 0.250000 1.000000
0.546904 5.000000 2.000000 3.154658 5.000000 4.000000 1.000000 1.544508
0.500000 7.000000 0.200000 0.566149 9.000000 1.000000 0.647455 1.000000

Matrix 668:
1.000000 2.838188 8.000000 8.283749 0.215132 1.461346 5.121795 1.000000
0.352338 1.000000 2.355830 1.894035 0.125000 0.534514 2.240256 1.394076
0.125000 0.424479 1.000000 1.000000 0.191889 0.250000 0.427853 0.200000
0.120718 0.527973 1.000000 1.000000 0.125000 0.142857 0.333333 0.250000
4.648302 8.000000 5.211342 8.000000 1.000000 4.000000 9.000009 3.000000
0.684301 1.870859 4.000000 7.000000 0.250000 1.000000 2.356968 4.407439
0.195244 0.446378 2.337250 3.000000 0.111111 0.424274 1.000000 2.000000
1.000000 0.717321 5.000000 4.000000 0.333333 0.226889 0.500000 1.000000

Matrix 669:
1.000000 0.481261 0.569484 2.943300 0.250000 0.200000 6.000000 0.120029
2.077876 1.000000 0.250000 7.000007 0.237582 0.500000 4.000000 0.142857
1.755974 4.000000 1.000000 5.000000 0.569751 1.071120 9.000000 0.200000
0.339755 0.142857 0.200000 1.000000 0.166667 0.111111 0.500000 0.125000
4.000000 4.209078 1.755151 6.000000 1.000000 2.000000 4.000000 0.551285
5.000000 2.000000 0.933602 9.000000 0.500000 1.000000 5.540593 1.000000
0.166667 0.250000 0.111111 2.000000 0.250000 0.180486 1.000000 0.166667
8.331304 7.000000 5.000000 8.000000 1.813943 1.000000 6.000000 1.000000

Matrix 670:
1.000000 3.000003 9.000009 1.540419 5.000000 3.000003 5.999988 9.000000
0.333333 1.000000 5.000000 0.468952 9.000009 2.410071 5.999988 4.000000
0.111111 0.200000 1.000000 0.238231 1.411275 0.250000 1.000000 0.332365
0.649174 2.132415 4.197612 1.000000 9.000009 8.000000 7.000007 9.000000
0.200000 0.111111 0.708579 0.111111 1.000000 0.432528 2.061279 3.000000
0.333333 0.414926 4.000000 0.125000 2.311990 1.000000 2.000000 5.000000
0.166667 0.166667 1.000000 0.142857 0.485136 0.500000 1.000000 0.500000
0.111111 0.250000 3.008744 0.111111 0.333333 0.200000 2.000000 1.000000

Matrix 671:
1.000000 0.870125 0.537180 0.500000 1.000000 3.854279 0.166667 1.177052
1.149260 1.000000 1.937318 1.238679 7.000007 4.000000 0.278158 5.000000
1.861572 0.516178 1.000000 0.352798 3.700217 5.999988 0.140067 5.000000
2.000000 0.807311 2.834485 1.000000 5.000000 5.999988 0.500000 4.672815
1.000000 0.142857 0.270254 0.200000 1.000000 1.929353 0.111111 1.000000
0.259452 0.250000 0.166667 0.166667 0.518308 1.000000 0.166667 0.250000
6.000000 3.595080 7.139431 2.000000 9.000000 6.000000 1.000000 9.000000
0.849580 0.200000 0.200000 0.214004 1.000000 4.000000 0.111111 1.000000

Matrix 672:
1.000000 0.250000 0.250000 0.580664 0.166667 0.200000 0.420227 0.125000
4.000000 1.000000 3.000003 1.000000 0.333333 0.166667 3.372934 3.000000
4.000000 0.333333 1.000000 2.000000 0.142857 0.125000 1.000000 0.333333
1.722167 1.000000 0.500000 1.000000 0.111111 0.142857 0.500000 0.166667
6.000000 3.000000 7.000000 9.000000 1.000000 0.525782 5.999988 3.000000
5.000000 6.000000 8.000000 7.000000 1.901930 1.000000 5.000000 5.000000
2.379669 0.296478 1.000000 2.000000 0.166667 0.200000 1.000000 0.478916
8.000000 0.333333 3.000000 6.000000 0.333333 0.200000 2.088048 1.000000

Matrix 673:
1.000000 4.000000 7.000007 1.586428 1.423826 3.000003 0.440692 1.651005
0.250000 1.000000 0.517858 0.200000 2.000000 0.250000 0.166667 0.111111
0.142857 1.931032 1.000000 0.200000 0.461585 0.500000 0.125000 0.177778
0.630347 5.000000 5.000000 1.000000 3.256530 0.859544 0.166667 0.500000
0.702333 0.500000 2.166447 0.307075 1.000000 0.333333 0.111111 0.250000
0.333333 4.000000 2.000000 1.163407 3.000000 1.000000 0.384841 1.887821
2.269160 6.000000 8.000000 6.000000 9.000000 2.598473 1.000000 2.883310
0.605692 9.000000 5.624999 2.000000 4.000000 0.529711 0.346824 1.000000

Matrix 674:
1.000000 0.125000 0.123473 0.258922 0.200000 2.000000 0.626215 0.142857
8.000000 1.000000 1.237777 2.000000 0.595202 9.000009 3.000003 0.567096
8.098962 0.807900 1.000000 2.114250 0.333333 3.000003 8.685633 1.000000
3.862166 0.500000 0.472981 1.000000 0.125000 2.000000 2.255539 0.630650
5.000000 1.680103 3.000000 8.000000 1.000000 7.000007 3.000003 3.000000
0.500000 0.111111 0.333333 0.500000 0.142857 1.000000 1.623860 0.200000
1.596896 0.333333 0.115133 0.443353 0.333333 0.615817 1.000000 0.690236
7.000000 1.763370 1.000000 1.585666 0.333333 5.000000 1.448779 1.000000

Matrix 675:
1.000000 2.919660 3.000003 1.998576 7.000007 1.334442 8.000000 1.000000
0.342506 1.000000 1.000000 3.000003 2.710894 0.125000 3.964670 1.000000
0.333333 1.000000 1.000000 2.000000 0.485197 0.187423 0.543029 0.142857
0.500356 0.333333 0.500000 1.000000 0.500000 0.125000 0.500000 0.155067
0.142857 0.368882 2.061017 2.000000 1.000000 0.200000 2.000000 0.142857
0.749377 8.000000 5.335516 8.000000 5.000000 1.000000 7.000007 0.681987
0.125000 0.252228 1.841523 2.000000 0.500000 0.142857 1.000000 0.200000
1.000000 1.000000 7.000000 6.448827 7.000000 1.466303 5.000000 1.000000

Matrix 676:
1.000000 1.000000 1.546001 0.125000 0.500000 2.567668 0.250000 0.200000
1.000000 1.000000 0.502456 0.142857 2.347831 0.776615 0.125000 0.134937
0.646830 1.990226 1.000000 0.125000 2.209195 2.000000 0.500000 1.000000
8.000000 7.000000 8.000000 1.000000 9.000009 5.999988 3.000003 6.000000
2.000000 0.425925 0.452654 0.111111 1.000000 0.526759 0.166667 0.125000
0.389458 1.287640 0.500000 0.166667 1.898402 1.000000 0.166667 0.283268
4.000000 8.000000 2.000000 0.333333 6.000000 6.000000 1.000000 0.492100
5.000000 7.410846 1.000000 0.166667 8.000000 3.530221 2.032106 1.000000

Matrix 677:
1.000000 0.333333 0.333333 0.125000 1.000000 0.166667 2.345466 0.250000
3.000000 1.000000 0.564053 0.250000 7.000000 0.142857 6.000000 1.811660
3.000000 1.772882 1.000000 0.250000 3.000000 0.166667 6.000000 1.000000
8.000000 4.000000 4.000000 1.000000 5.000000 2.000000 6.000000 5.000000
1.000000 0.142857 0.333333 0.200000 1.000000 0.111111 3.000000 0.166667
6.000000 7.000000 6.000000 0.500000 9.000000 1.000000 6.000000 1.637470
0.426354 0.166667 0.166667 0.166667 0.333333 0.166667 1.000000 0.166667
4.000000 0.551980 1.000000 0.200000 6.000000 0.610698 6.000000 1.000000

Matrix 678:
1.000000 3.000003 0.692031 5.000000 5.999988 1.000000 3.000000 1.000000
0.333333 1.000000 0.111111 1.986755 1.000000 0.142857 0.250000 0.125000
1.445021 9.000000 1.000000 9.000009 4.000000 4.000000 0.909123 0.500000
0.200000 0.503333 0.111111 1.000000 1.687543 0.200000 0.166667 0.125000
0.166667 1.000000 0.250000 0.592577 1.000000 0.142857 0.313893 0.250000
1.000000 7.000000 0.250000 5.000000 7.000000 1.000000 2.000000 0.149816
0.333333 4.000000 1.099962 6.000000 3.185796 0.500000 1.000000 0.416698
1.000000 8.000000 2.000000 8.000000 4.000000 6.674855 2.399820 1.000000

Matrix 679:
1.000000 1.218882 0.200000 0.125000 0.629071 1.000000 0.166667 0.140460
0.820424 1.000000 0.333333 0.166667 0.349474 3.000003 0.281038 0.125000
5.000000 3.000000 1.000000 0.350817 2.416515 5.999988 2.000000 0.372229
8.000000 6.000000 2.850486 1.000000 8.816574 5.999988 2.340877 5.000000
1.589645 2.861441 0.413819 0.113423 1.000000 0.954063 0.500000 0.111111
1.000000 0.333333 0.166667 0.166667 1.048149 1.000000 0.142857 0.166667
6.000000 3.558239 0.500000 0.427190 2.000000 7.000000 1.000000 1.545962
7.119461 8.000000 2.686522 0.200000 9.000000 6.000000 0.646846 1.000000

Matrix 680:
1.000000 4.000000 7.000007 4.972808 2.635809 1.000000 2.000000 5.000000
0.250000 1.000000 5.999988 3.000003 0.333333 0.250000 0.333333 0.459629
0.142857 0.166667 1.000000 0.524586 0.166667 0.166667 0.166667 0.500000
0.201094 0.333333 1.906263 1.000000 0.142857 0.142857 0.250000 0.333333
0.379390 3.000000 6.000000 7.000000 1.000000 1.000000 0.145458 1.939157
1.000000 4.000000 6.000000 7.000000 1.000000 1.000000 0.589423 6.000000
0.500000 3.000000 6.000000 4.000000 6.874824 1.696575 1.000000 6.000000
0.200000 2.175668 2.000000 3.000000 0.515688 0.166667 0.166667 1.000000

Matrix 681:
1.000000 3.000003 0.505476 2.000000 0.333333 1.000000 1.000000 0.542126
0.333333 1.000000 0.125000 0.821658 0.111111 1.279820 1.202453 0.333333
1.978332 8.000000 1.000000 2.000000 0.166667 2.000000 2.150020 0.500000
0.500000 1.217052 0.500000 1.000000 0.308527 1.000000 0.792215 0.147145
3.000000 9.000000 6.000000 3.241210 1.000000 3.000003 5.000000 2.334979
1.000000 0.781360 0.500000 1.000000 0.333333 1.000000 4.000000 1.000000
1.000000 0.831633 0.465112 1.262284 0.200000 0.250000 1.000000 0.166667
1.844590 3.000000 2.000000 6.796025 0.428269 1.000000 6.000000 1.000000

Matrix 682:
1.000000 1.596678 4.000000 0.589485 0.250000 5.999988 3.000003 3.000000
0.626300 1.000000 2.000000 0.607959 0.166667 7.498588 5.999988 5.000000
0.250000 0.500000 1.000000 0.142857 0.293666 2.127437 4.000000 4.000000
1.696397 1.644849 7.000000 1.000000 0.250000 7.000007 9.000009 9.000000
4.000000 6.000000 3.405228 4.000000 1.000000 8.108229 5.999988 8.000000
0.166667 0.133358 0.470049 0.142857 0.123331 1.000000 1.000000 2.217326
0.333333 0.166667 0.250000 0.111111 0.166667 1.000000 1.000000 3.000000
0.333333 0.200000 0.250000 0.111111 0.125000 0.450994 0.333333 1.000000

Matrix 683:
1.000000 5.999988 4.000000 3.000003 0.508890 2.000000 1.000000 2.990221
0.166667 1.000000 1.585274 0.250000 0.142857 0.250000 0.250000 0.200000
0.250000 0.630806 1.000000 0.500000 0.111111 0.500000 0.372098 0.333333
0.333333 4.000000 2.000000 1.000000 1.000000 2.739466 1.905382 0.500000
1.965063 7.000000 9.000000 1.000000 1.000000 9.000009 1.769319 3.000000
0.500000 4.000000 2.000000 0.365035 0.111111 1.000000 1.358339 0.500000
1.000000 4.000000 2.687466 0.524829 0.565189 0.736193 1.000000 0.250000
0.334423 5.000000 3.000000 2.000000 0.333333 2.000000 4.000000 1.000000

Matrix 684:
1.000000 0.125000 0.200000 0.200000 2.000000 0.605544 0.166667 0.250000
8.000000 1.000000 0.610338 0.540654 4.000000 5.000000 0.394684 0.500000
5.000000 1.638436 1.000000 1.000000 7.000007 5.999988 0.250000 1.000000
5.000000 1.849613 1.000000 1.000000 9.000009 5.000000 0.200000 0.500000
0.500000 0.250000 0.142857 0.111111 1.000000 0.250000 0.250000 0.166667
1.651409 0.200000 0.166667 0.200000 4.000000 1.000000 0.166667 0.200000
6.000000 2.533670 4.000000 5.000000 4.000000 6.000000 1.000000 0.597335
4.000000 2.000000 1.000000 2.000000 6.000000 5.000000 1.674101 1.000000

Matrix 685:
1.000000 5.999988 5.999988 2.881331 2.000000 9.000009 3.000003 2.000000
0.166667 1.000000 0.500000 0.250000 0.452586 2.000000 0.125000 0.142857
0.166667 2.000000 1.000000 0.441987 2.000000 0.726633 0.125000 0.333333
0.347062 4.000000 2.262508 1.000000 1.694073 2.000000 1.271344 0.500000
0.500000 2.209525 0.500000 0.590293 1.000000 3.000003 1.000000 1.000000
0.111111 0.500000 1.376210 0.500000 0.333333 1.000000 0.142857 0.112436
0.333333 8.000000 8.000000 0.786569 1.000000 7.000000 1.000000 0.622671
0.500000 7.000000 3.000000 2.000000 1.000000 8.893958 1.605984 1.000000

Matrix 686:
1.000000 2.000000 0.200000 0.142857 0.250000 2.193429 0.125000 0.200000
0.500000 1.000000 0.159361 0.200000 0.933861 1.000000 0.142857 0.142857
5.000000 6.275080 1.000000 1.694441 1.000000 7.000007 1.679171 0.772933
7.000000 5.000000 0.590165 1.000000 1.969322 9.000009 4.000000 0.640139
4.000000 1.070823 1.000000 0.507789 1.000000 1.000000 1.411282 0.500000
0.455907 1.000000 0.142857 0.111111 1.000000 1.000000 0.142857 0.125000
8.000000 7.000000 0.595532 0.250000 0.708576 7.000000 1.000000 0.333333
5.000000 7.000000 1.293772 1.562161 2.000000 8.000000 3.000000 1.000000

Matrix 687:
1.000000 0.125000 1.115788 0.500000 5.999988 0.250000 0.988974 1.000000
8.000000 1.000000 7.000007 0.510124 9.000009 2.000000 9.000009 4.000000
0.896227 0.142857 1.000000 0.111111 2.255282 1.000000 1.247254 0.500000
2.000000 1.960309 9.000000 1.000000 6.011877 5.000000 4.000000 5.000000
0.166667 0.111111 0.443403 0.166337 1.000000 0.250000 0.333333 0.166667
4.000000 0.500000 1.000000 0.200000 4.000000 1.000000 1.000000 2.293522
1.011148 0.111111 0.801762 0.250000 3.000000 1.000000 1.000000 1.303111
1.000000 0.250000 2.000000 0.200000 6.000000 0.436011 0.767394 1.000000

Matrix 688:
1.000000 0.200000 0.125000 0.500000 0.250000 2.985759 0.333333 0.142857
5.000000 1.000000 0.320446 1.690276 5.000000 5.999988 7.000007 0.514872
8.000000 3.120650 1.000000 3.000003 3.000003 8.096786 3.000003 0.500000
2.000000 0.591619 0.333333 1.000000 1.826747 5.999988 0.973445 0.142857
4.000000 0.200000 0.333333 0.547421 1.000000 3.000003 1.431447 0.223674
0.334923 0.166667 0.123506 0.166667 0.333333 1.000000 0.500000 0.216636
3.000000 0.142857 0.333333 1.027280 0.698594 2.000000 1.000000 0.111111
7.000000 1.942230 2.000000 7.000000 4.470798 4.616047 9.000000 1.000000

Matrix 689:
1.000000 6.242465 6.250614 3.000003 1.000000 6.508932 0.500000 9.000000
0.160193 1.000000 1.000000 0.474461 0.200000 0.142857 0.166667 0.903829
0.159984 1.000000 1.000000 0.407301 0.200000 0.111111 0.142857 0.250000
0.333333 2.107655 2.455189 1.000000 0.475151 1.722722 0.166667 0.877763
1.000000 5.000000 5.000000 2.104595 1.000000 5.000000 1.565693 7.000000
0.153635 7.000000 9.000000 0.580477 0.200000 1.000000 0.328775 2.000000
2.000000 6.000000 7.000000 6.000000 0.638695 3.041596 1.000000 8.000000
0.111111 1.106404 4.000000 1.139259 0.142857 0.500000 0.125000 1.000000

Matrix 690:
1.000000 4.000000 1.459704 7.559224 5.000000 1.741101 1.000000 5.000000
0.250000 1.000000 0.616695 1.501716 0.200000 0.333333 0.181586 1.000000
0.685070 1.621548 1.000000 5.999988 0.697830 0.414866 1.000000 1.873153
0.132289 0.665905 0.166667 1.000000 0.142857 0.142857 0.142857 0.200000
0.200000 5.000000 1.433014 7.000000 1.000000 0.333333 1.835294 0.740516
0.574349 3.000000 2.410419 7.000000 3.000000 1.000000 3.000003 2.395847
1.000000 5.507018 1.000000 7.000000 0.544872 0.333333 1.000000 0.500000
0.200000 1.000000 0.533859 5.000000 1.350409 0.417389 2.000000 1.000000

Matrix 691:
1.000000 0.200000 0.459379 0.250000 2.410146 0.459435 0.166667 0.333333
5.000000 1.000000 1.587774 0.456674 4.000000 2.000000 1.000000 0.507300
2.176852 0.629813 1.000000 0.530976 8.000000 2.000000 3.000003 1.000000
4.000000 2.189747 1.883325 1.000000 3.526252 1.708810 5.000000 0.500000
0.414913 0.250000 0.125000 0.283587 1.000000 0.166667 0.333333 0.333333
2.176585 0.500000 0.500000 0.585203 6.000000 1.000000 2.000000 0.250000
6.000000 1.000000 0.333333 0.200000 3.000000 0.500000 1.000000 0.333333
3.000000 1.971219 1.000000 2.000000 3.000000 4.000000 3.000000 1.000000

Matrix 692:
1.000000 0.346998 0.645565 0.500000 0.500000 1.000000 0.111111 0.500000
2.881863 1.000000 0.889979 0.696168 1.961947 1.000000 0.384350 0.806412
1.549030 1.123621 1.000000 1.000000 0.500000 1.000000 0.254483 0.515572
2.000000 1.436435 1.000000 1.000000 2.984615 6.881582 2.000000 1.000000
2.000000 0.509698 2.000000 0.335052 1.000000 5.000000 1.000000 0.382525
1.000000 1.000000 1.000000 0.145315 0.200000 1.000000 0.250000 0.333333
9.000000 2.601794 3.929534 0.500000 1.000000 4.000000 1.000000 2.696371
2.000000 1.240061 1.939593 1.000000 2.614209 3.000000 0.370869 1.000000

Matrix 693:
1.000000 2.147885 0.200000 0.500000 0.500000 0.500000 2.473429 5.000000
0.465574 1.000000 0.250000 2.084521 0.333333 0.500000 7.000000 8.000000
5.000000 4.000000 1.000000 4.000000 2.000000 0.500000 9.000000 9.000000
2.000000 0.479726 0.250000 1.000000 1.000000 1.000000 8.000000 6.000000
2.000000 3.000000 0.500000 1.000000 1.000000 0.647816 7.000000 4.000000
2.000000 2.000000 2.000000 1.000000 1.543647 1.000000 9.000000 6.000000
0.404297 0.142857 0.111111 0.125000 0.142857 0.111111 1.000000 0.333333
0.200000 0.125000 0.111111 0.166667 0.250000 0.166667 3.000000 1.000000

Matrix 694:
1.000000 1.000000 1.377330 0.333333 0.166667 1.000000 0.626003 0.458282
1.000000 1.000000 1.000000 0.200000 0.166667 0.536808 0.731101 0.499557
0.726042 1.000000 1.000000 0.250000 0.500000 0.926215 1.770351 2.000000
3.000000 5.000000 4.000000 1.000000 0.769447 2.000000 1.748541 2.000000
6.000000 6.000000 2.000000 1.299635 1.000000 2.000000 0.500000 6.000000
1.000000 1.862864 1.079663 0.500000 0.500000 1.000000 1.000000 2.655379
1.597437 1.367801 0.564860 0.571906 2.000000 1.000000 1.000000 1.000000
2.182064 2.001772 0.500000 0.500000 0.166667 0.376594 1.000000 1.000000

Matrix 695:
1.000000 8.000000 5.999988 0.166667 2.000000 2.000000 4.000000 1.000000
0.125000 1.000000 1.000000 0.111111 0.440947 0.328195 1.841696 0.197479
0.166667 1.000000 1.000000 0.111111 0.500000 0.524067 2.770225 0.500000
6.000000 9.000000 9.000000 1.000000 7.804596 9.000009 5.999988 7.000000
0.500000 2.267847 2.000000 0.128130 1.000000 4.000000 3.000003 0.384460
0.500000 3.046970 1.908154 0.111111 0.250000 1.000000 4.000000 0.200000
0.250000 0.542978 0.360982 0.166667 0.333333 0.250000 1.000000 0.500000
1.000000 5.063820 2.000000 0.142857 2.601048 5.000000 2.000000 1.000000

Matrix 696:
1.000000 0.125000 2.000000 0.142215 0.543561 0.125000 0.200000 0.125000
8.000000 1.000000 4.000000 2.033803 2.000000 2.458729 1.799646 3.000000
0.500000 0.250000 1.000000 0.500000 0.477084 0.166667 0.111111 0.111111
7.031614 0.491690 2.000000 1.000000 2.628993 4.000000 1.223338 0.500000
1.839719 0.500000 2.096067 0.380374 1.000000 0.817413 0.166667 0.200000
8.000000 0.406714 6.000000 0.250000 1.223372 1.000000 0.500000 0.467556
5.000000 0.555665 9.000000 0.817436 6.000000 2.000000 1.000000 0.423258
8.000000 0.333333 9.000000 2.000000 5.000000 2.138780 2.362625 1.000000

Matrix 697:
1.000000 0.333333 0.564560 0.500000 0.242147 0.166667 0.993398 0.374858
3.000000 1.000000 2.849012 7.776657 0.438655 1.484279 8.954454 2.000000
1.771292 0.350999 1.000000 4.000000 0.200000 0.200000 0.500000 1.858885
2.000000 0.128590 0.250000 1.000000 0.111111 0.333333 1.042348 0.515951
4.129716 2.279698 5.000000 9.000000 1.000000 1.000000 7.000007 3.000000
6.000000 0.673728 5.000000 3.000000 1.000000 1.000000 5.000000 7.000000
1.006646 0.111676 2.000000 0.959373 0.142857 0.200000 1.000000 2.000000
2.667676 0.500000 0.537957 1.938170 0.333333 0.142857 0.500000 1.000000

Matrix 698:
1.000000 1.000000 0.536741 3.000003 5.999988 2.000000 2.000000 1.000000
1.000000 1.000000 1.235185 5.000000 3.000003 5.999988 1.000000 1.000000
1.863095 0.809596 1.000000 5.000000 4.000000 7.000007 7.000007 4.000000
0.333333 0.200000 0.200000 1.000000 0.166667 0.605827 1.251689 0.434376
0.166667 0.333333 0.250000 6.000000 1.000000 1.679561 0.500000 0.543556
0.500000 0.166667 0.142857 1.650637 0.595394 1.000000 0.499858 0.250000
0.500000 1.000000 0.142857 0.798920 2.000000 2.000569 1.000000 0.500000
1.000000 1.000000 0.250000 2.302155 1.839738 4.000000 2.000000 1.000000

Matrix 699:
1.000000 5.000000 0.547419 0.500000 2.000000 5.000000 5.000000 4.000000
0.200000 1.000000 0.500000 0.250000 0.500000 0.981279 1.600707 0.250000
1.826753 2.000000 1.000000 2.000000 3.000003 8.000000 9.000009 1.513366
2.000000 4.000000 0.500000 1.000000 4.000000 7.000007 3.000003 0.500000
0.500000 2.000000 0.333333 0.250000 1.000000 0.926127 2.706223 0.166667
0.200000 1.019078 0.125000 0.142857 1.079766 1.000000 0.444635 0.250000
0.200000 0.624724 0.111111 0.333333 0.369519 2.249038 1.000000 0.125000
0.250000 4.000000 0.660779 2.000000 6.000000 4.000000 8.000000 1.000000

Matrix 700:
1.000000 0.200000 0.333333 0.111111 1.964760 0.500000 0.166667 2.000000
5.000000 1.000000 0.500000 0.166667 1.738801 5.000000 0.726910 7.000000
3.000000 2.000000 1.000000 0.500000 5.000000 5.000000 1.909897 7.000000
9.000000 6.000000 2.000000 1.000000 5.999988 4.534338 5.000000 9.000000
0.508968 0.575109 0.200000 0.166667 1.000000 1.872575 1.152727 3.813891
2.000000 0.200000 0.200000 0.220539 0.534024 1.000000 0.250000 5.000000
6.000000 1.375686 0.523589 0.200000 0.867508 4.000000 1.000000 7.000000
0.500000 0.142857 0.142857 0.111111 0.262199 0.200000 0.142857 1.000000

Matrix 701:
1.000000 1.000000 0.166667 0.200000 1.000000 0.907114 0.500000 0.500000
1.000000 1.000000 0.654532 1.000000 0.996129 1.043017 1.822593 1.329282
6.000000 1.527809 1.000000 0.292914 1.896165 2.084728 1.284700 0.650073
5.000000 1.000000 3.413974 1.000000 7.125472 7.885399 5.000000 7.000000
1.000000 1.003886 0.527380 0.140342 1.000000 1.202588 0.676230 0.333333
1.102397 0.958757 0.479679 0.126817 0.831540 1.000000 2.000000 1.000000
2.000000 0.548669 0.778392 0.200000 1.478786 0.500000 1.000000 1.625070
2.000000 0.752286 1.538288 0.142857 3.000000 1.000000 0.615358 1.000000

Matrix 702:
1.000000 2.000000 2.427600 0.500000 2.357190 3.000003 1.000000 4.000000
0.500000 1.000000 0.722481 0.705577 5.000000 7.629460 2.000000 5.000000
0.411929 1.384120 1.000000 1.000000 7.000007 3.704626 0.766195 6.000000
2.000000 1.417279 1.000000 1.000000 5.000000 5.343643 7.000007 5.000000
0.424234 0.200000 0.142857 0.200000 1.000000 0.500000 0.166667 0.820901
0.333333 0.131071 0.269933 0.187138 2.000000 1.000000 0.420962 0.583431
1.000000 0.500000 1.305150 0.142857 6.000000 2.375510 1.000000 3.000000
0.250000 0.200000 0.166667 0.200000 1.218174 1.713998 0.333333 1.000000

Matrix 703:
1.000000 3.000003 1.781536 0.500000 2.000000 4.000000 1.651188 2.512862
0.333333 1.000000 0.698980 0.200000 1.798265 3.000003 0.500000 0.297976
0.561314 1.430657 1.000000 1.000000 3.000003 8.000000 0.333333 1.881268
2.000000 5.000000 1.000000 1.000000 4.000000 7.000007 1.000000 1.821919
0.500000 0.556092 0.333333 0.250000 1.000000 0.500000 0.306882 0.200000
0.250000 0.333333 0.125000 0.142857 2.000000 1.000000 0.593972 0.166667
0.605624 2.000000 3.000000 1.000000 3.258583 1.683582 1.000000 1.000000
0.397953 3.355971 0.531556 0.548872 5.000000 6.000000 1.000000 1.000000

Matrix 704:
1.000000 1.113764 1.280337 0.125000 1.678861 5.999988 3.000000 6.000000
0.897856 1.000000 3.220207 0.166667 1.473035 8.000000 1.452644 4.000000
0.781044 0.310539 1.000000 0.164550 0.333333 1.149252 1.903693 8.000000
8.000000 6.000000 6.077194 1.000000 4.000000 7.776430 9.000000 8.000000
0.595642 0.678871 3.000000 0.250000 1.000000 2.000000 1.490412 3.000000
0.166667 0.125000 0.870131 0.128594 0.500000 1.000000 0.500000 2.000000
0.333333 0.688400 0.525295 0.111111 0.670956 2.000000 1.000000 1.000000
0.166667 0.250000 0.125000 0.125000 0.333333 0.500000 1.000000 1.000000

Matrix 705:
1.000000 1.087302 0.500000 0.177196 0.166667 0.200000 0.649893 2.000000
0.919708 1.000000 2.000000 0.166667 0.142857 0.250000 0.615402 0.333333
2.000000 0.500000 1.000000 0.113513 0.183802 0.237014 0.500000 0.584029
5.643480 6.000000 8.809543 1.000000 3.000003 5.999988 9.000009 6.000000
6.000000 7.000000 5.440644 0.333333 1.000000 1.000000 8.000000 6.000000
5.000000 4.000000 4.219158 0.166667 1.000000 1.000000 5.999988 1.000000
1.538714 1.624954 2.000000 0.111111 0.125000 0.166667 1.000000 2.000000
0.500000 3.000000 1.712243 0.166667 0.166667 1.000000 0.500000 1.000000

Matrix 706:
1.000000 1.000000 2.000000 7.000007 9.000009 5.000000 2.460476 3.000000
1.000000 1.000000 5.000000 5.000000 3.000003 5.000000 2.000000 7.000000
0.500000 0.200000 1.000000 2.438440 2.516824 9.000009 1.000000 2.000000
0.142857 0.200000 0.410098 1.000000 0.609670 1.921062 1.606325 0.929884
0.111111 0.333333 0.397326 1.640232 1.000000 3.000003 0.497965 3.000000
0.200000 0.200000 0.111111 0.520545 0.333333 1.000000 0.112304 0.250000
0.406425 0.500000 1.000000 0.622539 2.008173 8.904423 1.000000 2.000000
0.333333 0.142857 0.500000 1.075403 0.333333 4.000000 0.500000 1.000000

Matrix 707:
1.000000 1.723497 0.500000 0.128338 1.964804 0.570870 0.250000 3.000000
0.580216 1.000000 1.203025 0.383108 2.000000 0.500000 1.000000 6.000000
2.000000 0.831238 1.000000 0.584297 3.502715 0.250000 2.000000 6.000000
7.791934 2.610228 1.711459 1.000000 2.000000 1.490050 2.225453 7.002935
0.508957 0.500000 0.285493 0.500000 1.000000 0.250000 2.000000 2.676737
1.751712 2.000000 4.000000 0.671118 4.000000 1.000000 3.179653 7.000000
4.000000 1.000000 0.500000 0.449347 0.500000 0.314500 1.000000 4.000000
0.333333 0.166667 0.166667 0.142797 0.373589 0.142857 0.250000 1.000000

Matrix 708:
1.000000 2.000000 1.000000 0.999908 1.010826 2.000000 2.000000 2.000000
0.500000 1.000000 0.250000 0.250000 0.125000 1.617776 2.153612 0.367919
1.000000 4.000000 1.000000 1.729790 0.269010 2.000000 1.000000 0.445174
1.000092 4.000000 0.578105 1.000000 0.500000 2.867542 2.187958 2.000000
0.989290 8.000000 3.717332 2.000000 1.000000 5.999988 7.000000 2.825064
0.500000 0.618132 0.500000 0.348731 0.166667 1.000000 0.200000 0.125000
0.500000 0.464336 1.000000 0.457047 0.142857 5.000000 1.000000 0.333333
0.500000 2.717988 2.246313 0.500000 0.353974 8.000000 3.000000 1.000000

Matrix 709:
1.000000 0.654252 0.500000 0.575830 1.000000 0.200000 0.405328 0.333333
1.528463 1.000000 1.830462 2.498572 1.000000 0.500000 2.000000 2.000000
2.000000 0.546310 1.000000 5.000000 4.000000 0.200000 2.000000 3.000000
1.736623 0.400229 0.200000 1.000000 0.528155 0.142857 0.549001 0.166667
1.000000 1.000000 0.250000 1.893383 1.000000 0.333333 2.688374 1.826010
5.000000 2.000000 5.000000 7.000000 3.000000 1.000000 6.000000 5.000000
2.467137 0.500000 0.500000 1.821489 0.371972 0.166667 1.000000 0.500000
3.000000 0.500000 0.333333 6.000000 0.547642 0.200000 2.000000 1.000000

Matrix 710:
1.000000 9.000009 2.000000 7.172640 8.000000 7.000007 5.380127 1.748335
0.111111 1.000000 0.250000 4.000000 2.580443 3.990716 1.000000 0.500000
0.500000 4.000000 1.000000 8.000000 1.000000 3.000003 2.700159 0.500000
0.139419 0.250000 0.125000 1.000000 1.000000 0.500000 0.250000 0.331132
0.125000 0.387530 1.000000 1.000000 1.000000 0.416267 1.363433 0.200000
0.142857 0.250582 0.333333 2.000000 2.402306 1.000000 0.759219 0.333333
0.185869 1.000000 0.370349 4.000000 0.733443 1.317144 1.000000 0.200000
0.571973 2.000000 2.000000 3.019941 5.000000 3.000000 5.000000 1.000000

Matrix 711:
1.000000 0.333333 1.000000 1.451044 0.657830 1.391898 2.000000 0.333333
3.000000 1.000000 7.517396 5.000000 3.596987 9.000009 8.000000 4.000000
1.000000 0.133025 1.000000 0.333333 0.111111 0.285195 0.200000 0.166667
0.689159 0.200000 3.000000 1.000000 0.500000 0.500000 0.536192 1.000000
1.520150 0.278010 9.000000 2.000000 1.000000 1.000000 1.000000 1.696368
0.718444 0.111111 3.506367 2.000000 1.000000 1.000000 2.000000 0.333333
0.500000 0.125000 5.000000 1.865005 1.000000 0.500000 1.000000 1.128065
3.000000 0.250000 6.000000 1.000000 0.589495 3.000000 0.886474 1.000000

Matrix 712:
1.000000 0.166667 1.675393 0.125000 2.577088 0.333333 0.142857 0.500000
6.000000 1.000000 2.000000 0.200000 5.999988 5.000000 2.000000 2.000000
0.596875 0.500000 1.000000 0.200000 0.615211 0.669709 0.210942 1.000000
8.000000 5.000000 5.000000 1.000000 4.000000 7.000007 2.644023 6.000000
0.388035 0.166667 1.625460 0.250000 1.000000 0.250000 0.142857 0.562484
3.000000 0.200000 1.493186 0.142857 4.000000 1.000000 0.410269 2.000000
7.000000 0.500000 4.740648 0.378212 7.000000 2.437425 1.000000 6.000000
2.000000 0.500000 1.000000 0.166667 1.777827 0.500000 0.166667 1.000000

Matrix 713:
1.000000 2.192916 8.000000 5.000000 4.982642 0.500000 3.000003 1.506867
0.456014 1.000000 2.826392 0.472864 0.650961 0.324029 3.783286 1.000000
0.125000 0.353808 1.000000 0.111111 0.125000 0.142857 0.557956 0.166667
0.200000 2.114772 9.000000 1.000000 0.500621 0.333333 0.725094 1.000000
0.200697 1.536192 8.000000 1.997520 1.000000 0.250000 5.000000 0.464284
2.000000 3.086142 7.000000 3.000000 4.000000 1.000000 5.999988 2.630892
0.333333 0.264321 1.792256 1.379132 0.200000 0.166667 1.000000 0.382297
0.663628 1.000000 6.000000 1.000000 2.153854 0.380099 2.615767 1.000000

Matrix 714:
1.000000 2.280139 4.000000 1.652848 0.250000 1.091263 4.000000 1.000000
0.438570 1.000000 2.915099 0.250000 0.142857 0.609473 1.000000 1.836367
0.250000 0.343042 1.000000 0.333333 0.166667 0.512872 0.840864 2.000000
0.605016 4.000000 3.000000 1.000000 0.142857 1.647960 6.000000 3.000000
4.000000 7.000000 6.000000 7.000000 1.000000 7.000007 9.000000 2.000000
0.916369 1.640761 1.949806 0.606811 0.142857 1.000000 2.000000 1.000000
0.250000 1.000000 1.189253 0.166667 0.111111 0.500000 1.000000 0.333333
1.000000 0.544554 0.500000 0.333333 0.500000 1.000000 3.000000 1.000000

Matrix 715:
1.000000 3.000003 0.166667 0.166667 0.200000 1.627011 0.200000 0.250000
0.333333 1.000000 0.111111 0.125000 0.166667 0.200000 0.181770 0.200000
6.000000 9.000000 1.000000 0.246819 0.314099 3.000003 1.597899 6.177009
6.000000 8.000000 4.051547 1.000000 0.686750 4.000000 1.000000 6.000000
5.000000 6.000000 3.183713 1.456134 1.000000 7.000007 1.979416 6.641483
0.614624 5.000000 0.333333 0.250000 0.142857 1.000000 0.200000 1.000000
5.000000 5.501468 0.625822 1.000000 0.505200 5.000000 1.000000 2.701736
4.000000 5.000000 0.161891 0.166667 0.150569 1.000000 0.370132 1.000000

Matrix 716:
1.000000 5.000000 2.000000 0.333333 0.227099 2.050499 0.147841 0.475850
0.200000 1.000000 0.472459 0.200000 0.142857 0.142857 0.250000 0.111111
0.500000 2.116584 1.000000 0.200000 0.166667 0.333333 0.125000 0.129034
3.000000 5.000000 5.000000 1.000000 0.474636 3.000003 0.250000 1.904458
4.403371 7.000000 6.000000 2.106877 1.000000 5.000000 0.602727 0.500000
0.487686 7.000000 3.000000 0.333333 0.200000 1.000000 0.250000 0.858684
6.764033 4.000000 8.000000 4.000000 1.659127 4.000000 1.000000 1.732528
2.101502 9.000000 7.749887 0.525084 2.000000 1.164572 0.577191 1.000000

Matrix 717:
1.000000 0.933444 9.000009 2.000000 3.000003 7.000007 9.000009 7.000000
1.071301 1.000000 9.000009 2.937906 1.000000 3.061337 7.000007 0.695318
0.111111 0.111111 1.000000 0.125000 0.250000 0.404227 0.364718 0.166667
0.500000 0.340378 8.000000 1.000000 0.333333 3.079885 4.000000 1.000000
0.333333 1.000000 4.000000 3.000000 1.000000 3.948802 7.000007 1.000000
0.142857 0.326655 2.473860 0.324687 0.253241 1.000000 0.690148 0.166667
0.111111 0.142857 2.741844 0.250000 0.142857 1.448964 1.000000 0.124928
0.142857 1.438191 6.000000 1.000000 1.000000 6.000000 8.004601 1.000000

Matrix 718:
1.000000 2.854971 0.333333 0.144331 1.000000 0.125000 0.244548 0.964333
0.350266 1.000000 0.541784 0.287236 0.429411 0.142857 0.386512 1.000000
3.000000 1.845755 1.000000 0.142857 2.000000 0.166667 0.363795 0.429225
6.928502 3.481454 7.000000 1.000000 7.000007 0.500000 0.429096 2.000000
1.000000 2.328772 0.500000 0.142857 1.000000 0.142857 0.250000 1.000000
8.000000 7.000000 6.000000 2.000000 7.000000 1.000000 0.601201 4.237524
4.089171 2.587240 2.748805 2.330478 4.000000 1.663336 1.000000 8.000000
1.036986 1.000000 2.329781 0.500000 1.000000 0.235987 0.125000 1.000000

Matrix 719:
1.000000 2.840246 0.344138 0.379083 0.381659 3.000003 2.000000 9.000000
0.352082 1.000000 0.125000 0.250000 0.166667 0.320260 1.319027 1.731545
2.905814 8.000000 1.000000 3.000003 2.000000 3.000003 4.000000 7.000000
2.637948 4.000000 0.333333 1.000000 3.000003 1.000000 5.000000 5.000000
2.620143 6.000000 0.500000 0.333333 1.000000 3.269052 8.000000 6.000000
0.333333 3.122461 0.333333 1.000000 0.305899 1.000000 3.000000 8.000000
0.500000 0.758134 0.250000 0.200000 0.125000 0.333333 1.000000 2.971837
0.111111 0.577519 0.142857 0.200000 0.166667 0.125000 0.336492 1.000000

Matrix 720:
1.000000 0.250000 2.803853 3.593547 3.000003 0.681437 3.000003 0.250000
4.000000 1.000000 2.000000 5.999988 8.000000 0.850690 4.000000 3.000000
0.356652 0.500000 1.000000 2.000000 2.000000 0.125000 1.217788 0.200000
0.278277 0.166667 0.500000 1.000000 1.629709 0.166667 0.200000 0.250000
0.333333 0.125000 0.500000 0.613606 1.000000 0.333333 0.200000 0.111111
1.467488 1.175516 8.000000 6.000000 3.000000 1.000000 5.999988 0.924580
0.333333 0.250000 0.821161 5.000000 5.000000 0.166667 1.000000 0.703935
4.000000 0.333333 5.000000 4.000000 9.000000 1.081572 1.420585 1.000000

Matrix 721:
1.000000 0.506004 2.399278 0.132713 0.142857 0.200000 0.640766 0.200000
1.976271 1.000000 4.000000 0.125000 0.142857 0.111111 1.066299 0.198216
0.416792 0.250000 1.000000 0.125000 0.142857 0.111111 0.200000 0.166667
7.535078 8.000000 8.000000 1.000000 1.000000 0.435997 9.000009 6.000000
7.000000 7.000000 7.000000 1.000000 1.000000 0.475050 5.999988 1.972007
5.000000 9.000000 9.000000 2.293595 2.105043 1.000000 8.000000 6.000000
1.560631 0.937823 5.000000 0.111111 0.166667 0.125000 1.000000 0.250000
5.000000 5.045006 6.000000 0.166667 0.507098 0.166667 4.000000 1.000000

Matrix 722:
1.000000 6.670025 4.169408 3.833618 0.463917 2.345774 0.126791 0.340451
0.149924 1.000000 0.333333 0.387266 0.111111 0.250000 0.125000 0.166667
0.239842 3.000000 1.000000 0.333333 0.142857 0.250000 0.125000 0.111111
0.260850 2.582207 3.000000 1.000000 0.500000 0.754915 0.142857 1.000000
2.155558 9.000000 7.000000 2.000000 1.000000 9.000009 0.660032 3.000000
0.426299 4.000000 4.000000 1.324653 0.111111 1.000000 0.229165 0.396630
7.886993 8.000000 8.000000 7.000000 1.515078 4.363673 1.000000 2.000000
2.937279 6.000000 9.000000 1.000000 0.333333 2.521243 0.500000 1.000000

Matrix 723:
1.000000 0.973009 0.500000 7.000007 2.358388 2.000000 2.429083 0.865943
1.027740 1.000000 0.500000 2.000000 7.000007 4.000000 3.000003 0.112464
2.000000 2.000000 1.000000 8.900222 5.999988 8.000000 9.000009 1.562560
0.142857 0.500000 0.112357 1.000000 1.465900 1.245706 0.610189 0.200000
0.424019 0.142857 0.166667 0.682175 1.000000 0.757659 0.500000 0.333333
0.500000 0.250000 0.125000 0.802757 1.319855 1.000000 0.393715 0.250000
0.411678 0.333333 0.111111 1.638835 2.000000 2.539910 1.000000 0.333333
1.154810 8.891702 0.639975 5.000000 3.000000 4.000000 3.000000 1.000000

Matrix 724:
1.000000 0.233895 0.200000 0.177862 0.142857 1.000000 0.444098 0.594579
4.275417 1.000000 2.000000 0.291342 1.000000 1.000000 4.000000 5.617255
5.000000 0.500000 1.000000 0.166667 0.674469 0.500000 2.078378 3.090848
5.622346 3.432392 6.000000 1.000000 3.269296 3.000003 5.160568 9.000000
7.000000 1.000000 1.482648 0.305876 1.000000 3.000003 1.970498 1.000000
1.000000 1.000000 2.000000 0.333333 0.333333 1.000000 0.500000 1.000000
2.251754 0.250000 0.481144 0.193777 0.507486 2.000000 1.000000 2.250639
1.681862 0.178023 0.323536 0.111111 1.000000 1.000000 0.444318 1.000000

Matrix 725:
1.000000 9.000009 0.500000 1.691503 0.500000 8.000000 2.000000 1.000000
0.111111 1.000000 0.200000 0.589756 0.142857 0.500524 0.200000 0.250000
2.000000 5.000000 1.000000 7.554795 1.260442 5.999988 5.000000 9.000000
0.591190 1.695617 0.132366 1.000000 0.111111 4.000000 0.647066 3.000000
2.000000 7.000000 0.793373 9.000000 1.000000 9.000009 8.309393 5.000000
0.125000 1.997908 0.166667 0.250000 0.111111 1.000000 0.333333 1.050040
0.500000 5.000000 0.200000 1.545438 0.120346 3.000000 1.000000 2.543327
1.000000 4.000000 0.111111 0.333333 0.200000 0.952345 0.393186 1.000000

Matrix 726:
1.000000 1.411717 4.000000 2.000000 2.000000 0.200000 0.500000 3.000000
0.708357 1.000000 0.597723 2.000000 0.567063 0.166667 0.333333 0.594500
0.250000 1.673015 1.000000 0.505944 2.000000 0.200000 0.200000 0.654422
0.500000 0.500000 1.976503 1.000000 2.000000 0.500000 0.799139 2.000000
0.500000 1.763473 0.500000 0.500000 1.000000 0.125000 0.500000 0.200000
5.000000 6.000000 5.000000 2.000000 8.000000 1.000000 3.914268 7.000000
2.000000 3.000000 5.000000 1.251347 2.000000 0.255476 1.000000 2.000000
0.333333 1.682085 1.528066 0.500000 5.000000 0.142857 0.500000 1.000000

Matrix 727:
1.000000 0.142857 2.058795 0.500000 0.200000 2.000000 1.703174 1.000000
7.000000 1.000000 8.000000 4.000000 7.000007 8.000000 4.000000 6.000000
0.485721 0.125000 1.000000 1.000000 0.382628 3.000003 0.500000 0.250000
2.000000 0.250000 1.000000 1.000000 1.774662 8.000000 2.000000 1.000000
5.000000 0.142857 2.613503 0.563488 1.000000 2.874435 3.046333 2.182799
0.500000 0.125000 0.333333 0.125000 0.347894 1.000000 0.333333 0.448965
0.587139 0.250000 2.000000 0.500000 0.328264 3.000000 1.000000 0.252983
1.000000 0.166667 4.000000 1.000000 0.458127 2.227347 3.952827 1.000000

Matrix 728:
1.000000 4.000000 1.000000 0.393123 0.689001 2.050356 0.333333 9.000000
0.250000 1.000000 0.481272 0.142857 0.500000 0.604327 0.500000 2.076933
1.000000 2.077828 1.000000 1.000000 0.427018 3.000003 0.548563 6.000000
2.543734 7.000000 1.000000 1.000000 0.500000 2.000000 3.000003 4.233438
1.451377 2.000000 2.341824 2.000000 1.000000 2.300808 2.364879 4.566920
0.487720 1.654734 0.333333 0.500000 0.434630 1.000000 0.200000 2.000000
3.000000 2.000000 1.822944 0.333333 0.422855 5.000000 1.000000 7.000000
0.111111 0.481479 0.166667 0.236215 0.218966 0.500000 0.142857 1.000000

Matrix 729:
1.000000 5.999988 0.636188 0.555069 0.500000 0.949525 2.000000 1.000000
0.166667 1.000000 0.142857 0.166667 0.250000 0.730987 0.166667 1.000000
1.571862 7.000000 1.000000 0.668112 0.500000 2.000000 3.000003 2.000000
1.801577 6.000000 1.496756 1.000000 2.092696 4.210358 3.682341 7.000000
2.000000 4.000000 2.000000 0.477852 1.000000 0.694459 1.000000 1.720752
1.053158 1.368014 0.500000 0.237509 1.439970 1.000000 1.958826 0.921441
0.500000 6.000000 0.333333 0.271566 1.000000 0.510510 1.000000 4.000000
1.000000 1.000000 0.500000 0.142857 0.581141 1.085257 0.250000 1.000000

Matrix 730:
1.000000 0.486523 0.142857 1.684482 3.000003 0.125000 0.142857 0.200000
2.055399 1.000000 0.142857 0.333333 0.530151 0.200000 0.111111 0.250000
7.000000 7.000000 1.000000 5.000000 8.561902 1.000000 2.000000 6.000000
0.593654 3.000000 0.200000 1.000000 0.514826 0.200000 0.250000 0.250000
0.333333 1.886254 0.116796 1.942404 1.000000 0.125000 0.166667 0.142857
8.000000 5.000000 1.000000 5.000000 8.000000 1.000000 1.694009 4.000000
7.000000 9.000000 0.500000 4.000000 6.000000 0.590316 1.000000 1.549069
5.000000 4.000000 0.166667 4.000000 7.000000 0.250000 0.645549 1.000000

Matrix 731:
1.000000 0.200000 0.733746 0.111111 0.200000 0.125000 0.333333 0.607399
5.000000 1.000000 4.000000 4.000000 1.000000 2.419216 0.595318 5.000000
1.362869 0.250000 1.000000 0.200000 0.111111 0.333333 0.111111 0.200000
9.000000 0.250000 5.000000 1.000000 2.768482 3.000000 1.000000 3.000000
5.000000 1.000000 9.000000 0.361209 1.000000 1.565940 1.000000 4.000000
8.000000 0.413357 3.000000 0.333333 0.638594 1.000000 1.000000 1.725873
3.000000 1.679775 9.000000 1.000000 1.000000 1.000000 1.000000 2.000000
1.646365 0.200000 5.000000 0.333333 0.250000 0.579417 0.500000 1.000000

Matrix 732:
1.000000 0.501240 2.602415 8.000000 2.000000 1.611696 1.000000 8.000000
1.995051 1.000000 8.000000 3.000003 5.999988 0.563629 1.107085 6.000000
0.384258 0.125000 1.000000 1.619755 0.500000 0.125000 0.333333 0.449591
0.125000 0.333333 0.617377 1.000000 1.372422 0.229219 0.333333 0.896485
0.500000 0.166667 2.000000 0.728639 1.000000 0.500000 0.111111 2.000000
0.620464 1.774216 8.000000 4.362638 2.000000 1.000000 0.461425 3.000000
1.000000 0.903273 3.000000 3.000000 9.000000 2.167201 1.000000 7.000000
0.125000 0.166667 2.224242 1.115467 0.500000 0.333333 0.142857 1.000000

Matrix 733:
1.000000 2.000000 0.592948 1.248661 1.795031 3.000003 0.500000 5.000000
0.500000 1.000000 0.500000 0.125000 1.000000 4.000000 0.512268 0.859800
1.686490 2.000000 1.000000 0.625712 0.825322 9.000009 2.000000 4.000000
0.800858 8.000000 1.598180 1.000000 5.999988 4.770981 1.000000 8.000000
0.557093 1.000000 1.211648 0.166667 1.000000 4.000000 1.632433 3.351544
0.333333 0.250000 0.111111 0.209600 0.250000 1.000000 0.116750 1.000000
2.000000 1.952101 0.500000 1.000000 0.612583 8.565279 1.000000 3.000000
0.200000 1.163061 0.250000 0.125000 0.298370 1.000000 0.333333 1.000000

Matrix 734:
1.000000 2.050910 9.000009 2.000000 0.690308 7.000000 2.000000 2.251524
0.487588 1.000000 4.000000 2.000000 0.500000 3.663697 3.000000 3.000000
0.111111 0.250000 1.000000 0.488295 0.121962 0.408631 0.500000 0.250000
0.500000 0.500000 2.047941 1.000000 0.125000 1.905891 0.200000 0.500000
1.448629 2.000000 8.199306 8.000000 1.000000 6.000000 2.000000 0.500000
0.142857 0.272948 2.447195 0.524689 0.166667 1.000000 0.317369 0.500000
0.500000 0.333333 2.000000 5.000000 0.500000 3.150903 1.000000 0.333333
0.444144 0.333333 4.000000 2.000000 2.000000 2.000000 3.000000 1.000000

Matrix 735:
1.000000 1.000000 0.504862 0.582824 1.000000 1.000000 0.166667 0.217394
1.000000 1.000000 0.111111 0.250000 0.397900 0.612079 0.166667 0.166667
1.980740 9.000000 1.000000 4.305894 2.575158 4.000000 2.000000 1.778896
1.715783 4.000000 0.232240 1.000000 1.611280 3.000003 0.543050 0.125000
1.000000 2.513195 0.388326 0.620625 1.000000 2.000000 2.000000 0.209437
1.000000 1.633775 0.250000 0.333333 0.500000 1.000000 0.250000 0.166667
6.000000 6.000000 0.500000 1.841450 0.500000 4.000000 1.000000 0.250000
4.599937 6.000000 0.562146 8.000000 4.774695 6.000000 4.000000 1.000000

Matrix 736:
1.000000 1.820796 8.788140 8.000000 3.000003 2.000000 0.772678 3.000000
0.549210 1.000000 3.852920 5.999988 2.104058 0.500000 0.500000 1.291094
0.113790 0.259543 1.000000 0.484343 1.027216 0.125000 0.111111 0.166667
0.125000 0.166667 2.064650 1.000000 0.500000 1.000000 0.500000 0.319429
0.333333 0.475272 0.973505 2.000000 1.000000 0.125000 0.125000 0.333333
0.500000 2.000000 8.000000 1.000000 8.000000 1.000000 0.500000 3.000000
1.294201 2.000000 9.000000 2.000000 8.000000 2.000000 1.000000 2.646257
0.333333 0.774537 6.000000 3.130590 3.000000 0.333333 0.377892 1.000000

Matrix 737:
1.000000 0.333333 4.191365 0.457464 2.000000 0.575917 0.200000 0.250000
3.000000 1.000000 9.000009 1.649936 1.000000 2.385369 0.250000 0.398981
0.238586 0.111111 1.000000 0.111111 0.111111 0.200000 0.166667 0.200000
2.185965 0.606084 9.000000 1.000000 3.000003 1.790877 0.200000 0.398230
0.500000 1.000000 9.000000 0.333333 1.000000 2.000000 0.250000 0.341390
1.736360 0.419222 5.000000 0.558386 0.500000 1.000000 0.333333 0.124439
5.000000 4.000000 6.000000 5.000000 4.000000 3.000000 1.000000 2.040500
4.000000 2.506386 5.000000 2.511110 2.929198 8.036065 0.490076 1.000000

Matrix 738:
1.000000 1.000000 1.829697 0.315816 3.617183 0.500000 5.000000 6.000000
1.000000 1.000000 6.253564 1.384376 9.000009 2.250705 7.000007 9.000000
0.546539 0.159909 1.000000 0.524896 2.263114 0.433744 6.237290 7.000000
3.166402 0.722347 1.905140 1.000000 4.000000 3.000003 7.008728 7.000000
0.276458 0.111111 0.441869 0.250000 1.000000 0.142857 1.000000 0.571034
2.000000 0.444305 2.305506 0.333333 7.000000 1.000000 5.458189 5.000000
0.200000 0.142857 0.160326 0.142679 1.000000 0.183211 1.000000 0.372730
0.166667 0.111111 0.142857 0.142857 1.751208 0.200000 2.682906 1.000000

Matrix 739:
1.000000 1.000000 2.383335 0.250000 0.619100 2.000000 3.000003 1.000000
1.000000 1.000000 1.990540 0.333333 0.333333 7.166441 3.000003 2.000000
0.419580 0.502376 1.000000 0.250000 0.200000 1.000000 0.535724 0.200000
4.000000 3.000000 4.000000 1.000000 0.522741 3.000003 9.000009 0.471664
1.615249 3.000000 5.000000 1.912992 1.000000 4.000000 3.000003 0.802228
0.500000 0.139539 1.000000 0.333333 0.250000 1.000000 1.000000 0.200000
0.333333 0.333333 1.866631 0.111111 0.333333 1.000000 1.000000 0.142857
1.000000 0.500000 5.000000 2.120153 1.246529 5.000000 7.000000 1.000000

Matrix 740:
1.000000 0.500000 0.142857 0.500000 0.200000 0.333333 0.500000 0.524034
2.000000 1.000000 0.698853 2.100837 1.501323 0.364192 2.000000 9.000000
7.000000 1.430917 1.000000 5.000000 0.500000 0.500000 5.131441 3.000000
2.000000 0.476001 0.200000 1.000000 0.250000 0.200000 4.000000 4.596760
5.000000 0.666079 2.000000 4.000000 1.000000 0.621898 4.000000 4.928712
3.000000 2.745805 2.000000 5.000000 1.607980 1.000000 4.192488 8.000000
2.000000 0.500000 0.194877 0.250000 0.250000 0.238522 1.000000 0.620355
1.908274 0.111111 0.333333 0.217545 0.202893 0.125000 1.611981 1.000000

Matrix 741:
1.000000 2.000000 0.336784 0.166667 0.523092 0.166667 3.539946 0.250000
0.500000 1.000000 0.473823 0.324618 0.250000 0.125000 0.500000 0.200000
2.969264 2.110492 1.000000 0.333333 1.000000 0.250000 0.672131 0.500000
6.000000 3.080547 3.000000 1.000000 2.340385 0.615482 9.000009 3.398146
1.911708 4.000000 1.000000 0.427280 1.000000 0.125000 4.582861 0.414336
6.000000 8.000000 4.000000 1.624743 8.000000 1.000000 8.000000 6.000000
0.282490 2.000000 1.487805 0.111111 0.218204 0.125000 1.000000 0.184731
4.000000 5.000000 2.000000 0.294278 2.413503 0.166667 5.413266 1.000000

Matrix 742:
1.000000 0.638368 0.500000 1.000000 0.152005 0.200000 0.731526 0.333333
1.566495 1.000000 0.333333 0.509070 0.111111 0.200000 0.333333 0.333333
2.000000 3.000000 1.000000 0.623059 0.125000 0.333333 0.250000 1.000000
1.000000 1.964366 1.604984 1.000000 0.333333 0.125000 1.414751 0.603282
6.578712 9.000000 8.000000 3.000000 1.000000 0.500000 1.762412 2.002573
5.000000 5.000000 3.000000 8.000000 2.000000 1.000000 2.000000 9.000000
1.367005 3.000000 4.000000 0.706838 0.567404 0.500000 1.000000 3.000000
3.000000 3.000000 1.000000 1.657599 0.499358 0.111111 0.333333 1.000000

Matrix 743:
1.000000 1.000000 2.000000 2.000000 0.478874 4.000000 2.069758 6.388119
1.000000 1.000000 2.269047 5.000000 0.445292 4.000000 1.868619 9.000000
0.500000 0.440714 1.000000 1.000000 0.200000 0.689166 0.500000 4.000000
0.500000 0.200000 1.000000 1.000000 0.200000 0.333333 0.500000 0.611504
2.088230 2.245719 5.000000 5.000000 1.000000 3.000003 5.000000 9.000000
0.250000 0.250000 1.451028 3.000000 0.333333 1.000000 3.000000 0.603267
0.483148 0.535155 2.000000 2.000000 0.200000 0.333333 1.000000 3.000000
0.156541 0.111111 0.250000 1.635312 0.111111 1.657641 0.333333 1.000000

Matrix 744:
1.000000 1.421170 1.845586 3.000003 0.346346 2.112612 6.961667 1.747104
0.703645 1.000000 1.545925 1.053936 0.166667 4.000000 3.410272 0.500000
0.541833 0.646862 1.000000 3.000003 0.142857 2.000000 5.000000 0.513461
0.333333 0.948824 0.333333 1.000000 0.111111 0.284714 0.936390 0.333333
2.887286 6.000000 7.000000 9.000000 1.000000 5.397743 9.000009 8.000000
0.473348 0.250000 0.500000 3.512294 0.185263 1.000000 7.000007 2.000000
0.143644 0.293232 0.200000 1.067931 0.111111 0.142857 1.000000 0.333333
0.572376 2.000000 1.947569 3.000000 0.125000 0.500000 3.000000 1.000000

Matrix 745:
1.000000 5.999988 1.587793 1.000000 2.000000 2.000000 4.000000 8.776114
0.166667 1.000000 0.125000 0.142857 1.000000 0.250000 1.574401 0.250000
0.629805 8.000000 1.000000 0.339256 2.060211 0.274499 4.000000 4.000000
1.000000 7.000000 2.947625 1.000000 5.999988 0.877947 4.000000 5.000000
0.500000 1.000000 0.485387 0.166667 1.000000 1.010436 1.052988 0.659180
0.500000 4.000000 3.643002 1.139020 0.989672 1.000000 5.163179 4.000000
0.250000 0.635162 0.250000 0.250000 0.949678 0.193679 1.000000 0.500000
0.113946 4.000000 0.250000 0.200000 1.517037 0.250000 2.000000 1.000000

Matrix 746:
1.000000 0.470022 0.142857 0.250000 2.000000 2.683716 0.200000 1.000000
2.127561 1.000000 0.333333 0.581011 5.000000 4.000000 0.360942 2.229584
7.000000 3.000000 1.000000 1.000000 4.000000 7.760493 1.443924 2.609504
4.000000 1.721139 1.000000 1.000000 3.295051 7.000007 0.235141 3.612164
0.500000 0.200000 0.250000 0.303485 1.000000 1.618214 0.250000 0.166667
0.372618 0.250000 0.128858 0.142857 0.617965 1.000000 0.111111 0.111111
5.000000 2.770531 0.692557 4.252760 4.000000 9.000000 1.000000 0.826818
1.000000 0.448514 0.383215 0.276842 6.000000 9.000000 1.209456 1.000000

Matrix 747:
1.000000 0.310241 5.000000 4.000000 0.611644 0.333333 1.436664 0.683462
3.223305 1.000000 8.000000 8.000000 4.982703 1.145823 3.780470 7.000000
0.200000 0.125000 1.000000 0.250000 0.500000 0.200000 0.250000 0.200000
0.250000 0.125000 4.000000 1.000000 0.142857 0.200000 0.111111 0.250000
1.634938 0.200694 2.000000 7.000000 1.000000 0.250000 0.333333 1.000000
3.000000 0.872735 5.000000 5.000000 4.000000 1.000000 2.284459 1.463179
0.696057 0.264517 4.000000 9.000000 3.000000 0.437740 1.000000 2.000000
1.463140 0.142857 5.000000 4.000000 1.000000 0.683443 0.500000 1.000000

Matrix 748:
1.000000 1.000000 0.166667 2.000000 1.112753 0.568436 0.466906 7.000000
1.000000 1.000000 0.613749 4.000000 0.500344 0.500000 0.656573 9.000000
6.000000 1.629331 1.000000 8.000000 1.484625 0.391850 2.931308 3.346017
0.500000 0.250000 0.125000 1.000000 0.333333 0.186347 0.111111 0.459955
0.898672 1.998625 0.673571 3.000000 1.000000 0.504081 1.790358 8.000000
1.759212 2.000000 2.551996 5.366339 1.983807 1.000000 3.549195 8.000000
2.141760 1.523060 0.341145 9.000000 0.558548 0.281754 1.000000 6.000000
0.142857 0.111111 0.298863 2.174126 0.125000 0.125000 0.166667 1.000000

Matrix 749:
1.000000 1.882787 0.904822 1.000000 0.166667 2.992719 2.000000 0.490963
0.531128 1.000000 0.584462 0.200000 0.200000 3.000003 2.483656 0.166667
1.105190 1.710976 1.000000 0.347906 0.333333 1.135113 4.637074 0.166667
1.000000 5.000000 2.874342 1.000000 0.200000 5.000000 2.161214 0.198418
6.000000 5.000000 3.000000 5.000000 1.000000 8.000000 5.999988 0.591715
0.334144 0.333333 0.880970 0.200000 0.125000 1.000000 0.200000 0.111111
0.500000 0.402632 0.215653 0.462703 0.166667 5.000000 1.000000 0.166667
2.036812 6.000000 6.000000 5.039875 1.690002 9.000000 6.000000 1.000000

Matrix 750:
1.000000 3.144847 2.000000 1.134347 7.000007 5.634832 0.566618 0.675676
0.317980 1.000000 0.652128 0.125000 0.766495 0.500000 0.442523 0.631057
0.500000 1.533440 1.000000 0.345229 4.000000 7.000007 2.000000 0.333333
0.881564 8.000000 2.896628 1.000000 5.999988 4.000000 1.000000 0.999052
0.142857 1.304640 0.250000 0.166667 1.000000 2.000000 0.200000 0.142857
0.177468 2.000000 0.142857 0.250000 0.500000 1.000000 0.267518 0.333333
1.764858 2.259771 0.500000 1.000000 5.000000 3.738067 1.000000 0.500000
1.480000 1.584643 3.000000 1.000949 7.000000 3.000000 2.000000 1.000000

Matrix 751:
1.000000 0.125000 2.027476 0.236818 0.333333 0.333333 0.125000 0.142857
8.000000 1.000000 4.442378 4.000000 8.000000 5.000000 1.000000 2.000000
0.493224 0.225105 1.000000 1.000000 0.500000 0.166667 0.191249 0.142857
4.222645 0.250000 1.000000 1.000000 1.000000 1.000000 0.200000 0.608370
3.000000 0.125000 2.000000 1.000000 1.000000 0.599504 0.333333 1.000000
3.000000 0.200000 6.000000 1.000000 1.668046 1.000000 0.623471 2.363868
8.000000 1.000000 5.228789 5.000000 3.000000 1.603925 1.000000 6.000000
7.000000 0.500000 7.000000 1.643737 1.000000 0.423035 0.166667 1.000000

Matrix 752:
1.000000 2.052309 6.300723 1.000000 3.000003 9.000009 3.135492 6.000000
0.487256 1.000000 3.000003 1.126664 1.099347 0.708341 1.484769 3.000000
0.158712 0.333333 1.000000 0.250000 0.136647 0.142857 0.333333 0.250000
1.000000 0.887576 4.000000 1.000000 2.045218 3.000003 0.911524 1.052417
0.333333 0.909631 7.318107 0.488945 1.000000 2.000000 0.333333 3.000000
0.111111 1.411750 7.000000 0.333333 0.500000 1.000000 0.333333 1.746519
0.318929 0.673506 3.000000 1.097064 3.000000 3.000000 1.000000 2.390040
0.166667 0.333333 4.000000 0.950193 0.333333 0.572568 0.418403 1.000000

Matrix 753:
1.000000 0.500000 0.967945 0.357450 3.000003 1.280209 9.000009 0.596934
2.000000 1.000000 2.000000 0.404467 2.955614 0.517944 3.131916 0.250000
1.033117 0.500000 1.000000 0.200000 3.000003 0.358429 1.814090 0.345413
2.797590 2.472390 5.000000 1.000000 7.000007 0.681915 7.000007 0.200000
0.333333 0.338339 0.333333 0.142857 1.000000 0.333333 1.000000 0.200000
0.781122 1.930710 2.789953 1.466458 3.000000 1.000000 3.000003 0.431442
0.111111 0.319293 0.551241 0.142857 1.000000 0.333333 1.000000 0.200000
1.675228 4.000000 2.895081 5.000000 5.000000 2.317811 5.000000 1.000000

Matrix 754:
1.000000 0.125000 0.247927 0.333333 0.134120 0.200000 0.142857 0.166667
8.000000 1.000000 2.031615 1.000000 3.000003 2.000000 0.200000 0.250000
4.033441 0.492219 1.000000 0.500000 0.429016 2.020138 0.111111 0.142857
3.000000 1.000000 2.000000 1.000000 2.930785 3.000003 0.313353 0.200000
7.455994 0.333333 2.330914 0.341205 1.000000 3.000003 0.142857 0.355616
5.000000 0.500000 0.495016 0.333333 0.333333 1.000000 0.111111 0.125000
7.000000 5.000000 9.000000 3.191287 7.000000 9.000000 1.000000 0.467154
6.000000 4.000000 7.000000 5.000000 2.812025 8.000000 2.140622 1.000000

Matrix 755:
1.000000 0.500000 0.111111 0.482359 0.333333 1.610223 0.200000 0.950793
2.000000 1.000000 0.589890 1.689010 0.152220 3.181128 0.387995 5.000000
9.000000 1.695232 1.000000 2.047163 0.288095 8.097337 1.285403 6.000000
2.073146 0.592063 0.488481 1.000000 0.333333 2.521888 1.547152 4.000000
3.000000 6.569447 3.471077 3.000000 1.000000 9.000009 2.457439 5.000000
0.621032 0.314354 0.123497 0.396528 0.111111 1.000000 1.000000 1.816622
5.000000 2.577354 0.777966 0.646349 0.406928 1.000000 1.000000 3.000000
1.051754 0.200000 0.166667 0.250000 0.200000 0.550472 0.333333 1.000000

Matrix 756:
1.000000 0.125000 0.484887 0.500000 0.166667 0.199944 1.700030 0.125000
8.000000 1.000000 4.000000 2.802054 1.885345 4.000000 7.000000 0.836873
2.062337 0.250000 1.000000 0.432285 0.381973 0.200000 3.000000 0.863396
2.000000 0.356881 2.313288 1.000000 1.000000 0.778463 5.000000 0.243003
6.000000 0.530407 2.617989 1.000000 1.000000 1.000000 2.930580 3.000000
5.001396 0.250000 5.000000 1.284582 1.000000 1.000000 2.000000 0.500000
0.588225 0.142857 0.333333 0.200000 0.341229 0.500000 1.000000 0.125000
8.000000 1.194925 1.158217 4.115180 0.333333 2.000000 8.000000 1.000000

Matrix 757:
1.000000 0.959933 1.000000 0.111111 0.541579 9.000009 4.000000 4.000000
1.041739 1.000000 0.634069 0.142857 0.333333 4.000000 1.607254 6.000000
1.000000 1.577115 1.000000 0.137519 0.979995 8.000000 6.000000 6.000000
9.000000 7.000000 7.271728 1.000000 5.999988 8.000000 6.830879 6.000000
1.846452 3.000000 1.020414 0.166667 1.000000 3.000003 6.000000 5.000000
0.111111 0.250000 0.125000 0.125000 0.333333 1.000000 0.333333 0.594643
0.250000 0.622179 0.166667 0.146394 0.166667 3.000000 1.000000 1.578504
0.250000 0.166667 0.166667 0.166667 0.200000 1.681682 0.633511 1.000000

Matrix 758:
1.000000 0.659468 0.142857 0.561289 0.500000 0.500000 0.250000 0.333333
1.516373 1.000000 0.333333 1.537978 0.250000 0.299216 0.142857 0.500000
7.000000 3.000000 1.000000 4.268658 8.000000 3.334044 3.000003 3.520697
1.781615 0.650205 0.234266 1.000000 1.452133 1.000000 0.200000 0.250000
2.000000 4.000000 0.125000 0.688642 1.000000 0.564393 0.111111 1.396122
2.000000 3.342064 0.299936 1.000000 1.771815 1.000000 0.250000 1.959092
4.000000 7.000000 0.333333 5.000000 9.000000 4.000000 1.000000 5.000000
3.000000 2.000000 0.284035 4.000000 0.716270 0.510440 0.200000 1.000000

Matrix 759:
1.000000 0.200000 0.459409 0.250000 0.111111 0.166667 0.834555 0.609225
5.000000 1.000000 5.000000 1.516743 2.985823 5.000000 6.000000 7.000000
2.176708 0.200000 1.000000 0.166667 0.142857 0.500000 1.725812 0.500000
4.000000 0.659307 6.000000 1.000000 0.260718 4.332916 9.000000 4.000000
9.000000 0.334916 7.000000 3.835569 1.000000 8.000000 8.000000 9.000000
6.000000 0.200000 2.000000 0.230791 0.125000 1.000000 2.549191 2.255350
1.198243 0.166667 0.579437 0.111111 0.125000 0.392281 1.000000 0.250000
1.641428 0.142857 2.000000 0.250000 0.111111 0.443390 4.000000 1.000000

Matrix 760:
1.000000 5.000000 1.951822 0.500000 1.000000 1.223282 0.261298 2.000000
0.200000 1.000000 0.250000 0.166667 1.188791 0.125000 0.142857 1.000000
0.512342 4.000000 1.000000 0.125000 0.500000 0.333333 0.166667 2.000000
2.000000 6.000000 8.000000 1.000000 3.344610 0.585511 0.250000 5.000000
1.000000 0.841191 2.000000 0.298989 1.000000 0.200000 0.333333 0.583727
0.817473 8.000000 3.000000 1.707909 5.000000 1.000000 0.333333 3.689794
3.827055 7.000000 6.000000 4.000000 3.000000 3.000000 1.000000 3.000000
0.500000 1.000000 0.500000 0.200000 1.713129 0.271018 0.333333 1.000000

Matrix 761:
1.000000 0.200000 0.577299 1.000000 0.333333 0.397854 0.125000 0.166667
5.000000 1.000000 3.388365 4.000000 4.000000 1.851149 3.000003 0.500000
1.732204 0.295128 1.000000 3.000003 1.694496 0.333333 1.000000 0.142857
1.000000 0.250000 0.333333 1.000000 1.000000 0.166667 0.315176 0.142857
3.000000 0.250000 0.590146 1.000000 1.000000 0.328107 0.250000 0.142857
2.513486 0.540205 3.000000 6.000000 3.047787 1.000000 0.333333 0.142857
8.000000 0.333333 1.000000 3.172835 4.000000 3.000000 1.000000 1.550943
6.000000 2.000000 7.000000 7.000000 7.000000 7.000000 0.644769 1.000000

Matrix 762:
1.000000 0.125000 0.653602 0.250000 0.141030 1.000000 0.166667 0.500000
8.000000 1.000000 1.943140 0.562900 0.500000 2.000000 0.555675 9.000000
1.529983 0.514631 1.000000 0.333333 0.142857 0.649529 0.166667 2.572518
4.000000 1.776513 3.000000 1.000000 1.936450 5.999988 0.200000 3.479101
7.090692 2.000000 7.000000 0.516409 1.000000 9.000009 0.367703 2.931200
1.000000 0.500000 1.539578 0.166667 0.111111 1.000000 0.142857 0.735945
6.000000 1.799612 6.000000 5.000000 2.719589 7.000000 1.000000 5.000000
2.000000 0.111111 0.388724 0.287431 0.341157 1.358797 0.200000 1.000000

Matrix 763:
1.000000 1.000000 3.000003 0.333333 0.250000 0.735531 0.111111 0.500000
1.000000 1.000000 1.169844 0.388767 0.260987 0.395518 0.125000 0.250000
0.333333 0.854815 1.000000 0.333333 0.200000 0.125000 0.203816 0.333333
3.000000 2.572233 3.000000 1.000000 0.250000 0.500000 1.000000 0.380441
4.000000 3.831611 5.000000 4.000000 1.000000 1.000000 0.690472 1.885353
1.359562 2.528332 8.000000 2.000000 1.000000 1.000000 1.000000 0.333333
9.000000 8.000000 4.906388 1.000000 1.448285 1.000000 1.000000 2.000000
2.000000 4.000000 3.000000 2.628531 0.530405 3.000000 0.500000 1.000000

Matrix 764:
1.000000 0.121383 0.871580 0.142857 0.333333 0.200000 0.142857 0.113934
8.238391 1.000000 9.000009 0.500000 5.000000 4.000000 5.000000 3.000000
1.147342 0.111111 1.000000 0.142857 0.216279 0.125000 0.111111 0.166667
7.000000 2.000000 7.000000 1.000000 2.000000 2.096376 1.161537 3.000000
3.000000 0.200000 4.623653 0.500000 1.000000 0.303467 0.513799 2.000000
5.000000 0.250000 8.000000 0.477014 3.295250 1.000000 1.527755 0.598809
7.000000 0.200000 9.000000 0.860928 1.946286 0.654555 1.000000 4.000000
8.776980 0.333333 6.000000 0.333333 0.500000 1.669980 0.250000 1.000000

Matrix 765:
1.000000 5.999988 7.261935 4.000000 1.386460 3.396398 3.000003 3.000000
0.166667 1.000000 0.498842 0.200681 1.000000 0.531939 0.142857 0.333333
0.137704 2.004644 1.000000 0.200000 1.590583 0.500000 0.333333 0.507362
0.250000 4.983038 5.000000 1.000000 4.000000 7.000007 0.430693 3.000000
0.721262 1.000000 0.628700 0.250000 1.000000 1.523627 0.250000 0.474168
0.294430 1.879913 2.000000 0.142857 0.656329 1.000000 0.142857 1.061039
0.333333 7.000000 3.000000 2.321839 4.000000 7.000000 1.000000 4.000000
0.333333 3.000000 1.970979 0.333333 2.108957 0.942472 0.250000 1.000000

Matrix 766:
1.000000 1.000000 0.111111 3.339620 0.167609 2.000000 0.166667 0.500000
1.000000 1.000000 0.142857 0.582597 0.125000 1.998235 0.111111 0.299314
9.000000 7.000000 1.000000 8.000000 4.000000 8.636871 0.500000 6.000000
0.299435 1.716453 0.125000 1.000000 1.000000 1.000000 0.166667 0.399654
5.966284 8.000000 0.250000 1.000000 1.000000 4.000000 0.500000 2.367618
0.500000 0.500442 0.115783 1.000000 0.250000 1.000000 0.166667 1.000000
6.000000 9.000000 2.000000 6.000000 2.000000 6.000000 1.000000 7.000000
2.000000 3.340973 0.166667 2.502163 0.422365 1.000000 0.142857 1.000000

Matrix 767:
1.000000 5.000000 3.451301 8.000000 4.000000 0.479653 0.626024 1.554062
0.200000 1.000000 0.239436 0.394537 1.806048 0.333333 0.250000 0.142857
0.289746 4.176486 1.000000 1.497147 4.000000 0.333333 0.113736 0.279321
0.125000 2.534619 0.667937 1.000000 0.694563 0.127896 0.166667 0.498354
0.250000 0.553695 0.250000 1.439755 1.000000 0.142857 0.125000 0.200000
2.084841 3.000000 3.000000 7.818844 7.000000 1.000000 0.500000 1.939309
1.597383 4.000000 8.792270 6.000000 8.000000 2.000000 1.000000 6.995182
0.643475 7.000000 3.580105 2.006607 5.000000 0.515648 0.142956 1.000000

Matrix 768:
1.000000 7.000007 3.000003 1.000000 2.000000 0.250000 2.019676 2.000000
0.142857 1.000000 1.938135 0.142857 1.842724 0.111111 0.200000 0.333333
0.333333 0.515960 1.000000 0.162373 0.500000 0.333333 0.250000 0.447588
1.000000 7.000000 6.158668 1.000000 8.170487 1.535337 1.760124 7.000000
0.500000 0.542675 2.000000 0.122392 1.000000 0.166667 0.496028 0.166667
4.000000 9.000000 3.000000 0.651323 6.000000 1.000000 3.579373 2.000000
0.495129 5.000000 4.000000 0.568142 2.016014 0.279379 1.000000 2.000000
0.500000 3.000000 2.234199 0.142857 6.000000 0.500000 0.500000 1.000000

Matrix 769:
1.000000 0.166667 0.200000 0.269380 2.693600 0.638797 0.630599 0.606190
6.000000 1.000000 1.341809 7.000007 4.000000 3.000003 1.772642 6.000000
5.000000 0.745263 1.000000 2.096054 8.957025 7.000007 3.000003 2.904170
3.712224 0.142857 0.477087 1.000000 7.000007 2.178930 0.500000 2.000000
0.371250 0.250000 0.111644 0.142857 1.000000 0.166667 0.112728 0.125000
1.565442 0.333333 0.142857 0.458941 6.000000 1.000000 0.333333 0.502090
1.585794 0.564130 0.333333 2.000000 8.870945 3.000000 1.000000 0.500000
1.649648 0.166667 0.344332 0.500000 8.000000 1.991675 2.000000 1.000000

Matrix 770:
1.000000 0.653298 1.580781 5.000000 1.216635 0.720566 7.000000 4.809579
1.530694 1.000000 1.000000 4.218004 0.334346 0.200000 2.000000 6.000000
0.632599 1.000000 1.000000 5.000000 0.365291 0.200000 1.000000 3.000000
0.200000 0.237079 0.200000 1.000000 0.250000 0.129472 0.521879 0.559206
0.821939 2.990912 2.737547 4.000000 1.000000 3.000003 9.000000 8.729215
1.387799 5.000000 5.000000 7.723656 0.333333 1.000000 3.000000 4.000000
0.142857 0.500000 1.000000 1.916153 0.111111 0.333333 1.000000 2.271873
0.207918 0.166667 0.333333 1.788251 0.114558 0.250000 0.440165 1.000000

Matrix 771:
1.000000 8.000000 2.000000 0.630221 2.441420 0.500000 0.500000 2.000000
0.125000 1.000000 0.703290 0.466260 0.335366 0.166667 0.166667 0.378618
0.500000 1.421888 1.000000 0.700499 1.275559 0.250000 0.500000 2.000000
1.586746 2.144728 1.427554 1.000000 2.230112 0.125000 0.242815 0.777789
0.409598 2.981818 0.783970 0.448408 1.000000 0.333333 0.525856 3.000000
2.000000 6.000000 4.000000 8.000000 3.000000 1.000000 0.923320 5.000000
2.000000 6.000000 2.000000 4.118368 1.901663 1.083048 1.000000 8.000000
0.500000 2.641184 0.500000 1.285696 0.333333 0.200000 0.125000 1.000000

Matrix 772:
1.000000 6.502496 4.000000 2.000000 0.665416 0.230317 0.333333 7.000000
0.153787 1.000000 0.411414 0.378388 0.111111 0.137749 0.111111 0.562744
0.250000 2.430641 1.000000 0.301291 0.500402 0.200000 0.111111 0.999740
0.500000 2.642788 3.319049 1.000000 1.000000 0.200000 0.111111 0.500000
1.502820 9.000000 1.998392 1.000000 1.000000 0.166667 0.333333 4.000000
4.341838 7.259578 5.000000 5.000000 6.000000 1.000000 0.648307 8.426789
3.000000 9.000000 9.000000 9.000000 3.000000 1.542478 1.000000 4.000000
0.142857 1.777008 1.000260 2.000000 0.250000 0.118669 0.250000 1.000000

Matrix 773:
1.000000 0.250000 0.200000 0.602396 0.200000 0.500000 0.500000 0.250000
4.000000 1.000000 3.545433 4.000000 1.869605 5.000000 2.000000 0.363370
5.000000 0.282053 1.000000 1.000000 1.131526 1.797836 2.730829 0.250000
1.660037 0.250000 1.000000 1.000000 0.333333 0.500000 3.025859 0.250000
5.000000 0.534872 0.883762 3.000000 1.000000 1.000000 2.945042 0.125000
2.000000 0.200000 0.556224 2.000000 1.000000 1.000000 2.639103 0.200000
2.000000 0.500000 0.366189 0.330485 0.339554 0.378917 1.000000 0.297251
4.000000 2.752018 4.000000 4.000000 8.000000 5.000000 3.364157 1.000000

Matrix 774:
1.000000 5.000000 0.623583 5.000000 0.500000 7.000007 8.000000 1.416299
0.200000 1.000000 0.115823 0.635904 0.128094 0.333333 0.200000 0.111111
1.603635 8.633853 1.000000 3.991167 0.750098 2.000000 5.999988 3.231063
0.200000 1.572565 0.250553 1.000000 0.111111 0.500000 0.333333 0.200000
2.000000 7.806771 1.333160 9.000000 1.000000 3.000003 5.999988 6.000000
0.142857 3.000000 0.500000 2.000000 0.333333 1.000000 0.691428 0.200000
0.125000 5.000000 0.166667 3.000000 0.166667 1.446281 1.000000 0.250000
0.706066 9.000000 0.309496 5.000000 0.166667 5.000000 4.000000 1.000000

Matrix 775:
1.000000 0.331202 0.442948 2.050414 2.105455 3.000003 2.000000 3.000000
3.019307 1.000000 4.000000 2.435762 7.000007 3.560248 7.000007 5.000000
2.257603 0.250000 1.000000 4.000000 3.000003 1.796857 1.342878 5.000000
0.487706 0.410549 0.250000 1.000000 3.000003 0.500000 1.734999 6.000000
0.474957 0.142857 0.333333 0.333333 1.000000 0.200000 1.681126 3.000000
0.333333 0.280879 0.556527 2.000000 5.000000 1.000000 2.309897 3.000000
0.500000 0.142857 0.744669 0.576369 0.594839 0.432920 1.000000 1.000000
0.333333 0.200000 0.200000 0.166667 0.333333 0.333333 1.000000 1.000000

Matrix 776:
1.000000 2.677005 8.000000 1.000000 2.000000 5.242357 4.000000 1.000000
0.373552 1.000000 1.807572 0.166667 0.333333 2.000000 0.692722 0.281988
0.125000 0.553228 1.000000 0.142857 0.200000 1.800637 1.520637 0.132305
1.000000 6.000000 7.000000 1.000000 0.230663 5.000000 9.000009 2.000000
0.500000 3.000000 5.000000 4.335336 1.000000 8.000000 5.000000 3.000000
0.190754 0.500000 0.555359 0.200000 0.125000 1.000000 1.890091 0.333333
0.250000 1.443581 0.657619 0.111111 0.200000 0.529075 1.000000 0.125000
1.000000 3.546251 7.558305 0.500000 0.333333 3.000000 8.000000 1.000000

Matrix 777:
1.000000 0.166667 2.230759 0.128113 1.018801 0.922760 1.000000 0.250000
6.000000 1.000000 7.015344 0.554041 2.000000 7.779644 7.000007 1.000000
0.448278 0.142545 1.000000 0.111111 0.361571 3.000003 1.747510 0.166667
7.805616 1.804921 9.000000 1.000000 8.850565 5.000000 3.000003 1.866549
0.981545 0.500000 2.765706 0.112987 1.000000 5.000000 4.000000 1.000000
1.083705 0.128541 0.333333 0.200000 0.200000 1.000000 0.442145 0.166667
1.000000 0.142857 0.572243 0.333333 0.250000 2.261700 1.000000 0.142857
4.000000 1.000000 6.000000 0.535748 1.000000 6.000000 7.000000 1.000000

Matrix 778:
1.000000 0.218172 1.313395 0.534089 1.000000 0.111111 4.404625 0.125000
4.583534 1.000000 2.000000 5.000000 5.000000 1.838787 9.000009 2.000000
0.761386 0.500000 1.000000 0.500000 2.000000 0.333333 2.318461 0.447618
1.872349 0.200000 2.000000 1.000000 2.076713 0.125000 5.999988 0.200000
1.000000 0.200000 0.500000 0.481530 1.000000 0.223547 7.000007 0.500000
9.000000 0.543837 3.000000 8.000000 4.473333 1.000000 9.000009 4.000000
0.227034 0.111111 0.431321 0.166667 0.142857 0.111111 1.000000 0.169718
8.000000 0.500000 2.234049 5.000000 2.000000 0.250000 5.892115 1.000000

Matrix 779:
1.000000 1.960742 4.000000 7.000007 0.634549 7.000007 4.321594 8.901428
0.510011 1.000000 5.999988 1.000000 0.540307 0.621968 2.000000 3.000000
0.250000 0.166667 1.000000 0.381499 0.144114 0.125000 0.294114 0.371758
0.142857 1.000000 2.621239 1.000000 0.423653 0.354817 2.000000 1.661057
1.575923 1.850800 6.938952 2.360423 1.000000 0.697127 2.000000 4.000000
0.142857 1.607799 8.000000 2.818355 1.434459 1.000000 1.118547 8.000000
0.231396 0.500000 3.400042 0.500000 0.500000 0.894017 1.000000 2.000000
0.112342 0.333333 2.689921 0.602026 0.250000 0.125000 0.500000 1.000000

Matrix 780:
1.000000 1.000000 0.200000 0.827590 0.340775 0.142857 0.166667 0.456074
1.000000 1.000000 0.568772 0.573624 0.211578 0.200000 0.125000 1.353610
5.000000 1.758174 1.000000 3.000003 0.927760 1.000000 0.562885 4.000000
1.208328 1.743301 0.333333 1.000000 0.500000 0.125000 0.500000 2.000000
2.934490 4.726389 1.077864 2.000000 1.000000 0.134055 0.336879 0.942988
7.000000 5.000000 1.000000 8.000000 7.459644 1.000000 4.000000 7.000000
6.000000 8.000000 1.776562 2.000000 2.968426 0.250000 1.000000 1.511774
2.192629 0.738765 0.250000 0.500000 1.060459 0.142857 0.661474 1.000000

Matrix 781:
1.000000 3.000003 0.530881 0.318844 0.333333 0.250000 0.200000 0.166667
0.333333 1.000000 0.622829 0.142857 0.166667 0.125000 0.166667 0.250000
1.883663 1.605576 1.000000 0.195152 0.142857 0.114546 0.333333 0.250000
3.136326 7.000000 5.124202 1.000000 0.260373 0.467612 2.000000 0.200000
3.000000 6.000000 7.000000 3.840646 1.000000 1.169369 1.906472 1.000000
4.000000 8.000000 8.730101 2.138526 0.855162 1.000000 9.000000 0.673528
5.000000 6.000000 3.000000 0.500000 0.524529 0.111111 1.000000 0.382695
6.000000 4.000000 4.000000 5.000000 1.000000 1.484718 2.613047 1.000000

Matrix 782:
1.000000 1.287220 9.000009 1.000000 4.000000 0.500000 3.000003 0.396769
0.776868 1.000000 5.000000 0.333333 1.803488 0.250000 5.000000 0.296369
0.111111 0.200000 1.000000 0.200000 0.500000 0.344691 1.000000 0.141355
1.000000 3.000000 5.000000 1.000000 2.132218 0.500000 8.649706 0.333333
0.250000 0.554481 2.000000 0.468995 1.000000 1.072047 5.999988 0.250000
2.000000 4.000000 2.901146 2.000000 0.932795 1.000000 5.000000 0.302807
0.333333 0.200000 1.000000 0.115611 0.166667 0.200000 1.000000 0.200000
2.520359 3.374176 7.074399 3.000000 4.000000 3.302428 5.000000 1.000000

Matrix 783:
1.000000 1.973210 0.477320 0.420344 0.160824 1.691174 0.500000 0.162006
0.506788 1.000000 1.183081 1.000000 0.333333 5.000000 0.500000 0.425632
2.095031 0.845251 1.000000 2.000000 0.192554 5.999988 2.000000 0.515805
2.379004 1.000000 0.500000 1.000000 0.218441 4.000000 0.876678 2.050806
6.217966 3.000000 5.193338 4.577886 1.000000 6.844912 2.877727 3.703206
0.591305 0.200000 0.166667 0.250000 0.146094 1.000000 0.142857 0.125000
2.000000 2.000000 0.500000 1.140670 0.347497 7.000000 1.000000 0.333333
6.172614 2.349450 1.938718 0.487613 0.270036 8.000000 3.000000 1.000000

Matrix 784:
1.000000 0.693665 1.000000 1.000000 0.494228 4.000000 1.000000 0.335856
1.441619 1.000000 3.254302 8.000000 3.000003 8.913268 7.000000 2.000000
1.000000 0.307286 1.000000 4.000000 1.587891 5.999988 6.000000 0.500000
1.000000 0.125000 0.250000 1.000000 0.328178 0.365241 0.708525 0.200000
2.023359 0.333333 0.629766 3.047127 1.000000 5.999988 5.000000 0.497932
0.250000 0.112192 0.166667 2.737915 0.166667 1.000000 3.392546 0.142857
1.000000 0.142857 0.166667 1.411383 0.200000 0.294764 1.000000 0.166667
2.977466 0.500000 2.000000 5.000000 2.008305 7.000000 6.000000 1.000000

Matrix 785:
1.000000 0.524444 8.000000 1.628347 4.000000 1.430394 5.999988 2.000000
1.906782 1.000000 9.000009 0.612900 9.000009 5.999988 5.999988 6.000000
0.125000 0.111111 1.000000 0.125000 2.000000 0.290126 1.481512 0.279618
0.614120 1.631586 8.000000 1.000000 7.000007 0.771929 3.000003 2.183291
0.250000 0.111111 0.500000 0.142857 1.000000 0.142857 0.253598 0.115325
0.699108 0.166667 3.446777 1.295456 7.000000 1.000000 2.000000 3.000000
0.166667 0.166667 0.674986 0.333333 3.943251 0.500000 1.000000 0.796612
0.500000 0.166667 3.576304 0.458024 8.671146 0.333333 1.255316 1.000000

Matrix 786:
1.000000 0.166667 0.174329 2.344800 0.142857 0.376697 0.500000 0.111111
6.000000 1.000000 0.111111 3.968284 0.606524 1.150741 0.500000 0.615419
5.736281 9.000000 1.000000 8.000000 5.000000 5.000000 8.000000 1.980979
0.426476 0.251998 0.125000 1.000000 0.200000 0.166667 0.250000 0.111111
7.000000 1.648741 0.200000 5.000000 1.000000 2.033708 0.728129 1.000000
2.654652 0.869006 0.200000 6.000000 0.491713 1.000000 2.000000 0.603561
2.000000 2.000000 0.125000 4.000000 1.373382 0.500000 1.000000 2.090314
9.000000 1.624910 0.504801 9.000000 1.000000 1.656832 0.478397 1.000000

Matrix 787:
1.000000 4.000000 1.845156 0.275580 0.250000 0.500000 9.000009 0.985263
0.250000 1.000000 0.200964 0.112520 0.294814 0.142857 1.756683 0.200000
0.541959 4.976017 1.000000 0.540784 1.520063 0.577109 8.000000 4.513928
3.628712 8.887325 1.849167 1.000000 2.746712 1.000000 7.000007 6.000000
4.000000 3.391973 0.657868 0.364072 1.000000 2.000000 8.000000 1.763845
2.000000 7.000000 1.732775 1.000000 0.500000 1.000000 7.000007 6.000000
0.111111 0.569255 0.125000 0.142857 0.125000 0.142857 1.000000 0.250194
1.014957 5.000000 0.221537 0.166667 0.566943 0.166667 3.996902 1.000000

Matrix 788:
1.000000 0.333333 1.000000 0.868855 5.999988 1.855049 1.000000 0.142857
3.000000 1.000000 4.436950 5.273807 8.000000 5.537169 9.000009 1.000000
1.000000 0.225380 1.000000 2.042277 5.999988 0.500000 2.000000 0.429537
1.150939 0.189616 0.489650 1.000000 1.924126 0.515278 0.500000 0.111227
0.166667 0.125000 0.166667 0.519717 1.000000 0.333333 0.111111 0.250000
0.539069 0.180598 2.000000 1.940702 3.000000 1.000000 0.831643 0.250000
1.000000 0.111111 0.500000 2.000000 9.000000 1.202440 1.000000 0.677611
7.000000 1.000000 2.328089 8.990591 4.000000 4.000000 1.475772 1.000000

Matrix 789:
1.000000 1.014254 0.380139 0.142857 0.326530 0.407550 0.348402 0.250000
0.985946 1.000000 0.500000 0.200000 0.333333 0.575955 0.372995 1.000000
2.630614 2.000000 1.000000 0.558174 1.935942 0.500000 3.000003 3.000000
7.000000 5.000000 1.791558 1.000000 1.000000 4.000000 5.000000 0.912802
3.062504 3.000000 0.516544 1.000000 1.000000 1.000000 0.500000 0.638572
2.453688 1.736247 2.000000 0.250000 1.000000 1.000000 2.000000 1.000000
2.870247 2.681001 0.333333 0.200000 2.000000 0.500000 1.000000 0.500000
4.000000 1.000000 0.333333 1.095528 1.565995 1.000000 2.000000 1.000000

Matrix 790:
1.000000 0.970680 0.200000 5.999988 0.500000 4.000000 1.000000 3.986587
1.030206 1.000000 0.125000 1.655772 0.561935 3.000003 0.172146 1.000000
5.000000 8.000000 1.000000 5.430603 7.000007 4.000000 2.041058 8.000000
0.166667 0.603948 0.184142 1.000000 1.000000 2.315466 0.142857 0.565532
2.000000 1.779566 0.142857 1.000000 1.000000 5.999988 0.500000 1.180715
0.250000 0.333333 0.250000 0.431878 0.166667 1.000000 0.166667 0.500000
1.000000 5.809008 0.489942 7.000000 2.000000 6.000000 1.000000 2.000000
0.250841 1.000000 0.125000 1.768247 0.846944 2.000000 0.500000 1.000000

Matrix 791:
1.000000 2.004321 0.166667 1.000000 1.286825 0.250000 0.781007 0.113317
0.498922 1.000000 0.125000 1.405486 0.250000 0.200000 0.125000 0.142857
6.000000 8.000000 1.000000 5.999988 1.691250 1.654658 5.000000 1.690298
1.000000 0.711497 0.166667 1.000000 0.250000 1.000000 0.172301 0.200000
0.777106 4.000000 0.591279 4.000000 1.000000 2.000000 0.623377 1.000000
4.000000 5.000000 0.604354 1.000000 0.500000 1.000000 1.372476 0.357630
1.280399 8.000000 0.200000 5.803806 1.604167 0.728610 1.000000 0.521431
8.824827 7.000000 0.591612 5.000000 1.000000 2.796184 1.917800 1.000000

Matrix 792:
1.000000 0.645713 8.283899 0.333333 3.152336 9.000009 2.000000 0.333333
1.548676 1.000000 5.999988 0.153220 3.000003 2.000000 1.337776 0.554590
0.120716 0.166667 1.000000 0.142857 1.617524 1.000000 0.415134 0.142857
3.000000 6.526549 7.000000 1.000000 9.000009 5.000000 1.837528 2.783520
0.317225 0.333333 0.618229 0.111111 1.000000 2.028584 0.229115 0.166667
0.111111 0.500000 1.000000 0.200000 0.492955 1.000000 0.236456 0.125000
0.500000 0.747510 2.408860 0.544209 4.364628 4.229108 1.000000 2.000000
3.000000 1.803133 7.000000 0.359257 6.000000 8.000000 0.500000 1.000000

Matrix 793:
1.000000 0.500000 1.622955 2.000000 0.927511 4.000000 0.490076 8.396941
2.000000 1.000000 4.811450 4.000000 5.000000 2.000000 0.360082 3.000000
0.616160 0.207838 1.000000 1.761550 0.500000 2.000000 0.166667 6.000000
0.500000 0.250000 0.567682 1.000000 1.000000 2.000000 0.125575 3.000000
1.078154 0.200000 2.000000 1.000000 1.000000 0.500000 0.125000 2.052906
0.250000 0.500000 0.500000 0.500000 2.000000 1.000000 0.250000 2.428776
2.040501 2.777145 6.000000 7.963369 8.000000 4.000000 1.000000 6.000000
0.119091 0.333333 0.166667 0.333333 0.487114 0.411730 0.166667 1.000000

Matrix 794:
1.000000 0.166667 3.000003 0.500000 0.333333 0.291346 0.333333 0.333333
6.000000 1.000000 5.999988 4.000000 7.000007 0.592983 0.500000 0.815715
0.333333 0.166667 1.000000 0.200000 0.333333 0.333333 0.111111 0.200000
2.000000 0.250000 5.000000 1.000000 2.000000 0.200000 0.166667 0.250000
3.000000 0.142857 3.000000 0.500000 1.000000 0.250000 0.125000 0.142857
3.432350 1.686389 3.000000 5.000000 4.000000 1.000000 1.000000 2.000000
3.000000 2.000000 9.000000 6.000000 8.000000 1.000000 1.000000 0.500000
3.000000 1.225919 5.000000 4.000000 7.000000 0.500000 2.000000 1.000000

Matrix 795:
1.000000 0.333333 1.057102 0.333333 2.000000 0.142857 2.000000 6.000000
3.000000 1.000000 0.518041 1.287487 5.999988 0.333333 1.000000 7.000000
0.945983 1.930349 1.000000 1.000000 7.000007 0.423381 4.000000 8.000000
3.000000 0.776707 1.000000 1.000000 5.000000 0.500000 2.323932 9.000000
0.500000 0.166667 0.142857 0.200000 1.000000 0.142857 0.333333 3.000000
7.000000 3.000000 2.361940 2.000000 7.000000 1.000000 5.000000 4.228903
0.500000 1.000000 0.250000 0.430305 3.000000 0.200000 1.000000 0.767483
0.166667 0.142857 0.125000 0.111111 0.333333 0.236468 1.302961 1.000000

Matrix 796:
1.000000 0.677306 0.500000 1.011786 0.118988 0.780905 0.125000 0.200000
1.476437 1.000000 0.500000 0.166667 0.142857 2.207074 0.200000 0.142857
2.000000 2.000000 1.000000 1.000000 0.614161 4.000000 0.311285 0.250000
0.988351 6.000000 1.000000 1.000000 1.000000 3.000003 0.500000 0.250000
8.404217 7.000000 1.628239 1.000000 1.000000 8.000000 3.000000 0.560216
1.280566 0.453088 0.250000 0.333333 0.125000 1.000000 0.166667 0.111111
8.000000 5.000000 3.212491 2.000000 0.333333 6.000000 1.000000 0.166667
5.000000 7.000000 4.000000 4.000000 1.785025 9.000000 6.000000 1.000000

Matrix 797:
1.000000 7.000007 7.000007 7.000007 2.384707 1.336739 3.000003 6.000000
0.142857 1.000000 0.578215 0.333333 1.069363 0.455567 1.576520 2.281741
0.142857 1.729460 1.000000 0.131962 0.333333 0.151232 0.405973 1.925686
0.142857 3.000000 7.577935 1.000000 2.000000 0.200000 2.360430 3.485873
0.419339 0.935137 3.000000 0.500000 1.000000 0.142857 2.317714 3.247463
0.748089 2.195067 6.612372 5.000000 7.000000 1.000000 7.000007 7.000000
0.333333 0.634309 2.463219 0.423652 0.431460 0.142857 1.000000 3.000000
0.166667 0.438262 0.519296 0.286872 0.307933 0.142857 0.333333 1.000000

Matrix 798:
1.000000 2.075658 0.424269 1.000000 0.426161 2.000000 2.000000 5.000000
0.481775 1.000000 0.250000 0.333333 0.125000 0.326831 0.333333 0.359579
2.356994 4.000000 1.000000 0.500000 0.377330 2.000000 3.278620 3.958395
1.000000 3.000000 2.000000 1.000000 0.596439 8.000000 7.000007 9.000000
2.346533 8.000000 2.650201 1.676618 1.000000 5.229638 2.000000 9.000000
0.500000 3.059685 0.500000 0.125000 0.191218 1.000000 1.393050 0.586908
0.500000 3.000000 0.305006 0.142857 0.500000 0.717850 1.000000 2.000000
0.200000 2.781029 0.252628 0.111111 0.111111 1.703843 0.500000 1.000000

Matrix 799:
1.000000 0.636395 5.000000 5.999988 2.353068 2.000000 0.333333 7.000000
1.571352 1.000000 1.000000 8.832145 1.515000 1.000000 1.404499 8.000000
0.200000 1.000000 1.000000 2.732108 1.000000 0.333333 0.333333 1.000000
0.166667 0.113223 0.366018 1.000000 0.142857 0.250000 0.166667 0.142857
0.424977 0.660066 1.000000 7.000000 1.000000 1.580519 0.299665 3.000000
0.500000 1.000000 3.000000 4.000000 0.632703 1.000000 0.354543 3.000000
3.000000 0.711998 3.000000 6.000000 3.337059 2.820531 1.000000 7.000000
0.142857 0.125000 1.000000 7.000000 0.333333 0.333333 0.142857 1.000000

Matrix 800:
1.000000 0.200000 0.125000 0.255286 1.022149 2.000000 0.250000 0.354349
5.000000 1.000000 0.469980 5.999988 5.999988 4.000000 1.558416 2.178432
8.000000 2.127750 1.000000 8.000000 5.000000 8.000000 1.000000 1.779116
3.917172 0.166667 0.125000 1.000000 1.740367 2.081105 0.200000 0.333333
0.978331 0.166667 0.200000 0.574592 1.000000 1.000000 0.125000 0.510593
0.500000 0.250000 0.125000 0.480514 1.000000 1.000000 0.166667 1.326213
4.000000 0.641677 1.000000 5.000000 8.000000 6.000000 1.000000 3.000000
2.822078 0.459046 0.562077 3.000000 1.958508 0.754027 0.333333 1.000000

Matrix 801:
1.000000 4.000000 9.000009 9.000009 3.000003 1.438691 5.999988 0.333333
0.250000 1.000000 1.106204 2.000000 0.324072 0.250000 1.000000 0.111111
0.111111 0.903992 1.000000 2.000000 0.200000 0.500000 2.320914 0.142857
0.111111 0.500000 0.500000 1.000000 0.111111 0.111111 0.641768 0.135814
0.333333 3.085736 5.000000 9.000000 1.000000 0.500000 0.588789 0.250000
0.695076 4.000000 2.000000 9.000000 2.000000 1.000000 5.000000 1.000000
0.166667 1.000000 0.430865 1.558195 1.698401 0.200000 1.000000 0.264625
3.000000 9.000000 7.000000 7.363011 4.000000 1.000000 3.778927 1.000000

Matrix 802:
1.000000 0.575784 1.000000 0.250000 0.125000 0.250000 5.000000 1.000000
1.736763 1.000000 2.000000 1.084816 0.200000 0.923486 0.855260 1.000000
1.000000 0.500000 1.000000 1.000000 0.200000 1.000000 5.999988 0.686495
4.000000 0.921815 1.000000 1.000000 0.200000 1.000000 4.000000 2.000000
8.000000 5.000000 5.000000 5.000000 1.000000 1.885149 7.000007 2.000000
4.000000 1.082853 1.000000 1.000000 0.530462 1.000000 7.000007 1.739764
0.200000 1.169235 0.166667 0.250000 0.142857 0.142857 1.000000 0.172063
1.000000 1.000000 1.456676 0.500000 0.500000 0.574791 5.811817 1.000000

Matrix 803:
1.000000 1.000000 0.500000 0.861196 0.397887 4.000000 4.597807 0.667790
1.000000 1.000000 0.250000 0.125000 0.500000 0.333333 3.000003 0.333255
2.000000 4.000000 1.000000 2.000000 1.638854 2.475635 5.999988 6.000000
1.161176 8.000000 0.500000 1.000000 3.000003 4.000000 3.536232 2.837361
2.513278 2.000000 0.610182 0.333333 1.000000 2.214412 7.000007 1.689948
0.250000 3.000000 0.403937 0.250000 0.451587 1.000000 3.000003 0.333333
0.217495 0.333333 0.166667 0.282787 0.142857 0.333333 1.000000 0.333333
1.497478 3.000701 0.166667 0.352440 0.591734 3.000000 3.000000 1.000000

Matrix 804:
1.000000 0.250000 0.125000 0.250000 0.200000 0.238661 0.335343 2.105024
4.000000 1.000000 1.609023 1.994196 5.999988 0.725571 9.000009 6.000000
8.000000 0.621495 1.000000 2.687347 9.000009 1.739697 7.000007 7.000000
4.000000 0.501455 0.372114 1.000000 1.000000 1.000000 1.567702 4.000000
5.000000 0.166667 0.111111 1.000000 1.000000 0.300795 0.500000 2.000000
4.190035 1.378224 0.574813 1.000000 3.324526 1.000000 1.216588 9.000000
2.982019 0.111111 0.142857 0.637876 2.000000 0.821971 1.000000 8.000000
0.475054 0.166667 0.142857 0.250000 0.500000 0.111111 0.125000 1.000000

Matrix 805:
1.000000 1.000000 5.000000 3.000003 0.500000 3.000003 2.106324 5.000000
1.000000 1.000000 0.833001 2.453521 1.000000 2.000000 0.660318 6.000000
0.200000 1.200478 1.000000 1.551292 0.200000 1.000000 0.786586 0.646569
0.333333 0.407577 0.644624 1.000000 0.134282 2.206045 0.333333 0.550904
2.000000 1.000000 5.000000 7.446992 1.000000 4.000000 2.044445 8.000000
0.333333 0.500000 1.000000 0.453300 0.250000 1.000000 0.257687 3.000000
0.474761 1.514423 1.271316 3.000000 0.489130 3.880670 1.000000 2.000000
0.200000 0.166667 1.546625 1.815197 0.125000 0.333333 0.500000 1.000000

Matrix 806:
1.000000 3.316321 4.000000 0.500000 8.000000 5.999988 0.334440 8.000000
0.301539 1.000000 1.401904 0.333333 3.000003 0.418315 0.111111 0.827859
0.250000 0.713316 1.000000 0.125000 2.533702 0.239012 0.125000 1.639147
2.000000 3.000000 8.000000 1.000000 9.000009 2.000000 1.864194 3.789722
0.125000 0.333333 0.394679 0.111111 1.000000 0.525149 0.200000 0.493294
0.166667 2.390542 4.183893 0.500000 1.904223 1.000000 0.500000 2.000000
2.990076 9.000000 8.000000 0.536425 5.000000 2.000000 1.000000 3.046006
0.125000 1.207935 0.610074 0.263872 2.027189 0.500000 0.328299 1.000000

Matrix 807:
1.000000 5.999988 2.984430 4.000000 7.000007 5.999988 1.218676 1.812891
0.166667 1.000000 2.000000 1.000000 2.216187 5.999988 0.839731 1.000000
0.335072 0.500000 1.000000 3.663048 2.603245 7.000007 1.512118 0.583194
0.250000 1.000000 0.272997 1.000000 3.820099 1.000000 0.200000 0.250000
0.142857 0.451226 0.384136 0.261773 1.000000 1.309093 0.500000 0.183056
0.166667 0.166667 0.142857 1.000000 0.763887 1.000000 0.200000 0.500000
0.820563 1.190858 0.661324 5.000000 2.000000 5.000000 1.000000 1.000000
0.551605 1.000000 1.714695 4.000000 5.462805 2.000000 1.000000 1.000000

Matrix 808:
1.000000 5.000000 0.414390 0.707983 1.976530 2.000000 0.592870 7.000000
0.200000 1.000000 0.125000 0.500000 1.000000 0.500000 0.142857 1.823821
2.413187 8.000000 1.000000 5.000000 3.000003 2.000000 4.000000 5.000000
1.412463 2.000000 0.200000 1.000000 2.040230 2.373046 0.274312 7.000000
0.505937 1.000000 0.333333 0.490141 1.000000 1.999738 0.200000 4.000000
0.500000 2.000000 0.500000 0.421399 0.500066 1.000000 0.125000 1.770971
1.686711 7.000000 0.250000 3.645478 5.000000 8.000000 1.000000 5.000000
0.142857 0.548300 0.200000 0.142857 0.250000 0.564662 0.200000 1.000000

Matrix 809:
1.000000 0.142857 0.402127 0.125000 3.322360 0.532816 0.500000 2.000000
7.000000 1.000000 1.000000 0.295175 7.000007 7.000007 5.000000 3.000000
2.486778 1.000000 1.000000 0.165765 5.999988 3.186312 5.000000 3.000000
8.000000 3.387816 6.032634 1.000000 5.999988 5.000000 8.000000 5.571808
0.300991 0.142857 0.166667 0.166667 1.000000 0.333333 0.200000 1.000000
1.876819 0.142857 0.313842 0.200000 3.000000 1.000000 0.570373 1.628039
2.000000 0.200000 0.200000 0.125000 5.000000 1.753240 1.000000 0.945489
0.500000 0.333333 0.333333 0.179475 1.000000 0.614236 1.057654 1.000000

Matrix 810:
1.000000 0.163654 3.025343 0.468355 1.585229 1.098182 0.500000 0.500000
6.110470 1.000000 4.000000 2.737775 5.923839 3.000003 7.000000 1.898611
0.330541 0.250000 1.000000 0.197326 0.250000 0.125000 0.166667 0.142857
2.135135 0.365260 5.067757 1.000000 4.000000 0.500000 1.798381 0.312719
0.630824 0.168809 4.000000 0.250000 1.000000 0.363329 3.000000 0.250000
0.910596 0.333333 8.000000 2.000000 2.752324 1.000000 2.208143 0.391351
2.000000 0.142857 6.000000 0.556056 0.333333 0.452869 1.000000 0.250000
2.000000 0.526701 7.000000 3.197762 4.000000 2.555248 4.000000 1.000000

Matrix 811:
1.000000 2.407473 2.937234 3.000003 0.610181 5.999988 5.999988 1.544154
0.415373 1.000000 1.474559 0.250000 0.250000 0.334152 0.333333 0.250000
0.340456 0.678169 1.000000 0.349846 0.250000 1.871554 0.566496 0.142857
0.333333 4.000000 2.858399 1.000000 0.200000 2.000000 0.545873 0.166667
1.638857 4.000000 4.000000 5.000000 1.000000 7.000007 5.000000 1.588036
0.166667 2.992650 0.534315 0.500000 0.142857 1.000000 0.589016 0.142857
0.166667 3.000000 1.765238 1.831928 0.200000 1.697746 1.000000 0.129142
0.647604 4.000000 7.000000 6.000000 0.629709 7.000000 7.743406 1.000000

Matrix 812:
1.000000 1.000000 0.500000 0.500000 1.000000 0.200000 0.111111 1.459298
1.000000 1.000000 0.299467 5.000000 2.000000 1.348341 0.200000 3.000000
2.000000 3.339268 1.000000 8.000000 3.471227 1.000000 0.396079 3.000000
2.000000 0.200000 0.125000 1.000000 0.500000 0.112241 0.200000 0.596866
1.000000 0.500000 0.288083 2.000000 1.000000 0.166667 0.111111 2.000000
5.000000 0.741652 1.000000 8.909400 6.000000 1.000000 1.140088 4.000000
9.000000 5.000000 2.524748 5.000000 9.000000 0.877126 1.000000 4.000000
0.685261 0.333333 0.333333 1.675419 0.500000 0.250000 0.250000 1.000000

Matrix 813:
1.000000 0.333333 0.277139 0.735053 1.000000 0.166667 0.500000 2.000000
3.000000 1.000000 0.686499 1.000000 5.999988 3.000003 3.622999 8.982766
3.608302 1.456667 1.000000 1.418663 9.000009 0.500000 3.833182 6.000000
1.360447 1.000000 0.704889 1.000000 4.000000 0.585992 1.000000 1.291449
1.000000 0.166667 0.111111 0.250000 1.000000 0.141536 0.384247 0.500000
6.000000 0.333333 2.000000 1.706507 7.065361 1.000000 2.429632 7.000000
2.000000 0.276014 0.260880 1.000000 2.602491 0.411585 1.000000 1.000000
0.500000 0.111324 0.166667 0.774324 2.000000 0.142857 1.000000 1.000000

Matrix 814:
1.000000 5.000000 4.000000 2.587391 3.000003 1.577619 8.000000 3.000000
0.200000 1.000000 0.500000 0.142857 0.125000 0.250000 1.630294 0.502279
0.250000 2.000000 1.000000 0.413017 0.333333 0.125000 1.000000 2.122029
0.386490 7.000000 2.421206 1.000000 3.000003 0.248672 7.000007 6.000000
0.333333 8.000000 3.000000 0.333333 1.000000 0.500000 2.000000 7.391263
0.633867 4.000000 8.000000 4.021354 2.000000 1.000000 7.000007 8.000000
0.125000 0.613386 1.000000 0.142857 0.500000 0.142857 1.000000 0.500000
0.333333 1.990926 0.471247 0.166667 0.135295 0.125000 2.000000 1.000000

Matrix 815:
1.000000 0.250000 1.049069 0.687449 0.142857 1.000000 0.175799 0.200000
4.000000 1.000000 9.000009 8.000000 2.011317 5.999988 1.000000 8.799574
0.953226 0.111111 1.000000 0.441721 0.500000 2.000000 0.125000 0.500000
1.454654 0.125000 2.263872 1.000000 0.428387 2.030973 0.142857 0.166667
7.000000 0.497187 2.000000 2.334338 1.000000 5.999988 1.000000 1.047238
1.000000 0.166667 0.500000 0.492375 0.166667 1.000000 0.142857 1.067522
5.688313 1.000000 8.000000 7.000000 1.000000 7.000000 1.000000 3.285210
5.000000 0.113642 2.000000 6.000000 0.954893 0.936749 0.304395 1.000000

Matrix 816:
1.000000 0.542730 0.250000 0.166667 0.500000 2.000000 7.000007 1.000000
1.842536 1.000000 0.200000 0.500000 0.730587 0.500000 7.000007 2.000000
4.000000 5.000000 1.000000 0.613424 2.000000 2.000000 7.000007 5.000000
6.000000 2.000000 1.630194 1.000000 4.000000 4.000000 5.999988 2.567577
2.000000 1.368762 0.500000 0.250000 1.000000 3.000003 3.000003 0.458786
0.500000 2.000000 0.500000 0.250000 0.333333 1.000000 3.045769 0.560610
0.142857 0.142857 0.142857 0.166667 0.333333 0.328324 1.000000 0.166667
1.000000 0.500000 0.200000 0.389472 2.179664 1.783772 6.000000 1.000000

Matrix 817:
1.000000 0.173423 0.500000 1.209825 3.513759 0.166667 5.000000 0.491597
5.766256 1.000000 0.646703 3.747558 4.000000 0.500000 7.000007 5.000000
2.000000 1.546305 1.000000 1.000000 9.000009 0.535402 5.999988 2.000000
0.826566 0.266840 1.000000 1.000000 1.501061 0.333333 8.000000 3.000000
0.284596 0.250000 0.111111 0.666196 1.000000 0.142857 3.000003 0.231601
6.000000 2.000000 1.867754 3.000000 7.000000 1.000000 6.769423 2.000000
0.200000 0.142857 0.166667 0.125000 0.333333 0.147723 1.000000 0.111111
2.034188 0.200000 0.500000 0.333333 4.317775 0.500000 9.000000 1.000000

Matrix 818:
1.000000 0.500000 0.250000 0.166667 0.658130 0.333333 0.125000 0.111111
2.000000 1.000000 0.166667 2.000000 2.308681 0.250000 0.166667 0.111111
4.000000 6.000000 1.000000 8.000000 7.000007 2.000000 1.006088 1.000000
6.000000 0.500000 0.125000 1.000000 1.774062 0.466639 0.166667 0.125000
1.519456 0.433148 0.142857 0.563678 1.000000 0.166667 0.333333 0.111111
3.000000 4.000000 0.500000 2.142983 6.000000 1.000000 0.193308 0.333333
8.000000 6.000000 0.993949 6.000000 3.000000 5.173091 1.000000 2.197088
9.000000 9.000000 1.000000 8.000000 9.000000 3.000000 0.455148 1.000000

Matrix 819:
1.000000 1.000000 0.250000 1.000000 0.500000 1.000000 0.333333 0.498036
1.000000 1.000000 1.000000 1.000000 3.289225 3.120700 0.589326 0.500000
4.000000 1.000000 1.000000 4.239099 3.000003 2.000000 0.425133 0.200000
1.000000 1.000000 0.235899 1.000000 1.000000 0.200000 0.500000 0.240737
2.000000 0.304023 0.333333 1.000000 1.000000 0.553060 0.250000 0.125000
1.000000 0.320441 0.500000 5.000000 1.808122 1.000000 0.455244 0.333333
3.000000 1.696855 2.352206 2.000000 4.000000 2.196624 1.000000 0.500000
2.007889 2.000000 5.000000 4.153903 8.000000 3.000000 2.000000 1.000000

Matrix 820:
1.000000 3.000003 1.983860 9.000009 0.500000 9.000009 1.000000 4.921106
0.333333 1.000000 0.630846 2.795052 0.142857 5.000000 0.142857 1.000000
0.504068 1.585173 1.000000 4.000000 1.000000 5.000000 0.333333 4.000000
0.111111 0.357775 0.250000 1.000000 0.553817 0.699978 0.125000 0.333333
2.000000 7.000000 1.000000 1.805650 1.000000 4.000000 2.000000 3.000000
0.111111 0.200000 0.200000 1.428617 0.250000 1.000000 0.111111 0.333333
1.000000 7.000000 3.000000 8.000000 0.500000 9.000000 1.000000 2.998996
0.203206 1.000000 0.250000 3.000000 0.333333 3.000000 0.333445 1.000000

Matrix 821:
1.000000 0.500000 2.378024 2.021230 0.200000 4.000000 0.166667 1.000000
2.000000 1.000000 1.712920 8.000000 1.000000 5.999988 2.000000 0.566685
0.420517 0.583799 1.000000 1.580675 0.188767 0.523717 0.142857 0.125000
0.494748 0.125000 0.632641 1.000000 0.200000 1.000000 0.200000 0.200000
5.000000 1.000000 5.297526 5.000000 1.000000 3.000003 0.410085 0.548618
0.250000 0.166667 1.909429 1.000000 0.333333 1.000000 0.250000 0.500000
6.000000 0.500000 7.000000 5.000000 2.438520 4.000000 1.000000 1.665075
1.000000 1.764647 8.000000 5.000000 1.822761 2.000000 0.600573 1.000000

Matrix 822:
1.000000 0.250000 1.000000 0.111111 0.580165 0.111111 0.125000 0.142857
4.000000 1.000000 3.000003 0.333333 2.388582 1.784221 1.000000 0.142857
1.000000 0.333333 1.000000 0.111111 0.500000 0.250000 0.333333 0.250000
9.000000 3.000000 9.000000 1.000000 8.000000 1.000000 2.623860 1.000000
1.723648 0.418658 2.000000 0.125000 1.000000 0.142857 0.125000 0.333333
9.000000 0.560469 4.000000 1.000000 7.000000 1.000000 2.000000 0.621182
8.000000 1.000000 3.000000 0.381118 8.000000 0.500000 1.000000 2.000000
7.000000 7.000000 4.000000 1.000000 3.000000 1.609833 0.500000 1.000000

Matrix 823:
1.000000 9.000009 0.114500 0.483258 1.000000 0.243352 5.000000 1.245179
0.111111 1.000000 0.142857 0.142857 0.241877 0.111111 0.386653 0.125000
8.733659 7.000000 1.000000 2.636631 4.000000 2.679491 5.000000 7.426101
2.069289 7.000000 0.379272 1.000000 3.000003 0.560709 5.999988 0.578732
1.000000 4.134329 0.250000 0.333333 1.000000 0.333333 4.000000 1.000000
4.109266 9.000000 0.373205 1.783457 3.000000 1.000000 3.247100 1.000000
0.200000 2.586298 0.200000 0.166667 0.250000 0.307967 1.000000 0.250000
0.803098 8.000000 0.134660 1.727915 1.000000 1.000000 4.000000 1.000000

Matrix 824:
1.000000 0.250000 2.000000 1.000000 0.447713 1.001169 7.562289 0.613023
4.000000 1.000000 0.600112 0.500000 1.000000 0.500000 7.000007 2.000000
0.500000 1.666356 1.000000 1.000000 0.649051 1.000000 5.114637 2.000000
1.000000 2.000000 1.000000 1.000000 0.328622 1.000000 4.000000 0.500000
2.233573 1.000000 1.540712 3.043006 1.000000 1.000000 5.999988 0.776300
0.998833 2.000000 1.000000 1.000000 1.000000 1.000000 8.000000 0.500000
0.132235 0.142857 0.195517 0.250000 0.166667 0.125000 1.000000 0.250000
1.631260 0.500000 0.500000 2.000000 1.288163 2.000000 4.000000 1.000000

Matrix 825:
1.000000 0.751032 5.999988 3.000003 5.999988 8.000000 5.999988 4.000000
1.331501 1.000000 5.999988 1.356991 3.000003 6.842259 1.325758 8.000000
0.166667 0.166667 1.000000 0.111111 2.000000 0.713905 1.435960 1.816567
0.333333 0.736925 9.000000 1.000000 9.000009 5.000000 5.000000 7.000000
0.166667 0.333333 0.500000 0.111111 1.000000 0.716793 0.467463 1.975022
0.125000 0.146151 1.400747 0.200000 1.395103 1.000000 0.250000 2.244830
0.166667 0.754286 0.696398 0.200000 2.139206 4.000000 1.000000 2.000000
0.250000 0.125000 0.550489 0.142857 0.506324 0.445468 0.500000 1.000000

Matrix 826:
1.000000 2.220258 0.707458 7.000007 0.619213 0.574253 8.000000 5.000000
0.450398 1.000000 0.333333 6.950339 2.016415 0.333333 8.000000 6.663373
1.413512 3.000000 1.000000 7.000007 5.254804 0.500000 3.091648 6.000000
0.142857 0.143878 0.142857 1.000000 0.500000 0.111111 3.193626 0.500000
1.614953 0.495930 0.190302 2.000000 1.000000 0.142857 2.000000 4.000000
1.741394 3.000000 2.000000 9.000000 7.000000 1.000000 8.000000 7.000000
0.125000 0.125000 0.323452 0.313124 0.500000 0.125000 1.000000 0.444615
0.200000 0.150074 0.166667 2.000000 0.250000 0.142857 2.249135 1.000000

Matrix 827:
1.000000 0.500000 3.000003 2.000000 1.515938 4.000000 0.111111 1.246986
2.000000 1.000000 5.000000 2.000000 2.319846 3.000003 0.200000 0.500000
0.333333 0.200000 1.000000 2.000000 1.070544 1.766655 0.125000 0.278518
0.500000 0.500000 0.500000 1.000000 0.740281 0.765655 0.250000 1.000000
0.659658 0.431063 0.934104 1.350839 1.000000 0.503753 0.277882 0.255777
0.250000 0.333333 0.566041 1.306071 1.985100 1.000000 0.142857 0.492246
9.000000 5.000000 8.000000 4.000000 3.598653 7.000000 1.000000 3.000000
0.801934 2.000000 3.590433 1.000000 3.909653 2.031504 0.333333 1.000000

Matrix 828:
1.000000 1.059469 0.111111 0.500000 0.111111 0.250000 0.200000 2.000000
0.943869 1.000000 0.333333 2.000000 0.233282 0.500000 0.556354 0.437079
9.000000 3.000000 1.000000 8.610582 0.636638 4.000000 1.608771 7.000000
2.000000 0.500000 0.116136 1.000000 0.111111 0.500000 0.250000 1.098005
9.000000 4.286656 1.570751 9.000000 1.000000 3.000003 5.999988 8.919970
4.000000 2.000000 0.250000 2.000000 0.333333 1.000000 0.333333 0.500000
5.000000 1.797418 0.621593 4.000000 0.166667 3.000000 1.000000 5.000000
0.500000 2.287918 0.142857 0.910742 0.112108 2.000000 0.200000 1.000000

Matrix 829:
1.000000 0.213814 0.250000 4.729267 0.125000 0.629863 1.167260 2.000000
4.676953 1.000000 1.658498 4.895848 0.142857 1.848219 1.745472 1.000000
4.000000 0.602955 1.000000 8.000000 0.521497 2.000000 4.000000 2.457123
0.211449 0.204255 0.125000 1.000000 0.125000 0.142857 0.142857 0.142857
8.000000 7.000000 1.917556 8.000000 1.000000 4.000000 5.000000 7.258632
1.587646 0.541061 0.500000 7.000000 0.250000 1.000000 0.513515 1.601058
0.856707 0.572911 0.250000 7.000000 0.200000 1.947364 1.000000 1.000000
0.500000 1.000000 0.406980 7.000000 0.137767 0.624587 1.000000 1.000000

Matrix 830:
1.000000 1.383849 0.142857 1.070446 0.619308 0.207776 0.333333 0.442759
0.722622 1.000000 0.333333 1.627787 3.000003 0.163025 0.200000 0.423789
7.000000 3.000000 1.000000 5.000000 5.770928 2.302000 0.877166 6.000000
0.934190 0.614331 0.200000 1.000000 1.000000 0.198788 0.333333 1.000000
1.614706 0.333333 0.173282 1.000000 1.000000 0.333333 0.117373 0.354703
4.812867 6.134021 0.434405 5.030479 3.000000 1.000000 3.000003 1.343379
3.000000 5.000000 1.140035 3.000000 8.519840 0.333333 1.000000 2.737813
2.258567 2.359663 0.166667 1.000000 2.819257 0.744392 0.365255 1.000000

Matrix 831:
1.000000 5.999988 0.500000 0.346234 2.266917 0.230421 1.879675 4.000000
0.166667 1.000000 0.810338 0.111111 0.568776 0.166667 0.111111 2.000000
2.000000 1.234053 1.000000 0.326419 5.000000 0.200000 0.535698 3.060210
2.888220 9.000000 3.063544 1.000000 5.000000 2.000000 0.601471 8.000000
0.441128 1.758162 0.200000 0.200000 1.000000 0.111111 0.327273 2.000000
4.339884 6.000000 5.000000 0.500000 9.000000 1.000000 1.641433 7.000000
0.532007 9.000000 1.866723 1.662590 3.055549 0.609224 1.000000 8.000000
0.250000 0.500000 0.326775 0.125000 0.500000 0.142857 0.125000 1.000000

Matrix 832:
1.000000 5.000000 0.133303 1.000000 0.601890 0.500000 3.000003 7.000000
0.200000 1.000000 0.111111 0.166667 0.142857 0.166667 2.000000 2.000000
7.501715 9.000000 1.000000 1.857450 4.000000 0.500000 7.000007 9.000000
1.000000 6.000000 0.538372 1.000000 0.500000 0.142857 4.000000 4.397701
1.661432 7.000000 0.250000 2.000000 1.000000 0.395685 5.999988 3.646851
2.000000 6.000000 2.000000 7.000000 2.527260 1.000000 9.000009 7.000000
0.333333 0.500000 0.142857 0.250000 0.166667 0.111111 1.000000 3.000000
0.142857 0.500000 0.111111 0.227392 0.274209 0.142857 0.333333 1.000000

Matrix 833:
1.000000 1.513459 0.200000 0.166667 0.939103 0.421764 0.333333 0.142857
0.660738 1.000000 0.166667 0.247847 1.000000 2.000000 2.000000 0.125000
5.000000 6.000000 1.000000 0.579780 7.000007 3.011125 0.500000 0.500000
6.000000 4.034740 1.724791 1.000000 5.999988 5.999988 2.000000 0.697071
1.064846 1.000000 0.142857 0.166667 1.000000 0.546350 0.250000 0.184220
2.370994 0.500000 0.332102 0.166667 1.830329 1.000000 0.500000 0.188885
3.000000 0.500000 2.000000 0.500000 4.000000 2.000000 1.000000 0.142857
7.000000 8.000000 2.000000 1.434573 5.428298 5.294229 7.000000 1.000000

Matrix 834:
1.000000 0.250000 0.659185 5.999988 0.125000 0.200000 2.391454 0.500000
4.000000 1.000000 2.051360 4.000000 0.574315 0.333333 8.000000 0.571093
1.517025 0.487481 1.000000 5.000000 0.142857 0.142857 9.000009 0.570784
0.166667 0.250000 0.200000 1.000000 0.125000 0.111111 0.500000 0.125000
8.000000 1.741206 7.000000 8.000000 1.000000 1.216828 9.000009 3.000000
5.000000 3.000000 7.000000 9.000000 0.821809 1.000000 7.000007 7.000000
0.418156 0.125000 0.111111 2.000000 0.111111 0.142857 1.000000 0.250000
2.000000 1.751028 1.751977 8.000000 0.333333 0.142857 4.000000 1.000000

Matrix 835:
1.000000 2.000000 1.650458 5.999988 5.999988 1.712759 5.000000 2.000000
0.500000 1.000000 1.000000 3.000003 1.000000 1.832745 6.000000 2.000000
0.605892 1.000000 1.000000 5.999988 1.000000 1.567546 3.682861 5.000000
0.166667 0.333333 0.166667 1.000000 0.500000 0.200000 0.500000 1.739204
0.166667 1.000000 1.000000 2.000000 1.000000 0.333333 2.000000 2.321762
0.583853 0.545630 0.637940 5.000000 3.000000 1.000000 4.947738 5.000000
0.200000 0.166667 0.271528 2.000000 0.500000 0.202113 1.000000 0.339258
0.500000 0.500000 0.200000 0.574976 0.430707 0.200000 2.947609 1.000000

Matrix 836:
1.000000 0.250000 0.333333 9.000009 2.547337 3.000003 2.310977 4.042218
4.000000 1.000000 0.773906 3.000003 1.407199 5.000000 3.000003 6.000000
3.000000 1.292146 1.000000 5.999988 1.092508 4.000000 7.000007 9.000000
0.111111 0.333333 0.166667 1.000000 0.200000 1.519139 0.585437 1.000000
0.392567 0.710631 0.915325 5.000000 1.000000 8.000000 7.000007 5.656671
0.333333 0.200000 0.250000 0.658268 0.125000 1.000000 2.000000 0.882471
0.432717 0.333333 0.142857 1.708124 0.142857 0.500000 1.000000 2.569787
0.247389 0.166667 0.111111 1.000000 0.176782 1.133182 0.389137 1.000000

Matrix 837:
1.000000 0.561296 0.333333 0.200000 0.166667 3.334605 0.200000 1.730367
1.781592 1.000000 0.382683 0.832351 0.388609 2.000000 1.028009 2.137447
3.000000 2.613132 1.000000 0.250000 0.726329 8.000000 0.333333 3.000000
5.000000 1.201416 4.000000 1.000000 4.000000 5.999988 3.417565 9.000000
6.000000 2.573283 1.376787 0.250000 1.000000 7.000007 0.500000 4.000000
0.299886 0.500000 0.125000 0.166667 0.142857 1.000000 0.166667 0.414587
5.000000 0.972754 3.000000 0.292606 2.000000 6.000000 1.000000 5.424635
0.577912 0.467848 0.333333 0.111111 0.250000 2.412037 0.184344 1.000000

Matrix 838:
1.000000 0.999910 0.333333 0.166667 0.500000 1.760094 0.605799 4.000000
1.000090 1.000000 0.500000 0.250000 0.142857 0.500000 0.500000 1.000000
3.000000 2.000000 1.000000 1.659379 0.554078 4.000000 1.000000 9.000000
6.000000 4.000000 0.602635 1.000000 0.330005 5.000000 2.000000 7.732089
2.000000 7.000000 1.804801 3.030254 1.000000 3.220398 2.480386 8.000000
0.568151 2.000000 0.250000 0.200000 0.310521 1.000000 0.166667 0.355199
1.650714 2.000000 1.000000 0.500000 0.403163 6.000000 1.000000 2.224864
0.250000 1.000000 0.111111 0.129331 0.125000 2.815320 0.449466 1.000000

Matrix 839:
1.000000 2.648856 1.890775 9.000009 9.000009 0.486612 3.000003 3.000000
0.377521 1.000000 0.545695 1.174851 0.635490 0.166667 2.000000 0.250000
0.528884 1.832525 1.000000 1.000000 6.080603 0.500000 2.965066 0.500000
0.111111 0.851172 1.000000 1.000000 2.426931 0.200000 0.250000 0.333333
0.111111 1.573589 0.164457 0.412043 1.000000 0.125000 0.454017 0.142857
2.055025 6.000000 2.000000 5.000000 8.000000 1.000000 2.000000 2.199358
0.333333 0.500000 0.337261 4.000000 2.202563 0.500000 1.000000 0.500000
0.333333 4.000000 2.000000 3.000000 7.000000 0.454678 2.000000 1.000000

Matrix 840:
1.000000 5.000000 2.748268 5.999988 1.000000 9.000009 2.000000 5.000000
0.200000 1.000000 1.000000 1.569477 0.250000 1.454934 0.125000 0.142857
0.363866 1.000000 1.000000 5.999988 1.000000 5.000000 1.000000 0.333333
0.166667 0.637155 0.166667 1.000000 0.142857 1.936559 0.500000 0.111111
1.000000 4.000000 1.000000 7.000000 1.000000 8.000000 1.000000 1.000000
0.111111 0.687316 0.200000 0.516380 0.125000 1.000000 0.125000 0.166667
0.500000 8.000000 1.000000 2.000000 1.000000 8.000000 1.000000 2.702763
0.200000 7.000000 3.000000 9.000000 1.000000 6.000000 0.369992 1.000000

Matrix 841:
1.000000 2.000000 0.500000 0.166667 0.250000 0.166667 0.615493 3.000000
0.500000 1.000000 0.461458 0.200000 0.166667 0.142857 0.500000 1.375313
2.000000 2.167045 1.000000 0.333333 1.654304 0.333333 3.012555 2.000000
6.000000 5.000000 3.000000 1.000000 0.333333 1.000000 6.952022 3.000000
4.000000 6.000000 0.604484 3.000000 1.000000 2.047848 5.000000 9.000000
6.000000 7.000000 3.000000 1.000000 0.488318 1.000000 2.000000 7.000000
1.624714 2.000000 0.331944 0.143843 0.200000 0.500000 1.000000 1.000000
0.333333 0.727107 0.500000 0.333333 0.111111 0.142857 1.000000 1.000000

Matrix 842:
1.000000 4.000000 1.574570 1.933992 5.999988 7.000007 3.715367 6.000000
0.250000 1.000000 0.536449 0.249981 3.060378 4.000000 1.000000 0.687308
0.635094 1.864110 1.000000 0.476282 5.999988 3.000003 1.000000 6.000000
0.517065 4.000309 2.099595 1.000000 7.000007 4.726329 2.274659 1.201256
0.166667 0.326757 0.166667 0.142857 1.000000 1.280085 0.250000 1.298170
0.142857 0.250000 0.333333 0.211581 0.781198 1.000000 0.111111 0.276033
0.269152 1.000000 1.000000 0.439626 4.000000 9.000000 1.000000 2.000000
0.166667 1.454952 0.166667 0.832462 0.770315 3.622756 0.500000 1.000000

Matrix 843:
1.000000 2.000000 2.066487 0.581938 1.000000 0.298296 5.000000 2.000000
0.500000 1.000000 3.125647 0.319234 4.000000 0.166667 9.000009 1.000000
0.483913 0.319934 1.000000 0.166667 0.746805 0.584577 1.000000 0.463537
1.718396 3.132502 6.000000 1.000000 9.000009 1.942827 8.000000 2.659597
1.000000 0.250000 1.339038 0.111111 1.000000 0.500000 3.000003 0.401490
3.352373 6.000000 1.710639 0.514714 2.000000 1.000000 8.000000 2.563818
0.200000 0.111111 1.000000 0.125000 0.333333 0.125000 1.000000 0.111111
0.500000 1.000000 2.157327 0.375997 2.490723 0.390043 9.000000 1.000000

Matrix 844:
1.000000 0.560018 5.000000 2.112670 5.999988 9.000009 0.774814 6.000000
1.785657 1.000000 5.724478 1.000000 5.999988 9.000009 1.815781 3.000000
0.200000 0.174688 1.000000 0.272837 3.000003 5.999988 0.142857 4.000000
0.473335 1.000000 3.665189 1.000000 1.930224 3.000003 1.612825 5.000000
0.166667 0.166667 0.333333 0.518075 1.000000 0.671653 0.200000 0.377782
0.111111 0.111111 0.166667 0.333333 1.488863 1.000000 0.168353 0.553588
1.290633 0.550727 7.000000 0.620030 5.000000 5.939914 1.000000 6.000000
0.166667 0.333333 0.250000 0.200000 2.647031 1.806398 0.166667 1.000000

Matrix 845:
1.000000 0.323274 1.885314 8.000000 1.500304 2.905804 8.000000 3.599396
3.093352 1.000000 4.000000 7.000007 5.000000 7.000007 9.000009 4.000000
0.530416 0.250000 1.000000 7.000007 3.129007 5.999988 4.273167 1.582855
0.125000 0.142857 0.142857 1.000000 0.333333 1.501265 1.247794 0.462043
0.666532 0.200000 0.319590 3.000000 1.000000 1.000000 2.159912 0.500000
0.344139 0.142857 0.166667 0.666105 1.000000 1.000000 2.420747 0.250000
0.125000 0.111111 0.234018 0.801414 0.462982 0.413096 1.000000 1.309811
0.277824 0.250000 0.631770 2.164300 2.000000 4.000000 0.763469 1.000000

Matrix 846:
1.000000 0.450915 0.333333 0.333333 0.500000 0.370355 0.143949 0.142857
2.217714 1.000000 0.250000 0.126445 4.000000 2.000000 0.521271 0.200000
3.000000 4.000000 1.000000 0.737188 2.116504 3.428590 1.000000 0.200000
3.000000 7.908555 1.356507 1.000000 8.000000 3.555726 2.613564 0.250000
2.000000 0.250000 0.472477 0.125000 1.000000 0.514349 0.500000 0.200000
2.700114 0.500000 0.291665 0.281236 1.944207 1.000000 0.817774 0.113938
6.946918 1.918388 1.000000 0.382619 2.000000 1.222832 1.000000 0.286054
7.000000 5.000000 5.000000 4.000000 5.000000 8.776690 3.495847 1.000000

Matrix 847:
1.000000 1.268748 0.333333 0.840836 0.575246 0.868724 0.333333 0.111111
0.788179 1.000000 0.317955 2.000000 0.474108 1.000000 0.111111 0.250000
3.000000 3.145097 1.000000 9.000009 5.999988 3.000003 0.507173 0.333333
1.189292 0.500000 0.111111 1.000000 0.200000 0.166667 0.111111 0.125000
1.738387 2.109226 0.166667 5.000000 1.000000 0.390240 0.244899 0.683986
1.151114 1.000000 0.333333 6.000000 2.562525 1.000000 0.500000 0.684087
3.000000 9.000000 1.971713 9.000000 4.083323 2.000000 1.000000 0.500000
9.000000 4.000000 3.000000 8.000000 1.462019 1.461802 2.000000 1.000000

Matrix 848:
1.000000 8.000000 2.000000 4.000000 1.927430 2.000000 0.200000 0.550975
0.125000 1.000000 2.000000 4.000000 0.166667 0.250000 0.117459 0.500000
0.500000 0.500000 1.000000 2.342210 0.166667 0.142857 0.166667 0.142857
0.250000 0.250000 0.426947 1.000000 0.132982 0.125000 0.111111 0.125000
0.518826 6.000000 6.000000 7.519815 1.000000 2.014314 0.457095 1.000000
0.500000 4.000000 7.000000 8.000000 0.496447 1.000000 0.500000 0.525148
5.000000 8.513644 6.000000 9.000000 2.187729 2.000000 1.000000 4.000000
1.814965 2.000000 7.000000 8.000000 1.000000 1.904223 0.250000 1.000000

Matrix 849:
1.000000 9.000009 1.000000 7.717365 2.000000 0.507552 2.502564 1.507598
0.111111 1.000000 0.166667 4.000000 0.250000 0.142857 0.125000 0.151746
1.000000 6.000000 1.000000 5.999988 4.000000 2.146313 3.000003 2.405196
0.129578 0.250000 0.166667 1.000000 0.200000 0.125000 0.428511 0.142857
0.500000 4.000000 0.250000 5.000000 1.000000 0.333333 3.000003 1.000000
1.970242 7.000000 0.465915 8.000000 3.000000 1.000000 2.000000 0.500000
0.399590 8.000000 0.333333 2.333661 0.333333 0.500000 1.000000 0.250000
0.663307 6.589953 0.415767 7.000000 1.000000 2.000000 4.000000 1.000000

Matrix 850:
1.000000 0.125000 0.199043 0.333333 0.333333 0.125142 1.479374 3.000000
8.000000 1.000000 0.763410 9.000009 2.774847 2.000000 5.000000 6.000000
5.024036 1.309912 1.000000 2.899832 1.044405 0.518358 4.000000 3.199398
3.000000 0.111111 0.344848 1.000000 0.250000 0.333333 1.000000 1.044279
3.000000 0.360380 0.957483 4.000000 1.000000 0.500000 7.000000 2.382993
7.990894 0.500000 1.929167 3.000000 2.000000 1.000000 7.000000 2.000000
0.675961 0.200000 0.250000 1.000000 0.142857 0.142857 1.000000 2.000000
0.333333 0.166667 0.312559 0.957599 0.419640 0.500000 0.500000 1.000000

Matrix 851:
1.000000 0.600607 2.000000 0.125000 0.166667 1.621532 1.000000 1.555765
1.664982 1.000000 5.999988 0.154901 0.383478 0.956876 2.000000 4.000000
0.500000 0.166667 1.000000 0.209170 0.142857 0.200000 0.200000 0.200000
8.000000 6.455756 4.780793 1.000000 0.554514 4.000000 5.999988 3.000000
6.000000 2.607711 7.000000 1.803381 1.000000 2.250780 6.768408 8.000000
0.616701 1.045067 5.000000 0.250000 0.444290 1.000000 3.000003 0.938800
1.000000 0.500000 5.000000 0.166667 0.147745 0.333333 1.000000 1.000000
0.642770 0.250000 5.000000 0.333333 0.125000 1.065189 1.000000 1.000000

Matrix 852:
1.000000 1.819024 1.000000 4.000000 0.142857 0.822937 0.500000 0.125000
0.549745 1.000000 1.080854 1.436975 0.859125 0.723732 0.332953 0.328271
1.000000 0.925195 1.000000 3.000003 0.166667 1.095602 0.125000 0.200000
0.250000 0.695906 0.333333 1.000000 0.142857 0.333333 0.250000 0.142857
7.000000 1.163975 6.000000 7.000000 1.000000 6.000000 0.626997 1.265906
1.215159 1.381728 0.912740 3.000000 0.166667 1.000000 0.111111 0.166667
2.000000 3.003425 8.000000 4.000000 1.594904 9.000000 1.000000 2.000000
8.000000 3.046261 5.000000 7.000000 0.789948 6.000000 0.500000 1.000000

Matrix 853:
1.000000 0.707938 0.727065 5.000000 1.272892 5.000000 0.552485 2.000000
1.412553 1.000000 0.632427 3.000003 0.263307 5.999988 0.603233 0.566483
1.375393 1.581209 1.000000 4.000000 0.500000 3.135822 0.718231 0.500000
0.200000 0.333333 0.250000 1.000000 0.111111 0.500000 0.142857 0.333333
0.785613 3.797848 2.000000 9.000000 1.000000 2.000000 4.000000 1.000000
0.200000 0.166667 0.318896 2.000000 0.500000 1.000000 0.585340 0.200000
1.810003 1.657733 1.392309 7.000000 0.250000 1.708408 1.000000 0.588535
0.500000 1.765278 2.000000 3.000000 1.000000 5.000000 1.699134 1.000000

Matrix 854:
1.000000 0.507793 0.500000 1.567581 7.000007 0.200000 8.000000 3.000000
1.969308 1.000000 7.000007 5.999988 8.000000 2.117171 7.000007 5.000000
2.000000 0.142857 1.000000 2.228604 3.675925 0.200000 2.355242 2.574383
0.637926 0.166667 0.448711 1.000000 2.000000 0.250000 2.000000 1.000000
0.142857 0.125000 0.272040 0.500000 1.000000 0.166667 0.423687 0.291235
5.000000 0.472328 5.000000 4.000000 6.000000 1.000000 5.999988 6.000000
0.125000 0.142857 0.424585 0.500000 2.360235 0.166667 1.000000 0.500000
0.333333 0.200000 0.388443 1.000000 3.433650 0.166667 2.000000 1.000000

Matrix 855:
1.000000 7.000007 1.000000 4.000000 1.700263 8.000000 8.000000 6.000000
0.142857 1.000000 0.313146 0.250000 0.250000 0.983722 0.500000 1.000000
1.000000 3.193399 1.000000 2.000000 0.250000 1.882968 1.649029 6.000000
0.250000 4.000000 0.500000 1.000000 0.590225 7.561270 3.000000 9.000000
0.588144 4.000000 4.000000 1.694268 1.000000 5.999988 5.707360 5.000000
0.125000 1.016547 0.531076 0.132253 0.166667 1.000000 0.435541 0.500000
0.125000 2.000000 0.606417 0.333333 0.175212 2.295993 1.000000 0.451700
0.166667 1.000000 0.166667 0.111111 0.200000 2.000000 2.213858 1.000000

Matrix 856:
1.000000 0.523949 0.111111 1.000000 0.161645 0.263198 0.500000 1.000000
1.908584 1.000000 0.414899 2.000000 0.631635 0.166667 0.242431 0.705271
9.000000 2.410223 1.000000 8.000000 0.500000 0.492122 1.000000 6.000000
1.000000 0.500000 0.125000 1.000000 0.500000 0.111111 0.333333 0.250000
6.186398 1.583192 2.000000 2.000000 1.000000 1.000000 0.830949 3.000000
3.799428 6.000000 2.032015 9.000000 1.000000 1.000000 0.500000 8.547164
2.000000 4.124883 1.000000 3.000000 1.203444 2.000000 1.000000 5.000000
1.000000 1.417894 0.166667 4.000000 0.333333 0.116998 0.200000 1.000000

Matrix 857:
1.000000 1.000000 0.333333 8.000000 2.000000 2.000000 1.469665 0.333333
1.000000 1.000000 0.384982 3.000003 4.000000 0.569719 0.569285 0.521244
3.000000 2.597526 1.000000 8.550019 9.000009 2.000000 3.000003 0.661217
0.125000 0.333333 0.116959 1.000000 1.000000 0.111111 0.142857 0.111111
0.500000 0.250000 0.111111 1.000000 1.000000 0.500000 0.125000 0.500000
0.500000 1.755252 0.500000 9.000000 2.000000 1.000000 0.250000 0.333333
0.680427 1.756590 0.333333 7.000000 8.000000 4.000000 1.000000 1.492580
3.000000 1.918488 1.512362 9.000000 2.000000 3.000000 0.669981 1.000000

Matrix 858:
1.000000 5.000000 0.532705 0.333333 0.333333 0.250000 0.125000 0.333333
0.200000 1.000000 0.594548 0.111111 0.500000 0.142857 0.142857 0.166667
1.877211 1.681950 1.000000 0.500000 0.333333 0.250000 0.111111 0.166667
3.000000 9.000000 2.000000 1.000000 5.999988 1.000000 0.500000 0.500000
3.000000 2.000000 3.000000 0.166667 1.000000 0.333333 0.250000 0.333333
4.000000 7.000000 4.000000 1.000000 3.000000 1.000000 0.166667 2.293586
8.000000 7.000000 9.000000 2.000000 4.000000 6.000000 1.000000 2.000000
3.000000 6.000000 6.000000 2.000000 3.000000 0.435998 0.500000 1.000000

Matrix 859:
1.000000 0.993425 4.000000 9.000009 7.000007 0.333333 0.648682 0.474627
1.006618 1.000000 3.000003 9.000009 7.000007 0.200000 1.913003 2.005005
0.250000 0.333333 1.000000 0.867295 0.500000 0.222420 1.000000 0.200000
0.111111 0.111111 1.153011 1.000000 0.250000 0.125000 0.166667 0.200000
0.142857 0.142857 2.000000 4.000000 1.000000 0.200000 0.333333 0.500000
3.000000 5.000000 4.496001 8.000000 5.000000 1.000000 3.111739 3.000000
1.541587 0.522738 1.000000 6.000000 3.000000 0.321364 1.000000 0.500000
2.106919 0.498752 5.000000 5.000000 2.000000 0.333333 2.000000 1.000000

Matrix 860:
1.000000 0.200000 0.725773 0.142857 0.200000 0.333333 0.250000 2.000000
5.000000 1.000000 5.000000 1.000000 1.622017 3.000003 2.135102 7.312258
1.377842 0.200000 1.000000 0.250000 1.016392 1.610999 1.000000 6.000000
7.000000 1.000000 4.000000 1.000000 2.641632 9.000009 0.510343 7.493606
5.000000 0.616516 0.983872 0.378554 1.000000 7.000007 1.492577 6.000000
3.000000 0.333333 0.620733 0.111111 0.142857 1.000000 0.142857 3.000000
4.000000 0.468362 1.000000 1.959466 0.669982 7.000000 1.000000 5.583474
0.500000 0.136757 0.166667 0.133447 0.166667 0.333333 0.179100 1.000000

Matrix 861:
1.000000 0.250000 0.142857 0.500000 0.813832 2.000000 0.338734 2.682480
4.000000 1.000000 0.333333 2.000000 5.999988 8.000000 5.000000 6.000000
7.000000 3.000000 1.000000 3.741010 5.999988 7.870097 7.000007 5.000000
2.000000 0.500000 0.267307 1.000000 3.000003 5.000000 3.000003 2.000000
1.228755 0.166667 0.166667 0.333333 1.000000 1.268355 0.250000 0.333333
0.500000 0.125000 0.127063 0.200000 0.788423 1.000000 0.500000 0.878390
2.952167 0.200000 0.142857 0.333333 4.000000 2.000000 1.000000 6.000000
0.372789 0.166667 0.200000 0.500000 3.000000 1.138447 0.166667 1.000000

Matrix 862:
1.000000 0.250000 0.166667 0.642079 0.333333 0.111111 0.142857 0.111111
4.000000 1.000000 0.544684 2.575806 2.284191 0.142857 1.548742 0.477155
6.000000 1.835925 1.000000 5.000000 0.500000 0.200000 0.662270 0.333333
1.557440 0.388228 0.200000 1.000000 2.000000 0.166667 0.115688 0.125000
3.000000 0.437792 2.000000 0.500000 1.000000 0.142857 0.333333 0.333333
9.000000 7.000000 5.000000 6.000000 7.000000 1.000000 5.000000 2.000000
7.000000 0.645685 1.509957 8.643965 3.000000 0.200000 1.000000 0.500000
9.000000 2.095756 3.000000 8.000000 3.000000 0.500000 2.000000 1.000000

Matrix 863:
1.000000 4.000000 5.999988 5.999988 7.000007 5.000000 5.000000 7.197485
0.250000 1.000000 2.966791 2.819233 7.000007 4.000000 5.999988 1.000000
0.166667 0.337065 1.000000 2.831523 2.000000 5.000000 2.006771 0.500000
0.166667 0.354706 0.353167 1.000000 1.314478 1.912399 1.716974 0.287713
0.142857 0.142857 0.500000 0.760758 1.000000 1.000000 1.000000 0.125000
0.200000 0.250000 0.200000 0.522903 1.000000 1.000000 0.250000 0.500000
0.200000 0.166667 0.498313 0.582420 1.000000 4.000000 1.000000 0.250000
0.138937 1.000000 2.000000 3.475680 8.000000 2.000000 4.000000 1.000000

Matrix 864:
1.000000 0.142857 1.920718 0.166667 0.250000 0.250000 0.166667 0.574174
7.000000 1.000000 3.244468 0.250000 1.060346 0.500000 0.333333 4.000000
0.520639 0.308217 1.000000 0.125000 0.142857 0.111111 0.111111 0.333333
6.000000 4.000000 8.000000 1.000000 1.000000 3.000003 4.000000 9.000000
4.000000 0.943088 7.000000 1.000000 1.000000 0.420594 1.367212 6.000000
4.000000 2.000000 9.000000 0.333333 2.377588 1.000000 3.091242 9.000000
6.000000 3.000000 9.000000 0.250000 0.731416 0.323495 1.000000 6.000000
1.741632 0.250000 3.000000 0.111111 0.166667 0.111111 0.166667 1.000000

Matrix 865:
1.000000 0.640349 0.250000 1.000000 0.629959 0.500000 0.111111 0.125000
1.561648 1.000000 0.166667 0.469370 2.993299 0.408930 0.208216 0.142857
4.000000 6.000000 1.000000 1.000000 4.000000 2.000000 0.198464 0.166667
1.000000 2.130517 1.000000 1.000000 1.717928 1.784321 0.250000 0.294516
1.587405 0.334080 0.250000 0.582097 1.000000 0.125000 0.200000 0.166667
2.000000 2.445409 0.500000 0.560437 8.000000 1.000000 0.250000 0.166667
9.000000 4.802711 5.038701 4.000000 5.000000 4.000000 1.000000 0.565991
8.000000 7.000000 6.000000 3.395397 6.000000 6.000000 1.766814 1.000000

Matrix 866:
1.000000 4.000000 3.000003 0.518014 7.000007 8.000000 8.000000 2.000000
0.250000 1.000000 0.557885 0.125000 0.286924 1.661794 0.500000 0.151645
0.333333 1.792486 1.000000 0.200000 0.751284 0.669707 1.000000 0.250000
1.930450 8.000000 5.000000 1.000000 3.000003 5.999988 7.000007 2.561245
0.142857 3.485238 1.331054 0.333333 1.000000 1.646622 0.500000 1.499466
0.125000 0.601759 1.493189 0.166667 0.607304 1.000000 1.000000 0.166667
0.125000 2.000000 1.000000 0.142857 2.000000 1.000000 1.000000 0.333333
0.500000 6.594358 4.000000 0.390435 0.666904 6.000000 3.000000 1.000000

Matrix 867:
1.000000 2.000000 5.999988 0.759539 5.999988 1.000000 1.000000 5.000000
0.500000 1.000000 4.000000 0.361806 0.732628 2.000000 0.330916 1.609676
0.166667 0.250000 1.000000 0.333333 0.548605 0.355234 0.294082 2.789111
1.316587 2.763909 3.000000 1.000000 7.000007 1.497856 2.244718 4.000000
0.166667 1.364949 1.822805 0.142857 1.000000 0.315982 0.393638 1.383271
1.000000 0.500000 2.815046 0.667621 3.164734 1.000000 2.000000 8.000000
1.000000 3.021911 3.400409 0.445490 2.540406 0.500000 1.000000 9.000000
0.200000 0.621243 0.358537 0.250000 0.722924 0.125000 0.111111 1.000000

Matrix 868:
1.000000 0.719663 8.000000 3.000003 3.000003 4.229758 0.873155 4.000000
1.389539 1.000000 9.000009 8.000000 2.762754 6.182357 2.255560 1.145889
0.125000 0.111111 1.000000 0.577253 0.125000 0.333333 0.111111 0.365151
0.333333 0.125000 1.732342 1.000000 0.254613 1.849808 0.548479 0.459590
0.333333 0.361958 8.000000 3.927535 1.000000 7.000007 1.000000 0.487983
0.236420 0.161751 3.000000 0.540597 0.142857 1.000000 0.111111 0.500000
1.145272 0.443349 9.000000 1.823224 1.000000 9.000000 1.000000 0.500000
0.250000 0.872685 2.738597 2.175853 2.049253 2.000000 2.000000 1.000000

Matrix 869:
1.000000 1.828488 0.415467 0.307652 3.000003 1.000000 1.000000 3.000000
0.546900 1.000000 0.125000 1.164390 0.380849 1.564927 1.000000 0.333333
2.406932 8.000000 1.000000 1.782162 5.481116 7.536554 6.000000 6.000000
3.250428 0.858819 0.561116 1.000000 1.541049 5.702634 2.326181 1.316270
0.333333 2.625715 0.182445 0.648909 1.000000 1.000000 1.000000 1.367407
1.000000 0.639007 0.132687 0.175358 1.000000 1.000000 1.000000 0.333333
1.000000 1.000000 0.166667 0.429889 1.000000 1.000000 1.000000 0.413369
0.333333 3.000000 0.166667 0.759723 0.731311 3.000000 2.419144 1.000000

Matrix 870:
1.000000 2.000000 2.541799 5.999988 0.333333 2.000000 2.000000 7.000000
0.500000 1.000000 1.237155 3.000003 0.539323 2.600052 2.000000 9.000000
0.393422 0.808306 1.000000 1.000000 1.998273 2.452250 3.379762 5.000000
0.166667 0.333333 1.000000 1.000000 0.284160 0.500000 1.000000 5.000000
3.000000 1.854178 0.500432 3.519141 1.000000 1.000000 2.378965 6.000000
0.500000 0.384608 0.407789 2.000000 1.000000 1.000000 1.000000 8.000000
0.500000 0.500000 0.295879 1.000000 0.420351 1.000000 1.000000 4.406710
0.142857 0.111111 0.200000 0.200000 0.166667 0.125000 0.226927 1.000000

Matrix 871:
1.000000 0.333333 1.952513 0.643143 0.166667 2.908924 0.568522 3.381549
3.000000 1.000000 2.000000 2.724523 0.166667 5.000000 0.596696 7.000000
0.512160 0.500000 1.000000 0.540184 0.142857 1.000000 1.000000 3.000000
1.554865 0.367037 1.851220 1.000000 0.125000 0.712774 2.206889 3.000000
6.000000 6.000000 7.000000 8.000000 1.000000 5.999988 8.000000 5.000000
0.343770 0.200000 1.000000 1.402970 0.166667 1.000000 0.500000 3.000000
1.758947 1.675896 1.000000 0.453127 0.125000 2.000000 1.000000 4.000000
0.295722 0.142857 0.333333 0.333333 0.200000 0.333333 0.250000 1.000000

Matrix 872:
1.000000 5.000000 7.416488 2.474982 0.371618 0.482365 7.000000 8.000000
0.200000 1.000000 0.500000 0.200000 0.142857 0.530059 0.849072 1.218101
0.134835 2.000000 1.000000 0.125000 0.125000 0.166667 0.333333 2.131581
0.404043 5.000000 8.000000 1.000000 0.411475 3.000003 2.768534 7.000000
2.690935 7.000000 8.000000 2.430279 1.000000 3.000003 5.000000 7.000000
2.073121 1.886582 6.000000 0.333333 0.333333 1.000000 2.000000 4.000000
0.142857 1.177756 3.000000 0.361202 0.200000 0.500000 1.000000 7.000000
0.125000 0.820950 0.469135 0.142857 0.142857 0.250000 0.142857 1.000000

Matrix 873:
1.000000 1.964249 8.416158 4.000000 5.999988 5.000000 2.000000 2.000000
0.509100 1.000000 4.000000 3.000003 5.000000 2.000000 0.250000 2.000000
0.118819 0.250000 1.000000 0.584105 1.000000 1.671333 0.333333 1.000000
0.250000 0.333333 1.712022 1.000000 6.268217 3.000003 0.166667 0.609616
0.166667 0.200000 1.000000 0.159535 1.000000 0.651989 0.142857 0.250000
0.200000 0.500000 0.598325 0.333333 1.533768 1.000000 0.114389 0.166667
0.500000 4.000000 3.000000 6.000000 7.000000 8.742064 1.000000 5.000000
0.500000 0.500000 1.000000 1.640377 4.000000 6.000000 0.200000 1.000000

Matrix 874:
1.000000 5.999988 1.000000 0.257175 3.784779 2.000000 2.881338 0.649694
0.166667 1.000000 0.333333 0.111111 2.233600 0.333333 0.200000 0.333333
1.000000 3.000000 1.000000 0.388162 1.000000 0.445054 2.048927 0.500000
3.888409 9.000000 2.576245 1.000000 5.000000 4.000000 4.000000 3.000000
0.264216 0.447708 1.000000 0.200000 1.000000 0.200000 1.000000 0.250000
0.500000 3.000000 2.246920 0.250000 5.000000 1.000000 1.000000 2.000000
0.347061 5.000000 0.488060 0.250000 1.000000 1.000000 1.000000 1.242337
1.539185 3.000000 2.000000 0.333333 4.000000 0.500000 0.804934 1.000000

Matrix 875:
1.000000 2.000000 7.000007 1.471079 2.079609 4.953030 7.000007 4.000000
0.500000 1.000000 2.000000 0.250000 0.520151 0.500000 1.000000 3.000000
0.142857 0.500000 1.000000 0.333333 0.177708 0.333333 0.200000 0.270972
0.679773 4.000000 3.000000 1.000000 5.608716 2.927398 4.365406 6.000000
0.480860 1.922518 5.627199 0.178294 1.000000 1.890901 0.500000 2.221601
0.201897 2.000000 3.000000 0.341600 0.528848 1.000000 0.894789 2.939530
0.142857 1.000000 5.000000 0.229074 2.000000 1.117582 1.000000 2.000000
0.250000 0.333333 3.690424 0.166667 0.450126 0.340190 0.500000 1.000000

Matrix 876:
1.000000 1.970724 7.000007 2.428016 1.000000 2.077985 1.949449 0.556286
0.507428 1.000000 9.000009 1.000000 1.042648 1.469466 0.333333 0.507456
0.142857 0.111111 1.000000 0.200000 0.148539 0.333333 0.117132 0.333333
0.411859 1.000000 5.000000 1.000000 0.250000 0.500000 0.499916 0.478694
1.000000 0.959096 6.732244 4.000000 1.000000 1.000000 1.785358 3.000000
0.481236 0.680519 3.000000 2.000000 1.000000 1.000000 1.511112 0.574486
0.512965 3.000000 8.537380 2.000338 0.560112 0.661764 1.000000 2.000000
1.797637 1.970613 3.000000 2.089019 0.333333 1.740685 0.500000 1.000000

Matrix 877:
1.000000 0.142857 0.344603 0.247818 3.000003 2.000000 0.187453 0.125000
7.000000 1.000000 0.649845 5.000000 3.000003 3.000003 2.047187 1.852243
2.901891 1.538829 1.000000 4.000000 4.000000 5.000000 1.629901 1.000000
4.035222 0.200000 0.250000 1.000000 2.024547 2.000000 0.250000 0.511997
0.333333 0.333333 0.250000 0.493938 1.000000 0.828883 0.500000 0.333333
0.500000 0.333333 0.200000 0.500000 1.206443 1.000000 0.125000 0.200000
5.334681 0.488475 0.613534 4.000000 2.000000 8.000000 1.000000 1.000000
8.000000 0.539886 1.000000 1.953136 3.000000 5.000000 1.000000 1.000000

Matrix 878:
1.000000 0.142857 0.500000 1.423659 0.500000 0.250000 4.000000 2.000000
7.000000 1.000000 1.972013 8.549511 3.120974 1.000000 8.000000 1.518486
2.000000 0.507096 1.000000 7.000007 2.000000 0.333333 3.000000 4.000000
0.702415 0.116966 0.142857 1.000000 0.500000 0.333333 0.496716 0.421158
2.000000 0.320413 0.500000 2.000000 1.000000 0.371264 8.000000 1.833237
4.000000 1.000000 3.000000 3.000000 2.693504 1.000000 9.000000 1.000000
0.250000 0.125000 0.333333 2.013223 0.125000 0.111111 1.000000 0.500000
0.500000 0.658551 0.250000 2.374407 0.545483 1.000000 2.000000 1.000000

Matrix 879:
1.000000 1.000000 1.000000 5.999988 1.070475 1.274120 0.478957 3.000000
1.000000 1.000000 0.500000 2.000000 0.500000 0.250000 0.679861 0.500000
1.000000 2.000000 1.000000 1.000000 0.314975 0.333333 0.500000 0.500000
0.166667 0.500000 1.000000 1.000000 0.373133 0.444003 0.500000 0.682341
0.934165 2.000000 3.174856 2.680006 1.000000 1.000000 1.000000 3.000000
0.784856 4.000000 3.000000 2.252235 1.000000 1.000000 0.500000 5.000000
2.087871 1.470890 2.000000 2.000000 1.000000 2.000000 1.000000 7.000000
0.333333 2.000000 2.000000 1.465542 0.333333 0.200000 0.142857 1.000000

Matrix 880:
1.000000 0.852159 0.418229 0.788640 5.000000 0.500000 0.125000 0.125000
1.173490 1.000000 0.200000 0.628264 2.010442 0.500000 0.217948 0.111111
2.391034 5.000000 1.000000 4.000000 2.000000 0.500000 0.333333 0.166667
1.268006 1.591687 0.250000 1.000000 1.000000 0.125000 0.125000 0.111111
0.200000 0.497403 0.500000 1.000000 1.000000 0.142857 0.166667 0.112438
2.000000 2.000000 2.000000 8.000000 7.000000 1.000000 0.333333 1.325979
8.000000 4.588248 3.000000 8.000000 6.000000 3.000000 1.000000 0.500000
8.000000 9.000000 6.000000 9.000000 8.893797 0.754160 2.000000 1.000000

Matrix 881:
1.000000 1.000000 7.000007 4.000000 5.000000 3.000003 7.000007 6.000000
1.000000 1.000000 8.000000 1.000000 4.000000 4.000000 8.000000 9.000000
0.142857 0.125000 1.000000 0.152778 2.150444 0.333333 2.142973 0.557881
0.250000 1.000000 6.545442 1.000000 3.000003 5.000000 3.000003 6.642677
0.200000 0.250000 0.465020 0.333333 1.000000 0.500000 1.000000 2.000000
0.333333 0.250000 3.000000 0.200000 2.000000 1.000000 3.000003 5.000000
0.142857 0.125000 0.466641 0.333333 1.000000 0.333333 1.000000 3.000000
0.166667 0.111111 1.792497 0.150542 0.500000 0.200000 0.333333 1.000000

Matrix 882:
1.000000 0.504138 1.717754 4.000000 9.000009 1.000000 1.710210 8.000000
1.983584 1.000000 5.999988 2.000000 8.000000 1.000000 3.000003 3.000000
0.582155 0.166667 1.000000 0.500000 8.000000 0.658096 1.000000 6.000000
0.250000 0.500000 2.000000 1.000000 5.000000 0.500000 0.679581 5.000000
0.111111 0.125000 0.125000 0.200000 1.000000 0.333333 0.200000 1.045149
1.000000 1.000000 1.519535 2.000000 3.000000 1.000000 5.999988 7.000000
0.584724 0.333333 1.000000 1.471494 5.000000 0.166667 1.000000 2.000000
0.125000 0.333333 0.166667 0.200000 0.956802 0.142857 0.500000 1.000000

Matrix 883:
1.000000 1.349165 1.366584 0.166667 0.142857 1.000000 0.125000 0.142857
0.741199 1.000000 1.000000 0.142857 0.200000 2.075414 0.200000 0.250000
0.731751 1.000000 1.000000 0.125000 1.000000 1.621240 0.142857 0.333333
6.000000 7.000000 8.000000 1.000000 5.999988 7.000007 1.618422 3.072138
7.000000 5.000000 1.000000 0.166667 1.000000 9.000009 0.638132 1.999037
1.000000 0.481832 0.616812 0.142857 0.111111 1.000000 0.142857 0.142857
8.000000 5.000000 7.000000 0.617886 1.567073 7.000000 1.000000 1.000000
7.000000 4.000000 3.000000 0.325506 0.500241 7.000000 1.000000 1.000000

Matrix 884:
1.000000 3.000003 5.000000 4.000000 0.333333 7.000007 1.000000 9.000000
0.333333 1.000000 1.781077 4.000000 0.420694 2.000000 0.250000 2.000000
0.200000 0.561458 1.000000 1.000000 0.111111 1.528535 0.250000 3.540263
0.250000 0.250000 1.000000 1.000000 0.125000 1.000000 0.200000 0.333333
3.000000 2.377023 9.000000 8.000000 1.000000 8.000000 0.333333 4.000000
0.142857 0.500000 0.654221 1.000000 0.125000 1.000000 0.125000 2.087552
1.000000 4.000000 4.000000 5.000000 3.000000 8.000000 1.000000 9.000000
0.111111 0.500000 0.282465 3.000000 0.250000 0.479030 0.111111 1.000000

Matrix 885:
1.000000 0.200000 0.111111 0.200000 0.176130 0.631447 0.333333 0.480918
5.000000 1.000000 1.728239 0.712349 0.219170 3.000003 1.730961 4.000000
9.000000 0.578624 1.000000 0.511834 0.166667 1.228260 0.514526 5.339247
5.000000 1.403807 1.953757 1.000000 3.000003 5.000000 4.000000 4.000000
5.677632 4.562665 6.000000 0.333333 1.000000 5.262754 1.781574 8.000000
1.583663 0.333333 0.814160 0.200000 0.190015 1.000000 0.549745 1.695188
3.000000 0.577714 1.943536 0.250000 0.561301 1.819027 1.000000 5.118913
2.079358 0.250000 0.187292 0.250000 0.125000 0.589905 0.195354 1.000000

Matrix 886:
1.000000 1.000000 0.166667 5.000000 0.333333 2.000000 3.000000 6.000000
1.000000 1.000000 0.190147 0.751373 0.376321 1.362200 6.000000 6.437796
6.000000 5.259097 1.000000 9.000009 1.561114 5.999988 8.000000 8.000000
0.200000 1.330898 0.111111 1.000000 0.197474 0.447591 2.561682 7.000000
3.000000 2.657304 0.640568 5.063958 1.000000 2.000000 9.000000 6.000000
0.500000 0.734107 0.166667 2.234182 0.500000 1.000000 6.000000 6.000000
0.333333 0.166667 0.125000 0.390369 0.111111 0.166667 1.000000 4.000000
0.166667 0.155333 0.125000 0.142857 0.166667 0.166667 0.250000 1.000000

Matrix 887:
1.000000 0.566454 1.630829 0.200000 9.000009 1.000000 1.222858 2.108451
1.765367 1.000000 0.500000 0.200000 4.700861 1.804413 0.957848 3.287191
0.613185 2.000000 1.000000 0.200000 7.000007 1.482093 0.722385 2.000000
5.000000 5.000000 5.000000 1.000000 8.523531 7.000007 7.000007 7.000000
0.111111 0.212727 0.142857 0.117322 1.000000 0.250000 1.000000 0.471814
1.000000 0.554197 0.674721 0.142857 4.000000 1.000000 0.333333 1.000000
0.817757 1.044007 1.384304 0.142857 1.000000 3.000000 1.000000 5.000000
0.474282 0.304211 0.500000 0.142857 2.119477 1.000000 0.200000 1.000000

Matrix 888:
1.000000 0.503469 4.000000 7.000007 0.500000 1.000000 2.171492 0.178717
1.986221 1.000000 7.000007 5.000000 1.266049 0.759248 7.394540 0.142857
0.250000 0.142857 1.000000 0.910117 0.333333 1.000000 1.496448 0.200000
0.142857 0.200000 1.098759 1.000000 0.441845 0.500000 2.628047 0.111111
2.000000 0.789859 3.000000 2.263237 1.000000 0.688860 2.152951 0.166667
1.000000 1.317092 1.000000 2.000000 1.451675 1.000000 3.000000 0.125000
0.460513 0.135235 0.668249 0.380511 0.464479 0.333333 1.000000 0.159809
5.595431 7.000000 5.000000 9.000000 6.000000 8.000000 6.257450 1.000000

Matrix 889:
1.000000 0.814815 5.999988 4.000000 5.000000 2.889245 2.000000 8.000000
1.227273 1.000000 5.999988 7.000007 5.000000 1.456521 3.000003 2.000000
0.166667 0.166667 1.000000 2.000000 0.500000 0.111111 0.250000 1.000000
0.250000 0.142857 0.500000 1.000000 1.000000 0.166667 0.142857 3.000000
0.200000 0.200000 2.000000 1.000000 1.000000 0.125000 0.125000 0.710365
0.346111 0.686568 9.000000 6.000000 8.000000 1.000000 0.579247 5.000000
0.500000 0.333333 4.000000 7.000000 8.000000 1.726380 1.000000 6.000000
0.125000 0.500000 1.000000 0.333333 1.407726 0.200000 0.166667 1.000000

Matrix 890:
1.000000 7.000007 2.000000 5.000000 3.000003 0.546107 0.500000 5.000000
0.142857 1.000000 0.125000 2.946033 0.166667 0.166667 0.333333 1.000000
0.500000 8.000000 1.000000 4.000000 2.056086 0.452588 1.590514 7.000000
0.200000 0.339440 0.250000 1.000000 0.333333 0.216095 0.142857 0.271564
0.333333 6.000000 0.486361 3.000000 1.000000 0.500000 0.250000 1.748842
1.831142 6.000000 2.209515 4.627590 2.000000 1.000000 0.500000 9.000000
2.000000 3.000000 0.628727 7.000000 4.000000 2.000000 1.000000 4.000000
0.200000 1.000000 0.142857 3.682377 0.571807 0.111111 0.250000 1.000000

Matrix 891:
1.000000 0.250000 0.111111 0.517276 0.166667 0.125000 0.492403 0.542621
4.000000 1.000000 1.424446 5.000000 5.999988 2.239115 4.000000 4.000000
9.000000 0.702028 1.000000 5.999988 0.944695 2.000000 6.799207 2.745734
1.933205 0.200000 0.166667 1.000000 0.319190 1.061880 2.000000 1.208347
6.000000 0.166667 1.058543 3.132934 1.000000 1.000000 3.000003 5.000000
8.000000 0.446605 0.500000 0.941726 1.000000 1.000000 7.000007 4.000000
2.030856 0.250000 0.147076 0.500000 0.333333 0.142857 1.000000 0.500000
1.842907 0.250000 0.364201 0.827577 0.200000 0.250000 2.000000 1.000000

Matrix 892:
1.000000 8.000000 1.932921 1.000000 0.499237 3.000003 5.999988 0.500000
0.125000 1.000000 0.584077 0.166667 0.166667 0.496450 2.000000 0.250000
0.517352 1.712102 1.000000 0.135305 0.142857 3.027415 5.999988 0.333333
1.000000 6.000000 7.390719 1.000000 0.250000 7.000007 8.000000 3.000000
2.003056 6.000000 7.000000 4.000000 1.000000 8.000000 5.999988 0.814740
0.333333 2.014303 0.330315 0.142857 0.125000 1.000000 1.433892 0.508011
0.166667 0.500000 0.166667 0.125000 0.166667 0.697403 1.000000 0.142857
2.000000 4.000000 3.000000 0.333333 1.227386 1.968462 7.000000 1.000000

Matrix 893:
1.000000 1.000000 0.472580 0.635115 7.000007 0.894594 1.887264 6.601492
1.000000 1.000000 0.166667 0.500000 1.227440 1.000000 0.500000 1.962236
2.116043 6.000000 1.000000 1.371197 4.250933 1.746136 3.496989 4.348074
1.574517 2.000000 0.729290 1.000000 4.627179 0.333333 1.619557 1.000000
0.142857 0.814704 0.235242 0.216114 1.000000 0.166667 0.238473 0.333333
1.117826 1.000000 0.572693 3.000000 6.000000 1.000000 1.000000 7.000000
0.529868 2.000000 0.285960 0.617453 4.193346 1.000000 1.000000 1.588138
0.151481 0.509623 0.229987 1.000000 3.000000 0.142857 0.629668 1.000000

Matrix 894:
1.000000 0.339808 2.000000 3.000000 3.000000 8.000000 2.431531 7.000000
2.942835 1.000000 1.000000 3.736957 7.000000 4.000000 7.000000 8.000000
0.500000 1.000000 1.000000 6.000000 7.000000 8.000000 5.000000 3.000000
0.333333 0.267597 0.166667 1.000000 0.680183 2.000000 3.000000 2.000000
0.333333 0.142857 0.142857 1.470192 1.000000 4.000000 0.621913 1.000000
0.125000 0.250000 0.125000 0.500000 0.250000 1.000000 0.166667 0.500000
0.411263 0.142857 0.200000 0.333333 1.607941 6.000000 1.000000 2.489707
0.142857 0.125000 0.333333 0.500000 1.000000 2.000000 0.401654 1.000000

Matrix 895:
1.000000 0.535305 2.795170 0.333333 1.715429 0.142857 2.000000 0.421858
1.868094 1.000000 3.000003 0.250000 2.033723 0.166667 0.634268 1.000000
0.357760 0.333333 1.000000 0.200000 0.507502 0.500000 1.000000 0.500000
3.000000 4.000000 5.000000 1.000000 4.000000 1.540315 8.000000 5.000000
0.582945 0.491709 1.970435 0.250000 1.000000 0.142857 1.000000 0.142857
7.000000 6.000000 2.000000 0.649218 7.000000 1.000000 9.000009 2.483404
0.500000 1.576620 1.000000 0.125000 1.000000 0.111111 1.000000 0.512986
2.370468 1.000000 2.000000 0.200000 7.000000 0.402673 1.949370 1.000000

Matrix 896:
1.000000 1.973358 7.000007 0.333333 0.333333 0.494879 5.000000 1.845739
0.506751 1.000000 1.838809 0.331590 0.166667 0.142857 5.000000 0.333333
0.142857 0.543830 1.000000 0.250000 0.250000 0.500000 2.000000 0.200000
3.000000 3.015774 4.000000 1.000000 0.447709 0.333333 7.000000 2.995154
3.000000 6.000000 4.000000 2.233593 1.000000 3.000003 7.000000 4.320927
2.020696 7.000000 2.000000 3.000000 0.333333 1.000000 7.000000 2.530260
0.200000 0.200000 0.500000 0.142857 0.142857 0.142857 1.000000 0.294671
0.541788 3.000000 5.000000 0.333873 0.231432 0.395216 3.393621 1.000000

Matrix 897:
1.000000 0.519406 0.111111 0.239295 0.200000 0.149357 0.219297 1.000000
1.925275 1.000000 0.166667 0.250000 2.000000 0.350011 1.000000 2.000000
9.000000 6.000000 1.000000 2.175073 2.000000 0.495184 2.642641 8.000000
4.178950 4.000000 0.459755 1.000000 2.575261 1.000000 1.000000 2.000000
5.000000 0.500000 0.500000 0.388310 1.000000 0.166667 0.500000 2.041571
6.695354 2.857050 2.019452 1.000000 6.000000 1.000000 0.653249 3.000000
4.560035 1.000000 0.378409 1.000000 2.000000 1.530809 1.000000 8.828971
1.000000 0.500000 0.125000 0.500000 0.489819 0.333333 0.113263 1.000000

Matrix 898:
1.000000 0.166667 0.250000 0.781685 3.000003 0.111111 0.500000 0.500000
6.000000 1.000000 2.278357 8.709795 8.000000 2.000000 3.000003 7.000000
4.000000 0.438913 1.000000 2.000000 5.999988 1.000000 0.569438 8.000000
1.279288 0.114813 0.500000 1.000000 5.999988 0.289552 2.000000 2.000000
0.333333 0.125000 0.166667 0.166667 1.000000 0.111111 0.111111 0.441600
9.000000 0.500000 1.000000 3.453615 9.000000 1.000000 0.560254 9.000000
2.000000 0.333333 1.756116 0.500000 9.000000 1.784904 1.000000 2.973923
2.000000 0.142857 0.125000 0.500000 2.264492 0.111111 0.336256 1.000000

Matrix 899:
1.000000 0.333333 0.333333 0.285132 0.111111 1.000000 0.587574 0.166667
3.000000 1.000000 0.662912 5.999988 2.103364 6.321252 7.981334 2.352518
3.000000 1.508496 1.000000 5.999988 2.831046 8.000000 6.536072 0.500000
3.507153 0.166667 0.166667 1.000000 0.333333 1.644575 1.457429 0.125000
9.000000 0.475429 0.353226 3.000000 1.000000 5.999988 2.014646 0.500000
1.000000 0.158197 0.125000 0.608060 0.166667 1.000000 1.000000 0.525899
1.701915 0.125292 0.152997 0.686140 0.496365 1.000000 1.000000 0.142857
6.000000 0.425076 2.000000 8.000000 2.000000 1.901505 7.000000 1.000000

Matrix 900:
1.000000 0.729022 0.625690 0.131218 0.219232 1.801846 0.142857 0.166667
1.371701 1.000000 2.000000 0.250000 0.125000 3.000003 0.282467 0.111111
1.598237 0.500000 1.000000 0.111111 0.113655 1.000000 0.250000 0.166667
7.620932 4.000000 9.000000 1.000000 2.000000 5.999988 1.973663 2.980314
4.561379 8.000000 8.798528 0.500000 1.000000 5.000000 5.999988 3.000000
0.554987 0.333333 1.000000 0.166667 0.200000 1.000000 0.125000 0.111111
7.000000 3.540239 4.000000 0.506672 0.166667 8.000000 1.000000 0.444271
6.000000 9.000000 6.000000 0.335535 0.333333 9.000000 2.250877 1.000000

Matrix 901:
1.000000 0.548928 5.999988 1.838683 2.000000 3.000003 4.000000 1.000000
1.821732 1.000000 8.000000 0.930380 6.278049 5.011226 7.000007 4.000000
0.166667 0.125000 1.000000 0.125000 0.200000 0.125000 0.500000 0.344576
0.543868 1.074829 8.000000 1.000000 4.179072 5.999988 3.518241 1.000000
0.500000 0.159285 5.000000 0.239288 1.000000 0.500000 4.000000 1.000000
0.333333 0.199552 8.000000 0.166667 2.000000 1.000000 0.869219 1.327922
0.250000 0.142857 2.000000 0.284233 0.250000 1.150458 1.000000 1.417854
1.000000 0.250000 2.902115 1.000000 1.000000 0.753056 0.705291 1.000000

Matrix 902:
1.000000 4.000000 5.000000 0.500000 4.000000 0.500000 0.500000 1.000000
0.250000 1.000000 2.310932 0.250000 5.999988 0.200000 0.569655 0.500000
0.200000 0.432726 1.000000 0.333333 3.614656 0.250000 0.333333 0.333333
2.000000 4.000000 3.000000 1.000000 9.000009 0.706660 3.000000 4.000000
0.250000 0.166667 0.276651 0.111111 1.000000 0.125000 0.224850 1.000000
2.000000 5.000000 4.000000 1.415108 8.000000 1.000000 4.000000 2.000000
2.000000 1.755448 3.000000 0.333333 4.447416 0.250000 1.000000 4.000000
1.000000 2.000000 3.000000 0.250000 1.000000 0.500000 0.250000 1.000000

Matrix 903:
1.000000 3.000003 0.790704 7.000007 0.371990 0.500000 2.000000 4.685796
0.333333 1.000000 0.333333 1.928914 0.166667 0.111111 0.142857 1.902780
1.264696 3.000000 1.000000 0.923983 1.000000 0.390381 0.718043 3.000000
0.142857 0.518426 1.082272 1.000000 0.200000 0.125000 0.284736 2.366241
2.688242 6.000000 1.000000 5.000000 1.000000 2.000000 1.861711 3.000000
2.000000 9.000000 2.561603 8.000000 0.500000 1.000000 1.787024 4.000000
0.500000 7.000000 1.392674 3.512030 0.537140 0.559589 1.000000 7.000000
0.213411 0.525547 0.333333 0.422611 0.333333 0.250000 0.142857 1.000000

Matrix 904:
1.000000 1.454168 3.335263 0.142857 1.654057 1.493255 1.712218 8.503459
0.687679 1.000000 1.759629 0.111111 0.687985 1.000000 1.000000 4.000000
0.299826 0.568302 1.000000 0.185523 1.664649 0.333333 0.698127 6.000000
7.000000 9.000000 5.390171 1.000000 4.000000 7.000007 6.000000 7.000000
0.604574 1.453521 0.600727 0.250000 1.000000 1.000000 4.000000 9.000000
0.669678 1.000000 3.000000 0.142857 1.000000 1.000000 1.710025 1.702935
0.584038 1.000000 1.432404 0.166667 0.250000 0.584787 1.000000 3.000000
0.117599 0.250000 0.166667 0.142857 0.111111 0.587221 0.333333 1.000000

Matrix 905:
1.000000 0.250000 1.597970 0.500000 1.000000 2.000000 0.641543 0.500000
4.000000 1.000000 5.000000 4.000000 1.000000 5.999988 1.000000 1.000000
0.625794 0.200000 1.000000 0.500000 0.166667 2.000000 0.250000 0.333333
2.000000 0.250000 2.000000 1.000000 0.333333 3.000003 2.281685 0.166667
1.000000 1.000000 6.000000 3.000000 1.000000 8.000000 4.057004 1.742968
0.500000 0.166667 0.500000 0.333333 0.125000 1.000000 0.500000 0.142857
1.558741 1.000000 4.000000 0.438273 0.246487 2.000000 1.000000 0.166667
2.000000 1.000000 3.000000 6.000000 0.573734 7.000000 6.000000 1.000000

Matrix 906:
1.000000 0.111111 0.333333 0.125000 0.200000 0.500000 0.333333 0.538271
9.000000 1.000000 0.596449 0.250000 5.999988 4.000000 4.000000 8.000000
3.000000 1.676590 1.000000 0.434212 3.000003 3.000003 2.460186 9.000000
8.000000 4.000000 2.303022 1.000000 8.000000 9.000009 9.000000 9.000000
5.000000 0.166667 0.333333 0.125000 1.000000 4.000000 1.985473 3.583094
2.000000 0.250000 0.333333 0.111111 0.250000 1.000000 0.333333 5.000000
3.000000 0.250000 0.406473 0.111111 0.503658 3.000000 1.000000 3.000000
1.857799 0.125000 0.111111 0.111111 0.279088 0.200000 0.333333 1.000000

Matrix 907:
1.000000 0.682492 0.500000 0.903401 0.250000 0.200000 0.333333 2.000000
1.465220 1.000000 1.779713 2.418073 1.000000 0.444179 0.200000 5.000000
2.000000 0.561888 1.000000 0.333333 0.166667 0.586100 0.250000 2.113374
1.106929 0.413552 3.000000 1.000000 0.250000 0.333333 0.313378 5.000000
4.000000 1.000000 6.000000 4.000000 1.000000 3.000003 0.282269 5.000000
5.000000 2.251346 1.706193 3.000000 0.333333 1.000000 0.166667 5.316511
3.000000 5.000000 4.000000 3.191039 3.542718 6.000000 1.000000 6.392857
0.500000 0.200000 0.473177 0.200000 0.200000 0.188093 0.156425 1.000000

Matrix 908:
1.000000 0.142857 0.125000 0.166667 1.000000 2.000000 0.593740 0.500000
7.000000 1.000000 5.999988 1.896751 4.000000 5.999988 9.000009 2.000000
8.000000 0.166667 1.000000 0.247103 1.564616 5.000000 2.133287 0.610321
6.000000 0.527217 4.046889 1.000000 7.000007 9.000009 7.000007 2.000000
1.000000 0.250000 0.639134 0.142857 1.000000 8.000000 0.500000 0.250000
0.500000 0.166667 0.200000 0.111111 0.125000 1.000000 0.200000 0.250000
1.684239 0.111111 0.468760 0.142857 2.000000 5.000000 1.000000 0.532561
2.000000 0.500000 1.638481 0.500000 4.000000 4.000000 1.877718 1.000000

Matrix 909:
1.000000 0.250000 0.125000 0.410855 0.500000 1.934159 0.742327 0.333333
4.000000 1.000000 1.587420 4.000000 1.000000 3.000003 2.000000 0.333333
8.000000 0.629953 1.000000 5.000000 1.000000 7.723473 8.000000 0.333333
2.433947 0.250000 0.200000 1.000000 0.142857 1.655822 2.000000 0.166667
2.000000 1.000000 1.000000 7.000000 1.000000 5.000000 9.000009 0.518431
0.517021 0.333333 0.129475 0.603930 0.200000 1.000000 2.000000 0.250000
1.347114 0.500000 0.125000 0.500000 0.111111 0.500000 1.000000 0.200000
3.000000 3.000000 3.000000 6.000000 1.928898 4.000000 5.000000 1.000000

Matrix 910:
1.000000 4.246803 2.410288 8.973492 5.999988 3.000003 4.000000 6.000000
0.235471 1.000000 0.250000 3.834281 2.205058 4.000000 0.500000 7.000000
0.414888 4.000000 1.000000 5.000000 0.895131 7.000007 1.664166 6.381275
0.111439 0.260805 0.200000 1.000000 0.166667 1.120827 0.200000 0.500000
0.166667 0.453503 1.117155 6.000000 1.000000 2.000000 0.564052 3.034202
0.333333 0.250000 0.142857 0.892198 0.500000 1.000000 0.125000 1.000000
0.250000 2.000000 0.600902 5.000000 1.772886 8.000000 1.000000 6.000000
0.166667 0.142857 0.156708 2.000000 0.329576 1.000000 0.166667 1.000000

Matrix 911:
1.000000 0.111111 0.111111 0.200000 0.166667 0.166667 0.134996 0.166667
9.000000 1.000000 5.000000 5.999988 2.000000 5.689277 7.000007 8.512075
9.000000 0.200000 1.000000 0.816378 0.200000 1.698510 2.000000 2.000000
5.000000 0.166667 1.224922 1.000000 0.312220 2.000000 0.369452 0.617030
6.000000 0.500000 5.000000 3.202867 1.000000 1.538333 5.999988 6.000000
6.000000 0.175769 0.588751 0.500000 0.650054 1.000000 0.500000 0.594061
7.407645 0.142857 0.500000 2.706711 0.166667 2.000000 1.000000 1.000000
6.000000 0.117480 0.500000 1.620666 0.166667 1.683329 1.000000 1.000000

Matrix 912:
1.000000 2.007734 0.333333 0.250000 0.250000 2.080373 2.000000 0.333333
0.498074 1.000000 0.555942 0.500000 0.218323 1.822320 3.000000 1.260153
3.000000 1.798749 1.000000 0.678642 0.322966 3.000003 2.000000 3.000000
4.000000 2.000000 1.473531 1.000000 1.561096 7.000007 2.000000 1.000000
4.000000 4.580371 3.096302 0.640576 1.000000 9.000009 3.305831 3.000000
0.480683 0.548751 0.333333 0.142857 0.111111 1.000000 0.443060 0.333333
0.500000 0.333333 0.500000 0.500000 0.302496 2.257029 1.000000 0.166667
3.000000 0.793555 0.333333 1.000000 0.333333 3.000000 6.000000 1.000000

Matrix 913:
1.000000 0.111111 0.250000 3.000003 0.250000 0.202769 0.460639 0.111111
9.000000 1.000000 0.548861 5.999988 1.804444 3.409251 8.000000 3.000000
4.000000 1.821956 1.000000 7.000007 1.000000 3.000000 3.000000 2.000000
0.333333 0.166667 0.142857 1.000000 0.166667 0.111111 2.000000 0.333333
4.000000 0.554187 1.000000 6.000000 1.000000 2.000000 8.000000 2.000000
4.931730 0.293320 0.333333 9.000000 0.500000 1.000000 6.000000 0.485323
2.170897 0.125000 0.333333 0.500000 0.125000 0.166667 1.000000 0.142857
9.000000 0.333333 0.500000 3.000000 0.500000 2.060484 7.000000 1.000000

Matrix 914:
1.000000 0.500000 0.296362 4.000000 0.509259 0.903370 1.548439 2.808540
2.000000 1.000000 0.613258 7.000007 0.580076 5.000000 0.333333 4.000000
3.374255 1.630636 1.000000 7.000007 2.000000 5.712906 4.000000 5.000000
0.250000 0.142857 0.142857 1.000000 0.142857 0.142857 0.166667 0.263675
1.963639 1.723912 0.500000 7.000000 1.000000 5.000000 1.000000 4.000000
1.106966 0.200000 0.175042 7.000000 0.200000 1.000000 0.166667 0.514258
0.645812 3.000000 0.250000 6.000000 1.000000 6.000000 1.000000 6.000000
0.356057 0.250000 0.200000 3.792546 0.250000 1.944548 0.166667 1.000000

Matrix 915:
1.000000 2.130117 9.000009 3.000003 2.759343 5.000000 0.629931 0.343743
0.469458 1.000000 5.000000 5.468475 4.000000 3.000003 3.000003 0.250000
0.111111 0.200000 1.000000 1.463766 0.500000 0.428884 0.111111 0.166667
0.333333 0.182866 0.683169 1.000000 1.000000 0.676380 0.166667 0.111111
0.362405 0.250000 2.000000 1.000000 1.000000 2.435377 1.000000 0.111111
0.200000 0.333333 2.331636 1.478459 0.410614 1.000000 0.125000 0.200000
1.587476 0.333333 9.000000 6.000000 1.000000 8.000000 1.000000 0.500000
2.909152 4.000000 6.000000 9.000000 9.000000 5.000000 2.000000 1.000000

Matrix 916:
1.000000 3.000003 0.333333 1.480057 0.333333 1.000000 5.000000 0.142857
0.333333 1.000000 0.116750 0.166667 0.200000 0.250000 2.018813 0.111111
3.000000 8.565284 1.000000 3.000003 1.956324 5.999988 4.211267 1.000000
0.675650 6.000000 0.333333 1.000000 1.587446 7.000007 5.247014 1.000000
3.000000 5.000000 0.511163 0.629943 1.000000 7.000007 8.000000 0.493312
1.000000 4.000000 0.166667 0.142857 0.142857 1.000000 4.000000 0.125000
0.200000 0.495341 0.237458 0.190585 0.125000 0.250000 1.000000 0.111111
7.000000 9.000000 1.000000 1.000000 2.027114 8.000000 9.000000 1.000000

Matrix 917:
1.000000 2.000000 0.500000 0.550330 0.166667 0.274847 1.582138 0.125000
0.500000 1.000000 0.500000 0.111111 0.166667 0.125000 0.200000 0.125000
2.000000 2.000000 1.000000 0.527069 0.111111 0.333333 0.377290 0.333333
1.817090 9.000000 1.897285 1.000000 0.111111 0.500000 2.131946 0.390621
6.000000 6.000000 9.000000 9.000000 1.000000 0.500000 7.000000 2.434471
3.638390 8.000000 3.000000 2.000000 2.000000 1.000000 4.000000 0.533345
0.632056 5.000000 2.650482 0.469055 0.142857 0.250000 1.000000 0.500000
8.000000 8.000000 3.000000 2.560024 0.410767 1.874959 2.000000 1.000000

Matrix 918:
1.000000 2.000000 0.912069 7.000007 0.695423 8.000000 5.999988 5.000000
0.500000 1.000000 0.500000 3.000003 0.166667 1.644133 2.000000 2.000000
1.096409 2.000000 1.000000 2.000000 0.878635 0.735597 7.330133 4.000000
0.142857 0.333333 0.500000 1.000000 0.200000 1.000000 0.986953 3.674058
1.437974 6.000000 1.138128 5.000000 1.000000 2.000000 5.000000 3.000000
0.125000 0.608223 1.359441 1.000000 0.500000 1.000000 4.000000 2.040563
0.166667 0.500000 0.136423 1.013219 0.200000 0.250000 1.000000 0.582797
0.200000 0.500000 0.250000 0.272179 0.333333 0.490061 1.715863 1.000000

Matrix 919:
1.000000 4.000000 3.000003 3.000003 5.000000 0.345165 0.500000 0.500000
0.250000 1.000000 0.125000 0.333333 0.250000 0.113697 0.111111 0.250000
0.333333 8.000000 1.000000 2.057360 1.117777 0.142857 0.125000 0.500000
0.333333 3.000000 0.486060 1.000000 0.700344 0.558250 0.166667 1.000000
0.200000 4.000000 0.894633 1.427869 1.000000 0.166667 0.125000 0.166667
2.897162 8.795332 7.000000 1.791313 6.000000 1.000000 1.000000 5.000000
2.000000 9.000000 8.000000 6.000000 8.000000 1.000000 1.000000 3.000000
2.000000 4.000000 2.000000 1.000000 6.000000 0.200000 0.333333 1.000000

Matrix 920:
1.000000 2.046836 1.435124 4.000000 2.000000 4.000000 8.000000 6.000000
0.488559 1.000000 0.481820 5.999988 2.000000 7.000007 4.582532 4.000000
0.696804 2.075464 1.000000 5.000000 3.000003 5.000000 8.161967 2.000000
0.250000 0.166667 0.200000 1.000000 0.500000 1.856777 1.183801 0.500000
0.500000 0.500000 0.333333 2.000000 1.000000 1.000000 0.500000 1.523134
0.250000 0.142857 0.200000 0.538568 1.000000 1.000000 0.412220 0.200000
0.125000 0.218220 0.122519 0.844736 2.000000 2.425891 1.000000 2.158465
0.166667 0.250000 0.500000 2.000000 0.656541 5.000000 0.463292 1.000000

Matrix 921:
1.000000 0.943581 0.117200 0.500000 2.000000 0.142857 3.000003 1.000000
1.059793 1.000000 0.111111 0.111111 2.440676 0.299704 0.423456 0.279926
8.532389 9.000000 1.000000 2.000000 4.000000 1.223031 7.000007 1.897454
2.000000 9.000000 0.500000 1.000000 5.386352 0.250000 5.999988 2.000000
0.500000 0.409723 0.250000 0.185654 1.000000 0.250000 0.561245 0.304761
7.000000 3.336627 0.817641 4.000000 4.000000 1.000000 7.000007 3.305214
0.333333 2.361519 0.142857 0.166667 1.781752 0.142857 1.000000 0.450399
1.000000 3.572374 0.527022 0.500000 3.281256 0.302552 2.220254 1.000000

Matrix 922:
1.000000 1.589518 0.500000 0.250000 0.333333 8.000000 7.000007 2.173881
0.629122 1.000000 0.250000 0.116724 0.142857 1.000000 5.000000 1.000000
2.000000 4.000000 1.000000 0.302062 0.298578 5.999988 3.000003 3.000000
4.000000 8.567222 3.310576 1.000000 1.000000 5.000000 6.581330 9.000000
3.000000 7.000000 3.349209 1.000000 1.000000 5.519902 8.000000 4.362968
0.125000 1.000000 0.166667 0.200000 0.181163 1.000000 3.000003 0.333333
0.142857 0.200000 0.333333 0.151945 0.125000 0.333333 1.000000 0.142857
0.460007 1.000000 0.333333 0.111111 0.229202 3.000000 7.000000 1.000000

Matrix 923:
1.000000 0.200000 0.500000 1.000000 1.848700 2.000000 0.519380 0.250000
5.000000 1.000000 8.000000 2.000000 8.000000 3.000003 1.000000 2.242040
2.000000 0.125000 1.000000 0.250000 0.500000 2.783708 0.142857 0.500000
1.000000 0.500000 4.000000 1.000000 2.000000 2.000000 1.000000 2.142541
0.540921 0.125000 2.000000 0.500000 1.000000 2.000000 0.250000 0.333333
0.500000 0.333333 0.359233 0.500000 0.500000 1.000000 0.142857 0.142857
1.925373 1.000000 7.000000 1.000000 4.000000 7.000000 1.000000 0.710732
4.000000 0.446022 2.000000 0.466735 3.000000 7.000000 1.407000 1.000000

Matrix 924:
1.000000 1.639169 5.999988 0.500000 2.461325 3.000003 2.000000 9.000000
0.610065 1.000000 2.652585 0.500000 0.678550 5.000000 1.658458 6.000000
0.166667 0.376991 1.000000 0.166667 0.333333 3.000003 0.250000 0.611538
2.000000 2.000000 6.000000 1.000000 4.000000 7.299332 2.750843 5.000000
0.406285 1.473730 3.000000 0.250000 1.000000 5.000000 0.250000 6.000000
0.333333 0.200000 0.333333 0.136999 0.200000 1.000000 0.166667 1.872116
0.500000 0.602970 4.000000 0.363525 4.000000 6.000000 1.000000 3.367354
0.111111 0.166667 1.635222 0.200000 0.166667 0.534155 0.296969 1.000000

Matrix 925:
1.000000 0.544608 9.000009 1.000000 7.000007 1.000000 0.492331 4.000000
1.836184 1.000000 9.000009 0.284727 7.000007 1.810992 0.572182 3.000000
0.111111 0.111111 1.000000 0.142857 0.358408 0.113848 0.126066 0.500000
1.000000 3.512139 7.000000 1.000000 5.999988 0.853296 2.000000 6.000000
0.142857 0.142857 2.790117 0.166667 1.000000 0.200000 0.477441 2.260610
1.000000 0.552184 8.783652 1.171927 5.000000 1.000000 1.000000 5.079647
2.031154 1.747695 7.932342 0.500000 2.094501 1.000000 1.000000 3.000000
0.250000 0.333333 2.000000 0.166667 0.442358 0.196864 0.333333 1.000000

Matrix 926:
1.000000 5.999988 0.491721 5.000000 1.886141 1.000000 7.000007 4.000000
0.166667 1.000000 0.125000 1.000000 2.000000 0.111111 0.421233 1.403894
2.033674 8.000000 1.000000 2.944694 7.234529 0.500000 6.874530 6.000000
0.200000 1.000000 0.339594 1.000000 3.000003 0.250000 1.573618 4.000000
0.530183 0.500000 0.138226 0.333333 1.000000 0.111598 0.333333 0.333333
1.000000 9.000000 2.000000 4.000000 8.960748 1.000000 3.000003 4.000000
0.142857 2.373983 0.145464 0.635478 3.000000 0.333333 1.000000 1.336799
0.250000 0.712304 0.166667 0.250000 3.000000 0.250000 0.748056 1.000000

Matrix 927:
1.000000 0.145139 0.556707 0.500000 2.721698 0.763679 0.333333 4.000000
6.889931 1.000000 5.000000 2.222895 9.000009 5.999988 3.000003 7.000000
1.796278 0.200000 1.000000 0.148537 7.000007 1.267082 1.000000 0.985534
2.000000 0.449864 6.732325 1.000000 9.000009 1.000000 1.059291 8.000000
0.367418 0.111111 0.142857 0.111111 1.000000 0.111111 0.200000 0.465148
1.309450 0.166667 0.789215 1.000000 9.000000 1.000000 0.545130 5.000000
3.000000 0.333333 1.000000 0.944028 5.000000 1.834426 1.000000 7.000000
0.250000 0.142857 1.014678 0.125000 2.149854 0.200000 0.142857 1.000000

Matrix 928:
1.000000 4.176794 0.225120 0.200000 2.000000 1.490704 3.000000 5.039644
0.239418 1.000000 0.333333 0.200000 0.333333 0.664176 2.000000 0.500000
4.442080 3.000000 1.000000 0.948103 5.000000 2.004310 4.941933 8.000000
5.000000 5.000000 1.054737 1.000000 2.869607 2.000000 8.000000 4.603528
0.500000 3.000000 0.200000 0.348480 1.000000 1.000000 2.895716 5.000000
0.670824 1.505625 0.498925 0.500000 1.000000 1.000000 1.000000 4.521058
0.333333 0.500000 0.202350 0.125000 0.345338 1.000000 1.000000 4.000000
0.198427 2.000000 0.125000 0.217225 0.200000 0.221187 0.250000 1.000000

Matrix 929:
1.000000 3.698156 2.000000 5.000000 0.784601 1.000000 3.000000 8.000000
0.270405 1.000000 0.334826 2.608377 0.770002 0.200000 0.279515 0.500000
0.500000 2.986622 1.000000 1.907744 0.418111 0.528660 3.292686 2.000000
0.200000 0.383380 0.524179 1.000000 0.166667 0.200000 0.500000 0.252966
1.274533 1.298698 2.391709 6.000000 1.000000 0.250000 5.000000 2.672130
1.000000 5.000000 1.891574 5.000000 4.000000 1.000000 9.000000 4.000000
0.333333 3.577623 0.303703 2.000000 0.200000 0.111111 1.000000 1.028703
0.125000 2.000000 0.500000 3.953102 0.374233 0.250000 0.972097 1.000000

Matrix 930:
1.000000 0.500000 0.333333 0.142857 1.524130 0.333333 0.399753 0.333333
2.000000 1.000000 1.423875 0.200000 0.854399 0.579149 0.250000 1.540108
3.000000 0.702309 1.000000 0.119083 2.000000 0.500000 0.759742 0.239451
7.000000 5.000000 8.397525 1.000000 9.000009 5.000000 0.707330 4.000000
0.656112 1.170414 0.500000 0.111111 1.000000 0.176422 0.125000 0.791730
3.000000 1.726672 2.000000 0.200000 5.668223 1.000000 0.343943 1.000000
2.501548 4.000000 1.316236 1.413767 8.000000 2.907458 1.000000 4.000000
3.000000 0.649305 4.176226 0.250000 1.263056 1.000000 0.250000 1.000000

Matrix 931:
1.000000 2.464202 8.499180 2.000000 0.250000 3.000003 7.436837 9.000000
0.405811 1.000000 3.000003 1.000000 0.166667 1.000000 7.000007 6.000000
0.117658 0.333333 1.000000 0.125000 0.131224 0.333333 1.000000 0.494625
0.500000 1.000000 8.000000 1.000000 1.572867 2.000000 5.999988 8.980468
4.000000 6.000000 7.620537 0.635782 1.000000 2.577617 9.000009 8.000000
0.333333 1.000000 3.000000 0.500000 0.387955 1.000000 7.000007 2.000000
0.134466 0.142857 1.000000 0.166667 0.111111 0.142857 1.000000 1.900325
0.111111 0.166667 2.021733 0.111353 0.125000 0.500000 0.526226 1.000000

Matrix 932:
1.000000 0.749484 0.200000 0.333333 0.200000 0.397967 1.000000 0.500000
1.334250 1.000000 0.432325 0.375692 0.809779 3.000003 2.000000 0.469109
5.000000 2.313072 1.000000 1.646463 0.947150 9.000009 7.000007 2.000000
3.000000 2.661753 0.607363 1.000000 2.332592 8.000000 7.000007 3.000000
5.000000 1.234905 1.055799 0.428708 1.000000 3.000003 7.000007 0.357213
2.512772 0.333333 0.111111 0.125000 0.333333 1.000000 0.461754 1.000000
1.000000 0.500000 0.142857 0.142857 0.142857 2.165653 1.000000 0.250000
2.000000 2.131703 0.500000 0.333333 2.799454 1.000000 4.000000 1.000000

Matrix 933:
1.000000 1.853827 0.125000 0.598499 0.166667 2.000000 0.333333 0.250000
0.539425 1.000000 0.333333 0.333333 0.111111 2.000000 0.200000 0.111111
8.000000 3.000000 1.000000 3.988602 1.000000 7.000007 0.608226 0.571335
1.670845 3.000000 0.250714 1.000000 0.125000 1.167686 0.333333 0.111111
6.000000 9.000000 1.000000 8.000000 1.000000 8.000000 4.000000 3.000000
0.500000 0.500000 0.142857 0.856394 0.125000 1.000000 0.166667 0.166667
3.000000 5.000000 1.644127 3.000000 0.250000 6.000000 1.000000 3.000000
4.000000 9.000000 1.750286 9.000000 0.333333 6.000000 0.333333 1.000000

Matrix 934:
1.000000 1.704973 5.999988 3.711567 1.756878 5.991386 6.521829 3.000000
0.586520 1.000000 2.000000 3.000003 0.500000 7.504514 9.000009 1.694346
0.166667 0.500000 1.000000 0.573612 0.122845 0.448777 1.220276 0.250000
0.269428 0.333333 1.743337 1.000000 0.166667 1.421886 0.500000 0.166667
0.569192 2.000000 8.140314 6.000000 1.000000 3.000003 9.000009 1.811296
0.166906 0.133253 2.228281 0.703291 0.333333 1.000000 0.500000 0.125000
0.153331 0.111111 0.819487 2.000000 0.111111 2.000000 1.000000 0.250000
0.333333 0.590198 4.000000 6.000000 0.552091 8.000000 4.000000 1.000000

Matrix 935:
1.000000 1.000000 0.145669 0.142857 1.000000 0.500000 0.500000 1.982611
1.000000 1.000000 0.200000 0.500000 1.883196 0.536942 0.969309 6.000000
6.864887 5.000000 1.000000 0.500000 2.000000 2.024123 4.000000 8.000000
7.000000 2.000000 2.000000 1.000000 3.000003 2.000000 5.999988 9.000000
1.000000 0.531012 0.500000 0.333333 1.000000 0.566342 0.474305 7.000000
2.000000 1.862399 0.494041 0.500000 1.765717 1.000000 5.999988 3.000000
2.000000 1.031663 0.250000 0.166667 2.108348 0.166667 1.000000 3.714510
0.504385 0.166667 0.125000 0.111111 0.142857 0.333333 0.269214 1.000000

Matrix 936:
1.000000 1.000000 0.325925 0.601216 0.500000 2.000000 2.000000 1.000000
1.000000 1.000000 5.000000 3.000003 0.596127 8.000000 5.000000 7.000000
3.068186 0.200000 1.000000 1.880244 0.200000 4.000000 8.000000 2.000000
1.663295 0.333333 0.531846 1.000000 0.396563 3.000003 2.274069 2.245769
2.000000 1.677495 5.000000 2.521667 1.000000 8.000000 9.000009 1.385622
0.500000 0.125000 0.250000 0.333333 0.125000 1.000000 0.988513 0.333333
0.500000 0.200000 0.125000 0.439740 0.111111 1.011620 1.000000 0.500000
1.000000 0.142857 0.500000 0.445282 0.721697 3.000000 2.000000 1.000000

Matrix 937:
1.000000 0.579723 0.500000 0.311839 1.000000 0.111111 0.142857 2.000000
1.724961 1.000000 0.537847 0.758083 2.000000 0.312282 0.301196 0.708863
2.000000 1.859265 1.000000 5.999988 2.000000 0.333333 0.200000 1.601037
3.206787 1.319118 0.166667 1.000000 2.075541 0.215858 0.333333 0.333333
1.000000 0.500000 0.500000 0.481802 1.000000 0.111111 0.264597 0.591916
9.000000 3.202231 3.000000 4.632666 9.000000 1.000000 0.637857 4.000000
7.000000 3.320095 5.000000 3.000000 3.779335 1.567749 1.000000 4.629467
0.500000 1.410710 0.624595 3.000000 1.689430 0.250000 0.216008 1.000000

Matrix 938:
1.000000 0.333333 0.612740 1.445047 7.000007 0.271911 3.000003 5.000000
3.000000 1.000000 1.185630 1.810651 3.748076 1.000000 3.303279 3.364365
1.632014 0.843433 1.000000 0.643187 5.999988 0.333333 0.500000 6.000000
0.692019 0.552287 1.554758 1.000000 5.000000 0.483960 5.000000 6.000000
0.142857 0.266804 0.166667 0.200000 1.000000 0.200000 0.269913 1.600144
3.677670 1.000000 3.000000 2.066285 5.000000 1.000000 5.999988 6.000000
0.333333 0.302730 2.000000 0.200000 3.704891 0.166667 1.000000 5.000000
0.200000 0.297233 0.166667 0.166667 0.624944 0.166667 0.200000 1.000000

Matrix 939:
1.000000 0.349446 0.303589 0.500000 0.886681 0.625122 0.250000 0.142857
2.861671 1.000000 0.333333 0.111111 3.000003 0.500000 0.333333 0.142857
3.293929 3.000000 1.000000 0.599677 3.852409 5.000000 2.435349 0.498076
2.000000 9.000000 1.667564 1.000000 5.999988 5.000000 3.000003 0.663670
1.127801 0.333333 0.259578 0.166667 1.000000 2.000000 0.250000 0.111111
1.599688 2.000000 0.200000 0.200000 0.500000 1.000000 0.200000 0.125000
4.000000 3.000000 0.410619 0.333333 4.000000 5.000000 1.000000 0.500000
7.000000 7.000000 2.007724 1.506772 9.000000 8.000000 2.000000 1.000000

Matrix 940:
1.000000 1.133975 1.186953 5.999988 3.000003 0.552186 5.000000 1.000000
0.881854 1.000000 1.964213 8.473301 4.000000 3.000003 5.000000 2.463923
0.842493 0.509110 1.000000 4.000000 3.188294 0.540758 1.000000 1.000000
0.166667 0.118018 0.250000 1.000000 2.000000 0.448260 0.403896 0.111111
0.333333 0.250000 0.313647 0.500000 1.000000 0.250000 0.405656 0.122636
1.810983 0.333333 1.849257 2.230846 4.000000 1.000000 9.000000 3.000000
0.200000 0.200000 1.000000 2.475887 2.465143 0.111111 1.000000 0.475373
1.000000 0.405857 1.000000 9.000000 8.154241 0.333333 2.103612 1.000000

Matrix 941:
1.000000 5.999988 0.591033 2.158497 0.810878 2.550650 7.000000 2.075746
0.166667 1.000000 0.166667 2.000000 0.292673 0.375804 1.379835 0.125000
1.691953 6.000000 1.000000 8.000000 3.000003 5.000000 7.358566 4.000000
0.463285 0.500000 0.125000 1.000000 0.125000 0.200000 0.500000 0.125000
1.233231 3.416786 0.333333 8.000000 1.000000 5.000000 3.195709 0.634681
0.392057 2.660960 0.200000 5.000000 0.200000 1.000000 4.000000 0.333333
0.142857 0.724724 0.135896 2.000000 0.312920 0.250000 1.000000 0.500000
0.481754 8.000000 0.250000 8.000000 1.575596 3.000000 2.000000 1.000000

Matrix 942:
1.000000 4.182155 3.000003 1.794946 3.000003 4.000000 3.142241 0.503226
0.239111 1.000000 1.648090 0.125000 0.333333 0.500000 0.125000 0.200000
0.333333 0.606763 1.000000 0.531205 0.735733 0.237053 0.125000 0.111111
0.557120 8.000000 1.882511 1.000000 2.366275 0.783698 1.582068 0.125000
0.333333 3.000000 1.359188 0.422605 1.000000 0.539975 0.333333 0.142857
0.250000 2.000000 4.218473 1.276002 1.851937 1.000000 0.500000 0.142857
0.318244 8.000000 8.000000 0.632084 3.000000 2.000000 1.000000 0.250000
1.987177 5.000000 9.000000 8.000000 7.000000 7.000000 4.000000 1.000000

Matrix 943:
1.000000 0.332427 0.681292 1.000000 0.333333 0.333333 0.500000 0.200000
3.008176 1.000000 5.000000 8.000000 2.652802 2.000000 0.500000 0.501643
1.467800 0.200000 1.000000 5.000000 0.620201 1.381454 0.185084 0.250000
1.000000 0.125000 0.200000 1.000000 0.440391 0.142857 0.123003 0.142857
3.000000 0.376960 1.612381 2.270710 1.000000 0.332072 0.142857 0.333333
3.000000 0.500000 0.723875 7.000000 3.011397 1.000000 1.040768 0.333333
2.000000 2.000000 5.402941 8.129897 7.000000 0.960829 1.000000 3.000000
5.000000 1.993450 4.000000 7.000000 3.000000 3.000000 0.333333 1.000000

Matrix 944:
1.000000 0.500000 0.142857 0.333333 0.500000 4.000000 1.000000 4.000000
2.000000 1.000000 0.200000 0.451704 0.385519 4.000000 2.011589 3.000000
7.000000 5.000000 1.000000 5.999988 1.921865 7.070541 5.000000 4.000000
3.000000 2.213841 0.166667 1.000000 0.166667 5.269995 0.653287 1.838855
2.000000 2.593906 0.520328 6.000000 1.000000 3.000003 2.691102 6.000000
0.250000 0.250000 0.141432 0.189754 0.333333 1.000000 0.333333 1.000000
1.000000 0.497119 0.200000 1.530721 0.371595 3.000000 1.000000 3.000000
0.250000 0.333333 0.250000 0.543817 0.166667 1.000000 0.333333 1.000000

Matrix 945:
1.000000 0.578023 0.683750 4.000000 0.333333 0.250000 3.000003 1.000000
1.730034 1.000000 0.513261 8.000000 2.000000 1.615659 5.000000 2.037100
1.462522 1.948326 1.000000 9.000009 1.521184 2.000000 5.999988 5.000000
0.250000 0.125000 0.111111 1.000000 0.444039 0.250000 2.000000 1.000000
3.000000 0.500000 0.657383 2.252053 1.000000 1.341924 7.585947 0.497378
4.000000 0.618942 0.500000 4.000000 0.745198 1.000000 5.999988 2.000000
0.333333 0.200000 0.166667 0.500000 0.131823 0.166667 1.000000 0.125478
1.000000 0.490894 0.200000 1.000000 2.010544 0.500000 7.969534 1.000000

Matrix 946:
1.000000 8.000000 8.000000 0.570322 3.233576 3.000003 5.447206 0.250000
0.125000 1.000000 2.000000 0.142857 0.504723 0.438249 0.200000 0.166667
0.125000 0.500000 1.000000 0.111111 0.250000 0.500000 1.517154 0.244803
1.753396 7.000000 9.000000 1.000000 4.000000 2.132850 4.000000 1.000000
0.309255 1.981285 4.000000 0.250000 1.000000 1.663938 1.636140 0.415323
0.333333 2.281807 2.000000 0.468856 0.600984 1.000000 0.720188 0.111111
0.183580 5.000000 0.659129 0.250000 0.611195 1.388527 1.000000 0.250000
4.000000 6.000000 4.084914 1.000000 2.407764 9.000000 4.000000 1.000000

Matrix 947:
1.000000 0.495058 1.000000 0.250000 0.672924 0.500000 2.000000 4.000000
2.019965 1.000000 0.642306 1.000000 8.000000 4.000000 5.999988 8.000000
1.000000 1.556891 1.000000 0.250000 8.000000 1.682120 2.000000 3.000000
4.000000 1.000000 4.000000 1.000000 7.330270 2.917059 8.612487 8.000000
1.486053 0.125000 0.125000 0.136421 1.000000 0.333333 1.714733 0.580786
2.000000 0.250000 0.594488 0.342811 3.000000 1.000000 4.000000 4.000000
0.500000 0.166667 0.500000 0.116110 0.583181 0.250000 1.000000 2.877869
0.250000 0.125000 0.333333 0.125000 1.721805 0.250000 0.347479 1.000000

Matrix 948:
1.000000 1.000000 5.999988 1.847899 9.000009 2.000000 0.733109 6.282399
1.000000 1.000000 7.000007 2.000000 5.000000 5.000000 1.752458 5.000000
0.166667 0.142857 1.000000 0.166667 0.333333 0.250000 0.125000 0.345317
0.541155 0.500000 6.000000 1.000000 6.232644 1.079109 1.000000 2.586868
0.111111 0.200000 3.000000 0.160446 1.000000 0.500000 0.166667 0.250000
0.500000 0.200000 4.000000 0.926690 2.000000 1.000000 1.000000 0.500000
1.364055 0.570627 8.000000 1.000000 6.000000 1.000000 1.000000 7.000000
0.159175 0.200000 2.895888 0.386568 4.000000 2.000000 0.142857 1.000000

Matrix 949:
1.000000 0.603869 0.250000 0.142857 0.602870 0.500000 4.000000 2.324183
1.655987 1.000000 0.500000 0.111111 0.500000 0.433626 4.000000 2.808970
4.000000 2.000000 1.000000 0.166667 4.000000 2.143512 2.000000 8.000000
7.000000 9.000000 6.000000 1.000000 8.000000 8.465947 8.000000 7.000000
1.658734 2.000000 0.250000 0.125000 1.000000 0.500000 3.000003 4.000000
2.000000 2.306133 0.466524 0.118120 2.000000 1.000000 2.000000 3.120841
0.250000 0.250000 0.500000 0.125000 0.333333 0.500000 1.000000 0.610567
0.430259 0.356002 0.125000 0.142857 0.250000 0.320426 1.637822 1.000000

Matrix 950:
1.000000 3.000003 0.250000 0.166667 0.250000 0.200000 1.000000 0.333333
0.333333 1.000000 1.000000 0.111111 0.971378 0.142857 0.610354 0.500000
4.000000 1.000000 1.000000 0.151981 0.500000 0.498248 2.309101 0.333333
6.000000 9.000000 6.579759 1.000000 1.000000 2.000000 7.000007 1.820061
4.000000 1.029465 2.000000 1.000000 1.000000 0.333333 4.081149 0.500000
5.000000 7.000000 2.007034 0.500000 3.000000 1.000000 7.000007 1.000000
1.000000 1.638394 0.433069 0.142857 0.245029 0.142857 1.000000 0.125000
3.000000 2.000000 3.000000 0.549432 2.000000 1.000000 8.000000 1.000000

Matrix 951:
1.000000 0.200000 1.000000 0.380037 0.500000 0.460020 0.169138 0.111111
5.000000 1.000000 8.000000 0.461082 8.000000 9.000009 1.199005 2.000000
1.000000 0.125000 1.000000 0.125000 0.250000 0.327086 0.352991 0.166667
2.631323 2.168810 8.000000 1.000000 5.999988 9.000009 1.000000 3.000000
2.000000 0.125000 4.000000 0.166667 1.000000 2.000000 0.333333 0.370635
2.173820 0.111111 3.057296 0.111111 0.500000 1.000000 0.125000 0.200000
5.912320 0.834025 2.832936 1.000000 3.000000 8.000000 1.000000 2.000000
9.000000 0.500000 6.000000 0.333333 2.698073 5.000000 0.500000 1.000000

Matrix 952:
1.000000 0.944476 1.000000 0.333333 0.264721 2.814630 1.000000 0.212480
1.058788 1.000000 0.604887 0.333333 0.333333 0.514971 0.603840 0.500000
1.000000 1.653203 1.000000 0.250000 0.200000 3.000003 0.540189 0.142857
3.000000 3.000000 4.000000 1.000000 0.500000 5.999988 2.226954 3.000000
3.777568 3.000000 5.000000 2.000000 1.000000 4.000000 3.000003 2.000000
0.355287 1.941856 0.333333 0.166667 0.250000 1.000000 0.519721 0.125000
1.000000 1.656068 1.851204 0.449044 0.333333 1.924108 1.000000 0.500000
4.706318 2.000000 7.000000 0.333333 0.500000 8.000000 2.000000 1.000000

Matrix 953:
1.000000 0.142857 0.250000 0.166667 2.011337 3.000000 0.500000 0.166667
7.000000 1.000000 0.546015 2.000000 7.000000 6.000000 9.000000 2.000000
4.000000 1.831452 1.000000 2.145631 3.000000 8.000000 5.000000 8.000000
6.000000 0.500000 0.466063 1.000000 4.000000 2.000000 2.997950 1.000000
0.497182 0.142857 0.333333 0.250000 1.000000 1.000000 0.500000 0.256628
0.333333 0.166667 0.125000 0.500000 1.000000 1.000000 2.000000 0.333333
2.000000 0.111111 0.200000 0.333561 2.000000 0.500000 1.000000 0.500000
6.000000 0.500000 0.125000 1.000000 3.896686 3.000000 2.000000 1.000000

Matrix 954:
1.000000 0.907902 0.200000 0.333333 0.500000 0.111111 0.250000 0.250000
1.101440 1.000000 0.250000 0.500000 2.039364 0.688235 0.333333 0.538650
5.000000 4.000000 1.000000 4.000000 8.935899 3.000003 0.735763 7.101722
3.000000 2.000000 0.250000 1.000000 0.864072 0.200000 0.671080 0.497904
2.000000 0.490349 0.111908 1.157311 1.000000 0.142857 0.250000 0.333333
9.000000 1.452992 0.333333 5.000000 7.000000 1.000000 1.000000 3.000000
4.000000 3.000000 1.359133 1.490136 4.000000 1.000000 1.000000 4.630635
4.000000 1.856494 0.140811 2.008419 3.000000 0.333333 0.215953 1.000000

Matrix 955:
1.000000 0.200000 0.250000 4.000000 0.620061 0.471736 0.448075 0.517687
5.000000 1.000000 3.000003 4.000000 6.329212 4.000000 2.848639 8.000000
4.000000 0.333333 1.000000 5.999988 5.000000 3.000003 2.584914 5.000000
0.250000 0.250000 0.166667 1.000000 0.589783 0.333333 0.200000 0.200000
1.612744 0.157998 0.200000 1.695540 1.000000 0.736812 0.662547 1.000000
2.119828 0.250000 0.333333 3.000000 1.357198 1.000000 1.000000 0.608682
2.231768 0.351045 0.386860 5.000000 1.509327 1.000000 1.000000 3.000000
1.931668 0.125000 0.200000 5.000000 1.000000 1.642894 0.333333 1.000000

Matrix 956:
1.000000 0.353054 2.000000 0.754240 0.200000 2.000000 0.125000 0.675256
2.832426 1.000000 2.000000 3.000003 2.064998 7.000007 3.043067 8.000000
0.500000 0.500000 1.000000 0.536605 0.125000 5.921480 0.247648 2.000000
1.325838 0.333333 1.863567 1.000000 0.233816 5.999988 0.333333 0.641075
5.000000 0.484262 8.000000 4.276872 1.000000 9.000009 1.000000 4.000000
0.500000 0.142857 0.168877 0.166667 0.111111 1.000000 0.125000 0.333333
8.000000 0.328616 4.037982 3.000000 1.000000 8.000000 1.000000 6.000000
1.480920 0.125000 0.500000 1.559880 0.250000 3.000000 0.166667 1.000000

Matrix 957:
1.000000 9.000009 1.363444 4.000000 7.000007 2.000000 0.545275 2.000000
0.111111 1.000000 0.166667 0.333333 1.000000 1.284411 0.200000 0.500000
0.733437 6.000000 1.000000 2.218215 2.478693 5.999988 0.658023 6.000000
0.250000 3.000000 0.450813 1.000000 3.000003 0.565704 0.125000 0.500000
0.142857 1.000000 0.403438 0.333333 1.000000 0.974899 0.200000 0.250000
0.500000 0.778567 0.166667 1.767710 1.025747 1.000000 0.246237 2.389993
1.833938 5.000000 1.519704 8.000000 5.000000 4.061129 1.000000 2.000000
0.500000 2.000000 0.166667 2.000000 4.000000 0.418411 0.500000 1.000000

Matrix 958:
1.000000 0.366418 1.761859 2.384999 1.479483 0.111111 1.000000 1.000000
2.729127 1.000000 0.320241 4.000000 2.000000 0.166667 0.838063 1.691315
0.567582 3.122652 1.000000 3.212941 1.898196 0.125512 0.645688 0.500000
0.419287 0.250000 0.311241 1.000000 0.250000 0.125000 0.500000 0.587708
0.675912 0.500000 0.526816 4.000000 1.000000 0.142857 2.000000 1.030548
9.000000 6.000000 7.967371 8.000000 7.000000 1.000000 5.999988 3.000000
1.000000 1.193227 1.548736 2.000000 0.500000 0.166667 1.000000 2.000000
1.000000 0.591256 2.000000 1.701525 0.970358 0.333333 0.500000 1.000000

Matrix 959:
1.000000 2.000000 0.333333 0.318680 4.000000 1.682784 0.200000 0.208261
0.500000 1.000000 0.111111 0.200000 2.096773 2.000000 0.111111 0.500000
3.000000 9.000000 1.000000 2.541128 8.000000 2.427309 1.000000 0.329241
3.137941 5.000000 0.393526 1.000000 7.000007 8.000000 0.333333 0.333333
0.250000 0.476923 0.125000 0.142857 1.000000 0.456091 0.250000 0.166667
0.594253 0.500000 0.411979 0.125000 2.192544 1.000000 0.131843 0.111111
5.000000 9.000000 1.000000 3.000000 4.000000 7.584802 1.000000 0.677869
4.801657 2.000000 3.037288 3.000000 6.000000 9.000000 1.475210 1.000000

Matrix 960:
1.000000 5.000000 2.111372 1.585372 1.000000 0.408768 1.000000 2.000000
0.200000 1.000000 0.500000 0.166667 0.479039 0.200000 0.142857 0.436966
0.473626 2.000000 1.000000 1.000000 0.249837 0.166667 0.391665 0.475747
0.630767 6.000000 1.000000 1.000000 1.515879 0.166667 0.333333 2.750663
1.000000 2.087514 4.002612 0.659683 1.000000 0.166667 0.936365 7.000000
2.446374 5.000000 6.000000 6.000000 6.000000 1.000000 8.000000 7.985480
1.000000 7.000000 2.553200 3.000000 1.067959 0.125000 1.000000 2.372241
0.500000 2.288509 2.101957 0.363549 0.142857 0.125227 0.421542 1.000000

Matrix 961:
1.000000 2.677687 8.000000 1.978079 0.633511 0.234913 1.000000 1.943272
0.373457 1.000000 4.000000 0.333333 0.120233 0.111111 2.000000 0.250000
0.125000 0.250000 1.000000 0.521181 0.142857 0.250000 0.470221 0.432792
0.505541 3.000000 1.918720 1.000000 0.166667 0.344744 2.000000 1.000000
1.578505 8.317210 7.000000 6.000000 1.000000 0.899778 5.000000 1.333459
4.256897 9.000000 4.000000 2.900706 1.111386 1.000000 6.000000 3.052942
1.000000 0.500000 2.126660 0.500000 0.200000 0.166667 1.000000 1.223524
0.514596 4.000000 2.310577 1.000000 0.749929 0.327553 0.817312 1.000000

Matrix 962:
1.000000 3.010801 0.557957 5.000000 0.250000 9.000009 2.108115 3.000000
0.332138 1.000000 0.125000 1.361343 0.125000 1.968121 0.125000 0.333333
1.792253 8.000000 1.000000 2.000000 0.789270 8.000000 5.000000 4.000000
0.200000 0.734569 0.500000 1.000000 0.142857 1.000000 0.351192 0.500000
4.000000 8.000000 1.266993 7.000000 1.000000 8.000000 4.263636 9.000000
0.111111 0.508099 0.125000 1.000000 0.125000 1.000000 0.200000 0.125000
0.474357 8.000000 0.200000 2.847443 0.234542 5.000000 1.000000 1.718040
0.333333 3.000000 0.250000 2.000000 0.111111 8.000000 0.582059 1.000000

Matrix 963:
1.000000 5.999988 0.596097 1.000000 1.830887 5.000000 5.000000 4.000000
0.166667 1.000000 0.250000 0.144023 0.166667 0.583531 0.517906 0.200000
1.677579 4.000000 1.000000 0.355660 0.500000 1.000000 0.476805 2.497673
1.000000 6.943317 2.811672 1.000000 2.307242 8.000000 2.000000 8.000000
0.546183 6.000000 2.000000 0.433418 1.000000 1.753686 2.000000 5.000000
0.200000 1.713704 1.000000 0.125000 0.570227 1.000000 0.500000 1.553741
0.200000 1.930851 2.097292 0.500000 0.500000 2.000000 1.000000 5.000000
0.250000 5.000000 0.400373 0.125000 0.200000 0.643608 0.200000 1.000000

Matrix 964:
1.000000 8.000000 8.000000 9.000009 8.581240 0.652460 8.000000 4.000000
0.125000 1.000000 0.250000 0.687452 1.000000 0.200000 1.583856 0.166667
0.125000 4.000000 1.000000 3.415253 0.500000 0.500000 3.000003 0.408425
0.111111 1.454648 0.292804 1.000000 1.000000 0.500000 1.000000 0.333333
0.116533 1.000000 2.000000 1.000000 1.000000 0.125000 5.614508 0.500000
1.532660 5.000000 2.000000 2.000000 8.000000 1.000000 9.000009 0.805315
0.125000 0.631370 0.333333 1.000000 0.178110 0.111111 1.000000 0.166667
0.250000 6.000000 2.448430 3.000000 2.000000 1.241750 6.000000 1.000000

Matrix 965:
1.000000 0.575475 0.211402 0.142857 0.170302 3.000003 0.500000 0.333333
1.737696 1.000000 1.055365 0.111111 0.500000 0.668769 0.333333 1.547011
4.730321 0.947540 1.000000 0.333333 0.585139 3.000003 1.000000 5.000000
7.000000 9.000000 3.000000 1.000000 2.000000 5.000000 3.000003 8.000000
5.871917 2.000000 1.708995 0.500000 1.000000 8.242800 4.000000 4.843039
0.333333 1.495284 0.333333 0.200000 0.121318 1.000000 0.250000 0.250000
2.000000 3.000000 1.000000 0.333333 0.250000 4.000000 1.000000 2.000000
3.000000 0.646408 0.200000 0.125000 0.206482 4.000000 0.500000 1.000000

Matrix 966:
1.000000 0.907446 0.142857 1.626068 3.000003 9.000009 0.920521 0.142857
1.101994 1.000000 0.166667 2.000000 2.000000 9.000009 2.000000 0.200000
7.000000 6.000000 1.000000 8.000000 8.241247 7.000007 2.000000 2.000000
0.614981 0.500000 0.125000 1.000000 1.412621 7.000007 1.786205 0.292149
0.333333 0.500000 0.121341 0.707904 1.000000 1.603078 0.428702 0.200000
0.111111 0.111111 0.142857 0.142857 0.623800 1.000000 0.125000 0.111755
1.086341 0.500000 0.500000 0.559846 2.332625 8.000000 1.000000 0.125000
7.000000 5.000000 0.500000 3.422913 5.000000 8.948176 8.000000 1.000000

Matrix 967:
1.000000 0.500000 0.125000 0.333333 0.125000 0.818685 1.062456 0.500000
2.000000 1.000000 2.000000 1.000000 0.640883 1.000000 5.999988 0.250000
8.000000 0.500000 1.000000 3.000003 1.000000 3.000003 4.839932 0.583192
3.000000 1.000000 0.333333 1.000000 1.036302 1.698125 5.999988 0.287312
8.000000 1.560348 1.000000 0.964969 1.000000 1.000000 5.000000 1.000000
1.221472 1.000000 0.333333 0.588885 1.000000 1.000000 4.028734 0.125000
0.941216 0.166667 0.206614 0.166667 0.200000 0.248217 1.000000 0.125000
2.000000 4.000000 1.714701 3.480535 1.000000 8.000000 8.000000 1.000000

Matrix 968:
1.000000 3.825807 7.000007 9.000009 7.000007 0.860467 0.250000 0.581228
0.261383 1.000000 0.620004 2.000000 1.879220 0.250000 0.111111 0.500000
0.142857 1.612892 1.000000 0.782453 0.500000 0.111111 0.200000 0.200000
0.111111 0.500000 1.278032 1.000000 0.500000 0.125000 0.111111 0.443457
0.142857 0.532136 2.000000 2.000000 1.000000 0.250000 0.305373 0.143838
1.162160 4.000000 9.000000 8.000000 4.000000 1.000000 0.250000 1.560913
4.000000 9.000000 5.000000 9.000000 3.274688 4.000000 1.000000 3.000000
1.720494 2.000000 5.000000 2.255008 6.952266 0.640651 0.333333 1.000000

Matrix 969:
1.000000 1.230078 0.166667 0.212787 0.425539 3.441476 2.000000 0.638424
0.812957 1.000000 0.200000 1.000000 1.195341 5.999988 0.500000 2.403864
6.000000 5.000000 1.000000 1.293851 3.000003 8.000000 3.000003 8.000000
4.699529 1.000000 0.772886 1.000000 0.580145 4.873809 5.000000 3.363778
2.349963 0.836581 0.333333 1.723708 1.000000 8.572450 2.478067 6.000000
0.290573 0.166667 0.125000 0.205178 0.116653 1.000000 1.000000 0.333333
0.500000 2.000000 0.333333 0.200000 0.403540 1.000000 1.000000 1.000000
1.566358 0.415997 0.125000 0.297285 0.166667 3.000000 1.000000 1.000000

Matrix 970:
1.000000 8.000000 2.449292 5.000000 8.000000 7.000007 2.467834 1.712602
0.125000 1.000000 0.333333 0.515897 0.667503 0.629205 2.076700 0.333333
0.408281 3.000000 1.000000 2.000000 2.257546 5.999988 5.999988 3.000000
0.200000 1.938372 0.500000 1.000000 1.000000 1.984884 5.000000 0.502294
0.125000 1.498121 0.442959 1.000000 1.000000 0.342108 1.000000 0.333333
0.142857 1.589307 0.166667 0.503808 2.923052 1.000000 2.882511 0.500000
0.405214 0.481533 0.166667 0.200000 1.000000 0.346920 1.000000 0.142857
0.583907 3.000000 0.333333 1.990868 3.000000 2.000000 7.000000 1.000000

Matrix 971:
1.000000 0.200000 1.000000 5.999988 2.233255 0.411805 0.130588 0.333333
5.000000 1.000000 9.000009 4.000000 8.000000 3.000003 1.000000 1.769761
1.000000 0.111111 1.000000 0.505975 0.200000 0.200000 0.111111 0.200000
0.166667 0.250000 1.976382 1.000000 0.509734 0.500000 0.111111 0.250000
0.447777 0.125000 5.000000 1.961809 1.000000 0.200000 0.250000 0.421417
2.428333 0.333333 5.000000 2.000000 5.000000 1.000000 1.161148 1.000000
7.657657 1.000000 9.000000 9.000000 4.000000 0.861216 1.000000 2.000000
3.000000 0.565048 5.000000 4.000000 2.372949 1.000000 0.500000 1.000000

Matrix 972:
1.000000 0.250000 0.142857 0.674900 0.166667 0.178318 0.500000 1.000000
4.000000 1.000000 0.166667 2.000000 1.000000 0.760935 4.000000 1.000000
7.000000 6.000000 1.000000 5.999988 2.000000 8.000000 4.000000 6.000000
1.481702 0.500000 0.166667 1.000000 0.125000 0.937507 0.908610 0.563652
6.000000 1.000000 0.500000 8.000000 1.000000 2.576452 2.000000 4.000000
5.607946 1.314173 0.125000 1.066659 0.388131 1.000000 0.475319 0.606350
2.000000 0.250000 0.250000 1.100582 0.500000 2.103852 1.000000 1.000000
1.000000 1.000000 0.166667 1.774143 0.250000 1.649212 1.000000 1.000000

Matrix 973:
1.000000 0.334167 0.333333 0.250000 0.142857 0.250000 0.200000 0.111111
2.992517 1.000000 3.000003 1.000000 4.000000 2.000000 5.000000 2.150004
3.000000 0.333333 1.000000 0.333333 0.200000 1.000000 0.500000 0.500000
4.000000 1.000000 3.000000 1.000000 2.389011 5.000000 2.000000 1.000000
7.000000 0.250000 5.000000 0.418583 1.000000 0.539451 3.268978 0.500000
4.000000 0.500000 1.000000 0.200000 1.853736 1.000000 2.102558 0.498478
5.000000 0.200000 2.000000 0.500000 0.305906 0.475611 1.000000 0.333333
9.000000 0.465115 2.000000 1.000000 2.000000 2.006107 3.000000 1.000000

Matrix 974:
1.000000 3.851757 0.434553 0.500000 1.522122 4.794310 3.000000 0.200000
0.259622 1.000000 0.111111 0.333333 0.333333 0.833965 0.261367 0.142857
2.301213 9.000000 1.000000 2.916315 1.000000 4.000000 2.746877 0.500000
2.000000 3.000000 0.342898 1.000000 1.417771 2.000000 0.653167 0.333333
0.656978 3.000000 1.000000 0.705333 1.000000 8.000000 0.474088 0.136651
0.208581 1.199091 0.250000 0.500000 0.125000 1.000000 0.333333 0.142857
0.333333 3.826040 0.364050 1.531001 2.109312 3.000000 1.000000 0.142857
5.000000 7.000000 2.000000 3.000000 7.317936 7.000000 7.000000 1.000000

Matrix 975:
1.000000 2.217106 1.180695 0.125000 0.625268 0.333333 0.333333 0.500000
0.451038 1.000000 0.250000 0.142181 0.166667 0.166667 0.250000 0.235435
0.846959 4.000000 1.000000 0.111111 0.142857 2.088233 0.142857 0.923813
8.000000 7.033311 9.000000 1.000000 3.000003 5.000000 1.000000 5.011246
1.599315 6.000000 7.000000 0.333333 1.000000 4.000000 1.522103 2.509230
3.000000 6.000000 0.478874 0.200000 0.250000 1.000000 0.250000 1.718333
3.000000 4.000000 7.000000 1.000000 0.656986 4.000000 1.000000 5.496399
2.000000 4.247451 1.082471 0.199551 0.398529 0.581959 0.181937 1.000000

Matrix 976:
1.000000 5.999988 5.999988 0.769762 3.000000 2.000000 9.000000 9.000000
0.166667 1.000000 0.142857 0.128808 0.125000 0.333333 0.305560 3.000000
0.166667 7.000000 1.000000 0.200000 0.357145 0.526244 2.000000 5.000000
1.299103 7.763498 5.000000 1.000000 1.650236 4.000000 2.000000 8.000000
0.333333 8.000000 2.799983 0.605974 1.000000 4.000000 2.000000 5.000000
0.500000 3.000000 1.900261 0.250000 0.250000 1.000000 3.000000 9.000000
0.111111 3.272681 0.500000 0.500000 0.500000 0.333333 1.000000 3.632776
0.111111 0.333333 0.200000 0.125000 0.200000 0.111111 0.275272 1.000000

Matrix 977:
1.000000 1.000000 2.000000 1.342820 2.000000 3.000003 0.800216 0.200000
1.000000 1.000000 0.333333 0.250000 1.000000 1.027037 0.166667 0.200000
0.500000 3.000000 1.000000 0.333333 2.423068 4.000000 0.421733 1.364500
0.744702 4.000000 3.000000 1.000000 7.000007 9.000009 0.561499 0.500000
0.500000 1.000000 0.412700 0.142857 1.000000 0.337961 0.250000 0.111111
0.333333 0.973675 0.250000 0.111111 2.958921 1.000000 0.127797 0.146919
1.249663 6.000000 2.371169 1.780948 4.000000 7.824896 1.000000 0.564497
5.000000 5.000000 0.732869 2.000000 9.000000 6.806487 1.771489 1.000000

Matrix 978:
1.000000 1.841010 1.861409 0.639650 5.000000 5.999988 8.700703 3.000000
0.543180 1.000000 4.000000 0.716221 5.999988 4.000000 7.000007 8.000000
0.537228 0.250000 1.000000 0.250000 0.333333 0.643307 2.000000 1.335842
1.563354 1.396216 4.000000 1.000000 2.000000 7.000007 7.000007 6.000000
0.200000 0.166667 3.000000 0.500000 1.000000 0.573923 5.000000 0.577020
0.166667 0.250000 1.554468 0.142857 1.742394 1.000000 4.000000 2.921189
0.114933 0.142857 0.500000 0.142857 0.200000 0.250000 1.000000 0.200000
0.333333 0.125000 0.748592 0.166667 1.733043 0.342326 5.000000 1.000000

Matrix 979:
1.000000 0.592376 0.142857 1.352586 0.166667 0.968487 0.333333 2.000000
1.688117 1.000000 0.125000 0.505284 0.166667 0.166667 0.111111 2.000000
7.000000 8.000000 1.000000 6.281553 4.000000 4.000000 5.000000 6.638016
0.739325 1.979084 0.159196 1.000000 0.142857 0.333333 0.558077 0.503182
6.000000 6.000000 0.250000 7.000000 1.000000 2.240224 0.663375 5.000000
1.032538 6.000000 0.250000 3.000000 0.446384 1.000000 0.619635 1.715749
3.000000 9.000000 0.200000 1.791866 1.507442 1.613854 1.000000 7.294758
0.500000 0.500000 0.150647 1.987353 0.200000 0.582836 0.137085 1.000000

Matrix 980:
1.000000 1.434251 5.999988 7.000007 1.907112 2.000000 5.000000 3.000000
0.697228 1.000000 5.999988 5.000000 1.661172 5.999988 7.053019 6.000000
0.166667 0.166667 1.000000 0.250000 0.166667 0.333333 0.200000 0.611272
0.142857 0.200000 4.000000 1.000000 1.000000 0.333333 1.892788 3.943261
0.524353 0.601985 6.000000 1.000000 1.000000 0.665326 2.000000 7.000000
0.500000 0.166667 3.000000 3.000000 1.503022 1.000000 4.000000 4.000000
0.200000 0.141783 5.000000 0.528321 0.500000 0.250000 1.000000 1.750619
0.333333 0.166667 1.635934 0.253597 0.142857 0.250000 0.571227 1.000000

Matrix 981:
1.000000 0.897263 2.000000 5.999988 7.824352 1.959876 3.000003 4.000000
1.114501 1.000000 0.546311 3.851696 4.000000 3.000003 0.579245 6.000000
0.500000 1.830459 1.000000 5.000000 9.000009 0.500000 0.500000 2.000000
0.166667 0.259626 0.200000 1.000000 4.977153 0.250000 0.168168 1.166668
0.127806 0.250000 0.111111 0.200918 1.000000 0.142857 0.333333 0.341627
0.510236 0.333333 2.000000 4.000000 7.000000 1.000000 1.000000 3.109308
0.333333 1.726385 2.000000 5.946424 3.000000 1.000000 1.000000 3.000000
0.250000 0.166667 0.500000 0.857142 2.927169 0.321615 0.333333 1.000000

Matrix 982:
1.000000 0.699203 2.000000 0.861622 8.000000 1.000000 3.184012 5.000000
1.430200 1.000000 0.997489 1.821612 5.000000 1.875442 4.000000 6.000000
0.500000 1.002517 1.000000 2.000000 1.000000 0.250000 1.000000 5.000000
1.160602 0.548964 0.500000 1.000000 5.999988 0.333333 1.798028 9.000000
0.125000 0.200000 1.000000 0.166667 1.000000 0.500000 0.421225 2.000000
1.000000 0.533208 4.000000 3.000000 2.000000 1.000000 4.527160 9.000000
0.314069 0.250000 1.000000 0.556165 2.374028 0.220889 1.000000 5.000000
0.200000 0.166667 0.200000 0.111111 0.500000 0.111111 0.200000 1.000000

Matrix 983:
1.000000 0.200000 0.168649 1.000000 1.000000 0.166667 0.111111 1.000000
5.000000 1.000000 0.575712 1.037733 1.432856 0.617565 0.166667 6.094281
5.929480 1.736980 1.000000 9.000009 3.000003 0.730989 0.500000 3.000000
1.000000 0.963639 0.111111 1.000000 0.543150 0.166667 0.125000 1.271311
1.000000 0.697907 0.333333 1.841113 1.000000 2.000000 0.250000 1.722165
6.000000 1.619262 1.368010 6.000000 0.500000 1.000000 0.250000 2.000000
9.000000 6.000000 2.000000 8.000000 4.000000 4.000000 1.000000 7.000000
1.000000 0.164088 0.333333 0.786590 0.580664 0.500000 0.142857 1.000000

Matrix 984:
1.000000 5.999988 2.007488 4.000000 5.999988 5.000000 8.000000 5.000000
0.166667 1.000000 0.519500 2.000000 1.855970 1.000000 0.579108 0.200000
0.498135 1.924930 1.000000 2.737758 3.000003 4.000000 5.000000 0.658017
0.250000 0.500000 0.365262 1.000000 1.000000 2.000000 3.205411 0.297064
0.166667 0.538802 0.333333 1.000000 1.000000 2.938647 0.694355 0.250000
0.200000 1.000000 0.250000 0.500000 0.340293 1.000000 0.500000 0.333333
0.125000 1.726793 0.200000 0.311972 1.440186 2.000000 1.000000 0.333333
0.200000 5.000000 1.519718 3.366275 4.000000 3.000000 3.000000 1.000000

Matrix 985:
1.000000 0.111111 0.654710 1.888516 0.125000 0.250000 0.125000 0.200000
9.000000 1.000000 4.000000 6.052682 0.581790 1.612590 1.608162 0.243951
1.527393 0.250000 1.000000 0.500000 0.250000 0.405137 0.500000 0.250000
0.529516 0.165216 2.000000 1.000000 0.250000 0.125000 0.250000 0.115610
8.000000 1.718835 4.000000 4.000000 1.000000 0.989916 3.313820 0.250000
4.000000 0.620120 2.468303 8.000000 1.010186 1.000000 4.000000 0.517088
8.000000 0.621828 2.000000 4.000000 0.301767 0.250000 1.000000 0.333333
5.000000 4.099175 4.000000 8.649774 4.000000 1.933908 3.000000 1.000000

Matrix 986:
1.000000 1.000000 0.524773 1.853352 1.651452 0.333333 2.000000 1.624169
1.000000 1.000000 2.000000 0.665993 0.817268 0.111111 1.809186 1.000000
1.905585 0.500000 1.000000 2.000000 2.000000 0.500000 5.999988 5.000000
0.539563 1.501518 0.500000 1.000000 0.807618 0.333333 1.609717 0.995722
0.605528 1.223589 0.500000 1.238210 1.000000 0.500000 2.247816 3.000000
3.000000 9.000000 2.000000 3.000000 2.000000 1.000000 9.000009 7.000000
0.500000 0.552735 0.166667 0.621227 0.444876 0.111111 1.000000 1.766098
0.615699 1.000000 0.200000 1.004296 0.333333 0.142857 0.566220 1.000000

Matrix 987:
1.000000 4.000000 0.605091 1.323170 0.894561 0.333333 0.773092 2.000000
0.250000 1.000000 0.250000 0.308838 0.250000 0.142857 0.500000 1.000000
1.652645 4.000000 1.000000 0.200000 0.995420 0.179589 0.200000 2.000000
0.755761 3.237942 5.000000 1.000000 3.000003 0.446767 0.500000 5.000000
1.117867 4.000000 1.004601 0.333333 1.000000 0.486373 1.177855 2.000000
3.000000 7.000000 5.568270 2.238302 2.056036 1.000000 1.000000 8.000000
1.293507 2.000000 5.000000 2.000000 0.849001 1.000000 1.000000 7.000000
0.500000 1.000000 0.500000 0.200000 0.500000 0.125000 0.142857 1.000000

Matrix 988:
1.000000 0.620471 5.999988 2.186067 2.000000 6.000000 7.000000 6.000000
1.611678 1.000000 7.000007 2.000000 5.000000 3.000000 2.604437 9.000000
0.166667 0.142857 1.000000 0.166667 0.575657 0.500000 0.142857 0.333333
0.457443 0.500000 6.000000 1.000000 5.000000 1.000000 2.000000 7.000000
0.500000 0.200000 1.737146 0.200000 1.000000 0.333333 0.592240 2.896376
0.166667 0.333333 2.000000 1.000000 3.000000 1.000000 2.000000 3.000000
0.142857 0.383960 7.000000 0.500000 1.688504 0.500000 1.000000 6.000000
0.166667 0.111111 3.000000 0.142857 0.345259 0.333333 0.166667 1.000000

Matrix 989:
1.000000 0.389486 0.250000 1.927489 0.250000 0.500000 0.111111 2.000000
2.567486 1.000000 1.000000 2.000000 1.000000 0.629983 0.125000 3.000000
4.000000 1.000000 1.000000 5.999988 1.000000 3.000003 0.500000 5.029915
0.518810 0.500000 0.166667 1.000000 0.500000 0.166667 0.179009 1.805816
4.000000 1.000000 1.000000 2.000000 1.000000 2.000000 0.339789 0.692879
2.000000 1.587344 0.333333 6.000000 0.500000 1.000000 0.500000 4.000000
9.000000 8.000000 2.000000 5.586316 2.943001 2.000000 1.000000 7.000000
0.500000 0.333333 0.198811 0.553766 1.443253 0.250000 0.142857 1.000000

Matrix 990:
1.000000 3.145700 5.000000 3.000003 0.500000 0.500000 1.000000 1.807132
0.317894 1.000000 5.000000 5.999988 0.250000 1.000000 1.654118 2.000000
0.200000 0.200000 1.000000 0.250000 0.111111 0.200000 0.125000 0.142857
0.333333 0.166667 4.000000 1.000000 0.166667 0.125000 0.587919 0.378107
2.000000 4.000000 9.000000 6.000000 1.000000 2.000000 6.566812 5.429122
2.000000 1.000000 5.000000 8.000000 0.500000 1.000000 3.711378 7.542034
1.000000 0.604552 8.000000 1.700915 0.152281 0.269442 1.000000 0.592948
0.553363 0.500000 7.000000 2.644755 0.184192 0.132590 1.686489 1.000000

Matrix 991:
1.000000 1.436962 0.124854 1.718776 0.500000 0.479380 0.200000 0.200000
0.695912 1.000000 0.119399 1.000000 0.625463 0.125000 0.142857 0.335478
8.009352 8.375294 1.000000 4.331913 5.736885 1.823956 0.447886 1.626223
0.581809 1.000000 0.230845 1.000000 2.000000 0.500000 0.200000 0.111111
2.000000 1.598817 0.174311 0.500000 1.000000 0.142857 0.111111 0.111111
2.086028 8.000000 0.548259 2.000000 7.000000 1.000000 0.140013 0.239480
5.000000 7.000000 2.232709 5.000000 9.000000 7.142184 1.000000 4.000000
5.000000 2.980820 0.614922 9.000000 9.000000 4.175709 0.250000 1.000000

Matrix 992:
1.000000 8.000000 2.604030 2.000000 7.000007 3.000003 3.000000 8.000000
0.125000 1.000000 1.000000 0.200000 0.333333 0.333333 0.500000 0.477594
0.384020 1.000000 1.000000 0.333333 0.486710 0.500000 0.200000 0.231629
0.500000 5.000000 3.000000 1.000000 1.000000 2.201239 0.522308 1.445818
0.142857 3.000000 2.054613 1.000000 1.000000 1.545995 0.166667 0.616925
0.333333 3.000000 2.000000 0.454290 0.646833 1.000000 0.333333 3.000000
0.333333 2.000000 5.000000 1.914580 6.000000 3.000000 1.000000 3.000000
0.125000 2.093829 4.317241 0.691650 1.620943 0.333333 0.333333 1.000000

Matrix 993:
1.000000 0.433704 5.081721 5.999988 0.333333 5.000000 2.000000 2.000000
2.305719 1.000000 1.124663 5.999988 0.409873 2.934605 0.500000 2.451187
0.196784 0.889155 1.000000 2.740725 0.114216 1.000000 0.111111 0.515637
0.166667 0.166667 0.364867 1.000000 0.142857 0.500000 0.163025 0.250000
3.000000 2.439779 8.755349 7.000000 1.000000 8.000000 0.500000 3.000000
0.200000 0.340761 1.000000 2.000000 0.125000 1.000000 0.333333 0.588520
0.500000 2.000000 9.000000 6.134043 2.000000 3.000000 1.000000 7.000000
0.500000 0.407966 1.939348 4.000000 0.333333 1.699177 0.142857 1.000000

Matrix 994:
1.000000 0.463429 7.000007 5.000000 1.610041 1.000000 0.250000 8.971660
2.157827 1.000000 5.000000 5.999988 3.000003 3.000003 1.680073 3.474267
0.142857 0.200000 1.000000 0.333333 0.333333 0.142249 0.125000 0.615129
0.200000 0.166667 3.000000 1.000000 0.407128 1.000000 0.200000 2.000000
0.621102 0.333333 3.000000 2.456230 1.000000 0.284816 0.333333 5.000000
1.000000 0.333333 7.029948 1.000000 3.511035 1.000000 0.111111 3.407168
4.000000 0.595212 8.000000 5.000000 3.000000 9.000000 1.000000 7.887648
0.111462 0.287830 1.625674 0.500000 0.200000 0.293499 0.126781 1.000000

Matrix 995:
1.000000 3.000003 5.999988 0.363189 0.640436 1.000000 1.493769 3.820446
0.333333 1.000000 0.500000 0.200000 0.325690 0.125000 0.142857 0.250000
0.166667 2.000000 1.000000 0.250000 0.125000 0.152079 0.166667 0.500000
2.753389 5.000000 4.000000 1.000000 0.602327 1.547713 2.000000 7.000000
1.561436 3.070406 8.000000 1.660229 1.000000 1.000000 3.000000 2.000000
1.000000 8.000000 6.575545 0.646115 1.000000 1.000000 1.101142 9.000000
0.669447 7.000000 6.000000 0.500000 0.333333 0.908148 1.000000 4.000000
0.261750 4.000000 2.000000 0.142857 0.500000 0.111111 0.250000 1.000000

Matrix 996:
1.000000 5.000000 1.000000 0.125000 0.250000 0.500000 0.250000 1.813254
0.200000 1.000000 0.142857 0.142857 0.333333 0.200000 0.250000 0.473577
1.000000 7.000000 1.000000 0.142857 0.166667 1.464247 0.629911 3.000000
8.000000 7.000000 7.000000 1.000000 1.813885 1.104425 1.680066 5.000000
4.000000 3.000000 6.000000 0.551303 1.000000 0.595525 1.000000 4.000000
2.000000 5.000000 0.682945 0.905449 1.679190 1.000000 0.537412 2.574201
4.000000 4.000000 1.587525 0.595215 1.000000 1.860771 1.000000 7.000000
0.551495 2.111591 0.333333 0.200000 0.250000 0.388470 0.142857 1.000000

Matrix 997:
1.000000 0.516430 0.500000 2.000000 3.000003 8.000000 0.250000 0.200000
1.936370 1.000000 0.605813 2.701273 2.000000 4.000000 0.166667 1.428291
2.000000 1.650675 1.000000 8.000000 7.000007 5.000000 0.425371 1.000000
0.500000 0.370196 0.125000 1.000000 1.238842 4.000000 0.142857 0.500000
0.333333 0.500000 0.142857 0.807205 1.000000 1.771534 0.111111 0.725670
0.125000 0.250000 0.200000 0.250000 0.564483 1.000000 0.137416 0.166667
4.000000 6.000000 2.350888 7.000000 9.000000 7.277192 1.000000 0.841865
5.000000 0.700138 1.000000 2.000000 1.378037 6.000000 1.187838 1.000000

Matrix 998:
1.000000 0.111111 0.405515 1.580691 0.333333 0.200000 1.000000 0.250000
9.000000 1.000000 7.000007 5.999988 1.886793 4.000000 8.000000 7.000000
2.466003 0.142857 1.000000 1.000000 0.439721 0.333333 3.648825 2.000000
0.632635 0.166667 1.000000 1.000000 0.175200 0.142857 1.877122 0.372161
3.000000 0.530000 2.274168 5.707778 1.000000 1.570969 1.480615 4.000000
5.000000 0.250000 3.000000 7.000000 0.636550 1.000000 4.000000 2.000000
1.000000 0.125000 0.274061 0.532730 0.675395 0.250000 1.000000 2.000000
4.000000 0.142857 0.500000 2.687012 0.250000 0.500000 0.500000 1.000000

Matrix 999:
1.000000 9.000009 0.443089 5.000000 4.000000 5.000000 5.000000 8.000000
0.111111 1.000000 0.125000 0.409608 0.200000 1.368477 2.427527 0.500000
2.256884 8.000000 1.000000 2.000000 8.575883 7.000007 9.000009 6.000000
0.200000 2.441362 0.500000 1.000000 0.263322 0.500000 2.000000 1.629191
0.250000 5.000000 0.116606 3.797637 1.000000 5.108667 5.000000 4.000000
0.200000 0.730739 0.142857 2.000000 0.195746 1.000000 2.000000 0.611157
0.200000 0.411942 0.111111 0.500000 0.200000 0.500000 1.000000 0.617074
0.125000 2.000000 0.166667 0.613802 0.250000 1.636241 1.620550 1.000000

Matrix 1000:
1.000000 0.500000 1.726609 4.000000 5.649550 5.999988 8.000000 8.432012
2.000000 1.000000 3.000003 2.692376 5.000000 7.000007 4.000000 4.000000
0.579170 0.333333 1.000000 0.728638 1.000000 8.000000 7.000000 9.000000
0.250000 0.371419 1.372424 1.000000 3.000003 3.000003 8.000000 2.000000
0.177005 0.200000 1.000000 0.333333 1.000000 2.111855 1.251505 2.000000
0.166667 0.142857 0.125000 0.333333 0.473517 1.000000 2.237960 1.894207
0.125000 0.250000 0.142857 0.125000 0.799038 0.446836 1.000000 0.505592
0.118596 0.250000 0.111111 0.500000 0.500000 0.527926 1.977881 1.000000

Matrix 1001:
1.000000 0.503293 3.102989 0.549247 0.500000 0.333333 0.279030 1.000000
1.986915 1.000000 4.000000 3.572047 0.500000 3.000003 3.000000 2.000000
0.322270 0.250000 1.000000 0.333333 0.250000 0.250000 0.142857 0.200000
1.820675 0.279952 3.000000 1.000000 0.277202 0.723233 1.000000 2.458757
2.000000 2.000000 4.000000 3.607478 1.000000 0.493931 1.774344 2.000000
3.000000 0.333333 4.000000 1.382680 2.024575 1.000000 0.421748 1.000000
3.583850 0.333333 7.000000 1.000000 0.563588 2.371085 1.000000 1.266491
1.000000 0.500000 5.000000 0.406710 0.500000 1.000000 0.789583 1.000000

Matrix 1002:
1.000000 2.000000 1.271439 8.000000 5.000000 2.255020 9.000009 8.000000
0.500000 1.000000 0.826187 5.000000 1.919490 0.500000 5.436242 9.000000
0.786510 1.210380 1.000000 1.000000 0.500000 0.572137 5.999988 4.583707
0.125000 0.200000 1.000000 1.000000 0.142857 0.215862 2.000000 0.843624
0.200000 0.520972 2.000000 7.000000 1.000000 2.140766 3.000003 7.000000
0.443455 2.000000 1.747832 4.632592 0.467123 1.000000 8.000000 3.000000
0.111111 0.183951 0.166667 0.500000 0.333333 0.125000 1.000000 1.979007
0.125000 0.111111 0.218164 1.185362 0.142857 0.333333 0.505304 1.000000

Matrix 1003:
1.000000 1.000000 5.999988 9.000009 8.000000 3.000000 8.000000 9.000000
1.000000 1.000000 2.000000 8.000000 9.000009 4.000000 5.000000 2.000000
0.166667 0.500000 1.000000 4.981588 5.999988 2.402999 7.000000 1.000000
0.111111 0.125000 0.200739 1.000000 1.656259 0.333333 1.000000 0.125000
0.125000 0.111111 0.166667 0.603770 1.000000 0.333333 0.200000 0.250000
0.333333 0.250000 0.416147 3.000000 3.000000 1.000000 0.744410 0.500000
0.125000 0.200000 0.142857 1.000000 5.000000 1.343345 1.000000 0.500000
0.111111 0.500000 1.000000 8.000000 4.000000 2.000000 2.000000 1.000000

Matrix 1004:
1.000000 2.240912 0.482798 3.000003 2.000000 1.000000 0.460147 0.125000
0.446247 1.000000 0.200000 0.333333 0.250000 0.333333 0.142857 0.118453
2.071258 5.000000 1.000000 4.774593 2.000000 0.471288 0.333333 0.250000
0.333333 3.000000 0.209442 1.000000 0.200000 0.500000 0.333333 0.166667
0.500000 4.000000 0.500000 5.000000 1.000000 0.200000 1.000000 0.200000
1.000000 3.000000 2.121847 2.000000 5.000000 1.000000 1.344327 0.250000
2.173221 7.000000 3.000000 3.000000 1.000000 0.743867 1.000000 0.250000
8.000000 8.442178 4.000000 6.000000 5.000000 4.000000 4.000000 1.000000

Matrix 1005:
1.000000 4.000000 3.000003 1.000000 3.000003 5.000000 5.000000 8.000000
0.250000 1.000000 0.125000 0.136969 2.000000 1.000000 0.500000 1.853470
0.333333 8.000000 1.000000 2.910334 5.999988 4.000000 2.128487 7.728054
1.000000 7.300925 0.343603 1.000000 8.000000 2.264540 0.644615 5.000000
0.333333 0.500000 0.166667 0.125000 1.000000 1.000000 0.250000 2.000000
0.200000 1.000000 0.250000 0.441591 1.000000 1.000000 1.000000 3.155181
0.200000 2.000000 0.469817 1.551315 4.000000 1.000000 1.000000 2.000000
0.125000 0.539529 0.129399 0.200000 0.500000 0.316939 0.500000 1.000000

Matrix 1006:
1.000000 2.764363 4.000000 5.000000 0.630592 5.999988 2.206375 3.356311
0.361747 1.000000 1.859683 0.333333 0.250000 1.302580 1.000000 0.426133
0.250000 0.537726 1.000000 0.333333 0.142857 2.421071 0.220701 0.333333
0.200000 3.000000 3.000000 1.000000 0.327213 1.914728 2.114846 1.426434
1.585811 4.000000 7.000000 3.056110 1.000000 4.000000 1.000000 4.000000
0.166667 0.767707 0.413040 0.522267 0.250000 1.000000 0.166667 0.166667
0.453232 1.000000 4.531021 0.472848 1.000000 6.000000 1.000000 4.000000
0.297946 2.346687 3.000000 0.701049 0.250000 6.000000 0.250000 1.000000

Matrix 1007:
1.000000 0.166667 0.200000 1.000000 0.333333 2.000000 1.999087 0.166667
6.000000 1.000000 5.000000 4.591298 2.429334 8.000000 7.000000 3.000000
5.000000 0.200000 1.000000 2.793596 0.142857 5.000000 2.000000 1.000000
1.000000 0.217803 0.357962 1.000000 0.166667 3.000003 4.000000 0.200000
3.000000 0.411635 7.000000 6.000000 1.000000 5.999988 6.000000 1.818173
0.500000 0.125000 0.200000 0.333333 0.166667 1.000000 2.000000 0.142857
0.500228 0.142857 0.500000 0.250000 0.166667 0.500000 1.000000 0.333333
6.000000 0.333333 1.000000 5.000000 0.550003 7.000000 3.000000 1.000000

Matrix 1008:
1.000000 0.250000 0.902390 0.250000 3.000003 1.342282 0.757236 5.000000
4.000000 1.000000 1.000000 1.669503 7.000007 5.000000 9.000009 8.731459
1.108169 1.000000 1.000000 0.333333 5.000000 4.000000 2.000000 7.002316
4.000000 0.598981 3.000000 1.000000 8.336536 7.000007 3.000003 7.000000
0.333333 0.142857 0.200000 0.119954 1.000000 2.001658 0.250000 2.000000
0.745000 0.200000 0.250000 0.142857 0.499586 1.000000 1.492853 7.000000
1.320593 0.111111 0.500000 0.333333 4.000000 0.669858 1.000000 9.000000
0.200000 0.114528 0.142810 0.142857 0.500000 0.142857 0.111111 1.000000

Matrix 1009:
1.000000 0.135831 1.000000 4.000000 2.000000 0.250000 0.250000 0.500000
7.362064 1.000000 8.000000 8.000000 9.000009 3.000003 6.000000 6.000000
1.000000 0.125000 1.000000 1.610800 2.843452 0.500000 0.166667 0.494208
0.250000 0.125000 0.620810 1.000000 0.582387 0.142857 0.500000 0.270471
0.500000 0.111111 0.351685 1.717070 1.000000 0.183167 0.142857 1.404525
4.000000 0.333333 2.000000 7.000000 5.459493 1.000000 2.186522 6.000000
4.000000 0.166667 6.000000 2.000000 7.000000 0.457347 1.000000 5.000000
2.000000 0.166667 2.023440 3.697256 0.711985 0.166667 0.200000 1.000000

Matrix 1010:
1.000000 2.000000 1.350537 0.250000 0.250000 1.096727 0.434556 2.000000
0.500000 1.000000 0.125000 0.125000 0.142857 1.490706 1.000000 0.500000
0.740446 8.000000 1.000000 0.476729 0.250000 3.000003 3.864096 2.118803
4.000000 8.000000 2.097626 1.000000 0.548202 5.999988 3.000003 6.000000
4.000000 7.000000 4.000000 1.824144 1.000000 5.999988 1.987099 2.000000
0.911804 0.670823 0.333333 0.166667 0.166667 1.000000 0.333333 0.504883
2.301200 1.000000 0.258793 0.333333 0.503246 3.000000 1.000000 1.258099
0.500000 2.000000 0.471965 0.166667 0.500000 1.980657 0.794850 1.000000

Matrix 1011:
1.000000 0.500000 0.494869 0.390459 2.179786 0.333333 1.000000 4.000000
2.000000 1.000000 1.492394 3.141812 4.000000 1.938765 3.566962 2.282939
2.020739 0.670064 1.000000 1.323207 7.421546 0.464480 2.000000 5.000000
2.561089 0.318288 0.755740 1.000000 8.000000 1.000000 0.539883 1.566699
0.458761 0.250000 0.134743 0.125000 1.000000 0.166667 0.111111 0.333333
3.000000 0.515792 2.152944 1.000000 6.000000 1.000000 1.501173 7.000000
1.000000 0.280351 0.500000 1.852252 9.000000 0.666146 1.000000 5.000000
0.250000 0.438032 0.200000 0.638285 3.000000 0.142857 0.200000 1.000000

Matrix 1012:
1.000000 0.417860 0.333333 0.200000 2.259655 5.460509 2.347705 0.428356
2.393147 1.000000 1.045369 2.124245 7.000007 2.000000 5.654221 0.678700
3.000000 0.956600 1.000000 3.000003 8.000000 7.637156 5.000000 0.984483
5.000000 0.470755 0.333333 1.000000 4.000000 7.000007 9.000009 0.500000
0.442545 0.142857 0.125000 0.250000 1.000000 0.500000 0.500000 0.111111
0.183133 0.500000 0.130939 0.142857 2.000000 1.000000 0.566366 0.250000
0.425948 0.176859 0.200000 0.111111 2.000000 1.765644 1.000000 0.125000
2.334505 1.473406 1.015762 2.000000 9.000000 4.000000 8.000000 1.000000

Matrix 1013:
1.000000 0.841770 5.000000 6.265373 2.000000 5.999988 1.972325 7.659428
1.187973 1.000000 4.755833 7.000007 0.744275 2.823712 0.667962 3.000000
0.200000 0.210268 1.000000 2.657904 0.166667 2.136711 0.166667 1.599564
0.159607 0.142857 0.376236 1.000000 0.111111 0.331064 0.500000 0.556052
0.500000 1.343590 6.000000 9.000000 1.000000 3.866410 3.082019 9.000000
0.166667 0.354144 0.468009 3.020568 0.258638 1.000000 0.125000 4.000000
0.507016 1.497091 6.000000 2.000000 0.324463 8.000000 1.000000 7.000000
0.130558 0.333333 0.625171 1.798391 0.111111 0.250000 0.142857 1.000000

Matrix 1014:
1.000000 0.200000 0.111111 0.166667 0.125000 2.000000 0.485416 1.876959
5.000000 1.000000 1.007551 3.000003 0.333333 3.330300 3.000003 4.000000
9.000000 0.992506 1.000000 0.627607 0.567759 8.000000 4.000000 4.000000
6.000000 0.333333 1.593354 1.000000 0.333333 5.999988 5.268700 8.000000
8.000000 3.000000 1.761312 3.000000 1.000000 5.872163 5.000000 2.000000
0.500000 0.300273 0.125000 0.166667 0.170295 1.000000 0.641744 0.459169
2.060090 0.333333 0.250000 0.189800 0.200000 1.558254 1.000000 0.520868
0.532777 0.250000 0.250000 0.125000 0.500000 2.177846 1.919871 1.000000

Matrix 1015:
1.000000 0.593478 3.052127 5.999988 5.999988 4.390179 3.391558 0.379822
1.684982 1.000000 2.363452 8.000000 5.000000 5.999988 5.000000 0.333333
0.327640 0.423110 1.000000 4.000000 2.000000 1.884382 3.108627 0.213389
0.166667 0.125000 0.250000 1.000000 0.142857 0.500000 0.173996 0.166667
0.166667 0.200000 0.500000 7.000000 1.000000 1.580445 0.500000 0.111111
0.227781 0.166667 0.530678 2.000000 0.632733 1.000000 2.000000 0.250000
0.294850 0.200000 0.321685 5.747265 2.000000 0.500000 1.000000 0.333333
2.632814 3.000000 4.686273 6.000000 9.000000 4.000000 3.000000 1.000000

Matrix 1016:
1.000000 2.808370 0.166667 1.310814 0.649487 5.000000 0.250000 0.500000
0.356078 1.000000 0.111111 0.250000 0.166667 1.464349 0.142857 0.605892
6.000000 9.000000 1.000000 4.000000 3.000003 4.000000 1.996768 7.000000
0.762885 4.000000 0.250000 1.000000 1.000000 4.000000 1.000000 0.323643
1.539677 6.000000 0.333333 1.000000 1.000000 2.188610 0.200000 0.488324
0.200000 0.682897 0.250000 0.250000 0.456911 1.000000 0.111111 0.250000
4.000000 7.000000 0.500809 1.000000 5.000000 9.000000 1.000000 2.000000
2.000000 1.650459 0.142857 3.089822 2.047821 4.000000 0.500000 1.000000

Matrix 1017:
1.000000 8.000000 7.450424 4.388201 8.000000 2.773115 3.837533 8.000000
0.125000 1.000000 2.666366 0.333333 3.000003 0.500000 0.111111 0.500000
0.134221 0.375042 1.000000 0.142857 1.683262 0.500000 0.111111 0.250000
0.227884 3.000000 7.000000 1.000000 2.569142 0.735800 0.613050 2.026432
0.125000 0.333333 0.594085 0.389235 1.000000 1.246227 0.200000 0.537343
0.360605 2.000000 2.000000 1.359065 0.802422 1.000000 0.142857 0.609083
0.260584 9.000000 9.000000 1.631189 5.000000 7.000000 1.000000 1.364733
0.125000 2.000000 4.000000 0.493478 1.861008 1.641812 0.732744 1.000000

Matrix 1018:
1.000000 0.817457 0.166667 0.957872 0.603600 0.333333 0.200000 1.000000
1.223307 1.000000 0.500000 5.000000 5.999988 0.402071 1.000000 5.000000
6.000000 2.000000 1.000000 4.000000 3.000003 2.652359 2.000000 1.619036
1.043981 0.200000 0.250000 1.000000 0.500000 0.200000 0.166667 0.341241
1.656725 0.166667 0.333333 2.000000 1.000000 0.200813 0.262045 1.583123
3.000000 2.487120 0.377023 5.000000 4.979763 1.000000 1.000000 4.000000
5.000000 1.000000 0.500000 6.000000 3.816140 1.000000 1.000000 2.000000
1.000000 0.200000 0.617652 2.930477 0.631663 0.250000 0.500000 1.000000

Matrix 1019:
1.000000 8.000000 3.141699 3.000003 3.000003 0.500000 0.386445 0.553336
0.125000 1.000000 0.640779 0.452775 0.111111 0.250000 0.250000 0.156122
0.318299 1.560600 1.000000 1.000000 0.142857 0.200000 0.142857 0.125000
0.333333 2.208603 1.000000 1.000000 0.173598 0.250000 0.603299 0.142857
0.333333 9.000000 7.000000 5.760449 1.000000 0.250000 0.535194 0.500000
2.000000 4.000000 5.000000 4.000000 4.000000 1.000000 0.704748 1.000000
2.587689 4.000000 7.000000 1.657553 1.868481 1.418947 1.000000 0.448497
1.807221 6.405239 8.000000 7.000000 2.000000 1.000000 2.229672 1.000000

Matrix 1020:
1.000000 0.200000 0.208516 0.135476 0.125000 0.111111 1.104309 0.200000
5.000000 1.000000 7.000007 0.607955 1.215882 2.000000 7.000000 1.847868
4.795785 0.142857 1.000000 0.200000 0.651851 0.415150 4.000000 0.200000
7.381397 1.644859 5.000000 1.000000 2.280033 1.192740 6.000000 0.500000
8.000000 0.822448 1.534093 0.438590 1.000000 0.621127 5.000000 0.347471
9.000000 0.500000 2.408769 0.838406 1.609977 1.000000 1.338706 0.333333
0.905544 0.142857 0.250000 0.166667 0.200000 0.746990 1.000000 0.142857
5.000000 0.541164 5.000000 2.000000 2.877936 3.000000 7.000000 1.000000

Matrix 1021:
1.000000 5.999988 5.000000 2.416678 9.000009 1.000000 2.000000 0.787097
0.166667 1.000000 2.000000 0.166667 0.556572 0.142857 0.565787 0.125000
0.200000 0.500000 1.000000 0.142857 1.259002 0.142857 0.250000 0.333333
0.413791 6.000000 7.000000 1.000000 3.000003 1.976990 5.000000 2.000000
0.111111 1.796713 0.794280 0.333333 1.000000 0.142857 0.500000 0.500000
1.000000 7.000000 7.000000 0.505820 7.000000 1.000000 5.000000 0.433231
0.500000 1.767448 4.000000 0.200000 2.000000 0.200000 1.000000 0.166667
1.270492 8.000000 3.000000 0.500000 2.000000 2.308238 6.000000 1.000000

Matrix 1022:
1.000000 0.111111 1.690167 0.111111 0.333333 0.200000 0.333333 0.142857
9.000000 1.000000 5.300573 1.000000 7.000007 7.000007 0.664421 7.000000
0.591658 0.188659 1.000000 0.111111 0.305342 0.395835 0.149523 0.279165
9.000000 1.000000 9.000000 1.000000 2.000000 1.999547 1.000000 3.000000
3.000000 0.142857 3.275012 0.500000 1.000000 1.566081 0.333333 0.547418
5.000000 0.142857 2.526307 0.500113 0.638536 1.000000 0.333333 1.955342
3.000000 1.505071 6.687915 1.000000 3.000000 3.000000 1.000000 7.000000
7.000000 0.142857 3.582117 0.333333 1.826759 0.511420 0.142857 1.000000

Matrix 1023:
1.000000 0.500000 2.000000 2.356081 5.000000 2.000000 1.961410 7.000000
2.000000 1.000000 2.000000 1.248521 5.999988 1.000000 0.643526 4.000000
0.500000 0.500000 1.000000 0.688409 0.500000 0.500000 0.481526 2.155052
0.424434 0.800948 1.452624 1.000000 9.000009 2.000000 4.000000 5.000000
0.200000 0.166667 2.000000 0.111111 1.000000 0.166667 0.500000 2.135630
0.500000 1.000000 2.000000 0.500000 6.000000 1.000000 2.000000 6.000000
0.509837 1.553938 2.076732 0.250000 2.000000 0.500000 1.000000 2.000000
0.142857 0.250000 0.464026 0.200000 0.468246 0.166667 0.500000 1.000000

Matrix 1024:
1.000000 0.500000 0.575684 1.000000 0.333333 0.200000 0.166667 1.000000
2.000000 1.000000 1.000000 2.000000 0.125000 0.254792 0.553603 3.146842
1.737065 1.000000 1.000000 1.988400 0.166667 0.200000 0.166667 2.000000
1.000000 0.500000 0.502917 1.000000 0.125000 0.125000 0.111111 0.129254
3.000000 8.000000 6.000000 8.000000 1.000000 1.954864 0.501446 5.000000
5.000000 3.924770 5.000000 8.000000 0.511545 1.000000 1.000000 9.000000
6.000000 1.806349 6.000000 9.000000 1.994233 1.000000 1.000000 3.000000
1.000000 0.317779 0.500000 7.736710 0.200000 0.111111 0.333333 1.000000

Matrix 1025:
1.000000 4.000000 3.000003 0.654882 3.411463 3.000003 1.000000 2.087004
0.250000 1.000000 0.605138 0.333333 0.980664 5.999988 0.200000 0.333333
0.333333 1.652514 1.000000 0.111111 2.530261 3.277737 0.111111 0.500000
1.526992 3.000000 9.000000 1.000000 5.999988 7.000007 0.523935 2.000000
0.293129 1.019717 0.395216 0.166667 1.000000 2.125166 0.250000 1.215144
0.333333 0.166667 0.305089 0.142857 0.470552 1.000000 0.200000 0.500000
1.000000 5.000000 9.000000 1.908634 4.000000 5.000000 1.000000 4.000000
0.479156 3.000000 2.000000 0.500000 0.822948 2.000000 0.250000 1.000000

Matrix 1026:
1.000000 0.500000 3.383199 3.851498 5.383838 5.000000 8.000000 0.333333
2.000000 1.000000 4.134464 1.650701 4.000000 3.923640 5.000000 1.862057
0.295578 0.241869 1.000000 0.166667 1.539529 0.500000 1.765671 0.500000
0.259639 0.605803 6.000000 1.000000 5.999988 5.999988 2.430968 0.651680
0.185741 0.250000 0.649550 0.166667 1.000000 1.000000 1.000000 0.333333
0.200000 0.254865 2.000000 0.166667 1.000000 1.000000 1.715586 0.111111
0.125000 0.200000 0.566357 0.411359 1.000000 0.582891 1.000000 0.125000
3.000000 0.537040 2.000000 1.534495 3.000000 9.000000 8.000000 1.000000

Matrix 1027:
1.000000 0.319563 1.023126 0.337995 1.000000 0.365401 0.233666 1.000000
3.129274 1.000000 0.500000 0.550416 8.000000 1.000000 2.000000 1.546252
0.977396 2.000000 1.000000 0.648577 5.000000 0.445499 1.321480 3.000000
2.958621 1.816806 1.541838 1.000000 9.000009 0.493251 0.809609 3.000000
1.000000 0.125000 0.200000 0.111111 1.000000 0.250000 0.200000 0.250000
2.736716 1.000000 2.244676 2.027366 4.000000 1.000000 0.500000 1.000000
4.279622 0.500000 0.756727 1.235164 5.000000 2.000000 1.000000 1.000000
1.000000 0.646725 0.333333 0.333333 4.000000 1.000000 1.000000 1.000000

Matrix 1028:
1.000000 3.393294 1.848442 3.705750 8.262227 3.000003 5.999988 3.954600
0.294699 1.000000 1.554537 3.000003 3.000003 1.817578 7.386060 5.000000
0.540996 0.643278 1.000000 3.000003 3.000003 1.734213 9.000009 1.042833
0.269851 0.333333 0.333333 1.000000 3.020452 0.333333 5.000000 2.178063
0.121033 0.333333 0.333333 0.331076 1.000000 0.111111 0.746654 2.000000
0.333333 0.550183 0.576630 3.000000 9.000000 1.000000 7.000007 2.650422
0.166667 0.135390 0.111111 0.200000 1.339309 0.142857 1.000000 0.272851
0.252870 0.200000 0.958926 0.459124 0.500000 0.377298 3.665000 1.000000

Matrix 1029:
1.000000 0.142857 0.362421 0.250000 0.142857 0.142857 0.142857 0.111111
7.000000 1.000000 8.000000 2.000000 5.000000 3.000003 2.053738 4.000000
2.759221 0.125000 1.000000 0.250000 0.250000 0.500000 0.456955 2.000000
4.000000 0.500000 4.000000 1.000000 2.554436 0.590247 0.540628 1.874231
7.000000 0.200000 4.000000 0.391476 1.000000 1.000000 0.500000 2.000000
7.000000 0.333333 2.000000 1.694205 1.000000 1.000000 1.000000 6.000000
7.000000 0.486917 2.188398 1.849702 2.000000 1.000000 1.000000 1.000000
9.000000 0.250000 0.500000 0.533552 0.500000 0.166667 1.000000 1.000000

Matrix 1030:
1.000000 1.595106 1.697598 2.000000 0.500000 5.000000 7.000000 2.000000
0.626918 1.000000 3.000003 7.000007 0.333333 5.000000 6.056815 2.000000
0.589068 0.333333 1.000000 3.000003 1.072841 7.000007 4.000000 1.547892
0.500000 0.142857 0.333333 1.000000 0.142857 4.000000 0.511345 0.973235
2.000000 3.000000 0.932105 7.000000 1.000000 8.000000 2.884247 4.000000
0.200000 0.200000 0.142857 0.250000 0.125000 1.000000 0.200000 0.183992
0.142857 0.165103 0.250000 1.955626 0.346711 5.000000 1.000000 1.000000
0.500000 0.500000 0.646040 1.027501 0.250000 5.435024 1.000000 1.000000

Matrix 1031:
1.000000 5.000000 7.000007 4.000000 0.499230 5.999988 5.000000 0.504335
0.200000 1.000000 0.686199 0.500000 0.250000 0.200000 0.500000 0.125000
0.142857 1.457304 1.000000 0.333333 0.250000 0.233205 0.250000 0.125000
0.250000 2.000000 3.000000 1.000000 1.231440 3.000003 2.468673 0.550106
2.003083 4.000000 4.000000 0.812057 1.000000 5.999988 5.999988 0.500000
0.166667 5.000000 4.288079 0.333333 0.166667 1.000000 0.520788 0.166667
0.200000 2.000000 4.000000 0.405076 0.166667 1.920166 1.000000 0.250000
1.982811 8.000000 8.000000 1.817832 2.000000 6.000000 4.000000 1.000000

Matrix 1032:
1.000000 0.537472 0.604621 0.333333 0.166667 0.333333 3.000003 0.437018
1.860561 1.000000 5.999988 0.200000 0.307670 0.237652 4.000000 2.000000
1.653928 0.166667 1.000000 0.142857 0.111111 0.111111 1.486341 1.000000
3.000000 5.000000 7.000000 1.000000 1.000000 2.109810 3.000003 4.000000
6.000000 3.250232 9.000000 1.000000 1.000000 2.000000 9.000009 1.928954
3.000000 4.207831 9.000000 0.473976 0.500000 1.000000 7.417125 6.000000
0.333333 0.250000 0.672793 0.333333 0.111111 0.134823 1.000000 1.091305
2.288235 0.500000 1.000000 0.250000 0.518416 0.166667 0.916334 1.000000

Matrix 1033:
1.000000 4.000000 9.000009 3.414135 3.000003 5.000000 3.000003 2.000000
0.250000 1.000000 7.000007 1.934701 3.000003 3.000003 1.938000 2.000000
0.111111 0.142857 1.000000 0.166667 0.201728 2.000000 0.136832 0.333333
0.292900 0.516876 6.000000 1.000000 1.764067 2.735804 0.333333 0.960984
0.333333 0.333333 4.957162 0.566872 1.000000 9.000009 0.999264 2.000000
0.200000 0.333333 0.500000 0.365523 0.111111 1.000000 0.200000 0.200000
0.333333 0.515996 7.308240 3.000000 1.000736 5.000000 1.000000 1.643262
0.500000 0.500000 3.000000 1.040600 0.500000 5.000000 0.608546 1.000000

Matrix 1034:
1.000000 2.128985 0.500000 0.587262 0.200000 2.000000 4.000000 0.200000
0.469707 1.000000 0.333333 0.500000 0.142857 1.675093 0.631011 0.500000
2.000000 3.000000 1.000000 3.000003 2.000000 3.000003 7.000007 2.881403
1.702816 2.000000 0.333333 1.000000 0.333333 2.742070 3.070800 0.333333
5.000000 7.000000 0.500000 3.000000 1.000000 9.000009 7.000007 3.172351
0.500000 0.596982 0.333333 0.364688 0.111111 1.000000 2.827832 0.333333
0.250000 1.584758 0.142857 0.325648 0.142857 0.353628 1.000000 0.114865
5.000000 2.000000 0.347053 3.000000 0.315224 3.000000 8.705910 1.000000

Matrix 1035:
1.000000 3.671334 1.781273 0.333333 0.250000 1.583496 1.000000 0.142857
0.272381 1.000000 0.166667 0.125000 0.166667 0.500000 0.142857 0.121920
0.561396 6.000000 1.000000 0.333333 0.250000 1.959024 1.753781 0.200000
3.000000 8.000000 3.000000 1.000000 0.463627 7.000007 0.500000 0.166667
4.000000 6.000000 4.000000 2.156908 1.000000 5.000000 2.000000 0.334646
0.631514 2.000000 0.510458 0.142857 0.200000 1.000000 1.000000 0.142857
1.000000 7.000000 0.570197 2.000000 0.500000 1.000000 1.000000 0.142857
7.000000 8.202122 5.000000 6.000000 2.988234 7.000000 7.000000 1.000000

Matrix 1036:
1.000000 3.000003 5.999988 6.672143 4.000000 7.000007 4.000000 2.000000
0.333333 1.000000 3.000003 1.000000 1.654116 5.999988 3.264420 3.000000
0.166667 0.333333 1.000000 0.496368 0.142857 4.000000 0.250000 0.740752
0.149877 1.000000 2.014633 1.000000 0.390375 2.000000 0.323942 1.000000
0.250000 0.604553 7.000000 2.561639 1.000000 8.000000 1.000000 3.000000
0.142857 0.166667 0.250000 0.500000 0.125000 1.000000 0.111111 0.500000
0.250000 0.306333 4.000000 3.086972 1.000000 9.000000 1.000000 1.470553
0.500000 0.333333 1.349979 1.000000 0.333333 2.000000 0.680016 1.000000

Matrix 1037:
1.000000 3.085725 1.215254 9.000009 0.901958 1.738263 5.255410 9.000000
0.324073 1.000000 0.166667 0.333333 0.200000 0.326294 0.500000 1.688186
0.822873 6.000000 1.000000 4.624286 2.000000 3.000003 8.000000 6.000000
0.111111 3.000000 0.216250 1.000000 0.250000 0.320171 3.000000 1.000000
1.108700 5.000000 0.500000 4.000000 1.000000 0.740461 5.000000 9.000000
0.575287 3.064722 0.333333 3.123327 1.350510 1.000000 9.000000 1.225666
0.190280 2.000000 0.125000 0.333333 0.200000 0.111111 1.000000 0.333333
0.111111 0.592352 0.166667 1.000000 0.111111 0.815883 3.000000 1.000000

Matrix 1038:
1.000000 1.964500 1.732941 5.999988 2.000000 0.333333 0.333333 3.353002
0.509035 1.000000 0.500000 2.000000 3.000003 0.125000 1.087146 2.245202
0.577054 2.000000 1.000000 4.000000 1.733570 0.498677 0.500000 3.000000
0.166667 0.500000 0.250000 1.000000 0.200000 0.111111 0.250000 2.037702
0.500000 0.333333 0.576844 5.000000 1.000000 0.250000 0.500000 5.000000
3.000000 8.000000 2.005306 9.000000 4.000000 1.000000 2.000000 3.000000
3.000000 0.919840 2.000000 4.000000 2.000000 0.500000 1.000000 2.931510
0.298240 0.445394 0.333333 0.490749 0.200000 0.333333 0.341121 1.000000

Matrix 1039:
1.000000 2.000000 1.758731 0.125000 0.500000 1.020923 0.306821 0.142857
0.500000 1.000000 0.679018 0.184609 1.000000 0.250000 0.111111 0.111111
0.568592 1.472715 1.000000 0.200000 0.442025 0.485599 0.250000 0.166667
8.000000 5.416843 5.000000 1.000000 5.999988 8.945589 4.000000 2.176336
2.000000 1.000000 2.262317 0.166667 1.000000 1.231244 1.000000 0.500000
0.979506 4.000000 2.059312 0.111787 0.812187 1.000000 1.571916 0.500000
3.259230 9.000000 4.000000 0.250000 1.000000 0.636166 1.000000 2.145659
7.000000 9.000000 6.000000 0.459488 2.000000 2.000000 0.466057 1.000000

Matrix 1040:
1.000000 5.999988 4.810893 3.000003 5.000000 2.000000 2.000000 4.000000
0.166667 1.000000 2.000000 1.067578 4.000000 0.200000 0.418795 0.545068
0.207862 0.500000 1.000000 0.333333 1.000000 0.200000 0.142857 0.166667
0.333333 0.936699 3.000000 1.000000 3.097580 0.500000 1.794764 2.439073
0.200000 0.250000 1.000000 0.322833 1.000000 0.166667 0.250000 0.250000
0.500000 5.000000 5.000000 2.000000 6.000000 1.000000 0.314792 4.000000
0.500000 2.387801 7.000000 0.557176 4.000000 3.176700 1.000000 4.317247
0.250000 1.834633 6.000000 0.409992 4.000000 0.250000 0.231629 1.000000

Matrix 1041:
1.000000 0.125000 0.500000 0.171910 2.000000 0.587383 0.420475 3.000000
8.000000 1.000000 1.396271 1.688554 6.159688 8.000000 7.000007 4.000000
2.000000 0.716194 1.000000 0.433146 1.948397 3.000003 0.545192 1.937652
5.817003 0.592223 2.308691 1.000000 2.812065 3.000003 3.000003 5.000000
0.500000 0.162346 0.513242 0.355611 1.000000 1.706039 1.000000 1.755946
1.702465 0.125000 0.333333 0.333333 0.586153 1.000000 1.627992 1.316964
2.378263 0.142857 1.834216 0.333333 1.000000 0.614254 1.000000 1.567899
0.333333 0.250000 0.516089 0.200000 0.569494 0.759322 0.637796 1.000000

Matrix 1042:
1.000000 5.000000 2.000000 4.085927 4.000000 0.209629 3.000003 1.000000
0.200000 1.000000 0.200000 0.166667 0.631066 0.134229 0.125000 0.142857
0.500000 5.000000 1.000000 0.603853 2.000000 0.210663 1.000000 0.333333
0.244742 6.000000 1.656033 1.000000 3.037070 0.200000 1.492610 0.125000
0.250000 1.584621 0.500000 0.329265 1.000000 0.125000 0.250000 0.200000
4.770330 7.449964 4.746919 5.000000 8.000000 1.000000 4.000000 1.027840
0.333333 8.000000 1.000000 0.669967 4.000000 0.250000 1.000000 0.166667
1.000000 7.000000 3.000000 8.000000 5.000000 0.972914 6.000000 1.000000

Matrix 1043:
1.000000 1.005016 5.999988 7.000007 5.999988 3.000003 7.576628 3.228944
0.995009 1.000000 7.000007 8.000000 9.000009 5.999988 6.000000 1.000000
0.166667 0.142857 1.000000 1.000000 1.231272 0.250000 1.000000 0.579598
0.142857 0.125000 1.000000 1.000000 0.500000 0.460654 3.662866 0.250000
0.166667 0.111111 0.812168 2.000000 1.000000 3.000003 2.000000 0.500000
0.333333 0.166667 4.000000 2.170825 0.333333 1.000000 2.000000 1.163987
0.131985 0.166667 1.000000 0.273010 0.500000 0.500000 1.000000 0.250000
0.309699 1.000000 1.725335 4.000000 2.000000 0.859116 4.000000 1.000000

Matrix 1044:
1.000000 0.200000 1.996351 1.229633 1.261929 1.333930 0.200000 5.000000
5.000000 1.000000 9.000009 7.000007 2.000000 3.000000 4.000000 6.000000
0.500914 0.111111 1.000000 1.000000 0.125000 0.352912 0.125000 1.000000
0.813251 0.142857 1.000000 1.000000 0.600225 1.000000 0.143782 2.000000
0.792438 0.500000 8.000000 1.666041 1.000000 0.333333 0.333333 9.000000
0.749664 0.333333 2.833566 1.000000 3.000000 1.000000 0.500000 3.000000
5.000000 0.250000 8.000000 6.954979 3.000000 2.000000 1.000000 8.000000
0.200000 0.166667 1.000000 0.500000 0.111111 0.333333 0.125000 1.000000

Matrix 1045:
1.000000 5.999988 7.000007 8.000000 2.000000 0.529653 5.000000 2.000000
0.166667 1.000000 1.594556 3.000003 0.303499 0.500000 1.000000 0.333333
0.142857 0.627134 1.000000 3.000003 0.125000 0.142857 1.225434 0.250000
0.125000 0.333333 0.333333 1.000000 0.333333 0.200000 0.166667 0.125000
0.500000 3.294899 8.000000 3.000000 1.000000 0.584207 5.000000 1.000000
1.888029 2.000000 7.000000 5.000000 1.711723 1.000000 2.000000 0.500000
0.200000 1.000000 0.816037 6.000000 0.200000 0.500000 1.000000 1.000000
0.500000 3.000000 4.000000 8.000000 1.000000 2.000000 1.000000 1.000000

Matrix 1046:
1.000000 4.000000 3.000003 5.941254 3.000003 1.846665 1.000000 1.944728
0.250000 1.000000 0.250000 0.200000 0.250000 0.166667 0.200000 0.250000
0.333333 4.000000 1.000000 2.000000 0.571302 0.333333 0.250000 0.250000
0.168315 5.000000 0.500000 1.000000 0.250000 0.166667 0.142857 0.166667
0.333333 4.000000 1.750387 4.000000 1.000000 0.250000 0.592729 2.000000
0.541517 6.000000 3.000000 6.000000 4.000000 1.000000 0.500000 1.889725
1.000000 5.000000 4.000000 7.000000 1.687111 2.000000 1.000000 0.500000
0.514211 4.000000 4.000000 6.000000 0.500000 0.529177 2.000000 1.000000

Matrix 1047:
1.000000 1.840967 9.000009 4.000000 2.000000 6.552959 2.000000 6.000000
0.543193 1.000000 9.000009 4.000000 1.824357 3.000003 2.720098 9.000000
0.111111 0.111111 1.000000 0.500000 0.166667 2.712839 0.250000 1.944884
0.250000 0.250000 2.000000 1.000000 0.500000 9.000009 0.302505 2.000000
0.500000 0.548138 6.000000 2.000000 1.000000 3.000003 0.200000 4.000000
0.152603 0.333333 0.368618 0.111111 0.333333 1.000000 0.123527 0.500000
0.500000 0.367634 4.000000 3.305732 5.000000 8.095415 1.000000 4.821969
0.166667 0.111111 0.514170 0.500000 0.250000 2.000000 0.207384 1.000000

Matrix 1048:
1.000000 0.166667 0.500000 0.200000 2.000000 0.111111 1.715986 3.000000
6.000000 1.000000 4.000000 0.275129 8.603208 0.372236 5.000000 9.000000
2.000000 0.250000 1.000000 0.333333 9.000009 0.224366 2.000000 7.000000
5.000000 3.634657 3.000000 1.000000 7.000007 0.566665 4.000000 9.000000
0.500000 0.116236 0.111111 0.142857 1.000000 0.111111 0.111111 2.000000
9.000000 2.686466 4.457012 1.764712 9.000000 1.000000 8.000000 9.000000
0.582755 0.200000 0.500000 0.250000 9.000000 0.125000 1.000000 2.000000
0.333333 0.111111 0.142857 0.111111 0.500000 0.111111 0.500000 1.000000

Matrix 1049:
1.000000 0.166667 0.200000 0.199637 0.125000 1.537639 0.250000 0.142857
6.000000 1.000000 1.497381 1.149876 4.000000 5.000000 2.000000 2.451404
5.000000 0.667832 1.000000 0.333333 2.000000 5.999988 3.000003 1.000000
5.009103 0.869659 3.000000 1.000000 2.000000 8.000000 8.000000 4.000000
8.000000 0.250000 0.500000 0.500000 1.000000 0.961100 2.804320 1.000000
0.650348 0.200000 0.166667 0.125000 1.040475 1.000000 1.000000 0.142857
4.000000 0.500000 0.333333 0.125000 0.356593 1.000000 1.000000 0.197524
7.000000 0.407929 1.000000 0.250000 1.000000 7.000000 5.062674 1.000000

Matrix 1050:
1.000000 0.166667 0.143256 0.166667 1.000000 0.500000 5.000000 0.333333
6.000000 1.000000 3.000003 1.000000 5.822828 3.993178 5.999988 8.000000
6.980491 0.333333 1.000000 1.614703 2.000000 2.000000 5.000000 2.000000
6.000000 1.000000 0.619309 1.000000 5.000000 4.000000 9.000009 1.000000
1.000000 0.171738 0.500000 0.200000 1.000000 0.395294 2.000000 0.333333
2.000000 0.250427 0.500000 0.250000 2.529762 1.000000 7.000007 3.000000
0.200000 0.166667 0.200000 0.111111 0.500000 0.142857 1.000000 0.125000
3.000000 0.125000 0.500000 1.000000 3.000000 0.333333 8.000000 1.000000

Matrix 1051:
1.000000 1.000000 0.565715 0.341439 1.757575 0.142857 0.500000 0.250000
1.000000 1.000000 1.655056 1.360994 1.000000 0.166667 0.500000 0.200000
1.767676 0.604209 1.000000 0.200000 0.333333 0.142857 0.333333 0.500000
2.928783 0.734757 5.000000 1.000000 2.200619 0.200000 0.773522 0.142857
0.568966 1.000000 3.000000 0.454417 1.000000 0.142857 0.200000 0.166667
7.000000 6.000000 7.000000 5.000000 7.000000 1.000000 8.813014 3.000000
2.000000 2.000000 3.000000 1.292787 5.000000 0.113469 1.000000 0.480825
4.000000 5.000000 2.000000 7.000000 6.000000 0.333333 2.079757 1.000000

Matrix 1052:
1.000000 0.500000 0.142857 3.024626 0.333333 0.166667 0.333333 0.125000
2.000000 1.000000 0.200000 3.000003 0.500000 0.500000 3.000000 0.333333
7.000000 5.000000 1.000000 5.000000 4.803181 1.000000 9.000000 0.500000
0.330619 0.333333 0.200000 1.000000 0.125000 0.142857 1.000000 0.142857
3.000000 2.000000 0.208195 8.000000 1.000000 0.250000 7.000000 1.164146
6.000000 2.000000 1.000000 7.000000 4.000000 1.000000 3.000000 0.593870
3.000000 0.333333 0.111111 1.000000 0.142857 0.333333 1.000000 0.200000
8.000000 3.000000 2.000000 7.000000 0.858999 1.683869 5.000000 1.000000

Matrix 1053:
1.000000 1.823587 0.250000 0.111111 0.333333 0.868802 0.111111 3.647730
0.548370 1.000000 0.115825 0.200000 0.333333 0.468547 0.125000 0.516013
4.000000 8.633747 1.000000 1.000000 0.333333 7.000007 0.333333 3.000000
9.000000 5.000000 1.000000 1.000000 2.000000 2.000000 1.115412 8.000000
3.000000 3.000000 3.000000 0.500000 1.000000 1.801255 0.292092 8.000000
1.151010 2.134256 0.142857 0.500000 0.555168 1.000000 0.125000 2.107727
9.000000 8.000000 3.000000 0.896530 3.423577 8.000000 1.000000 7.771026
0.274143 1.937934 0.333333 0.125000 0.125000 0.474445 0.128683 1.000000

Matrix 1054:
1.000000 0.333333 3.749311 0.581730 0.417228 1.000000 0.500000 1.000000
3.000000 1.000000 2.000000 1.710406 0.142857 1.000000 1.534201 2.000000
0.266716 0.500000 1.000000 0.166667 0.142857 0.142857 0.333333 0.245301
1.719012 0.584656 6.000000 1.000000 0.250000 2.000000 0.438405 1.593500
2.396774 7.000000 7.000000 4.000000 1.000000 4.000000 2.000000 8.343954
1.000000 1.000000 7.000000 0.500000 0.250000 1.000000 0.857775 4.000000
2.000000 0.651805 3.000000 2.280995 0.500000 1.165808 1.000000 0.667505
1.000000 0.500000 4.076619 0.627549 0.119847 0.250000 1.498117 1.000000

Matrix 1055:
1.000000 0.609504 4.000000 1.125063 0.418965 0.500000 1.959377 3.000000
1.640677 1.000000 7.000007 3.000003 2.000000 3.053657 2.000000 6.000000
0.250000 0.142857 1.000000 0.250000 0.111111 0.220727 0.333333 0.391221
0.888839 0.333333 4.000000 1.000000 0.200000 0.607447 0.142857 0.474115
2.386833 0.500000 9.000000 5.000000 1.000000 3.000003 4.000000 6.000000
2.000000 0.327476 4.530492 1.646234 0.333333 1.000000 0.333333 2.623040
0.510366 0.500000 3.000000 7.000000 0.250000 3.000000 1.000000 5.000000
0.333333 0.166667 2.556098 2.109193 0.166667 0.381237 0.200000 1.000000

Matrix 1056:
1.000000 5.000000 5.000000 3.521655 0.495902 1.000000 5.999988 0.500000
0.200000 1.000000 2.243632 1.000000 0.166667 0.200000 1.386092 0.111111
0.200000 0.445706 1.000000 0.901868 0.125000 0.500000 3.000003 0.200000
0.283957 1.000000 1.108809 1.000000 0.200000 2.000000 1.151569 0.500000
2.016529 6.000000 8.000000 5.000000 1.000000 2.000000 9.000009 2.000000
1.000000 5.000000 2.000000 0.500000 0.500000 1.000000 3.000003 0.146113
0.166667 0.721453 0.333333 0.868380 0.111111 0.333333 1.000000 0.111111
2.000000 9.000000 5.000000 2.000000 0.500000 6.844020 9.000000 1.000000

Matrix 1057:
1.000000 0.807446 4.000000 9.000009 2.568284 5.000000 7.000007 0.200000
1.238474 1.000000 2.000000 8.773216 5.999988 3.000003 3.024775 0.411074
0.250000 0.500000 1.000000 9.000009 0.690057 4.000000 2.000000 0.382023
0.111111 0.113983 0.111111 1.000000 0.111111 0.748768 0.142857 0.111111
0.389365 0.166667 1.449156 9.000000 1.000000 2.216111 0.591145 0.125000
0.200000 0.333333 0.250000 1.335528 0.451241 1.000000 0.500000 0.142857
0.142857 0.330603 0.500000 7.000000 1.691631 2.000000 1.000000 0.125000
5.000000 2.432652 2.617646 9.000000 8.000000 7.000000 8.000000 1.000000

Matrix 1058:
1.000000 9.000009 0.333333 1.222683 1.533337 2.000000 0.250000 0.804535
0.111111 1.000000 0.142857 0.265568 0.333333 0.514845 0.142857 0.388525
3.000000 7.000000 1.000000 5.999988 4.246212 5.999988 2.000000 4.000000
0.817873 3.765514 0.166667 1.000000 1.318601 0.465954 0.125000 2.370972
0.652173 3.000000 0.235504 0.758380 1.000000 0.749759 0.745044 2.000000
0.500000 1.942331 0.166667 2.146135 1.333761 1.000000 0.500000 4.000000
4.000000 7.000000 0.500000 8.000000 1.342203 2.000000 1.000000 5.228505
1.242953 2.573834 0.250000 0.421768 0.500000 0.250000 0.191259 1.000000

Matrix 1059:
1.000000 8.928832 7.911381 0.458748 1.563458 2.099190 4.000000 6.767771
0.111997 1.000000 0.287691 0.125000 0.347963 0.142857 1.000000 0.681403
0.126400 3.475956 1.000000 0.142857 0.111111 0.166667 0.422070 0.321474
2.179848 8.000000 7.000000 1.000000 0.500000 3.000003 8.000000 9.000000
0.639608 2.873867 9.000000 2.000000 1.000000 2.092659 5.000000 6.000000
0.476374 7.000000 6.000000 0.333333 0.477861 1.000000 3.000003 9.000000
0.250000 1.000000 2.369275 0.125000 0.200000 0.333333 1.000000 0.826881
0.147759 1.467560 3.110675 0.111111 0.166667 0.111111 1.209364 1.000000

Matrix 1060:
1.000000 1.532862 2.151348 8.000000 6.501786 3.000003 9.000009 8.000000
0.652375 1.000000 0.666754 1.000000 5.999988 4.129804 5.999988 8.000000
0.464825 1.499804 1.000000 2.353781 8.576744 2.568169 3.000003 9.000000
0.125000 1.000000 0.424848 1.000000 3.000003 0.250000 1.896462 4.000000
0.153804 0.166667 0.116594 0.333333 1.000000 0.299512 2.380809 4.000000
0.333333 0.242142 0.389382 4.000000 3.338764 1.000000 9.000009 7.000000
0.111111 0.166667 0.333333 0.527298 0.420025 0.111111 1.000000 3.000000
0.125000 0.125000 0.111111 0.250000 0.250000 0.142857 0.333333 1.000000

Matrix 1061:
1.000000 4.441674 0.440470 0.333333 4.337055 5.000000 0.333333 1.929855
0.225140 1.000000 0.142857 0.200000 2.143596 2.033202 0.142857 0.450293
2.270304 7.000000 1.000000 0.443169 9.000009 7.000007 1.501113 1.000000
3.000000 5.000000 2.256475 1.000000 4.000000 5.769231 0.641286 3.353166
0.230571 0.466506 0.111111 0.250000 1.000000 5.000000 0.142857 0.333333
0.200000 0.491835 0.142857 0.173333 0.200000 1.000000 0.142857 0.111111
3.000000 7.000000 0.666172 1.559366 7.000000 7.000000 1.000000 9.000000
0.518174 2.220778 1.000000 0.298226 3.000000 9.000000 0.111111 1.000000

Matrix 1062:
1.000000 1.414729 2.320503 6.801459 7.102828 7.000007 5.999988 2.596284
0.706849 1.000000 0.500000 0.500000 4.000000 5.000000 1.556231 0.256772
0.430941 2.000000 1.000000 3.662336 5.000000 9.000009 1.770324 0.782012
0.147027 2.000000 0.273050 1.000000 4.000000 2.000000 0.500000 0.487453
0.140789 0.250000 0.200000 0.250000 1.000000 1.928606 0.305427 0.114436
0.142857 0.200000 0.111111 0.500000 0.518509 1.000000 0.142857 0.142857
0.166667 0.642578 0.564868 2.000000 3.274109 7.000000 1.000000 2.000000
0.385166 3.894504 1.278753 2.051482 8.738528 7.000000 0.500000 1.000000

Matrix 1063:
1.000000 1.000000 0.500000 0.448456 2.739734 0.500000 0.556281 1.000000
1.000000 1.000000 0.248223 0.390447 7.000007 3.000003 3.000003 1.000000
2.000000 4.028640 1.000000 1.748692 8.000000 5.000000 2.684843 1.000000
2.229871 2.561168 0.571856 1.000000 5.213973 2.358357 4.000000 0.790915
0.364999 0.142857 0.125000 0.191792 1.000000 0.333333 0.688433 0.200000
2.000000 0.333333 0.200000 0.424024 3.000000 1.000000 0.331525 0.333333
1.797653 0.333333 0.372461 0.250000 1.452574 3.016361 1.000000 1.311523
1.000000 1.000000 1.000000 1.264358 5.000000 3.000000 0.762472 1.000000

Matrix 1064:
1.000000 2.848654 3.100301 1.000000 4.000000 2.547455 2.000000 4.000000
0.351043 1.000000 1.000000 0.111111 4.000000 3.000003 0.333333 3.000000
0.322549 1.000000 1.000000 0.250000 0.500000 0.500000 0.250000 0.597583
1.000000 9.000000 4.000000 1.000000 3.000003 4.000000 1.688556 9.000000
0.250000 0.250000 2.000000 0.333333 1.000000 1.000000 0.200000 0.500000
0.392549 0.333333 2.000000 0.250000 1.000000 1.000000 0.125000 2.416576
0.500000 3.000000 4.000000 0.592222 5.000000 8.000000 1.000000 9.000000
0.250000 0.333333 1.673409 0.111111 2.000000 0.413809 0.111111 1.000000

Matrix 1065:
1.000000 5.999988 6.626559 8.000000 3.000003 2.000000 9.000000 0.605649
0.166667 1.000000 5.999988 0.525055 1.383947 0.200000 7.000000 0.261812
0.150908 0.166667 1.000000 0.500000 0.607452 0.111111 6.000000 0.142857
0.125000 1.904562 2.000000 1.000000 1.000000 0.142857 3.000000 0.333333
0.333333 0.722571 1.646219 1.000000 1.000000 0.125000 2.000000 0.166137
0.500000 5.000000 9.000000 7.000000 8.000000 1.000000 8.000000 0.500000
0.111111 0.142857 0.166667 0.333333 0.500000 0.125000 1.000000 0.125000
1.651123 3.819534 7.000000 3.000000 6.019142 2.000000 8.000000 1.000000

Matrix 1066:
1.000000 2.590106 0.250000 2.000000 4.000000 3.378570 0.138435 0.508589
0.386085 1.000000 0.333333 0.871845 1.232660 1.648864 0.142857 0.216659
4.000000 3.000000 1.000000 3.000003 0.889145 7.681555 0.276688 0.333333
0.500000 1.146992 0.333333 1.000000 0.493147 0.698024 0.142857 0.125000
0.250000 0.811254 1.124675 2.027793 1.000000 5.999988 0.264921 0.166667
0.295983 0.606478 0.130182 1.432616 0.166667 1.000000 0.111111 0.159943
7.223630 7.000000 3.614180 7.000000 3.774712 9.000000 1.000000 2.239506
1.966225 4.615539 3.000000 8.000000 6.000000 6.252240 0.446527 1.000000

Matrix 1067:
1.000000 0.250000 0.550957 0.250000 1.078513 1.000000 1.510082 0.142857
4.000000 1.000000 0.775942 1.000000 2.000000 2.000000 9.000009 0.753884
1.815025 1.288756 1.000000 0.585760 1.000000 1.309556 8.000000 1.000000
4.000000 1.000000 1.707184 1.000000 4.000000 2.862293 4.000000 1.399443
0.927203 0.500000 1.000000 0.250000 1.000000 0.617437 2.000000 0.333333
1.000000 0.500000 0.763617 0.349370 1.619600 1.000000 0.500000 1.020296
0.662216 0.111111 0.125000 0.250000 0.500000 2.000000 1.000000 0.125000
7.000000 1.326463 1.000000 0.714570 3.000000 0.980108 8.000000 1.000000

Matrix 1068:
1.000000 0.200000 0.125000 0.419970 0.384036 0.183982 0.142857 0.200000
5.000000 1.000000 3.000003 9.000009 5.999988 5.999988 4.000000 6.000000
8.000000 0.333333 1.000000 9.000009 5.999988 4.000000 5.999988 4.000000
2.381123 0.111111 0.111111 1.000000 1.787284 2.000000 0.514097 1.853918
2.603923 0.166667 0.166667 0.559508 1.000000 0.500000 0.307686 1.253072
5.435301 0.166667 0.250000 0.500000 2.000000 1.000000 1.518070 2.295070
7.000000 0.250000 0.166667 1.945160 3.250065 0.658731 1.000000 1.537248
5.000000 0.166667 0.250000 0.539398 0.798039 0.435716 0.650513 1.000000

Matrix 1069:
1.000000 4.562123 0.111111 1.631941 0.250000 0.978182 0.139467 0.434641
0.219196 1.000000 0.200000 0.500000 0.142857 0.246854 0.125000 0.111111
9.000000 5.000000 1.000000 6.011877 4.000000 5.999988 2.249514 2.240582
0.612767 2.000000 0.166337 1.000000 0.125000 0.478006 0.500000 0.200000
4.000000 7.000000 0.250000 8.000000 1.000000 5.000000 0.493673 0.455621
1.022305 4.050972 0.166667 2.092024 0.200000 1.000000 0.125000 0.111111
7.170173 8.000000 0.444541 2.000000 2.025630 8.000000 1.000000 0.500000
2.300752 9.000000 0.446313 5.000000 2.194805 9.000000 2.000000 1.000000

Matrix 1070:
1.000000 0.477697 0.598934 0.282433 0.142857 0.125000 1.000000 0.579182
2.093378 1.000000 1.000000 0.250000 0.111111 0.111111 1.000000 1.000000
1.669633 1.000000 1.000000 0.500000 0.166667 0.125000 0.500000 2.929527
3.540661 4.000000 2.000000 1.000000 0.142857 0.142857 1.000000 1.000000
7.000000 9.000000 6.000000 7.000000 1.000000 3.000003 6.045627 5.000000
8.000000 9.000000 8.000000 7.000000 0.333333 1.000000 9.000009 3.000000
1.000000 1.000000 2.000000 1.000000 0.165409 0.111111 1.000000 0.500000
1.726573 1.000000 0.341352 1.000000 0.200000 0.333333 2.000000 1.000000

Matrix 1071:
1.000000 2.000000 2.123928 0.502603 8.000000 1.000000 0.806638 6.000000
0.500000 1.000000 0.500000 0.349347 1.771235 0.142857 0.500000 2.000000
0.470826 2.000000 1.000000 2.000000 1.642530 0.492421 0.500000 4.000000
1.989643 2.862482 0.500000 1.000000 9.000009 0.204363 0.333333 5.474011
0.125000 0.564578 0.608817 0.111111 1.000000 0.200000 0.200000 3.000000
1.000000 7.000000 2.030781 4.893249 5.000000 1.000000 1.171521 6.000000
1.239714 2.000000 2.000000 3.000000 5.000000 0.853591 1.000000 3.815264
0.166667 0.500000 0.250000 0.182681 0.333333 0.166667 0.262105 1.000000

Matrix 1072:
1.000000 2.000000 5.000000 5.999988 4.000000 2.308620 0.166667 0.429156
0.500000 1.000000 0.439933 0.456520 0.521173 1.688843 0.134700 0.200000
0.200000 2.273075 1.000000 0.614695 2.000000 2.000000 0.276951 0.250000
0.166667 2.190483 1.626822 1.000000 0.500000 1.064428 0.200000 0.125000
0.250000 1.918749 0.500000 2.000000 1.000000 0.500000 0.166667 0.333333
0.433159 0.592121 0.500000 0.939472 2.000000 1.000000 0.142857 0.111111
6.000000 7.423883 3.610750 5.000000 6.000000 7.000000 1.000000 2.000000
2.330156 5.000000 4.000000 8.000000 3.000000 9.000000 0.500000 1.000000

Matrix 1073:
1.000000 0.873412 8.000000 2.327546 5.999988 1.352738 0.525174 1.000000
1.144936 1.000000 5.000000 0.829909 7.191859 3.206311 0.250000 1.335231
0.125000 0.200000 1.000000 1.080504 0.606510 0.333333 0.166667 0.166667
0.429637 1.204952 0.925494 1.000000 2.548609 1.806170 0.250000 0.333333
0.166667 0.139046 1.648776 0.392371 1.000000 2.000000 0.125000 0.250000
0.739241 0.311885 3.000000 0.553658 0.500000 1.000000 0.125000 0.121607
1.904133 4.000000 6.000000 4.000000 8.000000 8.000000 1.000000 2.313807
1.000000 0.748934 6.000000 3.000000 4.000000 8.223235 0.432188 1.000000

Matrix 1074:
1.000000 0.236058 3.404882 8.000000 7.000007 2.000000 0.494444 2.091987
4.236248 1.000000 3.000003 9.000009 4.000000 8.000000 2.000000 1.424548
0.293696 0.333333 1.000000 1.217248 1.000000 0.333333 0.125000 0.333333
0.125000 0.111111 0.821525 1.000000 1.000000 0.346682 0.250000 0.443739
0.142857 0.250000 1.000000 1.000000 1.000000 0.837289 0.250000 0.200000
0.500000 0.125000 3.000000 2.884488 1.194331 1.000000 0.166667 0.328690
2.022475 0.500000 8.000000 4.000000 4.000000 6.000000 1.000000 0.507281
0.478014 0.701977 3.000000 2.253575 5.000000 3.042377 1.971296 1.000000

Matrix 1075:
1.000000 6.868298 7.000007 4.000000 8.129944 2.346128 6.000000 8.000000
0.145596 1.000000 1.000000 0.142857 1.000000 0.344175 0.166667 4.000000
0.142857 1.000000 1.000000 0.142857 0.945137 1.254998 0.427608 1.749719
0.250000 7.000000 7.000000 1.000000 3.596555 2.000000 2.000000 4.000000
0.123002 1.000000 1.058048 0.278044 1.000000 1.000000 0.396993 2.267116
0.426234 2.905498 0.796814 0.500000 1.000000 1.000000 0.380116 8.000000
0.166667 6.000000 2.338591 0.500000 2.518935 2.630779 1.000000 5.000000
0.125000 0.250000 0.571520 0.250000 0.441089 0.125000 0.200000 1.000000

Matrix 1076:
1.000000 2.000000 2.000000 3.000003 0.539935 4.000000 3.000003 7.000000
0.500000 1.000000 0.171527 2.603522 0.142857 2.000000 5.000000 1.973832
0.500000 5.829970 1.000000 3.093500 0.978335 7.000007 5.999988 3.000000
0.333333 0.384095 0.323258 1.000000 0.142857 0.422492 2.042500 2.426234
1.852076 7.000000 1.022144 7.000000 1.000000 3.000003 5.000000 4.000000
0.250000 0.500000 0.142857 2.366907 0.333333 1.000000 2.181737 3.000000
0.333333 0.200000 0.166667 0.489596 0.200000 0.458350 1.000000 0.453569
0.142857 0.506629 0.333333 0.412161 0.250000 0.333333 2.204737 1.000000

Matrix 1077:
1.000000 1.512875 1.000000 0.570952 4.616838 0.599247 2.000000 2.000000
0.660993 1.000000 0.500000 0.500000 1.000000 0.111111 2.000000 2.000000
1.000000 2.000000 1.000000 0.500000 2.000000 1.000000 0.500000 2.000000
1.751461 2.000000 2.000000 1.000000 5.999988 1.000000 0.829008 8.000000
0.216598 1.000000 0.500000 0.166667 1.000000 0.111111 0.288278 0.534035
1.668760 9.000000 1.000000 1.000000 9.000000 1.000000 8.000000 6.000000
0.500000 0.500000 2.000000 1.206261 3.468879 0.125000 1.000000 2.000000
0.500000 0.500000 0.500000 0.125000 1.872537 0.166667 0.500000 1.000000

Matrix 1078:
1.000000 1.000000 2.000000 0.166667 0.142857 0.125000 0.200000 0.600864
1.000000 1.000000 1.112485 0.500000 0.200000 1.000000 1.000000 1.219959
0.500000 0.898889 1.000000 0.200000 0.156013 0.166667 0.352459 0.448122
6.000000 2.000000 5.000000 1.000000 0.200000 0.500000 4.000000 3.000000
7.000000 5.000000 6.409713 5.000000 1.000000 5.000000 9.000009 6.000000
8.000000 1.000000 6.000000 2.000000 0.200000 1.000000 3.585601 1.838004
5.000000 1.000000 2.837209 0.250000 0.111111 0.278893 1.000000 0.333333
1.664270 0.819699 2.231534 0.333333 0.166667 0.544068 3.000000 1.000000

Matrix 1079:
1.000000 0.647825 3.000003 0.250000 2.697536 0.111111 0.622873 2.000000
1.543626 1.000000 2.513163 0.421753 5.553639 0.500000 2.472789 0.917003
0.333333 0.397905 1.000000 0.166667 1.703605 0.111111 0.500000 1.000000
4.000000 2.371056 6.000000 1.000000 4.000000 0.166667 3.495913 4.000000
0.370709 0.180062 0.586990 0.250000 1.000000 0.125000 0.142857 0.500000
9.000000 2.000000 9.000000 6.000000 8.000000 1.000000 5.223939 6.000000
1.605463 0.404402 2.000000 0.286048 7.000000 0.191426 1.000000 1.687548
0.500000 1.090509 1.000000 0.250000 2.000000 0.166667 0.592576 1.000000

Matrix 1080:
1.000000 0.333333 0.367083 2.429710 1.839472 0.250000 0.523554 7.000000
3.000000 1.000000 2.000000 4.000000 8.000000 3.504814 2.000000 7.000000
2.724183 0.500000 1.000000 6.366128 9.000009 2.270381 0.767019 9.000000
0.411572 0.250000 0.157081 1.000000 1.000000 0.333333 0.500000 5.000000
0.543634 0.125000 0.111111 1.000000 1.000000 0.283971 0.419435 4.000000
4.000000 0.285322 0.440455 3.000000 3.521487 1.000000 2.373217 6.000000
1.910022 0.500000 1.303749 2.000000 2.384159 0.421369 1.000000 3.000000
0.142857 0.142857 0.111111 0.200000 0.250000 0.166667 0.333333 1.000000

Matrix 1081:
1.000000 5.200388 0.811542 2.000000 8.000000 0.371022 7.000007 1.656676
0.192293 1.000000 0.166667 0.289188 0.333333 0.111111 3.000003 0.166667
1.232222 6.000000 1.000000 0.631766 2.184639 0.669190 9.000009 0.306931
0.500000 3.457962 1.582865 1.000000 4.000000 1.000000 9.000009 1.000000
0.125000 3.000000 0.457741 0.250000 1.000000 0.336851 3.668545 0.500000
2.695256 9.000000 1.494344 1.000000 2.968674 1.000000 3.885109 2.000000
0.142857 0.333333 0.111111 0.111111 0.272588 0.257393 1.000000 0.333333
0.603618 6.000000 3.258061 1.000000 2.000000 0.500000 3.000000 1.000000

Matrix 1082:
1.000000 0.200000 0.619646 0.200000 1.000000 0.246308 0.250000 0.333333
5.000000 1.000000 5.190603 2.097163 5.999988 1.992354 4.000000 3.000000
1.613825 0.192656 1.000000 0.125000 3.025698 0.213480 2.191107 0.547313
5.000000 0.476835 8.000000 1.000000 3.439351 1.776815 1.000000 4.000000
1.000000 0.166667 0.330502 0.290753 1.000000 0.111111 0.523951 1.000000
4.059959 0.501919 4.684281 0.562805 9.000000 1.000000 1.000000 4.000000
4.000000 0.250000 0.456390 1.000000 1.908574 1.000000 1.000000 2.000000
3.000000 0.333333 1.827109 0.250000 1.000000 0.250000 0.500000 1.000000

Matrix 1083:
1.000000 2.000000 0.166667 1.757053 0.704239 0.166667 2.597373 1.000000
0.500000 1.000000 0.381211 7.000007 1.585882 0.200000 3.000003 0.380890
6.000000 2.623222 1.000000 9.000009 5.000000 1.000000 7.000007 1.000000
0.569135 0.142857 0.111111 1.000000 0.125000 0.200000 0.500000 0.111111
1.419973 0.630564 0.200000 8.000000 1.000000 0.187099 0.991022 0.512154
6.000000 5.000000 1.000000 5.000000 5.344754 1.000000 7.000007 0.575390
0.385004 0.333333 0.142857 2.000000 1.009060 0.142857 1.000000 0.250000
1.000000 2.625433 1.000000 9.000000 1.952540 1.737952 4.000000 1.000000

Matrix 1084:
1.000000 0.152369 0.250000 1.766496 0.250000 2.310095 0.421536 0.245351
6.563014 1.000000 1.365548 4.809810 7.000007 9.000009 3.000003 1.687989
4.000000 0.732307 1.000000 3.183906 3.000003 5.999988 5.000000 1.935785
0.566092 0.207908 0.314080 1.000000 0.142857 1.649392 0.940800 0.333333
4.000000 0.142857 0.333333 7.000000 1.000000 6.346338 0.333333 0.500000
0.432883 0.111111 0.166667 0.606284 0.157571 1.000000 0.250000 0.250000
2.372277 0.333333 0.200000 1.062925 3.000000 4.000000 1.000000 0.945775
4.075801 0.592421 0.516586 3.000000 2.000000 4.000000 1.057334 1.000000

Matrix 1085:
1.000000 0.373323 3.621230 1.000000 0.166667 1.292977 1.000000 0.500000
2.678645 1.000000 9.000009 4.000000 0.250000 0.962551 9.000000 3.000000
0.276149 0.111111 1.000000 0.250000 0.200000 0.111111 0.500000 0.125000
1.000000 0.250000 4.000000 1.000000 0.224775 0.195819 2.000000 0.500000
6.000000 4.000000 5.000000 4.448885 1.000000 3.000003 7.000000 4.000000
0.773409 1.038905 9.000000 5.106768 0.333333 1.000000 8.000000 1.453485
1.000000 0.111111 2.000000 0.500000 0.142857 0.125000 1.000000 0.116644
2.000000 0.333333 8.000000 2.000000 0.250000 0.688002 8.573062 1.000000

Matrix 1086:
1.000000 0.142857 0.376978 1.000000 0.333333 1.639629 0.125000 0.251624
7.000000 1.000000 7.000007 5.999988 9.000009 7.000007 7.000000 0.587728
2.652676 0.142857 1.000000 1.015763 1.995541 4.667944 0.250000 0.125000
1.000000 0.166667 0.984482 1.000000 1.781338 5.999988 0.406572 0.351806
3.000000 0.111111 0.501117 0.561376 1.000000 2.000000 0.142857 0.151828
0.609894 0.142857 0.214227 0.166667 0.500000 1.000000 0.111111 0.142857
8.000000 0.142857 4.000000 2.459587 7.000000 9.000000 1.000000 0.681514
3.974177 1.701469 8.000000 2.842473 6.586396 7.000000 1.467322 1.000000

Matrix 1087:
1.000000 0.166667 1.642706 1.598561 0.200000 0.111111 0.333333 0.200000
6.000000 1.000000 7.000007 8.000000 1.646802 0.415090 3.000000 3.130109
0.608752 0.142857 1.000000 0.250000 0.125000 0.142857 0.166667 0.200000
0.625563 0.125000 4.000000 1.000000 0.250000 0.250000 1.382205 0.546057
5.000000 0.607237 8.000000 4.000000 1.000000 0.147003 5.000000 4.000000
9.000000 2.409116 7.000000 4.000000 6.802600 1.000000 6.000000 3.000000
3.000000 0.333333 6.000000 0.723482 0.200000 0.166667 1.000000 1.000000
5.000000 0.319478 5.000000 1.831310 0.250000 0.333333 1.000000 1.000000

Matrix 1088:
1.000000 2.000000 5.000000 3.599890 0.514516 0.500000 0.142857 6.000000
0.500000 1.000000 4.000000 8.000000 2.000000 1.000000 0.558095 6.000000
0.200000 0.250000 1.000000 1.566658 0.200000 0.142857 0.111111 3.022212
0.277786 0.125000 0.638301 1.000000 0.464206 0.111111 0.166667 1.599086
1.943575 0.500000 5.000000 2.154218 1.000000 0.424745 0.500000 5.000000
2.000000 1.000000 7.000000 9.000000 2.354356 1.000000 0.405626 3.000000
7.000000 1.791809 9.000000 6.000000 2.000000 2.465326 1.000000 8.000000
0.166667 0.166667 0.330884 0.625357 0.200000 0.333333 0.125000 1.000000

Matrix 1089:
1.000000 0.142857 0.333333 0.116535 0.333333 0.250000 0.166667 0.500000
7.000000 1.000000 5.000000 0.500000 1.000000 5.000000 1.721857 8.000000
3.000000 0.200000 1.000000 0.125000 0.118147 0.326674 0.125000 0.587819
8.581108 2.000000 8.000000 1.000000 2.399645 8.000000 0.333333 5.000000
3.000000 1.000000 8.464039 0.416728 1.000000 8.000000 0.788432 5.695052
4.000000 0.200000 3.061156 0.125000 0.125000 1.000000 0.166667 0.572913
6.000000 0.580768 8.000000 3.000000 1.268341 6.000000 1.000000 9.000000
2.000000 0.125000 1.701203 0.200000 0.175591 1.745467 0.111111 1.000000

Matrix 1090:
1.000000 0.200000 0.333333 0.333333 0.186491 3.000003 0.142857 0.428174
5.000000 1.000000 2.000000 2.000000 0.500000 5.000000 1.109827 2.288660
3.000000 0.500000 1.000000 1.000000 0.323863 1.000000 0.166667 0.333333
3.000000 0.500000 1.000000 1.000000 0.257885 9.000009 0.599914 1.000000
5.362184 2.000000 3.087723 3.877702 1.000000 7.000007 0.442994 1.823356
0.333333 0.200000 1.000000 0.111111 0.142857 1.000000 0.250000 0.200000
7.000000 0.901041 6.000000 1.666905 2.257368 4.000000 1.000000 4.000000
2.335498 0.436937 3.000000 1.000000 0.548439 5.000000 0.250000 1.000000

Matrix 1091:
1.000000 0.469950 3.000003 0.333333 3.000003 1.772949 7.000000 5.000000
2.127886 1.000000 5.999988 2.047046 5.999988 4.000000 3.000000 9.000000
0.333333 0.166667 1.000000 0.332152 4.000000 0.333333 0.588831 6.000000
3.000000 0.488509 3.010673 1.000000 2.355793 2.000000 4.000000 8.000000
0.333333 0.166667 0.250000 0.424485 1.000000 0.218436 0.394705 0.698832
0.564032 0.250000 3.000000 0.500000 4.577990 1.000000 1.000000 9.000000
0.142857 0.333333 1.698281 0.250000 2.533537 1.000000 1.000000 2.000000
0.200000 0.111111 0.166667 0.125000 1.430960 0.111111 0.500000 1.000000

Matrix 1092:
1.000000 0.512414 0.273714 0.186558 0.333333 2.000000 0.333333 0.125000
1.951549 1.000000 4.000000 1.000000 3.000003 8.000000 5.000000 1.380906
3.653451 0.250000 1.000000 1.356734 1.621582 2.000000 1.000000 0.250000
5.360258 1.000000 0.737064 1.000000 2.848578 4.000000 2.000000 0.250000
3.000000 0.333333 0.616682 0.351052 1.000000 3.162656 0.624018 0.250000
0.500000 0.125000 0.500000 0.250000 0.316190 1.000000 2.017806 0.142857
3.000000 0.200000 1.000000 0.500000 1.602517 0.495588 1.000000 0.142857
8.000000 0.724162 4.000000 4.000000 4.000000 7.000000 7.000000 1.000000

Matrix 1093:
1.000000 0.500000 1.712983 0.619994 0.599724 0.142857 5.000000 6.000000
2.000000 1.000000 3.000003 0.500000 2.906929 1.000000 2.000000 5.000000
0.583777 0.333333 1.000000 0.166667 0.517922 0.333333 2.440012 0.500000
1.612919 2.000000 6.000000 1.000000 4.000000 0.745683 5.000000 4.662424
1.667433 0.344006 1.930793 0.250000 1.000000 0.415512 2.000000 2.000000
7.000000 1.000000 3.000000 1.341053 2.406672 1.000000 2.399651 8.000000
0.200000 0.500000 0.409834 0.200000 0.500000 0.416727 1.000000 1.146063
0.166667 0.200000 2.000000 0.214481 0.500000 0.125000 0.872552 1.000000

Matrix 1094:
1.000000 1.601776 0.500000 1.000000 0.500000 0.142857 0.166667 0.250000
0.624307 1.000000 2.000000 1.933494 0.500000 0.333333 0.166667 0.500000
2.000000 0.500000 1.000000 3.000003 0.353878 0.142857 0.149818 2.000000
1.000000 0.517198 0.333333 1.000000 0.200000 0.142857 0.111111 0.166667
2.000000 2.000000 2.825830 5.000000 1.000000 0.462639 0.200000 1.603253
7.000000 3.000000 7.000000 7.000000 2.161513 1.000000 1.760003 6.000000
6.000000 6.000000 6.674768 9.000000 5.000000 0.568181 1.000000 3.000000
4.000000 2.000000 0.500000 6.000000 0.623732 0.166667 0.333333 1.000000

Matrix 1095:
1.000000 3.000003 7.589346 1.152756 0.500000 7.000007 9.000000 9.000000
0.333333 1.000000 1.642293 0.125000 0.166667 5.000000 2.000000 0.333333
0.131764 0.608905 1.000000 0.250000 0.166667 1.500596 2.383818 0.500000
0.867487 8.000000 4.000000 1.000000 2.129246 4.000000 7.000000 8.000000
2.000000 6.000000 6.000000 0.469650 1.000000 4.000000 7.000000 5.000000
0.142857 0.200000 0.666402 0.250000 0.250000 1.000000 1.274423 0.333333
0.111111 0.500000 0.419495 0.142857 0.142857 0.784669 1.000000 1.000000
0.111111 3.000000 2.000000 0.125000 0.200000 3.000000 1.000000 1.000000

Matrix 1096:
1.000000 0.259063 1.000000 5.999988 2.118610 9.000009 0.142857 3.000000
3.860071 1.000000 7.000007 9.000009 5.999988 9.000009 2.088053 5.000000
1.000000 0.142857 1.000000 3.000003 4.000000 3.000003 0.200000 1.850252
0.166667 0.111111 0.333333 1.000000 0.500000 0.578900 0.111111 0.218278
0.472008 0.166667 0.250000 2.000000 1.000000 3.539655 0.142857 0.333333
0.111111 0.111111 0.333333 1.727415 0.282513 1.000000 0.166667 0.953378
7.000000 0.478915 5.000000 9.000000 7.000000 6.000000 1.000000 7.000000
0.333333 0.200000 0.540467 4.581313 3.000000 1.048902 0.142857 1.000000

Matrix 1097:
1.000000 1.912006 0.431299 2.000000 5.999988 5.000000 4.000000 0.925354
0.523011 1.000000 0.461566 0.609517 5.999988 5.000000 1.865448 3.000000
2.318577 2.166540 1.000000 4.000000 5.999988 5.642639 5.000000 7.467497
0.500000 1.640643 0.250000 1.000000 9.000009 4.069583 7.000007 1.669275
0.166667 0.166667 0.166667 0.111111 1.000000 1.862276 0.439976 1.000000
0.200000 0.200000 0.177222 0.245725 0.536977 1.000000 0.500000 0.333333
0.250000 0.536064 0.200000 0.142857 2.272850 2.000000 1.000000 0.250000
1.080668 0.333333 0.133914 0.599063 1.000000 3.000000 4.000000 1.000000

Matrix 1098:
1.000000 2.000000 3.000003 5.000000 0.250000 3.216773 0.490334 7.000000
0.500000 1.000000 2.000000 2.519803 0.250000 3.000003 0.166667 1.000000
0.333333 0.500000 1.000000 1.000000 0.166667 0.542617 0.111111 0.250000
0.200000 0.396856 1.000000 1.000000 0.200000 1.000000 0.333333 3.000000
4.000000 4.000000 6.000000 5.000000 1.000000 8.000000 2.000000 6.000000
0.310871 0.333333 1.842919 1.000000 0.125000 1.000000 0.125000 2.258960
2.039427 6.000000 9.000000 3.000000 0.500000 8.000000 1.000000 6.000000
0.142857 1.000000 4.000000 0.333333 0.166667 0.442682 0.166667 1.000000

Matrix 1099:
1.000000 9.000009 5.999988 3.000003 1.726798 2.777542 3.569736 6.000000
0.111111 1.000000 0.786201 1.000000 0.286187 0.267059 0.652756 0.304079
0.166667 1.271940 1.000000 0.250000 1.000000 0.250000 0.510669 0.250000
0.333333 1.000000 4.000000 1.000000 1.000000 0.618524 0.415958 1.280651
0.579106 3.494225 1.000000 1.000000 1.000000 0.200000 1.141413 0.500000
0.360031 3.744487 4.000000 1.616752 5.000000 1.000000 5.000000 2.000000
0.280133 1.531965 1.958215 2.404087 0.876107 0.200000 1.000000 0.445714
0.166667 3.288614 4.000000 0.780853 2.000000 0.500000 2.243592 1.000000

Matrix 1100:
1.000000 2.107696 0.578134 4.000000 4.000000 2.000000 1.845063 0.200000
0.474452 1.000000 0.333333 1.856317 8.000000 5.000000 0.333333 0.200000
1.729702 3.000000 1.000000 3.000003 5.999988 5.999988 0.854348 0.500000
0.250000 0.538701 0.333333 1.000000 1.856715 1.708286 0.385187 0.111111
0.250000 0.125000 0.166667 0.538586 1.000000 0.250000 0.142857 0.142857
0.500000 0.200000 0.166667 0.585382 4.000000 1.000000 0.125000 0.275024
0.541987 3.000000 1.170483 2.596140 7.000000 8.000000 1.000000 0.334923
5.000000 5.000000 2.000000 9.000000 7.000000 3.636042 2.985760 1.000000

Matrix 1101:
1.000000 2.000000 0.630562 6.000000 2.000000 4.000000 1.000000 1.000000
0.500000 1.000000 0.500865 3.000000 2.000000 5.000000 1.000000 1.666557
1.585886 1.996546 1.000000 3.000000 1.454019 3.000000 3.000000 2.000000
0.166667 0.333333 0.333333 1.000000 0.250000 0.475542 0.251290 0.500000
0.500000 0.500000 0.687749 4.000000 1.000000 4.000000 4.000000 2.000000
0.250000 0.200000 0.333333 2.102865 0.250000 1.000000 1.424342 0.500000
1.000000 1.000000 0.333333 3.979461 0.250000 0.702079 1.000000 0.333333
1.000000 0.600039 0.500000 2.000000 0.500000 2.000000 3.000000 1.000000

Matrix 1102:
1.000000 7.000007 1.694295 5.999988 7.000007 7.000007 5.999988 2.000000
0.142857 1.000000 0.166667 2.000000 2.000000 2.000000 3.000003 1.000000
0.590216 6.000000 1.000000 5.999988 7.000007 8.000000 3.389419 2.000000
0.166667 0.500000 0.166667 1.000000 0.608459 2.245288 0.333333 1.400170
0.142857 0.500000 0.142857 1.643495 1.000000 0.333333 0.333333 0.200000
0.142857 0.500000 0.125000 0.445377 3.000000 1.000000 0.500000 0.389207
0.166667 0.333333 0.295036 3.000000 3.000000 2.000000 1.000000 0.550993
0.500000 1.000000 0.500000 0.714199 5.000000 2.569326 1.814906 1.000000

Matrix 1103:
1.000000 3.000003 2.000000 1.291374 1.614946 0.500000 0.372892 4.000000
0.333333 1.000000 0.250000 0.500000 1.196293 0.453370 0.200000 0.597743
0.500000 4.000000 1.000000 3.915015 0.687440 0.375233 0.490165 6.000000
0.774369 2.000000 0.255427 1.000000 0.500000 0.142857 0.207463 4.329504
0.619216 0.835916 1.454673 2.000000 1.000000 1.000000 0.169808 2.000000
2.000000 2.205706 2.665013 7.000000 1.000000 1.000000 0.558866 7.000000
2.681739 5.000000 2.040128 4.820129 5.888997 1.789339 1.000000 9.000000
0.250000 1.672959 0.166667 0.230973 0.500000 0.142857 0.111111 1.000000

Matrix 1104:
1.000000 0.333333 3.000003 1.000000 5.000000 1.151032 2.000000 2.000000
3.000000 1.000000 1.389358 8.000000 8.000000 5.000000 3.000003 8.000000
0.333333 0.719757 1.000000 3.489881 2.339690 0.500000 0.478076 7.000000
1.000000 0.125000 0.286543 1.000000 1.373582 0.200000 0.500000 1.497067
0.200000 0.125000 0.427407 0.728023 1.000000 0.125000 0.500000 1.874513
0.868786 0.200000 2.000000 5.000000 8.000000 1.000000 3.208023 7.460874
0.500000 0.333333 2.091719 2.000000 2.000000 0.311718 1.000000 4.294906
0.500000 0.125000 0.142857 0.667973 0.533472 0.134033 0.232834 1.000000

Matrix 1105:
1.000000 1.357889 2.160625 1.000000 1.697717 0.562413 5.000000 9.000000
0.736437 1.000000 1.405029 0.328492 0.333333 0.111111 1.722614 5.000000
0.462829 0.711729 1.000000 0.217034 0.166667 0.166667 1.000000 2.315266
1.000000 3.044216 4.607564 1.000000 0.500000 0.166667 7.000000 2.000000
0.589026 3.000000 6.000000 2.000000 1.000000 0.500000 7.000000 7.000000
1.778052 9.000000 6.000000 6.000000 2.000000 1.000000 5.000000 4.000000
0.200000 0.580513 1.000000 0.142857 0.142857 0.200000 1.000000 2.061783
0.111111 0.200000 0.431916 0.500000 0.142857 0.250000 0.485017 1.000000

Matrix 1106:
1.000000 0.495199 2.393166 4.000000 0.500000 2.000000 8.000000 0.333333
2.019392 1.000000 7.000007 2.000000 1.918812 5.999988 5.000000 0.333333
0.417857 0.142857 1.000000 1.726792 0.333333 2.238322 2.000000 0.151039
0.250000 0.500000 0.579108 1.000000 1.672636 1.689489 7.000007 0.166667
2.000000 0.521156 3.000000 0.597859 1.000000 5.000000 3.000003 0.250000
0.500000 0.166667 0.446763 0.591895 0.200000 1.000000 2.000000 0.154893
0.125000 0.200000 0.500000 0.142857 0.333333 0.500000 1.000000 0.121698
3.000000 3.000000 6.620792 6.000000 4.000000 6.456080 8.217081 1.000000

Matrix 1107:
1.000000 3.000003 2.000000 3.000003 1.156905 2.000000 2.000000 0.823312
0.333333 1.000000 1.000000 7.000007 1.028721 0.250000 0.761602 0.443876
0.500000 1.000000 1.000000 5.000000 0.200000 0.166667 2.000000 0.448408
0.333333 0.142857 0.200000 1.000000 0.142857 0.188403 0.500000 0.200000
0.864375 0.972081 5.000000 7.000000 1.000000 0.551084 2.000000 2.000000
0.500000 4.000000 6.000000 5.307785 1.814606 1.000000 5.999988 1.000000
0.500000 1.313022 0.500000 2.000000 0.500000 0.166667 1.000000 1.000000
1.214606 2.252879 2.230111 5.000000 0.500000 1.000000 1.000000 1.000000

Matrix 1108:
1.000000 0.590683 2.000000 0.250000 0.500000 0.333333 0.166667 0.832857
1.692957 1.000000 1.686805 0.125000 0.250000 0.500000 0.166667 2.225064
0.500000 0.592837 1.000000 0.111111 0.133750 0.250000 0.250000 3.000000
4.000000 8.000000 9.000000 1.000000 1.723261 2.857422 0.828496 8.000000
2.000000 4.000000 7.476609 0.580295 1.000000 5.000000 0.200000 7.000000
3.000000 2.000000 4.000000 0.349966 0.200000 1.000000 0.333333 2.214299
6.000000 6.000000 4.000000 1.207006 5.000000 3.000000 1.000000 4.000000
1.200686 0.449425 0.333333 0.125000 0.142857 0.451610 0.250000 1.000000

Matrix 1109:
1.000000 0.783779 0.120205 0.500000 5.000000 2.000000 0.508119 2.000000
1.275870 1.000000 0.200000 2.000000 7.000007 5.999988 1.778851 6.000000
8.319129 5.000000 1.000000 7.000007 9.000009 7.000007 5.000000 6.000000
2.000000 0.500000 0.142857 1.000000 5.000000 7.000007 0.388147 3.000000
0.200000 0.142857 0.111111 0.200000 1.000000 1.313831 0.333333 0.500000
0.500000 0.166667 0.142857 0.142857 0.761133 1.000000 0.125000 0.166667
1.968044 0.562161 0.200000 2.576346 3.000000 8.000000 1.000000 6.000000
0.500000 0.166667 0.166667 0.333333 2.000000 6.000000 0.166667 1.000000

Matrix 1110:
1.000000 4.000000 0.500000 0.111111 0.166667 0.200000 0.250000 0.200000
0.250000 1.000000 0.477269 0.111111 0.333333 0.250000 0.200000 0.125000
2.000000 2.095254 1.000000 0.142857 0.500000 0.588005 0.491925 0.142857
9.000000 9.000000 7.000000 1.000000 2.000000 6.000000 3.000000 0.200000
6.000000 3.000000 2.000000 0.500000 1.000000 1.000000 3.000000 0.500000
5.000000 4.000000 1.700666 0.166667 1.000000 1.000000 2.000000 0.142857
4.000000 5.000000 2.032831 0.333333 0.333333 0.500000 1.000000 0.166667
5.000000 8.000000 7.000000 5.000000 2.000000 7.000000 6.000000 1.000000

Matrix 1111:
1.000000 0.125000 0.142857 0.500000 0.250000 0.166667 0.200000 0.142857
8.000000 1.000000 1.000000 5.000000 5.999988 2.813296 0.550038 3.265730
7.000000 1.000000 1.000000 4.000000 4.839301 1.798699 2.755439 1.000000
2.000000 0.200000 0.250000 1.000000 1.957169 0.142857 0.434446 0.250000
4.000000 0.166667 0.206641 0.510942 1.000000 0.333333 0.570496 0.142857
6.000000 0.355455 0.555957 7.000000 3.000000 1.000000 0.444696 1.300932
5.000000 1.818056 0.362919 2.301779 1.752862 2.248729 1.000000 3.000000
7.000000 0.306210 1.000000 4.000000 7.000000 0.768680 0.333333 1.000000

Matrix 1112:
1.000000 1.000000 3.133228 0.500000 3.446865 4.000000 1.438524 3.000000
1.000000 1.000000 5.999988 1.352944 5.000000 5.999988 2.191565 8.000000
0.319160 0.166667 1.000000 0.333333 0.250000 1.858500 0.142857 0.657766
2.000000 0.739129 3.000000 1.000000 0.801021 7.000007 0.290894 9.000000
0.290119 0.200000 4.000000 1.248406 1.000000 4.345644 0.166667 5.000000
0.250000 0.166667 0.538068 0.142857 0.230115 1.000000 0.142857 1.119070
0.695157 0.456295 7.000000 3.437674 6.000000 7.000000 1.000000 6.000000
0.333333 0.125000 1.520297 0.111111 0.200000 0.893599 0.166667 1.000000

Matrix 1113:
1.000000 0.200000 4.000000 7.000007 1.305411 0.489861 0.500000 1.374093
5.000000 1.000000 7.931934 7.000007 5.000000 5.000000 5.999988 5.000000
0.250000 0.126073 1.000000 0.698050 0.500000 0.533241 0.200000 0.200000
0.142857 0.142857 1.432562 1.000000 0.628095 0.333333 0.333333 0.142857
0.766042 0.200000 2.000000 1.592117 1.000000 3.000003 2.000000 0.481244
2.041397 0.200000 1.875325 3.000000 0.333333 1.000000 1.137968 1.000000
2.000000 0.166667 5.000000 3.000000 0.500000 0.878759 1.000000 2.000000
0.727753 0.200000 5.000000 7.000000 2.077948 1.000000 0.500000 1.000000

Matrix 1114:
1.000000 2.000000 0.142857 0.310298 0.125000 1.000000 9.000009 1.935024
0.500000 1.000000 0.123091 0.250000 0.200000 1.716776 2.333914 0.333333
7.000000 8.124052 1.000000 3.000003 0.628886 8.000000 9.000009 2.000000
3.222704 4.000000 0.333333 1.000000 0.486176 2.000000 4.000000 1.000000
8.000000 5.000000 1.590114 2.056868 1.000000 5.000000 7.000007 0.940789
1.000000 0.582487 0.125000 0.500000 0.200000 1.000000 2.123398 1.000000
0.111111 0.428465 0.111111 0.250000 0.142857 0.470943 1.000000 0.250000
0.516789 3.000000 0.500000 1.000000 1.062937 1.000000 4.000000 1.000000

Matrix 1115:
1.000000 2.000000 4.000000 0.200000 0.166667 4.000000 4.000000 0.233854
0.500000 1.000000 4.482881 0.166667 0.147202 0.438070 1.000000 0.200000
0.250000 0.223071 1.000000 0.125000 0.125000 0.200000 0.333333 0.142857
5.000000 6.000000 8.000000 1.000000 0.500000 8.000000 7.000000 2.092376
6.000000 6.793407 8.000000 2.000000 1.000000 5.399616 7.000000 0.518554
0.250000 2.282739 5.000000 0.125000 0.185198 1.000000 0.500000 0.142857
0.250000 1.000000 3.000000 0.142857 0.142857 2.000000 1.000000 0.333333
4.276169 5.000000 7.000000 0.477926 1.928438 7.000000 3.000000 1.000000

Matrix 1116:
1.000000 7.000007 5.000000 2.000000 0.234277 3.000003 0.449513 8.000000
0.142857 1.000000 0.308030 0.326983 0.125000 0.200000 0.250000 0.500000
0.200000 3.246436 1.000000 1.000000 0.142857 0.291586 0.250000 2.038483
0.500000 3.058261 1.000000 1.000000 0.333333 0.200000 0.500000 0.741438
4.268452 8.000000 7.000000 3.000000 1.000000 5.999988 2.000000 8.000000
0.333333 5.000000 3.429520 5.000000 0.166667 1.000000 0.577209 8.000000
2.224628 4.000000 4.000000 2.000000 0.500000 1.732474 1.000000 9.000000
0.125000 2.000000 0.490561 1.348730 0.125000 0.125000 0.111111 1.000000

Matrix 1117:
1.000000 2.000000 0.440522 0.425388 0.200000 1.000000 5.000000 0.376785
0.500000 1.000000 0.111111 0.125000 0.111111 0.554991 1.431819 0.111111
2.270032 9.000000 1.000000 0.496169 1.000000 1.000000 3.000003 2.000000
2.350793 8.000000 2.015443 1.000000 1.757697 5.000000 7.000007 1.760852
5.000000 9.000000 1.000000 0.568926 1.000000 1.477399 4.000000 0.543108
1.000000 1.801832 1.000000 0.200000 0.676865 1.000000 3.000003 0.125000
0.200000 0.698412 0.333333 0.142857 0.250000 0.333333 1.000000 0.154449
2.654034 9.000000 0.500000 0.567907 1.841255 8.000000 6.474612 1.000000

Matrix 1118:
1.000000 9.000009 3.000003 0.250000 0.987418 0.624621 0.500000 1.103849
0.111111 1.000000 1.627564 0.111111 0.424613 0.111111 0.580620 0.250000
0.333333 0.614415 1.000000 0.111111 0.142857 0.166667 0.333333 0.142857
4.000000 9.000000 9.000000 1.000000 3.826572 0.333333 4.000000 4.879407
1.012742 2.355084 7.000000 0.261330 1.000000 0.250000 1.638684 0.500000
1.600971 9.000000 6.000000 3.000000 4.000000 1.000000 3.000003 3.925112
2.000000 1.722297 3.000000 0.250000 0.610246 0.333333 1.000000 0.250000
0.905921 4.000000 7.000000 0.204943 2.000000 0.254770 4.000000 1.000000

Matrix 1119:
1.000000 0.200000 0.304174 0.505845 5.000000 1.591622 0.544293 0.250000
5.000000 1.000000 3.000003 2.000000 5.670892 3.000003 1.942525 2.000000
3.287589 0.333333 1.000000 1.239492 8.000000 0.500000 0.300232 0.472566
1.976891 0.500000 0.806782 1.000000 8.000000 0.430338 0.414167 0.500000
0.200000 0.176339 0.125000 0.125000 1.000000 0.125000 0.142857 0.200000
0.628290 0.333333 2.000000 2.323755 8.000000 1.000000 2.000000 0.644649
1.837244 0.514794 3.330762 2.414483 7.000000 0.500000 1.000000 0.487358
4.000000 0.500000 2.116105 2.000000 5.000000 1.551232 2.051878 1.000000

Matrix 1120:
1.000000 5.000000 0.250000 0.363433 5.999988 2.000000 3.000000 0.390319
0.200000 1.000000 0.142857 0.111111 1.185495 0.389555 0.200000 0.500000
4.000000 7.000000 1.000000 1.128025 3.000003 4.000000 3.000000 1.000000
2.751542 9.000000 0.886505 1.000000 8.000000 7.000000 3.000000 3.000000
0.166667 0.843529 0.333333 0.125000 1.000000 1.000000 0.250000 0.142857
0.500000 2.567033 0.250000 0.142857 1.000000 1.000000 1.000000 0.166667
0.333333 5.000000 0.333333 0.333333 4.000000 1.000000 1.000000 0.125000
2.562004 2.000000 1.000000 0.333333 7.000000 6.000000 8.000000 1.000000

Matrix 1121:
1.000000 0.512052 0.200630 0.111594 0.548138 0.141887 0.333333 0.180907
1.952927 1.000000 0.333333 0.200000 0.333333 0.200603 0.254848 0.250000
4.984299 3.000000 1.000000 0.207212 1.000000 1.343496 1.000000 1.425809
8.961057 5.000000 4.825985 1.000000 7.000007 0.714730 3.000003 5.000000
1.824357 3.000000 1.000000 0.142857 1.000000 0.200000 0.368750 0.200000
7.047859 4.984968 0.744327 1.399131 5.000000 1.000000 0.607618 2.008126
3.000000 3.923902 1.000000 0.333333 2.711867 1.645771 1.000000 0.500000
5.527711 4.000000 0.701356 0.200000 5.000000 0.497977 2.000000 1.000000

