Matrix 1:
1.000000 1.000000 1.937909 0.500000
1.000000 1.000000 0.644002 0.728320
0.516020 1.552790 1.000000 0.561132
2.000000 1.373022 1.782112 1.000000

Matrix 2:
1.000000 0.333333 0.200000 1.627433
3.000000 1.000000 0.250000 5.000000
5.000000 4.000000 1.000000 8.000000
0.614464 0.200000 0.125000 1.000000

Matrix 3:
1.000000 0.333333 0.333333 1.508234
3.000000 1.000000 0.500000 1.000000
3.000000 2.000000 1.000000 6.000000
0.663027 1.000000 0.166667 1.000000

Matrix 4:
1.000000 3.000000 6.000000 0.613335
0.333333 1.000000 2.000000 0.671904
0.166667 0.500000 1.000000 0.111111
1.630429 1.488308 9.000000 1.000000

Matrix 5:
1.000000 0.166377 1.000000 0.562202
6.010431 1.000000 5.849317 8.000000
1.000000 0.170960 1.000000 1.000000
1.778719 0.125000 1.000000 1.000000

Matrix 6:
1.000000 0.569808 2.000000 1.429879
1.754978 1.000000 4.000000 0.812772
0.500000 0.250000 1.000000 0.200000
0.699360 1.230357 5.000000 1.000000

Matrix 7:
1.000000 4.000000 1.574709 9.000000
0.250000 1.000000 0.250000 0.660221
0.635038 4.000000 1.000000 9.000000
0.111111 1.514644 0.111111 1.000000

Matrix 8:
1.000000 0.500000 0.384070 1.000000
2.000000 1.000000 0.500000 1.665721
2.603689 2.000000 1.000000 0.889272
1.000000 0.600340 1.124516 1.000000

Matrix 9:
1.000000 1.000000 1.674088 0.142857
1.000000 1.000000 1.931299 0.125000
0.597340 0.517786 1.000000 0.250000
7.000000 8.000000 4.000000 1.000000

Matrix 10:
1.000000 0.200000 2.000000 1.000000
5.000000 1.000000 4.000000 3.000000
0.500000 0.250000 1.000000 1.559598
1.000000 0.333333 0.641191 1.000000

Matrix 11:
1.000000 0.200000 1.000000 0.620340
5.000000 1.000000 9.000000 3.000000
1.000000 0.111111 1.000000 1.000000
1.612019 0.333333 1.000000 1.000000

Matrix 12:
1.000000 0.333333 0.250000 0.500000
3.000000 1.000000 1.000000 2.289808
4.000000 1.000000 1.000000 0.598991
2.000000 0.436718 1.669475 1.000000

Matrix 13:
1.000000 0.125000 0.129125 0.125000
8.000000 1.000000 1.000000 2.000000
7.744407 1.000000 1.000000 1.000000
8.000000 0.500000 1.000000 1.000000

Matrix 14:
1.000000 8.289009 2.000000 5.000000
0.120642 1.000000 0.166667 0.696216
0.500000 6.000000 1.000000 7.000000
0.200000 1.436336 0.142857 1.000000

Matrix 15:
1.000000 1.709115 0.454050 6.000000
0.585098 1.000000 0.200000 2.327965
2.202401 5.000000 1.000000 4.000000
0.166667 0.429560 0.250000 1.000000

Matrix 16:
1.000000 6.000000 8.000000 1.966141
0.166667 1.000000 1.433917 0.125000
0.125000 0.697390 1.000000 0.166667
0.508610 8.000000 6.000000 1.000000

Matrix 17:
1.000000 0.666423 0.200000 3.000000
1.500547 1.000000 0.200000 1.000000
5.000000 5.000000 1.000000 8.000000
0.333333 1.000000 0.125000 1.000000

Matrix 18:
1.000000 0.200000 0.166667 1.997537
5.000000 1.000000 1.050233 3.000000
6.000000 0.952169 1.000000 3.420717
0.500617 0.333333 0.292336 1.000000

Matrix 19:
1.000000 0.125000 0.125000 0.118821
8.000000 1.000000 2.000000 0.500000
8.000000 0.500000 1.000000 0.333333
8.416012 2.000000 3.000000 1.000000

Matrix 20:
1.000000 5.000000 0.142857 0.500000
0.200000 1.000000 0.112214 0.200000
7.000000 8.911573 1.000000 6.000000
2.000000 5.000000 0.166667 1.000000

Matrix 21:
1.000000 0.782316 5.000000 9.000000
1.278255 1.000000 3.000003 3.000000
0.200000 0.333333 1.000000 1.644202
0.111111 0.333333 0.608198 1.000000

Matrix 22:
1.000000 5.000000 1.877750 3.000000
0.200000 1.000000 0.142857 1.373687
0.532552 7.000000 1.000000 4.000000
0.333333 0.727968 0.250000 1.000000

Matrix 23:
1.000000 0.333333 2.051376 0.546915
3.000000 1.000000 5.999988 6.000000
0.487478 0.166667 1.000000 0.500000
1.828439 0.166667 2.000000 1.000000

Matrix 24:
1.000000 0.637508 2.000000 2.000000
1.568607 1.000000 1.000000 1.810826
0.500000 1.000000 1.000000 0.538553
0.500000 0.552234 1.856827 1.000000

Matrix 25:
1.000000 1.000000 6.000000 8.000000
1.000000 1.000000 2.000000 4.000000
0.166667 0.500000 1.000000 0.665067
0.125000 0.250000 1.503609 1.000000

Matrix 26:
1.000000 8.245727 9.000000 1.000000
0.121275 1.000000 1.000000 0.142857
0.111111 1.000000 1.000000 0.200000
1.000000 7.000000 5.000000 1.000000

Matrix 27:
1.000000 1.538912 1.000000 0.395001
0.649810 1.000000 0.333333 0.250000
1.000000 3.000000 1.000000 1.463628
2.531642 4.000000 0.683234 1.000000

Matrix 28:
1.000000 0.703409 0.500000 0.524406
1.421648 1.000000 0.458629 3.000000
2.000000 2.180411 1.000000 4.000000
1.906920 0.333333 0.250000 1.000000

Matrix 29:
1.000000 0.665482 0.250000 1.000000
1.502671 1.000000 0.333333 0.500000
4.000000 3.000000 1.000000 7.000000
1.000000 2.000000 0.142857 1.000000

Matrix 30:
1.000000 1.207291 0.333333 0.250000
0.828300 1.000000 1.000000 0.250000
3.000000 1.000000 1.000000 0.333333
4.000000 4.000000 3.000000 1.000000

Matrix 31:
1.000000 1.646691 0.142857 0.200000
0.607279 1.000000 0.125000 0.142857
7.000000 8.000000 1.000000 1.000000
5.000000 7.000000 1.000000 1.000000

Matrix 32:
1.000000 3.000000 0.166667 0.593281
0.333333 1.000000 0.166667 0.500000
6.000000 6.000000 1.000000 8.000000
1.685542 2.000000 0.125000 1.000000

Matrix 33:
1.000000 0.125000 1.620836 0.125000
8.000000 1.000000 4.000000 2.000000
0.616966 0.250000 1.000000 0.142857
8.000000 0.500000 7.000000 1.000000

Matrix 34:
1.000000 1.380338 1.535170 0.794637
0.724460 1.000000 0.758639 1.529508
0.651394 1.318150 1.000000 0.758381
1.258436 0.653805 1.318598 1.000000

Matrix 35:
1.000000 1.000000 1.537120 1.000000
1.000000 1.000000 1.000000 3.000000
0.650567 1.000000 1.000000 1.573403
1.000000 0.333333 0.635565 1.000000

Matrix 36:
1.000000 1.000000 6.000000 8.000000
1.000000 1.000000 3.000000 8.000000
0.166667 0.333333 1.000000 1.869138
0.125000 0.125000 0.535006 1.000000

Matrix 37:
1.000000 9.000000 2.000000 0.500000
0.111111 1.000000 0.142857 0.119453
0.500000 7.000000 1.000000 0.500000
2.000000 8.371495 2.000000 1.000000

Matrix 38:
1.000000 7.000007 1.000000 1.934294
0.142857 1.000000 0.250000 0.500000
1.000000 4.000000 1.000000 0.609649
0.516985 2.000000 1.640289 1.000000

Matrix 39:
1.000000 0.542178 3.000003 2.000000
1.844414 1.000000 2.121818 2.000000
0.333333 0.471294 1.000000 0.506866
0.500000 0.500000 1.972908 1.000000

Matrix 40:
1.000000 2.083319 4.000000 0.888692
0.480003 1.000000 1.000000 1.420778
0.250000 1.000000 1.000000 0.590626
1.125249 0.703840 1.693118 1.000000

Matrix 41:
1.000000 0.125000 0.111111 0.441506
8.000000 1.000000 0.492015 3.207651
9.000000 2.032459 1.000000 4.000000
2.264973 0.311755 0.250000 1.000000

Matrix 42:
1.000000 5.000000 0.500000 0.666142
0.200000 1.000000 0.250000 0.142857
2.000000 4.000000 1.000000 2.000000
1.501182 7.000000 0.500000 1.000000

Matrix 43:
1.000000 1.501787 5.000000 9.000000
0.665874 1.000000 5.672965 7.000000
0.200000 0.176275 1.000000 0.549066
0.111111 0.142857 1.821276 1.000000

Matrix 44:
1.000000 2.000000 3.000000 7.000000
0.500000 1.000000 1.000000 1.000000
0.333333 1.000000 1.000000 0.619585
0.142857 1.000000 1.613982 1.000000

Matrix 45:
1.000000 0.450348 0.279653 0.333333
2.220506 1.000000 1.000000 0.500000
3.575864 1.000000 1.000000 0.579406
3.000000 2.000000 1.725905 1.000000

Matrix 46:
1.000000 0.487205 0.827758 0.944052
2.052525 1.000000 1.021729 0.699979
1.208082 0.978733 1.000000 0.809667
1.059264 1.428614 1.235076 1.000000

Matrix 47:
1.000000 2.000000 0.200000 2.000000
0.500000 1.000000 0.125000 0.622662
5.000000 8.000000 1.000000 7.000000
0.500000 1.606009 0.142857 1.000000

Matrix 48:
1.000000 4.000000 6.000000 1.651614
0.250000 1.000000 0.624695 0.142857
0.166667 1.600780 1.000000 0.250000
0.605468 7.000000 4.000000 1.000000

Matrix 49:
1.000000 0.653242 6.000000 5.000000
1.530827 1.000000 6.000000 4.000000
0.166667 0.166667 1.000000 0.500000
0.200000 0.250000 2.000000 1.000000

Matrix 50:
1.000000 0.579240 0.333333 0.373802
1.726399 1.000000 2.000000 2.000000
3.000000 0.500000 1.000000 2.071821
2.675215 0.500000 0.482667 1.000000

Matrix 51:
1.000000 1.504454 0.125000 0.111111
0.664693 1.000000 0.166667 0.250000
8.000000 6.000000 1.000000 0.594179
9.000000 4.000000 1.682994 1.000000

Matrix 52:
1.000000 0.665622 0.142857 0.166667
1.502354 1.000000 0.166667 0.166667
7.000000 6.000000 1.000000 4.000000
6.000000 6.000000 0.250000 1.000000

Matrix 53:
1.000000 1.000000 0.125000 1.519235
1.000000 1.000000 0.125000 1.000000
8.000000 8.000000 1.000000 9.000000
0.658226 1.000000 0.111111 1.000000

Matrix 54:
1.000000 1.569191 0.200000 2.000000
0.637271 1.000000 0.200000 1.000000
5.000000 5.000000 1.000000 8.000000
0.500000 1.000000 0.125000 1.000000

Matrix 55:
1.000000 1.589364 3.000000 0.949355
0.629182 1.000000 8.000000 1.000000
0.333333 0.125000 1.000000 0.333333
1.053346 1.000000 3.000000 1.000000

Matrix 56:
1.000000 0.166667 0.125000 0.125000
6.000000 1.000000 0.250000 0.250000
8.000000 4.000000 1.000000 0.609935
8.000000 4.000000 1.639519 1.000000

Matrix 57:
1.000000 1.000000 0.200000 0.280197
1.000000 1.000000 0.404906 0.327088
5.000000 2.469710 1.000000 1.556639
3.568913 3.057281 0.642410 1.000000

Matrix 58:
1.000000 1.694957 0.656976 3.000000
0.589986 1.000000 0.200000 2.657966
1.522126 5.000000 1.000000 4.000000
0.333333 0.376228 0.250000 1.000000

Matrix 59:
1.000000 9.000000 8.000000 0.637389
0.111111 1.000000 1.576805 0.142857
0.125000 0.634194 1.000000 0.111111
1.568901 7.000000 9.000000 1.000000

Matrix 60:
1.000000 0.445825 0.683192 0.464252
2.243032 1.000000 1.388727 0.767870
1.463718 0.720084 1.000000 1.410496
2.154002 1.302304 0.708970 1.000000

Matrix 61:
1.000000 0.125000 0.166667 0.333333
8.000000 1.000000 2.000000 7.000000
6.000000 0.500000 1.000000 2.634674
3.000000 0.142857 0.379554 1.000000

Matrix 62:
1.000000 0.125000 1.000000 0.621380
8.000000 1.000000 2.000000 6.000000
1.000000 0.500000 1.000000 1.000000
1.609322 0.166667 1.000000 1.000000

Matrix 63:
1.000000 3.000000 1.444363 2.000000
0.333333 1.000000 0.200000 0.166667
0.692347 5.000000 1.000000 2.000000
0.500000 6.000000 0.500000 1.000000

Matrix 64:
1.000000 2.000000 3.000003 1.214777
0.500000 1.000000 0.524645 0.361408
0.333333 1.906052 1.000000 0.200000
0.823196 2.766957 5.000000 1.000000

Matrix 65:
1.000000 0.250000 0.333333 5.000000
4.000000 1.000000 0.657368 8.000000
3.000000 1.521218 1.000000 6.000000
0.200000 0.125000 0.166667 1.000000

Matrix 66:
1.000000 0.528104 5.000000 1.207149
1.893565 1.000000 6.000000 1.000000
0.200000 0.166667 1.000000 0.166667
0.828398 1.000000 6.000000 1.000000

Matrix 67:
1.000000 1.779640 0.200000 0.333333
0.561911 1.000000 0.166667 0.125000
5.000000 6.000000 1.000000 1.000000
3.000000 8.000000 1.000000 1.000000

Matrix 68:
1.000000 0.200000 1.344341 0.250000
5.000000 1.000000 2.000000 0.500000
0.743859 0.500000 1.000000 0.250000
4.000000 2.000000 4.000000 1.000000

Matrix 69:
1.000000 3.000000 1.437619 0.500000
0.333333 1.000000 0.250000 0.166667
0.695595 4.000000 1.000000 0.250000
2.000000 6.000000 4.000000 1.000000

Matrix 70:
1.000000 4.000000 0.500000 0.333333
0.250000 1.000000 0.125000 0.200000
2.000000 8.000000 1.000000 1.647566
3.000000 5.000000 0.606956 1.000000

Matrix 71:
1.000000 1.650878 2.000000 6.000000
0.605738 1.000000 2.000000 9.000000
0.500000 0.500000 1.000000 7.000000
0.166667 0.111111 0.142857 1.000000

Matrix 72:
1.000000 0.166667 0.250000 0.125000
6.000000 1.000000 0.665930 0.333333
4.000000 1.501658 1.000000 0.166667
8.000000 3.000000 6.000000 1.000000

Matrix 73:
1.000000 0.645112 1.000000 1.416640
1.550119 1.000000 0.333333 2.000000
1.000000 3.000000 1.000000 3.000000
0.705896 0.500000 0.333333 1.000000

Matrix 74:
1.000000 2.337456 1.000000 0.500000
0.427816 1.000000 0.221124 0.333333
1.000000 4.522346 1.000000 1.345671
2.000000 3.000000 0.743124 1.000000

Matrix 75:
1.000000 0.250000 1.967368 0.125000
4.000000 1.000000 3.000003 1.102733
0.508293 0.333333 1.000000 0.250000
8.000000 0.906838 4.000000 1.000000

Matrix 76:
1.000000 0.500000 1.000000 0.537991
2.000000 1.000000 1.000000 2.262751
1.000000 1.000000 1.000000 0.726892
1.858768 0.441940 1.375720 1.000000

Matrix 77:
1.000000 1.000000 0.333333 0.142857
1.000000 1.000000 1.018237 0.200000
3.000000 0.982089 1.000000 0.500000
7.000000 5.000000 2.000000 1.000000

Matrix 78:
1.000000 0.166667 0.250000 0.822129
6.000000 1.000000 3.000000 9.000000
4.000000 0.333333 1.000000 6.000000
1.216355 0.111111 0.166667 1.000000

Matrix 79:
1.000000 0.487778 0.111111 1.000000
2.050111 1.000000 0.193687 0.561769
9.000000 5.162962 1.000000 5.000000
1.000000 1.780091 0.200000 1.000000

Matrix 80:
1.000000 0.111111 1.854465 0.471346
9.000000 1.000000 8.000000 2.551546
0.539239 0.125000 1.000000 0.200000
2.121584 0.391919 5.000000 1.000000

Matrix 81:
1.000000 0.520672 1.031704 0.200000
1.920597 1.000000 1.000000 0.125000
0.969270 1.000000 1.000000 0.200000
5.000000 8.000000 5.000000 1.000000

Matrix 82:
1.000000 1.000000 0.166667 0.500000
1.000000 1.000000 0.111111 1.337663
6.000000 9.000000 1.000000 4.000000
2.000000 0.747572 0.250000 1.000000

Matrix 83:
1.000000 1.790780 0.521243 1.000000
0.558416 1.000000 0.342690 0.500000
1.918491 2.918086 1.000000 0.564426
1.000000 2.000000 1.771710 1.000000

Matrix 84:
1.000000 1.608782 2.000000 0.333333
0.621588 1.000000 3.000000 1.000000
0.500000 0.333333 1.000000 0.333333
3.000000 1.000000 3.000000 1.000000

Matrix 85:
1.000000 8.000000 8.000000 0.619580
0.125000 1.000000 2.000000 0.142857
0.125000 0.500000 1.000000 0.142857
1.613996 7.000000 7.000000 1.000000

Matrix 86:
1.000000 0.500000 1.148193 2.000000
2.000000 1.000000 0.682641 1.247441
0.870934 1.464899 1.000000 3.000000
0.500000 0.801641 0.333333 1.000000

Matrix 87:
1.000000 0.605595 1.495063 1.000000
1.651269 1.000000 0.500000 1.574357
0.668868 2.000000 1.000000 1.780981
1.000000 0.635180 0.561488 1.000000

Matrix 88:
1.000000 2.669902 0.379695 1.817062
0.374546 1.000000 0.200000 1.830704
2.633694 5.000000 1.000000 2.000000
0.550339 0.546238 0.500000 1.000000

Matrix 89:
1.000000 1.661107 0.111111 0.142857
0.602008 1.000000 0.250000 0.333333
9.000000 4.000000 1.000000 0.830721
7.000000 3.000000 1.203773 1.000000

Matrix 90:
1.000000 0.500000 1.000000 0.721683
2.000000 1.000000 0.618778 3.000000
1.000000 1.616087 1.000000 3.000000
1.385650 0.333333 0.333333 1.000000

Matrix 91:
1.000000 0.562035 0.961093 4.000000
1.779248 1.000000 0.802768 7.000000
1.040482 1.245689 1.000000 4.000000
0.250000 0.142857 0.250000 1.000000

Matrix 92:
1.000000 3.000000 1.509421 0.500000
0.333333 1.000000 0.250000 0.166667
0.662506 4.000000 1.000000 0.500000
2.000000 6.000000 2.000000 1.000000

Matrix 93:
1.000000 1.000000 2.631911 0.250000
1.000000 1.000000 1.639147 0.427881
0.379952 0.610073 1.000000 0.333333
4.000000 2.337099 3.000000 1.000000

Matrix 94:
1.000000 1.954638 1.000000 5.000000
0.511604 1.000000 0.250000 1.000000
1.000000 4.000000 1.000000 4.000000
0.200000 1.000000 0.250000 1.000000

Matrix 95:
1.000000 0.744361 0.500000 1.000000
1.343434 1.000000 0.250000 0.333333
2.000000 4.000000 1.000000 2.000000
1.000000 3.000000 0.500000 1.000000

Matrix 96:
1.000000 0.166667 1.505852 1.000000
6.000000 1.000000 9.000000 5.000000
0.664076 0.111111 1.000000 1.000000
1.000000 0.200000 1.000000 1.000000

Matrix 97:
1.000000 1.218072 3.000003 2.393365
0.820969 1.000000 3.000003 0.584337
0.333333 0.333333 1.000000 0.500000
0.417822 1.711342 2.000000 1.000000

Matrix 98:
1.000000 0.562839 0.563541 1.048108
1.776706 1.000000 0.333333 2.162067
1.774493 3.000000 1.000000 6.000000
0.954100 0.462520 0.166667 1.000000

Matrix 99:
1.000000 0.142857 0.551355 1.630424
7.000000 1.000000 3.000003 7.000000
1.813713 0.333333 1.000000 0.896486
0.613337 0.142857 1.115466 1.000000

Matrix 100:
1.000000 1.000000 0.200000 1.000000
1.000000 1.000000 0.333333 1.642503
5.000000 3.000000 1.000000 5.000000
1.000000 0.608827 0.200000 1.000000

Matrix 101:
1.000000 0.200000 0.333333 0.614157
5.000000 1.000000 5.000000 7.000000
3.000000 0.200000 1.000000 1.000000
1.628249 0.142857 1.000000 1.000000

Matrix 102:
1.000000 0.500000 0.125000 0.250000
2.000000 1.000000 0.250000 0.614818
8.000000 4.000000 1.000000 3.000000
4.000000 1.626497 0.333333 1.000000

Matrix 103:
1.000000 0.142857 0.117687 0.111111
7.000000 1.000000 0.333333 2.000000
8.497122 3.000000 1.000000 4.000000
9.000000 0.500000 0.250000 1.000000

Matrix 104:
1.000000 0.624394 6.000000 1.000000
1.601553 1.000000 9.000000 1.000000
0.166667 0.111111 1.000000 0.142857
1.000000 1.000000 7.000000 1.000000

Matrix 105:
1.000000 4.000000 1.561015 7.000000
0.250000 1.000000 0.142857 0.333333
0.640609 7.000000 1.000000 4.000000
0.142857 3.000000 0.250000 1.000000

Matrix 106:
1.000000 8.000000 1.000000 0.602744
0.125000 1.000000 0.142857 0.152543
1.000000 7.000000 1.000000 2.000000
1.659078 6.555550 0.500000 1.000000

Matrix 107:
1.000000 0.111111 0.500000 0.111111
9.000000 1.000000 2.000000 0.623646
2.000000 0.500000 1.000000 0.250000
9.000000 1.603474 4.000000 1.000000

Matrix 108:
1.000000 0.456689 1.260059 0.607026
2.189676 1.000000 0.811763 1.619448
0.793614 1.231887 1.000000 0.500000
1.647377 0.617494 2.000000 1.000000

Matrix 109:
1.000000 2.467060 6.000000 3.000000
0.405341 1.000000 7.000000 3.339619
0.166667 0.142857 1.000000 0.518315
0.333333 0.299435 1.929329 1.000000

Matrix 110:
1.000000 0.664599 5.000000 9.000000
1.504666 1.000000 5.000000 7.000000
0.200000 0.200000 1.000000 0.500000
0.111111 0.142857 2.000000 1.000000

Matrix 111:
1.000000 1.616753 0.187482 0.200000
0.618524 1.000000 0.111111 0.200000
5.333843 9.000000 1.000000 1.896778
5.000000 5.000000 0.527210 1.000000

Matrix 112:
1.000000 9.000000 7.000000 9.000000
0.111111 1.000000 0.560951 0.333333
0.142857 1.782687 1.000000 0.663211
0.111111 3.000000 1.507815 1.000000

Matrix 113:
1.000000 0.250000 1.000000 2.000000
4.000000 1.000000 7.000000 7.000000
1.000000 0.142857 1.000000 0.728391
0.500000 0.142857 1.372890 1.000000

Matrix 114:
1.000000 0.763798 0.333333 1.879853
1.309247 1.000000 0.111111 0.891623
3.000000 9.000000 1.000000 5.000000
0.531956 1.121550 0.200000 1.000000

Matrix 115:
1.000000 2.000000 4.000000 9.000000
0.500000 1.000000 0.831818 9.000000
0.250000 1.202186 1.000000 2.000000
0.111111 0.111111 0.500000 1.000000

Matrix 116:
1.000000 5.000000 0.591201 7.376153
0.200000 1.000000 0.111111 1.792321
1.691471 9.000000 1.000000 8.000000
0.135572 0.557936 0.125000 1.000000

Matrix 117:
1.000000 1.584000 0.695749 0.140673
0.631313 1.000000 2.000000 0.125000
1.437301 0.500000 1.000000 0.125000
7.108669 8.000000 8.000000 1.000000

Matrix 118:
1.000000 0.528171 1.527820 0.500000
1.893326 1.000000 0.625782 1.000000
0.654527 1.598001 1.000000 1.038812
2.000000 1.000000 0.962638 1.000000

Matrix 119:
1.000000 1.007141 1.000000 1.000000
0.992909 1.000000 4.000000 4.000000
1.000000 0.250000 1.000000 1.000000
1.000000 0.250000 1.000000 1.000000

Matrix 120:
1.000000 7.000007 4.000000 1.000000
0.142857 1.000000 0.773079 0.125000
0.250000 1.293528 1.000000 0.723313
1.000000 8.000000 1.382527 1.000000

Matrix 121:
1.000000 1.654607 1.000000 3.000000
0.604373 1.000000 0.333333 5.000000
1.000000 3.000000 1.000000 5.000000
0.333333 0.200000 0.200000 1.000000

Matrix 122:
1.000000 0.111111 0.111111 2.000000
9.000000 1.000000 1.636761 5.000000
9.000000 0.610963 1.000000 8.000000
0.500000 0.200000 0.125000 1.000000

Matrix 123:
1.000000 9.000009 5.000000 3.374936
0.111111 1.000000 0.501263 0.166667
0.200000 1.994962 1.000000 0.240898
0.296302 6.000000 4.151135 1.000000

Matrix 124:
1.000000 0.250000 1.693219 0.333333
4.000000 1.000000 5.780899 0.693792
0.590591 0.172983 1.000000 0.166667
3.000000 1.441354 6.000000 1.000000

Matrix 125:
1.000000 4.000000 1.000000 1.000000
0.250000 1.000000 0.142857 0.125000
1.000000 7.000000 1.000000 1.534587
1.000000 8.000000 0.651641 1.000000

Matrix 126:
1.000000 4.653084 1.447434 2.000000
0.214911 1.000000 0.441369 1.652792
0.690878 2.265679 1.000000 3.000000
0.500000 0.605037 0.333333 1.000000

Matrix 127:
1.000000 6.000000 6.000000 1.562642
0.166667 1.000000 3.000000 0.166667
0.166667 0.333333 1.000000 0.142857
0.639942 6.000000 7.000000 1.000000

Matrix 128:
1.000000 1.000000 0.371175 0.173117
1.000000 1.000000 0.486822 0.111111
2.694144 2.054138 1.000000 0.333333
5.776429 9.000000 3.000000 1.000000

Matrix 129:
1.000000 1.000000 0.620627 0.250000
1.000000 1.000000 1.737435 0.333333
1.611275 0.575561 1.000000 0.701217
4.000000 3.000000 1.426092 1.000000

Matrix 130:
1.000000 0.695069 1.367763 0.111111
1.438705 1.000000 0.746055 0.125000
0.731121 1.340384 1.000000 0.333333
9.000000 8.000000 3.000000 1.000000

Matrix 131:
1.000000 1.000000 2.000000 1.916765
1.000000 1.000000 2.095499 9.000000
0.500000 0.477213 1.000000 3.000000
0.521712 0.111111 0.333333 1.000000

Matrix 132:
1.000000 0.125000 2.000000 1.000000
8.000000 1.000000 8.916654 5.000000
0.500000 0.112150 1.000000 1.000000
1.000000 0.200000 1.000000 1.000000

Matrix 133:
1.000000 0.551032 1.661532 4.000000
1.814777 1.000000 3.000000 6.000000
0.601854 0.333333 1.000000 8.000000
0.250000 0.166667 0.125000 1.000000

Matrix 134:
1.000000 0.111111 1.007895 0.166667
9.000000 1.000000 5.000000 0.662708
0.992167 0.200000 1.000000 0.250000
6.000000 1.508960 4.000000 1.000000

Matrix 135:
1.000000 5.000000 3.000003 8.000000
0.200000 1.000000 1.394160 1.000000
0.333333 0.717278 1.000000 1.796133
0.125000 1.000000 0.556752 1.000000

Matrix 136:
1.000000 8.000000 5.000000 8.693970
0.125000 1.000000 1.000000 5.000000
0.200000 1.000000 1.000000 5.000000
0.115022 0.200000 0.200000 1.000000

Matrix 137:
1.000000 0.480379 1.340251 0.142857
2.081691 1.000000 1.000000 0.142857
0.746129 1.000000 1.000000 0.134976
7.000000 7.000000 7.408726 1.000000

Matrix 138:
1.000000 0.582312 0.500000 0.120578
1.717293 1.000000 0.475555 0.125000
2.000000 2.102808 1.000000 0.250000
8.293386 8.000000 4.000000 1.000000

Matrix 139:
1.000000 0.125000 0.250000 0.125000
8.000000 1.000000 1.584659 0.665772
4.000000 0.631051 1.000000 1.000000
8.000000 1.502016 1.000000 1.000000

Matrix 140:
1.000000 0.166667 0.635316 0.200000
6.000000 1.000000 8.000000 2.247669
1.574019 0.125000 1.000000 0.166667
5.000000 0.444905 6.000000 1.000000

Matrix 141:
1.000000 0.333333 0.250000 0.743916
3.000000 1.000000 1.000000 3.000000
4.000000 1.000000 1.000000 7.000000
1.344238 0.333333 0.142857 1.000000

Matrix 142:
1.000000 0.200000 0.111111 2.004317
5.000000 1.000000 0.506416 7.000000
9.000000 1.974661 1.000000 6.000000
0.498923 0.142857 0.166667 1.000000

Matrix 143:
1.000000 0.746749 0.500000 0.642732
1.339138 1.000000 1.768458 4.000000
2.000000 0.565464 1.000000 3.000000
1.555859 0.250000 0.333333 1.000000

Matrix 144:
1.000000 0.563047 0.250000 0.194986
1.776051 1.000000 0.200000 0.124734
4.000000 5.000000 1.000000 0.333333
5.128566 8.017062 3.000000 1.000000

Matrix 145:
1.000000 0.648355 0.333333 0.651618
1.542365 1.000000 1.233568 1.000000
3.000000 0.810656 1.000000 2.000000
1.534641 1.000000 0.500000 1.000000

Matrix 146:
1.000000 0.200000 0.500000 0.602928
5.000000 1.000000 3.000003 8.000000
2.000000 0.333333 1.000000 1.808366
1.658572 0.125000 0.552985 1.000000

Matrix 147:
1.000000 0.500000 0.570956 1.550363
2.000000 1.000000 3.000000 2.000000
1.751448 0.333333 1.000000 0.500000
0.645010 0.500000 2.000000 1.000000

Matrix 148:
1.000000 0.527758 0.662409 1.439014
1.894808 1.000000 0.580113 1.773522
1.509642 1.723801 1.000000 8.000000
0.694920 0.563850 0.125000 1.000000

Matrix 149:
1.000000 5.000000 9.000000 3.000000
0.200000 1.000000 1.562437 0.500000
0.111111 0.640026 1.000000 1.000000
0.333333 2.000000 1.000000 1.000000

Matrix 150:
1.000000 0.461389 1.429472 0.166667
2.167371 1.000000 0.862688 0.290235
0.699559 1.159167 1.000000 0.517349
6.000000 3.445483 1.932929 1.000000

Matrix 151:
1.000000 0.333333 0.200000 1.209633
3.000000 1.000000 0.333333 1.000000
5.000000 3.000000 1.000000 6.000000
0.826697 1.000000 0.166667 1.000000

Matrix 152:
1.000000 1.502900 3.000000 6.000000
0.665380 1.000000 5.000000 3.000000
0.333333 0.200000 1.000000 0.500000
0.166667 0.333333 2.000000 1.000000

Matrix 153:
1.000000 1.000000 1.574775 1.000000
1.000000 1.000000 0.661831 1.750024
0.635011 1.510959 1.000000 1.000000
1.000000 0.571421 1.000000 1.000000

Matrix 154:
1.000000 0.200000 0.111111 2.000000
5.000000 1.000000 0.614612 8.000000
9.000000 1.627043 1.000000 5.253740
0.500000 0.125000 0.190341 1.000000

Matrix 155:
1.000000 0.200000 0.166667 0.333333
5.000000 1.000000 4.000000 2.000000
6.000000 0.250000 1.000000 1.619754
3.000000 0.500000 0.617378 1.000000

Matrix 156:
1.000000 0.951781 0.333333 2.000000
1.050662 1.000000 1.246480 5.573323
3.000000 0.802259 1.000000 5.000000
0.500000 0.179426 0.200000 1.000000

Matrix 157:
1.000000 1.561321 1.000000 1.000000
0.640483 1.000000 0.670243 1.995444
1.000000 1.491996 1.000000 0.680386
1.000000 0.501142 1.469753 1.000000

Matrix 158:
1.000000 1.350332 5.000000 1.000000
0.740559 1.000000 9.000000 1.000000
0.200000 0.111111 1.000000 0.125000
1.000000 1.000000 8.000000 1.000000

Matrix 159:
1.000000 0.514275 0.280314 1.000000
1.944485 1.000000 1.990998 4.000000
3.567433 0.502261 1.000000 2.000000
1.000000 0.250000 0.500000 1.000000

Matrix 160:
1.000000 5.000000 6.000000 7.000000
0.200000 1.000000 1.614190 0.602809
0.166667 0.619506 1.000000 0.500000
0.142857 1.658901 2.000000 1.000000

Matrix 161:
1.000000 0.125000 1.000000 0.333333
8.000000 1.000000 8.530368 2.008369
1.000000 0.117228 1.000000 0.166667
3.000000 0.497916 6.000000 1.000000

Matrix 162:
1.000000 0.250000 1.337854 0.166667
4.000000 1.000000 7.000000 1.000000
0.747466 0.142857 1.000000 0.250000
6.000000 1.000000 4.000000 1.000000

Matrix 163:
1.000000 0.200000 0.125000 0.563511
5.000000 1.000000 1.718309 5.173014
8.000000 0.581968 1.000000 5.000000
1.774589 0.193311 0.200000 1.000000

Matrix 164:
1.000000 1.520709 1.000000 0.285685
0.657588 1.000000 1.759383 0.333333
1.000000 0.568381 1.000000 0.142857
3.500353 3.000000 7.000000 1.000000

Matrix 165:
1.000000 9.000009 3.000003 2.222436
0.111111 1.000000 1.406634 0.527669
0.333333 0.710917 1.000000 0.456639
0.449957 1.895126 2.189916 1.000000

Matrix 166:
1.000000 0.500000 1.282631 0.200000
2.000000 1.000000 0.560141 0.125000
0.779647 1.785263 1.000000 0.142857
5.000000 8.000000 7.000000 1.000000

Matrix 167:
1.000000 0.605024 2.000000 5.000000
1.652827 1.000000 7.000000 4.000000
0.500000 0.142857 1.000000 3.000000
0.200000 0.250000 0.333333 1.000000

Matrix 168:
1.000000 0.695524 0.500000 0.200000
1.437766 1.000000 0.333333 0.333333
2.000000 3.000000 1.000000 1.000000
5.000000 3.000000 1.000000 1.000000

Matrix 169:
1.000000 0.250000 0.125000 2.020114
4.000000 1.000000 0.500000 9.000000
8.000000 2.000000 1.000000 4.658744
0.495022 0.111111 0.214650 1.000000

Matrix 170:
1.000000 9.000000 8.000000 7.000000
0.111111 1.000000 1.643779 0.333333
0.125000 0.608354 1.000000 0.166667
0.142857 3.000000 6.000000 1.000000

Matrix 171:
1.000000 3.265673 1.990366 1.000000
0.306216 1.000000 1.486883 0.111111
0.502420 0.672548 1.000000 0.200000
1.000000 9.000000 5.000000 1.000000

Matrix 172:
1.000000 7.000000 8.000000 9.000000
0.142857 1.000000 0.500000 1.643524
0.125000 2.000000 1.000000 2.000000
0.111111 0.608449 0.500000 1.000000

Matrix 173:
1.000000 1.043165 0.555958 0.555649
0.958621 1.000000 2.000000 2.000000
1.798698 0.500000 1.000000 0.580218
1.799697 0.500000 1.723489 1.000000

Matrix 174:
1.000000 1.618147 0.579993 0.111111
0.617991 1.000000 0.500000 0.142857
1.724158 2.000000 1.000000 0.166667
9.000000 7.000000 6.000000 1.000000

Matrix 175:
1.000000 1.342158 0.660121 1.597894
0.745069 1.000000 2.000000 1.653101
1.514875 0.500000 1.000000 1.000000
0.625824 0.604924 1.000000 1.000000

Matrix 176:
1.000000 2.141014 0.958167 3.000000
0.467068 1.000000 0.333333 1.278336
1.043660 3.000000 1.000000 0.957107
0.333333 0.782267 1.044815 1.000000

Matrix 177:
1.000000 8.000000 0.582985 6.000000
0.125000 1.000000 0.111111 1.379239
1.715309 9.000000 1.000000 3.000000
0.166667 0.725038 0.333333 1.000000

Matrix 178:
1.000000 6.000000 1.694018 0.820723
0.166667 1.000000 0.500000 0.166667
0.590312 2.000000 1.000000 1.000000
1.218437 6.000000 1.000000 1.000000

Matrix 179:
1.000000 0.677046 1.000000 6.000000
1.477005 1.000000 0.580961 3.000000
1.000000 1.721285 1.000000 5.000000
0.166667 0.333333 0.200000 1.000000

Matrix 180:
1.000000 0.171244 3.000000 1.610976
5.839619 1.000000 7.000000 7.000000
0.333333 0.142857 1.000000 0.588809
0.620742 0.142857 1.698343 1.000000

Matrix 181:
1.000000 1.000000 6.000000 7.000000
1.000000 1.000000 3.000000 8.000000
0.166667 0.333333 1.000000 1.771921
0.142857 0.125000 0.564359 1.000000

Matrix 182:
1.000000 2.000000 1.932151 5.000000
0.500000 1.000000 0.393415 1.872812
0.517558 2.541842 1.000000 5.000000
0.200000 0.533957 0.200000 1.000000

Matrix 183:
1.000000 0.652706 0.125000 1.239849
1.532084 1.000000 0.250000 1.000000
8.000000 4.000000 1.000000 4.000000
0.806550 1.000000 0.250000 1.000000

Matrix 184:
1.000000 5.100029 5.441212 2.697439
0.196077 1.000000 5.000000 0.500000
0.183783 0.200000 1.000000 0.166667
0.370722 2.000000 6.000000 1.000000

Matrix 185:
1.000000 2.000000 1.517689 0.111111
0.500000 1.000000 0.513623 0.166667
0.658897 1.946955 1.000000 0.125000
9.000000 6.000000 8.000000 1.000000

Matrix 186:
1.000000 0.500000 0.250000 1.810885
2.000000 1.000000 1.000000 1.805390
4.000000 1.000000 1.000000 5.000000
0.552216 0.553897 0.200000 1.000000

Matrix 187:
1.000000 1.892818 0.890724 0.391298
0.528313 1.000000 0.500000 0.485836
1.122683 2.000000 1.000000 1.577273
2.555597 2.058308 0.634005 1.000000

Matrix 188:
1.000000 0.593818 0.111111 0.125000
1.684019 1.000000 0.166667 0.142857
9.000000 6.000000 1.000000 0.598530
8.000000 7.000000 1.670760 1.000000

Matrix 189:
1.000000 4.417720 3.000003 3.000000
0.226361 1.000000 0.390858 0.500000
0.333333 2.558475 1.000000 0.454035
0.333333 2.000000 2.202471 1.000000

Matrix 190:
1.000000 2.000000 1.139919 0.722051
0.500000 1.000000 1.000000 0.491906
0.877255 1.000000 1.000000 1.533521
1.384944 2.032910 0.652094 1.000000

Matrix 191:
1.000000 0.572181 0.536590 1.241098
1.747698 1.000000 0.257679 0.500000
1.863621 3.880795 1.000000 1.913962
0.805738 2.000000 0.522477 1.000000

Matrix 192:
1.000000 0.333333 1.239038 2.514916
3.000000 1.000000 6.694741 8.000000
0.807078 0.149371 1.000000 0.500000
0.397628 0.125000 2.000000 1.000000

Matrix 193:
1.000000 0.200000 1.000000 1.000000
5.000000 1.000000 4.000000 2.000000
1.000000 0.250000 1.000000 0.622524
1.000000 0.500000 1.606364 1.000000

Matrix 194:
1.000000 6.000000 7.000000 9.000000
0.166667 1.000000 1.000000 1.462294
0.142857 1.000000 1.000000 0.600305
0.111111 0.683857 1.665819 1.000000

Matrix 195:
1.000000 0.200000 1.000000 0.500000
5.000000 1.000000 8.000000 9.000000
1.000000 0.125000 1.000000 0.622940
2.000000 0.111111 1.605291 1.000000

Matrix 196:
1.000000 8.000000 2.000000 1.335103
0.125000 1.000000 0.500000 0.166667
0.500000 2.000000 1.000000 0.166667
0.749006 6.000000 6.000000 1.000000

Matrix 197:
1.000000 0.500000 0.835978 0.705460
2.000000 1.000000 0.500000 1.610887
1.196204 2.000000 1.000000 1.000000
1.417515 0.620776 1.000000 1.000000

Matrix 198:
1.000000 1.000000 1.902966 2.000000
1.000000 1.000000 0.789114 4.000000
0.525496 1.267244 1.000000 4.000000
0.500000 0.250000 0.250000 1.000000

Matrix 199:
1.000000 2.573489 1.733962 1.000000
0.388577 1.000000 0.662952 1.692747
0.576714 1.508404 1.000000 1.770207
1.000000 0.590756 0.564906 1.000000

Matrix 200:
1.000000 2.000000 9.000000 8.776679
0.500000 1.000000 3.000000 7.000000
0.111111 0.333333 1.000000 1.000000
0.113938 0.142857 1.000000 1.000000

Matrix 201:
1.000000 0.250000 0.651037 2.185304
4.000000 1.000000 7.000007 8.000000
1.536011 0.142857 1.000000 1.000000
0.457602 0.125000 1.000000 1.000000

Matrix 202:
1.000000 1.000000 0.333333 0.250000
1.000000 1.000000 0.577427 0.500000
3.000000 1.731822 1.000000 0.500000
4.000000 2.000000 2.000000 1.000000

Matrix 203:
1.000000 8.000000 4.000000 7.000000
0.125000 1.000000 1.000000 1.000000
0.250000 1.000000 1.000000 1.560174
0.142857 1.000000 0.640954 1.000000

Matrix 204:
1.000000 8.000000 9.000000 5.000000
0.125000 1.000000 0.606021 0.166667
0.111111 1.650108 1.000000 0.500000
0.200000 6.000000 2.000000 1.000000

Matrix 205:
1.000000 0.142857 0.200000 0.695954
7.000000 1.000000 2.000000 8.000000
5.000000 0.500000 1.000000 6.000000
1.436878 0.125000 0.166667 1.000000

Matrix 206:
1.000000 3.000003 1.613888 2.000000
0.333333 1.000000 1.284828 0.500000
0.619622 0.778315 1.000000 1.455078
0.500000 2.000000 0.687248 1.000000

Matrix 207:
1.000000 2.177172 0.686801 6.000000
0.459312 1.000000 0.333333 4.000000
1.456027 3.000000 1.000000 4.000000
0.166667 0.250000 0.250000 1.000000

Matrix 208:
1.000000 2.000000 1.000000 1.644430
0.500000 1.000000 0.979203 0.500000
1.000000 1.021239 1.000000 1.000000
0.608113 2.000000 1.000000 1.000000

Matrix 209:
1.000000 1.000000 0.358454 0.250000
1.000000 1.000000 0.166667 0.125000
2.789760 6.000000 1.000000 2.000000
4.000000 8.000000 0.500000 1.000000

Matrix 210:
1.000000 0.250000 0.491846 0.200000
4.000000 1.000000 3.000003 1.828342
2.033156 0.333333 1.000000 0.153305
5.000000 0.546944 6.522923 1.000000

Matrix 211:
1.000000 0.200000 0.670122 0.538364
5.000000 1.000000 6.000000 1.000000
1.492265 0.166667 1.000000 0.250000
1.857481 1.000000 4.000000 1.000000

Matrix 212:
1.000000 0.815837 1.847558 6.000000
1.225735 1.000000 1.420235 1.765832
0.541255 0.704109 1.000000 2.584331
0.166667 0.566305 0.386947 1.000000

Matrix 213:
1.000000 0.250000 0.111111 0.166667
4.000000 1.000000 1.000000 0.500000
9.000000 1.000000 1.000000 0.627580
6.000000 2.000000 1.593423 1.000000

Matrix 214:
1.000000 2.000000 2.000000 1.744493
0.500000 1.000000 0.297666 0.250000
0.500000 3.359465 1.000000 0.586591
0.573232 4.000000 1.704765 1.000000

Matrix 215:
1.000000 0.405704 0.200000 0.111111
2.464852 1.000000 0.404955 0.111111
5.000000 2.469410 1.000000 0.438889
9.000000 9.000000 2.278483 1.000000

Matrix 216:
1.000000 0.500000 1.000000 3.000000
2.000000 1.000000 1.000000 2.380070
1.000000 1.000000 1.000000 0.989630
0.333333 0.420156 1.010478 1.000000

Matrix 217:
1.000000 0.166667 0.250000 1.847592
6.000000 1.000000 0.605647 6.000000
4.000000 1.651128 1.000000 5.000000
0.541245 0.166667 0.200000 1.000000

Matrix 218:
1.000000 1.421152 1.000000 0.442933
0.703655 1.000000 1.000000 1.681779
1.000000 1.000000 1.000000 1.000000
2.257679 0.594608 1.000000 1.000000

Matrix 219:
1.000000 8.000000 8.000000 0.518479
0.125000 1.000000 1.730311 0.200000
0.125000 0.577931 1.000000 0.142857
1.928719 5.000000 7.000000 1.000000

Matrix 220:
1.000000 1.556152 0.142857 1.177240
0.642611 1.000000 0.166667 1.959768
7.000000 6.000000 1.000000 7.000000
0.849444 0.510264 0.142857 1.000000

Matrix 221:
1.000000 1.469798 5.000000 0.500000
0.680366 1.000000 7.000000 1.000000
0.200000 0.142857 1.000000 0.111111
2.000000 1.000000 9.000000 1.000000

Matrix 222:
1.000000 0.111111 0.333333 1.000000
9.000000 1.000000 5.000000 9.000000
3.000000 0.200000 1.000000 0.739644
1.000000 0.111111 1.352002 1.000000

Matrix 223:
1.000000 1.926859 0.507149 0.497557
0.518979 1.000000 1.000000 0.500000
1.971807 1.000000 1.000000 0.642250
2.009821 2.000000 1.557026 1.000000

Matrix 224:
1.000000 1.672580 0.250000 0.111111
0.597879 1.000000 0.142857 0.166667
4.000000 7.000000 1.000000 1.000000
9.000000 6.000000 1.000000 1.000000

Matrix 225:
1.000000 2.992009 0.200000 1.000000
0.334224 1.000000 0.187904 0.203399
5.000000 5.321853 1.000000 5.000000
1.000000 4.916442 0.200000 1.000000

Matrix 226:
1.000000 7.000000 5.000000 6.000000
0.142857 1.000000 0.666088 1.000000
0.200000 1.501303 1.000000 0.333333
0.166667 1.000000 3.000000 1.000000

Matrix 227:
1.000000 0.221439 0.200000 0.125000
4.515919 1.000000 1.483419 2.000000
5.000000 0.674118 1.000000 0.577082
8.000000 0.500000 1.732857 1.000000

Matrix 228:
1.000000 5.000000 1.000000 0.250000
0.200000 1.000000 0.125000 0.115280
1.000000 8.000000 1.000000 0.333333
4.000000 8.674521 3.000000 1.000000

Matrix 229:
1.000000 0.166667 0.200000 0.502521
6.000000 1.000000 1.507733 1.000000
5.000000 0.663247 1.000000 1.988673
1.989966 1.000000 0.502848 1.000000

Matrix 230:
1.000000 1.110856 0.499734 1.812256
0.900206 1.000000 1.235707 0.837011
2.001066 0.809253 1.000000 1.506748
0.551798 1.194727 0.663681 1.000000

Matrix 231:
1.000000 1.640076 0.111111 1.000000
0.609728 1.000000 0.142857 1.000000
9.000000 7.000000 1.000000 6.000000
1.000000 1.000000 0.166667 1.000000

Matrix 232:
1.000000 8.000000 0.602437 2.986180
0.125000 1.000000 0.166667 0.567467
1.659924 6.000000 1.000000 5.000000
0.334876 1.762218 0.200000 1.000000

Matrix 233:
1.000000 8.000000 6.000000 7.000000
0.125000 1.000000 0.500000 0.663699
0.166667 2.000000 1.000000 2.000000
0.142857 1.506707 0.500000 1.000000

Matrix 234:
1.000000 1.013222 0.500000 1.135141
0.986950 1.000000 1.000000 4.000000
2.000000 1.000000 1.000000 7.000000
0.880948 0.250000 0.142857 1.000000

Matrix 235:
1.000000 4.000000 4.000000 2.000000
0.250000 1.000000 0.596880 1.435478
0.250000 1.675379 1.000000 1.000000
0.500000 0.696632 1.000000 1.000000

Matrix 236:
1.000000 0.673165 9.000009 1.000000
1.485519 1.000000 7.000007 0.675350
0.111111 0.142857 1.000000 0.200000
1.000000 1.480713 5.000000 1.000000

Matrix 237:
1.000000 8.000000 7.000000 8.000000
0.125000 1.000000 0.596547 1.776075
0.142857 1.676314 1.000000 2.000000
0.125000 0.563039 0.500000 1.000000

Matrix 238:
1.000000 1.613021 0.111111 0.142857
0.619955 1.000000 0.111111 0.250000
9.000000 9.000000 1.000000 0.616738
7.000000 4.000000 1.621434 1.000000

Matrix 239:
1.000000 0.596551 0.500000 1.917847
1.676302 1.000000 0.946259 2.000000
2.000000 1.056793 1.000000 2.000000
0.521418 0.500000 0.500000 1.000000

Matrix 240:
1.000000 1.965854 1.563484 1.000000
0.508685 1.000000 0.333333 0.250000
0.639597 3.000000 1.000000 1.000000
1.000000 4.000000 1.000000 1.000000

Matrix 241:
1.000000 2.937486 2.000000 3.000000
0.340427 1.000000 0.549802 3.283616
0.500000 1.818838 1.000000 4.000000
0.333333 0.304542 0.250000 1.000000

Matrix 242:
1.000000 0.660833 0.166667 0.333333
1.513243 1.000000 0.125000 0.125000
6.000000 8.000000 1.000000 3.000000
3.000000 8.000000 0.333333 1.000000

Matrix 243:
1.000000 0.111111 0.200000 0.500000
9.000000 1.000000 3.000000 7.000000
5.000000 0.333333 1.000000 0.691352
2.000000 0.142857 1.446441 1.000000

Matrix 244:
1.000000 3.000000 1.000000 0.111111
0.333333 1.000000 0.250000 0.128288
1.000000 4.000000 1.000000 0.200000
9.000000 7.794948 5.000000 1.000000

Matrix 245:
1.000000 0.588745 0.125000 1.327536
1.698529 1.000000 0.250000 0.535910
8.000000 4.000000 1.000000 7.000000
0.753275 1.865984 0.142857 1.000000

Matrix 246:
1.000000 1.000000 0.695610 2.000000
1.000000 1.000000 2.000000 2.000000
1.437587 0.500000 1.000000 2.000000
0.500000 0.500000 0.500000 1.000000

Matrix 247:
1.000000 0.200000 2.012272 0.572202
5.000000 1.000000 5.086038 2.000000
0.496951 0.196617 1.000000 1.000000
1.747634 0.500000 1.000000 1.000000

Matrix 248:
1.000000 1.490236 2.170739 7.000000
0.671035 1.000000 0.456499 1.814402
0.460673 2.190586 1.000000 7.000000
0.142857 0.551146 0.142857 1.000000

Matrix 249:
1.000000 0.200000 2.209743 0.621429
5.000000 1.000000 8.000000 5.000000
0.452541 0.125000 1.000000 0.612878
1.609193 0.200000 1.631646 1.000000

Matrix 250:
1.000000 1.000000 3.000000 1.380035
1.000000 1.000000 9.000000 0.579860
0.333333 0.111111 1.000000 0.142857
0.724619 1.724554 7.000000 1.000000

Matrix 251:
1.000000 0.333333 1.000000 0.170258
3.000000 1.000000 2.660412 0.166667
1.000000 0.375882 1.000000 0.111111
5.873442 6.000000 9.000000 1.000000

Matrix 252:
1.000000 0.860507 0.166667 1.356984
1.162106 1.000000 0.250000 0.625532
6.000000 4.000000 1.000000 6.000000
0.736928 1.598640 0.166667 1.000000

Matrix 253:
1.000000 0.166667 0.125000 0.142857
6.000000 1.000000 0.686150 1.648581
8.000000 1.457407 1.000000 0.500000
7.000000 0.606582 2.000000 1.000000

Matrix 254:
1.000000 4.000000 0.333333 0.747488
0.250000 1.000000 0.111111 0.500000
3.000000 9.000000 1.000000 6.000000
1.337815 2.000000 0.166667 1.000000

Matrix 255:
1.000000 1.585508 0.500000 0.250000
0.630713 1.000000 0.333333 0.373101
2.000000 3.000000 1.000000 0.514311
4.000000 2.680241 1.944348 1.000000

Matrix 256:
1.000000 1.000000 8.000000 1.000000
1.000000 1.000000 6.000000 1.501230
0.125000 0.166667 1.000000 0.166667
1.000000 0.666120 6.000000 1.000000

Matrix 257:
1.000000 3.000000 9.000000 3.000000
0.333333 1.000000 1.000000 1.911498
0.111111 1.000000 1.000000 0.486935
0.333333 0.523150 2.053662 1.000000

Matrix 258:
1.000000 0.400611 1.000000 1.677057
2.496188 1.000000 4.000000 7.000000
1.000000 0.250000 1.000000 0.548489
0.596283 0.142857 1.823189 1.000000

Matrix 259:
1.000000 0.553837 4.000000 1.680704
1.805584 1.000000 3.000003 1.000000
0.250000 0.333333 1.000000 0.204618
0.594989 1.000000 4.887159 1.000000

Matrix 260:
1.000000 0.561588 0.200000 0.619687
1.780664 1.000000 1.736299 2.000000
5.000000 0.575938 1.000000 3.000000
1.613718 0.500000 0.333333 1.000000

Matrix 261:
1.000000 7.000007 5.000000 0.549490
0.142857 1.000000 0.549108 0.125000
0.200000 1.821137 1.000000 0.166667
1.819869 8.000000 6.000000 1.000000

Matrix 262:
1.000000 0.498712 0.142857 1.475227
2.005164 1.000000 0.500000 8.000000
7.000000 2.000000 1.000000 4.937983
0.677862 0.125000 0.202512 1.000000

Matrix 263:
1.000000 1.000000 0.500000 1.173290
1.000000 1.000000 1.000000 6.000000
2.000000 1.000000 1.000000 5.000000
0.852304 0.166667 0.200000 1.000000

Matrix 264:
1.000000 0.272687 0.506183 0.250000
3.667213 1.000000 2.000000 0.611282
1.975571 0.500000 1.000000 0.125000
4.000000 1.635905 8.000000 1.000000

Matrix 265:
1.000000 1.914518 9.000000 1.744486
0.522325 1.000000 7.000000 1.724552
0.111111 0.142857 1.000000 0.142857
0.573235 0.579861 7.000000 1.000000

Matrix 266:
1.000000 1.000000 7.000000 8.000000
1.000000 1.000000 2.959307 8.000000
0.142857 0.337917 1.000000 0.581852
0.125000 0.125000 1.718649 1.000000

Matrix 267:
1.000000 0.250000 5.000000 9.000000
4.000000 1.000000 8.000000 9.000000
0.200000 0.125000 1.000000 0.698314
0.111111 0.111111 1.432021 1.000000

Matrix 268:
1.000000 0.250000 1.501353 0.500000
4.000000 1.000000 7.000000 1.000000
0.666066 0.142857 1.000000 0.500000
2.000000 1.000000 2.000000 1.000000

Matrix 269:
1.000000 0.142857 1.237034 0.517976
7.000000 1.000000 4.458055 8.000000
0.808385 0.224313 1.000000 1.000000
1.930591 0.125000 1.000000 1.000000

Matrix 270:
1.000000 0.125000 1.870670 0.125000
8.000000 1.000000 9.000000 0.542585
0.534568 0.111111 1.000000 0.200000
8.000000 1.843028 5.000000 1.000000

Matrix 271:
1.000000 6.480970 2.000000 1.509675
0.154298 1.000000 0.166667 0.200000
0.500000 6.000000 1.000000 0.611146
0.662394 5.000000 1.636270 1.000000

Matrix 272:
1.000000 0.553348 7.000000 1.859786
1.807183 1.000000 4.000000 2.000000
0.142857 0.250000 1.000000 0.250000
0.537696 0.500000 4.000000 1.000000

Matrix 273:
1.000000 0.250000 0.125000 0.500000
4.000000 1.000000 1.438173 9.000000
8.000000 0.695327 1.000000 5.000000
2.000000 0.111111 0.200000 1.000000

Matrix 274:
1.000000 0.142857 0.333333 0.250000
7.000000 1.000000 3.000000 1.000000
3.000000 0.333333 1.000000 1.667653
4.000000 1.000000 0.599645 1.000000

Matrix 275:
1.000000 6.000000 1.000000 0.696075
0.166667 1.000000 0.200000 0.125000
1.000000 5.000000 1.000000 1.000000
1.436626 8.000000 1.000000 1.000000

Matrix 276:
1.000000 1.000000 0.333333 1.455322
1.000000 1.000000 0.200000 0.333333
3.000000 5.000000 1.000000 2.000000
0.687133 3.000000 0.500000 1.000000

Matrix 277:
1.000000 0.640793 0.500000 1.430983
1.560566 1.000000 0.333333 1.000000
2.000000 3.000000 1.000000 3.000000
0.698820 1.000000 0.333333 1.000000

Matrix 278:
1.000000 0.250000 1.600515 0.500000
4.000000 1.000000 4.000000 1.000000
0.624799 0.250000 1.000000 0.200000
2.000000 1.000000 5.000000 1.000000

Matrix 279:
1.000000 4.000000 0.500000 0.550541
0.250000 1.000000 0.299157 0.125000
2.000000 3.342729 1.000000 1.560869
1.816395 8.000000 0.640669 1.000000

Matrix 280:
1.000000 3.000000 2.000000 0.200000
0.333333 1.000000 1.624289 0.200000
0.500000 0.615654 1.000000 0.142857
5.000000 5.000000 7.000000 1.000000

Matrix 281:
1.000000 1.523996 4.000000 7.000000
0.656170 1.000000 8.000000 9.000000
0.250000 0.125000 1.000000 0.565242
0.142857 0.111111 1.769153 1.000000

Matrix 282:
1.000000 6.000000 9.000000 7.000000
0.166667 1.000000 0.729695 2.000000
0.111111 1.370436 1.000000 0.691021
0.142857 0.500000 1.447134 1.000000

Matrix 283:
1.000000 0.615892 2.000000 0.139129
1.623662 1.000000 0.648808 0.125000
0.500000 1.541288 1.000000 0.128029
7.187598 8.000000 7.810753 1.000000

Matrix 284:
1.000000 5.000000 0.642337 5.000000
0.200000 1.000000 0.166667 0.333333
1.556816 6.000000 1.000000 9.000000
0.200000 3.000000 0.111111 1.000000

Matrix 285:
1.000000 1.760499 2.000000 0.547453
0.568021 1.000000 0.552289 0.333333
0.500000 1.810648 1.000000 0.166667
1.826640 3.000000 6.000000 1.000000

Matrix 286:
1.000000 0.250000 0.243714 4.000000
4.000000 1.000000 0.624719 6.000000
4.103176 1.600721 1.000000 4.554475
0.250000 0.166667 0.219564 1.000000

Matrix 287:
1.000000 1.900974 1.759871 1.817364
0.526046 1.000000 1.000000 2.000000
0.568223 1.000000 1.000000 1.956170
0.550248 0.500000 0.511203 1.000000

Matrix 288:
1.000000 0.166667 0.333333 0.112747
6.000000 1.000000 4.000000 1.000000
3.000000 0.250000 1.000000 0.200000
8.869405 1.000000 5.000000 1.000000

Matrix 289:
1.000000 0.250000 0.142857 1.041501
4.000000 1.000000 0.674130 1.000000
7.000000 1.483393 1.000000 2.000000
0.960153 1.000000 0.500000 1.000000

Matrix 290:
1.000000 2.000000 1.675869 5.000000
0.500000 1.000000 0.509007 7.000000
0.596705 1.964609 1.000000 5.000000
0.200000 0.142857 0.200000 1.000000

Matrix 291:
1.000000 5.010977 7.000007 0.555680
0.199562 1.000000 1.445022 0.142857
0.142857 0.692031 1.000000 0.166667
1.799598 7.000000 6.000000 1.000000

Matrix 292:
1.000000 1.580479 5.000000 0.333333
0.632720 1.000000 8.000000 0.333333
0.200000 0.125000 1.000000 0.146427
3.000000 3.000000 6.829330 1.000000

Matrix 293:
1.000000 0.333333 0.572529 0.500000
3.000000 1.000000 2.000000 7.000000
1.746638 0.500000 1.000000 1.000000
2.000000 0.142857 1.000000 1.000000

Matrix 294:
1.000000 0.166667 1.659406 1.000000
6.000000 1.000000 4.000000 7.000000
0.602625 0.250000 1.000000 0.500000
1.000000 0.142857 2.000000 1.000000

Matrix 295:
1.000000 0.142857 0.333333 1.547276
7.000000 1.000000 5.000000 6.653052
3.000000 0.200000 1.000000 1.000000
0.646297 0.150307 1.000000 1.000000

Matrix 296:
1.000000 0.585895 1.000000 3.000000
1.706791 1.000000 0.729315 1.800792
1.000000 1.371150 1.000000 2.150184
0.333333 0.555311 0.465076 1.000000

Matrix 297:
1.000000 1.011226 1.150930 1.000000
0.988898 1.000000 0.685614 0.333333
0.868862 1.458548 1.000000 0.350220
1.000000 3.000000 2.855347 1.000000

Matrix 298:
1.000000 1.000000 1.698242 1.000000
1.000000 1.000000 0.500000 0.333333
0.588844 2.000000 1.000000 1.416188
1.000000 3.000000 0.706121 1.000000

Matrix 299:
1.000000 3.822497 0.166667 2.000000
0.261609 1.000000 0.148802 0.250000
6.000000 6.720324 1.000000 5.416508
0.500000 4.000000 0.184621 1.000000

Matrix 300:
1.000000 4.000000 2.602278 0.200000
0.250000 1.000000 0.563378 0.111111
0.384279 1.775007 1.000000 0.125000
5.000000 9.000000 8.000000 1.000000

Matrix 301:
1.000000 3.000000 0.125000 0.333333
0.333333 1.000000 0.111111 0.142857
8.000000 9.000000 1.000000 0.743365
3.000000 7.000000 1.345234 1.000000

Matrix 302:
1.000000 0.544564 1.745068 0.166667
1.836332 1.000000 2.000000 0.250000
0.573044 0.500000 1.000000 0.166667
6.000000 4.000000 6.000000 1.000000

Matrix 303:
1.000000 0.655208 1.000000 8.000000
1.526234 1.000000 1.000000 8.000000
1.000000 1.000000 1.000000 9.000000
0.125000 0.125000 0.111111 1.000000

Matrix 304:
1.000000 0.120942 0.482784 0.504176
8.268418 1.000000 9.000000 5.000000
2.071319 0.111111 1.000000 0.500000
1.983436 0.200000 2.000000 1.000000

Matrix 305:
1.000000 1.000000 4.000000 0.333333
1.000000 1.000000 0.809251 0.111111
0.250000 1.235710 1.000000 0.125000
3.000000 9.000000 8.000000 1.000000

Matrix 306:
1.000000 1.000000 0.333333 1.971333
1.000000 1.000000 0.250000 0.548087
3.000000 4.000000 1.000000 6.000000
0.507271 1.824529 0.166667 1.000000

Matrix 307:
1.000000 0.883444 1.535752 2.012390
1.131934 1.000000 1.000000 0.732195
0.651147 1.000000 1.000000 1.772655
0.496921 1.365756 0.564126 1.000000

Matrix 308:
1.000000 1.000000 0.500000 6.000000
1.000000 1.000000 1.000000 9.000000
2.000000 1.000000 1.000000 7.854522
0.166667 0.111111 0.127315 1.000000

Matrix 309:
1.000000 2.000000 9.000000 4.000000
0.500000 1.000000 8.000000 0.605145
0.111111 0.125000 1.000000 0.111111
0.250000 1.652495 9.000000 1.000000

Matrix 310:
1.000000 3.000000 1.000000 1.657122
0.333333 1.000000 0.142857 0.142857
1.000000 7.000000 1.000000 1.000000
0.603456 7.000000 1.000000 1.000000

Matrix 311:
1.000000 0.741554 0.500000 0.548781
1.348519 1.000000 3.217836 2.000000
2.000000 0.310768 1.000000 1.000000
1.822220 0.500000 1.000000 1.000000

Matrix 312:
1.000000 1.290785 0.686544 0.333333
0.774723 1.000000 1.801394 0.250000
1.456571 0.555126 1.000000 0.166667
3.000000 4.000000 6.000000 1.000000

Matrix 313:
1.000000 0.333333 0.333333 1.000000
3.000000 1.000000 1.439548 2.000000
3.000000 0.694662 1.000000 3.000000
1.000000 0.500000 0.333333 1.000000

Matrix 314:
1.000000 0.333333 0.518403 0.699179
3.000000 1.000000 1.091374 3.000000
1.929002 0.916277 1.000000 4.657832
1.430250 0.333333 0.214692 1.000000

Matrix 315:
1.000000 1.881509 1.000000 5.575328
0.531488 1.000000 1.742314 8.636331
1.000000 0.573949 1.000000 5.930382
0.179362 0.115790 0.168623 1.000000

Matrix 316:
1.000000 0.142857 0.200000 0.587878
7.000000 1.000000 4.000000 4.000000
5.000000 0.250000 1.000000 3.000000
1.701033 0.250000 0.333333 1.000000

Matrix 317:
1.000000 5.000000 0.655297 9.000000
0.200000 1.000000 0.142857 1.893169
1.526025 7.000000 1.000000 9.000000
0.111111 0.528215 0.111111 1.000000

Matrix 318:
1.000000 2.726195 7.088417 9.000000
0.366812 1.000000 5.000000 6.000000
0.141075 0.200000 1.000000 0.528981
0.111111 0.166667 1.890425 1.000000

Matrix 319:
1.000000 0.620596 0.500000 6.694244
1.611355 1.000000 0.567963 9.000000
2.000000 1.760678 1.000000 7.000000
0.149382 0.111111 0.142857 1.000000

Matrix 320:
1.000000 0.111111 0.381500 0.180816
9.000000 1.000000 3.000003 0.361593
2.621231 0.333333 1.000000 0.142857
5.530481 2.765544 7.000000 1.000000

Matrix 321:
1.000000 1.000000 3.000000 0.664741
1.000000 1.000000 6.000000 3.000000
0.333333 0.166667 1.000000 0.166667
1.504345 0.333333 6.000000 1.000000

Matrix 322:
1.000000 5.000000 0.742317 1.640574
0.200000 1.000000 0.200000 0.142857
1.347133 5.000000 1.000000 1.000000
0.609543 7.000000 1.000000 1.000000

Matrix 323:
1.000000 2.000000 1.000000 3.000000
0.500000 1.000000 0.500000 0.617509
1.000000 2.000000 1.000000 2.373942
0.333333 1.619410 0.421240 1.000000

Matrix 324:
1.000000 1.000000 0.572718 1.363302
1.000000 1.000000 0.610474 1.000000
1.746059 1.638072 1.000000 0.645620
0.733513 1.000000 1.548899 1.000000

Matrix 325:
1.000000 9.000000 3.000000 1.892815
0.111111 1.000000 0.166667 0.688704
0.333333 6.000000 1.000000 2.000000
0.528314 1.452003 0.500000 1.000000

Matrix 326:
1.000000 2.000000 0.125000 3.000000
0.500000 1.000000 0.125000 1.639084
8.000000 8.000000 1.000000 7.000000
0.333333 0.610097 0.142857 1.000000

Matrix 327:
1.000000 1.000000 0.607422 0.200000
1.000000 1.000000 1.441375 0.500000
1.646303 0.693782 1.000000 1.000000
5.000000 2.000000 1.000000 1.000000

Matrix 328:
1.000000 0.741836 3.000000 0.250000
1.348006 1.000000 1.000000 0.200000
0.333333 1.000000 1.000000 0.166667
4.000000 5.000000 6.000000 1.000000

Matrix 329:
1.000000 0.685555 0.125000 0.250000
1.458671 1.000000 0.125000 0.125000
8.000000 8.000000 1.000000 0.558497
4.000000 8.000000 1.790519 1.000000

Matrix 330:
1.000000 1.719237 3.000000 1.000000
0.581653 1.000000 1.560672 1.978796
0.333333 0.640750 1.000000 0.534039
1.000000 0.505358 1.872523 1.000000

Matrix 331:
1.000000 0.142857 0.333333 0.166667
7.000000 1.000000 2.000000 0.660019
3.000000 0.500000 1.000000 1.560871
6.000000 1.515109 0.640668 1.000000

Matrix 332:
1.000000 6.000000 0.665641 4.000000
0.166667 1.000000 0.500000 0.500000
1.502311 2.000000 1.000000 3.000000
0.250000 2.000000 0.333333 1.000000

Matrix 333:
1.000000 4.000000 0.541288 0.250000
0.250000 1.000000 0.142857 0.125063
1.847447 7.000000 1.000000 0.333333
4.000000 7.995943 3.000000 1.000000

Matrix 334:
1.000000 0.500000 0.200000 1.460876
2.000000 1.000000 0.111111 1.000000
5.000000 9.000000 1.000000 5.000000
0.684521 1.000000 0.200000 1.000000

Matrix 335:
1.000000 2.880461 3.382396 1.941038
0.347167 1.000000 1.520092 1.000000
0.295648 0.657855 1.000000 2.000000
0.515188 1.000000 0.500000 1.000000

Matrix 336:
1.000000 0.142857 0.200000 0.142857
7.000000 1.000000 1.444010 1.000000
5.000000 0.692516 1.000000 2.000000
7.000000 1.000000 0.500000 1.000000

Matrix 337:
1.000000 0.166667 0.166667 0.200000
6.000000 1.000000 1.580650 1.000000
6.000000 0.632651 1.000000 1.603651
5.000000 1.000000 0.623577 1.000000

Matrix 338:
1.000000 0.415925 2.000000 4.000000
2.404280 1.000000 3.905331 5.328660
0.500000 0.256060 1.000000 5.000000
0.250000 0.187664 0.200000 1.000000

Matrix 339:
1.000000 4.688935 4.000000 7.000000
0.213268 1.000000 2.074010 0.509584
0.250000 0.482158 1.000000 0.500000
0.142857 1.962385 2.000000 1.000000

Matrix 340:
1.000000 0.137487 0.200000 0.628335
7.273409 1.000000 5.000000 7.000000
5.000000 0.200000 1.000000 3.556324
1.591507 0.142857 0.281189 1.000000

Matrix 341:
1.000000 1.000000 4.000000 0.618519
1.000000 1.000000 4.000000 1.000000
0.250000 0.250000 1.000000 0.250000
1.616765 1.000000 4.000000 1.000000

Matrix 342:
1.000000 5.000000 3.981288 9.000000
0.200000 1.000000 0.333333 0.674920
0.251175 3.000000 1.000000 1.615109
0.111111 1.481658 0.619153 1.000000

Matrix 343:
1.000000 1.000000 0.333333 1.634651
1.000000 1.000000 0.200000 1.000000
3.000000 5.000000 1.000000 8.000000
0.611752 1.000000 0.125000 1.000000

Matrix 344:
1.000000 2.000000 9.000000 2.000000
0.500000 1.000000 5.000000 0.747607
0.111111 0.200000 1.000000 0.333333
0.500000 1.337602 3.000000 1.000000

Matrix 345:
1.000000 9.000000 8.000000 6.000000
0.111111 1.000000 1.491000 0.500000
0.125000 0.670691 1.000000 1.374505
0.166667 2.000000 0.727535 1.000000

Matrix 346:
1.000000 0.166667 0.500000 0.142857
6.000000 1.000000 3.000003 0.813464
2.000000 0.333333 1.000000 1.081994
7.000000 1.229310 0.924220 1.000000

Matrix 347:
1.000000 1.539335 6.000000 7.000000
0.649631 1.000000 7.000000 3.000000
0.166667 0.142857 1.000000 0.627547
0.142857 0.333333 1.593507 1.000000

Matrix 348:
1.000000 0.500000 1.000000 1.000000
2.000000 1.000000 0.748177 0.600656
1.000000 1.336583 1.000000 0.787367
1.000000 1.664848 1.270055 1.000000

Matrix 349:
1.000000 0.608762 9.000009 7.000000
1.642678 1.000000 8.000000 3.341550
0.111111 0.125000 1.000000 1.553335
0.142857 0.299262 0.643776 1.000000

Matrix 350:
1.000000 0.500000 0.250000 0.111111
2.000000 1.000000 0.250000 0.142857
4.000000 4.000000 1.000000 1.453572
9.000000 7.000000 0.687960 1.000000

Matrix 351:
1.000000 0.125000 1.000000 0.119512
8.000000 1.000000 4.000000 0.500000
1.000000 0.250000 1.000000 0.125000
8.367385 2.000000 8.000000 1.000000

Matrix 352:
1.000000 0.111111 0.142857 1.658132
9.000000 1.000000 0.333333 7.000000
7.000000 3.000000 1.000000 9.000000
0.603088 0.142857 0.111111 1.000000

Matrix 353:
1.000000 0.623928 0.500000 5.000000
1.602749 1.000000 0.500000 6.000000
2.000000 2.000000 1.000000 9.000000
0.200000 0.166667 0.111111 1.000000

Matrix 354:
1.000000 2.000000 0.500000 0.990761
0.500000 1.000000 0.142857 1.681158
2.000000 7.000000 1.000000 8.000000
1.009325 0.594828 0.125000 1.000000

Matrix 355:
1.000000 1.618038 9.000009 0.730252
0.618033 1.000000 8.000000 1.000000
0.111111 0.125000 1.000000 0.166667
1.369391 1.000000 6.000000 1.000000

Matrix 356:
1.000000 4.000000 3.000000 1.000000
0.250000 1.000000 0.641262 0.500000
0.333333 1.559425 1.000000 0.250000
1.000000 2.000000 4.000000 1.000000

Matrix 357:
1.000000 0.606237 0.250000 0.142857
1.649520 1.000000 0.125000 0.125000
4.000000 8.000000 1.000000 1.000000
7.000000 8.000000 1.000000 1.000000

Matrix 358:
1.000000 1.000000 0.698097 3.000000
1.000000 1.000000 1.707045 9.000000
1.432466 0.585808 1.000000 5.000000
0.333333 0.111111 0.200000 1.000000

Matrix 359:
1.000000 0.500000 2.000000 1.000000
2.000000 1.000000 6.000000 0.658654
0.500000 0.166667 1.000000 0.166667
1.000000 1.518247 6.000000 1.000000

Matrix 360:
1.000000 0.632673 9.000000 7.000000
1.580596 1.000000 5.000000 7.000000
0.111111 0.200000 1.000000 1.000000
0.142857 0.142857 1.000000 1.000000

Matrix 361:
1.000000 1.031486 9.000000 7.000000
0.969475 1.000000 4.000000 9.000000
0.111111 0.250000 1.000000 0.570767
0.142857 0.111111 1.752028 1.000000

Matrix 362:
1.000000 9.000009 7.000007 2.811353
0.111111 1.000000 0.666442 1.000000
0.142857 1.500506 1.000000 0.524017
0.355701 1.000000 1.908334 1.000000

Matrix 363:
1.000000 7.000000 9.000000 6.000000
0.142857 1.000000 0.664524 0.333333
0.111111 1.504836 1.000000 0.500000
0.166667 3.000000 2.000000 1.000000

Matrix 364:
1.000000 0.353779 0.523260 0.250000
2.826625 1.000000 4.000000 2.292320
1.911095 0.250000 1.000000 0.765374
4.000000 0.436239 1.306551 1.000000

Matrix 365:
1.000000 8.000000 3.000000 7.680198
0.125000 1.000000 0.250000 3.000000
0.333333 4.000000 1.000000 5.000000
0.130205 0.333333 0.200000 1.000000

Matrix 366:
1.000000 2.000000 0.835705 1.916017
0.500000 1.000000 0.553472 1.989446
1.196594 1.806776 1.000000 0.910419
0.521916 0.502653 1.098395 1.000000

Matrix 367:
1.000000 1.673920 0.656922 0.500000
0.597400 1.000000 1.000000 0.111111
1.522251 1.000000 1.000000 0.250000
2.000000 9.000000 4.000000 1.000000

Matrix 368:
1.000000 2.000000 0.685541 0.578235
0.500000 1.000000 0.125000 0.200000
1.458703 8.000000 1.000000 3.653730
1.729402 5.000000 0.273693 1.000000

Matrix 369:
1.000000 0.166667 0.735124 1.360038
6.000000 1.000000 9.000000 5.000000
1.360316 0.111111 1.000000 0.500000
0.735274 0.200000 2.000000 1.000000

Matrix 370:
1.000000 1.008913 1.000000 0.333333
0.991166 1.000000 2.283262 0.569624
1.000000 0.437970 1.000000 0.500000
3.000000 1.755543 2.000000 1.000000

Matrix 371:
1.000000 2.000000 0.737353 0.500000
0.500000 1.000000 1.282531 0.333333
1.356203 0.779708 1.000000 0.333333
2.000000 3.000000 3.000000 1.000000

Matrix 372:
1.000000 0.333333 0.200000 0.142857
3.000000 1.000000 0.200000 0.125000
5.000000 5.000000 1.000000 0.614595
7.000000 8.000000 1.627087 1.000000

Matrix 373:
1.000000 1.169757 1.000000 1.000000
0.854878 1.000000 2.138344 1.409853
1.000000 0.467652 1.000000 0.250000
1.000000 0.709294 4.000000 1.000000

Matrix 374:
1.000000 1.677302 0.528036 2.051386
0.596196 1.000000 0.500000 2.000000
1.893810 2.000000 1.000000 1.244253
0.487475 0.500000 0.803695 1.000000

Matrix 375:
1.000000 0.123826 1.369259 0.250000
8.075852 1.000000 5.999988 6.000000
0.730322 0.166667 1.000000 0.587136
4.000000 0.166667 1.703183 1.000000

Matrix 376:
1.000000 0.333333 2.063092 1.000000
3.000000 1.000000 5.000000 7.000000
0.484709 0.200000 1.000000 1.618385
1.000000 0.142857 0.617900 1.000000

Matrix 377:
1.000000 0.672720 0.500956 0.239558
1.486502 1.000000 2.332229 0.166667
1.996182 0.428774 1.000000 0.166667
4.174352 6.000000 6.000000 1.000000

Matrix 378:
1.000000 2.009497 0.500000 9.000000
0.497637 1.000000 0.839028 3.000000
2.000000 1.191856 1.000000 9.000000
0.111111 0.333333 0.111111 1.000000

Matrix 379:
1.000000 0.333333 0.121686 0.250000
3.000000 1.000000 0.166667 0.500000
8.217844 6.000000 1.000000 2.000000
4.000000 2.000000 0.500000 1.000000

Matrix 380:
1.000000 4.000000 4.000000 0.625183
0.250000 1.000000 0.500000 0.552745
0.250000 2.000000 1.000000 0.500000
1.599532 1.809153 2.000000 1.000000

Matrix 381:
1.000000 3.000000 7.000000 4.000000
0.333333 1.000000 4.000000 0.694577
0.142857 0.250000 1.000000 0.200000
0.250000 1.439726 5.000000 1.000000

Matrix 382:
1.000000 4.000000 5.000000 0.530756
0.250000 1.000000 3.000000 0.200000
0.200000 0.333333 1.000000 0.115277
1.884104 5.000000 8.674759 1.000000

Matrix 383:
1.000000 1.030894 0.508989 7.000000
0.970032 1.000000 1.565750 9.000000
1.964678 0.638671 1.000000 8.000000
0.142857 0.111111 0.125000 1.000000

Matrix 384:
1.000000 8.915480 2.095700 5.000000
0.112164 1.000000 0.111111 0.736239
0.477168 9.000000 1.000000 9.000000
0.200000 1.358254 0.111111 1.000000

Matrix 385:
1.000000 1.000000 1.000000 0.250000
1.000000 1.000000 0.609964 0.125000
1.000000 1.639440 1.000000 0.111111
4.000000 8.000000 9.000000 1.000000

Matrix 386:
1.000000 0.166667 0.697162 2.000000
6.000000 1.000000 9.000009 6.000000
1.434387 0.111111 1.000000 0.903963
0.500000 0.166667 1.106241 1.000000

Matrix 387:
1.000000 3.594277 7.000007 5.000000
0.278220 1.000000 1.000000 0.250000
0.142857 1.000000 1.000000 0.350900
0.200000 4.000000 2.849812 1.000000

Matrix 388:
1.000000 0.200000 0.647675 0.166667
5.000000 1.000000 8.000000 2.051811
1.543984 0.125000 1.000000 0.142857
6.000000 0.487374 7.000000 1.000000

Matrix 389:
1.000000 0.539343 1.000000 7.000000
1.854108 1.000000 1.000000 5.823089
1.000000 1.000000 1.000000 7.000000
0.142857 0.171730 0.142857 1.000000

Matrix 390:
1.000000 2.096419 3.000000 0.250000
0.477004 1.000000 1.825557 0.297120
0.333333 0.547778 1.000000 0.250000
4.000000 3.365648 4.000000 1.000000

Matrix 391:
1.000000 1.000000 0.125000 0.250000
1.000000 1.000000 0.200000 0.200000
8.000000 5.000000 1.000000 0.698315
4.000000 5.000000 1.432019 1.000000

Matrix 392:
1.000000 1.419523 7.000000 0.500000
0.704462 1.000000 9.000000 1.189864
0.142857 0.111111 1.000000 0.142857
2.000000 0.840432 7.000000 1.000000

Matrix 393:
1.000000 1.449434 9.000000 4.000000
0.689924 1.000000 8.000000 5.000000
0.111111 0.125000 1.000000 0.142857
0.250000 0.200000 7.000000 1.000000

Matrix 394:
1.000000 3.000000 2.000000 0.623218
0.333333 1.000000 0.333333 0.500000
0.500000 3.000000 1.000000 1.000000
1.604575 2.000000 1.000000 1.000000

Matrix 395:
1.000000 0.724769 0.954693 0.333333
1.379751 1.000000 0.643418 0.125000
1.047458 1.554199 1.000000 0.333333
3.000000 8.000000 3.000000 1.000000

Matrix 396:
1.000000 5.999988 5.000000 6.923039
0.166667 1.000000 1.598223 1.000000
0.200000 0.625695 1.000000 1.423726
0.144445 1.000000 0.702382 1.000000

Matrix 397:
1.000000 0.200000 0.200000 0.606429
5.000000 1.000000 0.250000 5.000000
5.000000 4.000000 1.000000 8.000000
1.648997 0.200000 0.125000 1.000000

Matrix 398:
1.000000 0.780187 1.000000 1.446476
1.281743 1.000000 0.548039 1.000000
1.000000 1.824688 1.000000 1.000000
0.691335 1.000000 1.000000 1.000000

Matrix 399:
1.000000 0.528578 0.142857 0.720193
1.891867 1.000000 0.166667 0.613922
7.000000 6.000000 1.000000 3.000000
1.388517 1.628870 0.333333 1.000000

Matrix 400:
1.000000 1.386978 5.000000 0.595818
0.720992 1.000000 7.000007 1.000000
0.200000 0.142857 1.000000 0.250000
1.678365 1.000000 4.000000 1.000000

Matrix 401:
1.000000 6.000000 2.000000 0.696538
0.166667 1.000000 0.500000 0.125000
0.500000 2.000000 1.000000 1.000000
1.435672 8.000000 1.000000 1.000000

Matrix 402:
1.000000 1.622967 0.333333 0.500000
0.616155 1.000000 0.493346 0.593882
3.000000 2.026976 1.000000 1.847488
2.000000 1.683836 0.541275 1.000000

Matrix 403:
1.000000 9.000009 1.066998 2.765125
0.111111 1.000000 0.333333 0.627940
0.937209 3.000000 1.000000 3.103695
0.361647 1.592508 0.322197 1.000000

Matrix 404:
1.000000 0.250000 0.499940 0.118581
4.000000 1.000000 1.999255 0.125000
2.000240 0.500186 1.000000 0.111111
8.433057 8.000000 9.000000 1.000000

Matrix 405:
1.000000 1.537224 1.000000 2.000000
0.650523 1.000000 1.000000 1.000000
1.000000 1.000000 1.000000 1.000000
0.500000 1.000000 1.000000 1.000000

Matrix 406:
1.000000 0.250000 0.188954 0.112821
4.000000 1.000000 0.688307 0.111111
5.292301 1.452839 1.000000 0.142857
8.863606 9.000000 7.000000 1.000000

Matrix 407:
1.000000 1.000000 4.473060 0.541973
1.000000 1.000000 5.999988 0.591204
0.223561 0.166667 1.000000 0.111111
1.845111 1.691463 9.000000 1.000000

Matrix 408:
1.000000 0.333333 3.000000 5.000000
3.000000 1.000000 5.000000 9.000000
0.333333 0.200000 1.000000 0.699882
0.200000 0.111111 1.428812 1.000000

Matrix 409:
1.000000 1.000000 2.097364 6.000000
1.000000 1.000000 0.637908 7.000000
0.476789 1.567625 1.000000 5.000000
0.166667 0.142857 0.200000 1.000000

Matrix 410:
1.000000 0.572186 0.500000 2.278248
1.747683 1.000000 0.565667 6.000000
2.000000 1.767825 1.000000 9.000000
0.438934 0.166667 0.111111 1.000000

Matrix 411:
1.000000 8.000000 5.000000 2.891249
0.125000 1.000000 2.026446 0.336428
0.200000 0.493475 1.000000 0.333333
0.345871 2.972405 3.000000 1.000000

Matrix 412:
1.000000 0.333333 0.333333 1.589864
3.000000 1.000000 0.496733 1.000000
3.000000 2.013155 1.000000 3.000000
0.628985 1.000000 0.333333 1.000000

Matrix 413:
1.000000 1.000000 0.500000 0.659012
1.000000 1.000000 0.200000 1.706062
2.000000 5.000000 1.000000 4.000000
1.517422 0.586145 0.250000 1.000000

Matrix 414:
1.000000 0.166667 2.289093 0.111111
6.000000 1.000000 8.625475 1.233342
0.436854 0.115936 1.000000 0.250000
9.000000 0.810805 4.000000 1.000000

Matrix 415:
1.000000 4.000000 0.250000 0.142857
0.250000 1.000000 0.166667 0.125000
4.000000 6.000000 1.000000 1.528788
7.000000 8.000000 0.654113 1.000000

Matrix 416:
1.000000 1.601054 0.500000 0.142857
0.624589 1.000000 0.166667 0.250000
2.000000 6.000000 1.000000 0.333333
7.000000 4.000000 3.000000 1.000000

Matrix 417:
1.000000 9.000009 2.000000 0.601526
0.111111 1.000000 0.375031 0.250000
0.500000 2.666444 1.000000 0.250000
1.662439 4.000000 4.000000 1.000000

Matrix 418:
1.000000 0.166667 5.000000 4.000000
6.000000 1.000000 8.000000 7.000000
0.200000 0.125000 1.000000 0.638645
0.250000 0.142857 1.565815 1.000000

Matrix 419:
1.000000 0.250000 0.500000 0.597528
4.000000 1.000000 7.000000 5.000000
2.000000 0.142857 1.000000 1.731794
1.673562 0.200000 0.577436 1.000000

Matrix 420:
1.000000 2.000000 1.459148 7.000000
0.500000 1.000000 0.333333 5.000000
0.685332 3.000000 1.000000 7.000000
0.142857 0.200000 0.142857 1.000000

Matrix 421:
1.000000 3.000000 8.000000 0.250000
0.333333 1.000000 1.630656 0.142857
0.125000 0.613250 1.000000 0.142857
4.000000 7.000000 7.000000 1.000000

Matrix 422:
1.000000 1.726230 0.710298 5.000000
0.579297 1.000000 2.000000 6.000000
1.407860 0.500000 1.000000 6.000000
0.200000 0.166667 0.166667 1.000000

Matrix 423:
1.000000 0.333333 0.200000 0.635868
3.000000 1.000000 2.649387 5.000000
5.000000 0.377446 1.000000 1.940102
1.572653 0.200000 0.515437 1.000000

Matrix 424:
1.000000 7.627113 2.556083 7.000000
0.131111 1.000000 0.142857 0.729446
0.391224 7.000000 1.000000 4.000000
0.142857 1.370904 0.250000 1.000000

Matrix 425:
1.000000 4.991925 6.000000 9.000000
0.200324 1.000000 0.528130 0.500000
0.166667 1.893473 1.000000 1.000000
0.111111 2.000000 1.000000 1.000000

Matrix 426:
1.000000 0.212710 1.000000 0.142857
4.701226 1.000000 3.640224 1.402058
1.000000 0.274708 1.000000 0.125000
7.000000 0.713237 8.000000 1.000000

Matrix 427:
1.000000 3.000000 0.125000 0.111111
0.333333 1.000000 0.125000 0.125000
8.000000 8.000000 1.000000 1.652535
9.000000 8.000000 0.605131 1.000000

Matrix 428:
1.000000 0.500000 1.000000 0.111111
2.000000 1.000000 3.000000 0.408761
1.000000 0.333333 1.000000 0.250000
9.000000 2.446416 4.000000 1.000000

Matrix 429:
1.000000 1.346489 2.000000 5.000000
0.742672 1.000000 2.000000 6.000000
0.500000 0.500000 1.000000 1.000000
0.200000 0.166667 1.000000 1.000000

Matrix 430:
1.000000 1.000000 3.000000 1.436336
1.000000 1.000000 2.000000 0.333333
0.333333 0.500000 1.000000 0.333333
0.696216 3.000000 3.000000 1.000000

Matrix 431:
1.000000 1.926740 5.000000 2.457676
0.519011 1.000000 2.543260 1.000000
0.200000 0.393196 1.000000 0.200000
0.406888 1.000000 5.000000 1.000000

Matrix 432:
1.000000 0.250000 0.682825 1.591484
4.000000 1.000000 4.000000 3.000000
1.464504 0.250000 1.000000 0.500000
0.628344 0.333333 2.000000 1.000000

Matrix 433:
1.000000 4.000000 1.363507 0.622962
0.250000 1.000000 0.200000 0.200000
0.733403 5.000000 1.000000 2.000000
1.605233 5.000000 0.500000 1.000000

Matrix 434:
1.000000 8.000000 5.000000 2.086506
0.125000 1.000000 0.967601 0.111111
0.200000 1.033484 1.000000 0.200000
0.479270 9.000000 5.000000 1.000000

Matrix 435:
1.000000 0.446581 1.509914 0.166667
2.239235 1.000000 3.000000 0.166667
0.662289 0.333333 1.000000 0.166667
6.000000 6.000000 6.000000 1.000000

Matrix 436:
1.000000 1.000000 3.000000 9.000000
1.000000 1.000000 0.633802 9.000000
0.333333 1.577779 1.000000 8.000000
0.111111 0.111111 0.125000 1.000000

Matrix 437:
1.000000 0.648252 1.000000 1.000000
1.542610 1.000000 1.000000 1.000000
1.000000 1.000000 1.000000 1.603054
1.000000 1.000000 0.623809 1.000000

Matrix 438:
1.000000 0.111111 1.000000 0.534269
9.000000 1.000000 8.000000 7.000000
1.000000 0.125000 1.000000 1.638044
1.871715 0.142857 0.610484 1.000000

Matrix 439:
1.000000 7.000000 1.000000 0.621658
0.142857 1.000000 0.111111 0.125000
1.000000 9.000000 1.000000 1.000000
1.608602 8.000000 1.000000 1.000000

Matrix 440:
1.000000 1.375957 5.000000 5.067775
0.726767 1.000000 3.000003 0.992172
0.200000 0.333333 1.000000 1.372120
0.197325 1.007890 0.728799 1.000000

Matrix 441:
1.000000 1.000000 0.142857 3.000000
1.000000 1.000000 0.111111 5.000000
7.000000 9.000000 1.000000 8.370987
0.333333 0.200000 0.119460 1.000000

Matrix 442:
1.000000 0.500000 0.607203 9.000000
2.000000 1.000000 1.000000 9.000000
1.646895 1.000000 1.000000 8.000000
0.111111 0.111111 0.125000 1.000000

Matrix 443:
1.000000 0.663639 0.142857 0.250000
1.506843 1.000000 0.166667 0.142857
7.000000 6.000000 1.000000 1.000000
4.000000 7.000000 1.000000 1.000000

Matrix 444:
1.000000 0.500000 0.333333 1.000000
2.000000 1.000000 0.608474 6.000000
3.000000 1.643456 1.000000 2.000000
1.000000 0.166667 0.500000 1.000000

Matrix 445:
1.000000 2.000000 1.000000 6.000000
0.500000 1.000000 0.166667 1.612222
1.000000 6.000000 1.000000 3.000000
0.166667 0.620262 0.333333 1.000000

Matrix 446:
1.000000 0.333333 0.658818 0.333333
3.000000 1.000000 6.000000 0.632302
1.517869 0.166667 1.000000 0.166667
3.000000 1.581522 6.000000 1.000000

Matrix 447:
1.000000 9.000000 0.660796 0.500000
0.111111 1.000000 0.111111 0.125000
1.513325 9.000000 1.000000 0.478733
2.000000 8.000000 2.088848 1.000000

Matrix 448:
1.000000 0.142857 0.200000 0.250000
7.000000 1.000000 0.656816 3.000000
5.000000 1.522497 1.000000 5.000000
4.000000 0.333333 0.200000 1.000000

Matrix 449:
1.000000 1.000000 0.111111 0.125000
1.000000 1.000000 0.200000 0.333333
9.000000 5.000000 1.000000 0.746665
8.000000 3.000000 1.339288 1.000000

Matrix 450:
1.000000 2.000000 3.000003 3.000000
0.500000 1.000000 0.872512 0.500000
0.333333 1.146116 1.000000 0.544530
0.333333 2.000000 1.836445 1.000000

Matrix 451:
1.000000 0.723380 1.886691 7.000000
1.382400 1.000000 0.825506 3.000000
0.530029 1.211378 1.000000 1.929306
0.142857 0.333333 0.518321 1.000000

Matrix 452:
1.000000 0.250000 1.540709 0.111111
4.000000 1.000000 1.868340 0.500000
0.649052 0.535235 1.000000 0.166667
9.000000 2.000000 6.000000 1.000000

Matrix 453:
1.000000 1.076050 0.250000 0.200000
0.929325 1.000000 0.576914 0.500000
4.000000 1.733359 1.000000 1.277036
5.000000 2.000000 0.783063 1.000000

Matrix 454:
1.000000 1.000000 1.000000 0.615817
1.000000 1.000000 0.635883 2.254458
1.000000 1.572616 1.000000 1.000000
1.623859 0.443566 1.000000 1.000000

Matrix 455:
1.000000 4.000000 1.641201 2.000000
0.250000 1.000000 0.142857 0.142857
0.609310 7.000000 1.000000 0.500000
0.500000 7.000000 2.000000 1.000000

Matrix 456:
1.000000 7.000000 2.000000 9.000000
0.142857 1.000000 0.333333 0.640234
0.500000 3.000000 1.000000 4.000000
0.111111 1.561930 0.250000 1.000000

Matrix 457:
1.000000 1.000000 2.000000 0.125000
1.000000 1.000000 2.000000 0.166667
0.500000 0.500000 1.000000 0.217019
8.000000 6.000000 4.607892 1.000000

Matrix 458:
1.000000 0.142857 0.333333 0.250000
7.000000 1.000000 2.104099 1.000000
3.000000 0.475263 1.000000 1.234100
4.000000 1.000000 0.810307 1.000000

Matrix 459:
1.000000 0.500000 0.166667 0.621237
2.000000 1.000000 0.111111 1.000000
6.000000 9.000000 1.000000 6.000000
1.609691 1.000000 0.166667 1.000000

Matrix 460:
1.000000 2.000000 1.655215 5.000000
0.500000 1.000000 0.500000 6.000000
0.604151 2.000000 1.000000 8.000000
0.200000 0.166667 0.125000 1.000000

Matrix 461:
1.000000 0.500000 0.623089 8.000000
2.000000 1.000000 1.823871 9.000000
1.604907 0.548284 1.000000 5.000000
0.125000 0.111111 0.200000 1.000000

Matrix 462:
1.000000 0.605343 0.111111 0.113878
1.651957 1.000000 0.166667 0.125000
9.000000 6.000000 1.000000 1.644086
8.781336 8.000000 0.608241 1.000000

Matrix 463:
1.000000 0.163051 0.756560 0.200000
6.133063 1.000000 8.000000 1.573106
1.321772 0.125000 1.000000 0.166667
5.000000 0.635685 6.000000 1.000000

Matrix 464:
1.000000 0.142857 0.142857 0.166667
7.000000 1.000000 0.500000 0.333333
7.000000 2.000000 1.000000 0.627635
6.000000 3.000000 1.593282 1.000000

Matrix 465:
1.000000 4.000000 4.000000 1.637744
0.250000 1.000000 3.000000 0.333333
0.250000 0.333333 1.000000 0.500000
0.610596 3.000000 2.000000 1.000000

Matrix 466:
1.000000 1.000000 0.125000 0.333333
1.000000 1.000000 0.166667 0.333333
8.000000 6.000000 1.000000 0.748611
3.000000 3.000000 1.335808 1.000000

Matrix 467:
1.000000 0.333333 0.166667 0.333333
3.000000 1.000000 1.599310 0.690011
6.000000 0.625269 1.000000 1.406175
3.000000 1.449251 0.711149 1.000000

Matrix 468:
1.000000 0.250000 1.958362 0.333333
4.000000 1.000000 2.000000 1.453927
0.510631 0.500000 1.000000 0.166667
3.000000 0.687793 6.000000 1.000000

Matrix 469:
1.000000 1.432631 0.111111 0.125000
0.698016 1.000000 0.142857 0.200000
9.000000 7.000000 1.000000 1.000000
8.000000 5.000000 1.000000 1.000000

Matrix 470:
1.000000 1.000000 7.000000 6.000000
1.000000 1.000000 8.000000 4.000000
0.142857 0.125000 1.000000 1.206531
0.166667 0.250000 0.828823 1.000000

Matrix 471:
1.000000 3.000003 0.650835 1.584177
0.333333 1.000000 0.324793 1.305340
1.536488 3.078884 1.000000 1.000000
0.631242 0.766084 1.000000 1.000000

Matrix 472:
1.000000 2.000000 8.000000 6.000000
0.500000 1.000000 1.646260 1.000000
0.125000 0.607437 1.000000 1.138120
0.166667 1.000000 0.878642 1.000000

Matrix 473:
1.000000 1.215745 4.000000 0.125000
0.822541 1.000000 1.717204 0.111111
0.250000 0.582342 1.000000 0.120881
8.000000 9.000000 8.272628 1.000000

Matrix 474:
1.000000 4.000000 1.000000 8.000000
0.250000 1.000000 0.250000 4.000000
1.000000 4.000000 1.000000 8.260339
0.125000 0.250000 0.121060 1.000000

Matrix 475:
1.000000 3.000000 7.912031 2.000000
0.333333 1.000000 2.000000 0.250000
0.126390 0.500000 1.000000 0.111111
0.500000 4.000000 9.000000 1.000000

Matrix 476:
1.000000 2.000000 0.558438 0.687123
0.500000 1.000000 0.142857 0.200000
1.790710 7.000000 1.000000 0.426656
1.455344 5.000000 2.343809 1.000000

Matrix 477:
1.000000 0.200000 0.823289 2.000000
5.000000 1.000000 8.000000 8.000000
1.214641 0.125000 1.000000 1.000000
0.500000 0.125000 1.000000 1.000000

Matrix 478:
1.000000 6.000000 1.618572 0.500000
0.166667 1.000000 0.142857 0.250000
0.617828 7.000000 1.000000 0.500000
2.000000 4.000000 2.000000 1.000000

Matrix 479:
1.000000 7.000007 1.752416 0.536069
0.142857 1.000000 0.250000 0.166667
0.570641 4.000000 1.000000 0.632292
1.865430 6.000000 1.581549 1.000000

Matrix 480:
1.000000 4.000000 4.000000 0.333333
0.250000 1.000000 1.432198 0.166667
0.250000 0.698227 1.000000 0.200000
3.000000 6.000000 5.000000 1.000000

Matrix 481:
1.000000 1.000000 0.617687 1.000000
1.000000 1.000000 1.000000 0.470404
1.618944 1.000000 1.000000 1.837000
1.000000 2.125833 0.544366 1.000000

Matrix 482:
1.000000 0.124038 0.142857 0.125000
8.062047 1.000000 0.536755 1.557797
7.000000 1.863046 1.000000 1.000000
8.000000 0.641932 1.000000 1.000000

Matrix 483:
1.000000 1.000000 0.442165 0.630547
1.000000 1.000000 1.599877 2.000000
2.261599 0.625048 1.000000 1.000000
1.585925 0.500000 1.000000 1.000000

Matrix 484:
1.000000 0.125000 1.000000 0.166667
8.000000 1.000000 9.000000 0.665242
1.000000 0.111111 1.000000 0.250000
6.000000 1.503212 4.000000 1.000000

Matrix 485:
1.000000 1.000000 0.642078 0.500000
1.000000 1.000000 1.553610 1.232738
1.557443 0.643662 1.000000 0.528512
2.000000 0.811202 1.892103 1.000000

Matrix 486:
1.000000 0.500000 1.024298 1.000000
2.000000 1.000000 0.822673 1.000000
0.976279 1.215550 1.000000 0.614149
1.000000 1.000000 1.628269 1.000000

Matrix 487:
1.000000 1.000000 1.720466 3.320086
1.000000 1.000000 0.650823 3.000000
0.581238 1.536517 1.000000 1.519741
0.301197 0.333333 0.658007 1.000000

Matrix 488:
1.000000 1.730803 0.355425 0.125000
0.577766 1.000000 0.250000 0.125000
2.813533 4.000000 1.000000 0.527642
8.000000 8.000000 1.895224 1.000000

Matrix 489:
1.000000 1.000000 1.736346 9.000000
1.000000 1.000000 0.581276 8.000000
0.575922 1.720354 1.000000 7.000000
0.111111 0.125000 0.142857 1.000000

Matrix 490:
1.000000 1.637555 6.000000 6.000000
0.610667 1.000000 7.000000 5.000000
0.166667 0.142857 1.000000 2.000000
0.166667 0.200000 0.500000 1.000000

Matrix 491:
1.000000 5.999988 8.000000 0.541084
0.166667 1.000000 0.701525 0.182869
0.125000 1.425467 1.000000 0.111111
1.848141 5.468406 9.000000 1.000000

Matrix 492:
1.000000 1.000000 9.000000 3.000000
1.000000 1.000000 8.000000 5.000000
0.111111 0.125000 1.000000 0.455125
0.333333 0.200000 2.197200 1.000000

Matrix 493:
1.000000 2.054675 1.544659 1.000000
0.486695 1.000000 0.504833 2.082360
0.647392 1.980854 1.000000 2.091734
1.000000 0.480224 0.478072 1.000000

Matrix 494:
1.000000 0.649678 0.500000 1.445799
1.539225 1.000000 1.000000 1.000000
2.000000 1.000000 1.000000 1.000000
0.691659 1.000000 1.000000 1.000000

Matrix 495:
1.000000 1.634788 2.000000 1.560935
0.611700 1.000000 0.676695 0.166667
0.500000 1.477771 1.000000 0.500000
0.640642 6.000000 2.000000 1.000000

Matrix 496:
1.000000 4.000000 1.165960 0.500856
0.250000 1.000000 0.125000 0.171310
0.857662 8.000000 1.000000 1.000000
1.996582 5.837357 1.000000 1.000000

Matrix 497:
1.000000 0.509298 8.000000 1.000000
1.963489 1.000000 7.238815 2.000000
0.125000 0.138144 1.000000 0.142857
1.000000 0.500000 7.000000 1.000000

Matrix 498:
1.000000 0.250000 0.608327 0.500000
4.000000 1.000000 4.000000 6.000000
1.643853 0.250000 1.000000 0.500000
2.000000 0.166667 2.000000 1.000000

Matrix 499:
1.000000 0.142857 0.676365 1.609749
7.000000 1.000000 4.000000 6.000000
1.478492 0.250000 1.000000 1.000000
0.621215 0.166667 1.000000 1.000000

Matrix 500:
1.000000 1.000000 1.368257 0.250000
1.000000 1.000000 0.564140 0.333333
0.730857 1.772611 1.000000 0.500000
4.000000 3.000000 2.000000 1.000000

Matrix 501:
1.000000 0.883085 4.000000 0.333333
1.132394 1.000000 7.000000 1.884067
0.250000 0.142857 1.000000 0.125000
3.000000 0.530767 8.000000 1.000000

Matrix 502:
1.000000 2.044332 3.000003 1.000000
0.489157 1.000000 2.000000 1.461068
0.333333 0.500000 1.000000 1.500113
1.000000 0.684431 0.666617 1.000000

Matrix 503:
1.000000 0.521068 0.250000 1.518670
1.919133 1.000000 0.452187 2.000000
4.000000 2.211474 1.000000 3.000000
0.658471 0.500000 0.333333 1.000000

Matrix 504:
1.000000 3.000003 1.291229 2.000000
0.333333 1.000000 0.409993 1.956750
0.774456 2.439063 1.000000 4.000000
0.500000 0.511052 0.250000 1.000000

Matrix 505:
1.000000 2.855881 1.000000 1.000000
0.350155 1.000000 0.600420 1.107025
1.000000 1.665502 1.000000 0.820693
1.000000 0.903322 1.218482 1.000000

Matrix 506:
1.000000 2.000000 0.641122 6.000000
0.500000 1.000000 1.489340 5.000000
1.559764 0.671438 1.000000 3.000000
0.166667 0.200000 0.333333 1.000000

Matrix 507:
1.000000 0.250000 1.541425 0.111111
4.000000 1.000000 8.000000 0.250000
0.648750 0.125000 1.000000 0.125000
9.000000 4.000000 8.000000 1.000000

Matrix 508:
1.000000 0.200000 1.000000 1.604212
5.000000 1.000000 4.000000 4.000000
1.000000 0.250000 1.000000 0.500000
0.623359 0.250000 2.000000 1.000000

Matrix 509:
1.000000 0.200000 0.698693 1.803087
5.000000 1.000000 2.000000 5.000000
1.431243 0.500000 1.000000 1.000000
0.554605 0.200000 1.000000 1.000000

Matrix 510:
1.000000 4.000000 0.200000 1.000000
0.250000 1.000000 0.111855 0.500000
5.000000 8.940132 1.000000 3.000000
1.000000 2.000000 0.333333 1.000000

Matrix 511:
1.000000 3.000003 3.113062 1.988828
0.333333 1.000000 2.492686 0.362286
0.321227 0.401174 1.000000 0.500000
0.502809 2.760253 2.000000 1.000000

Matrix 512:
1.000000 3.000000 0.632855 3.000000
0.333333 1.000000 1.000000 1.000000
1.580140 1.000000 1.000000 3.000000
0.333333 1.000000 0.333333 1.000000

Matrix 513:
1.000000 0.576170 0.500000 1.000000
1.735599 1.000000 0.500000 3.000000
2.000000 2.000000 1.000000 3.000000
1.000000 0.333333 0.333333 1.000000

Matrix 514:
1.000000 1.050439 0.500000 0.333333
0.951983 1.000000 0.837173 1.340992
2.000000 1.194497 1.000000 1.531626
3.000000 0.745717 0.652901 1.000000

Matrix 515:
1.000000 0.125000 6.000000 1.000000
8.000000 1.000000 9.000000 7.000000
0.166667 0.111111 1.000000 0.362733
1.000000 0.142857 2.756849 1.000000

Matrix 516:
1.000000 0.668686 0.250000 0.593034
1.495469 1.000000 0.669086 3.000000
4.000000 1.494576 1.000000 8.000000
1.686245 0.333333 0.125000 1.000000

Matrix 517:
1.000000 2.527765 1.374534 1.613184
0.395606 1.000000 1.000000 0.333333
0.727519 1.000000 1.000000 0.555427
0.619892 3.000000 1.800416 1.000000

Matrix 518:
1.000000 0.142857 1.000000 1.000000
7.000000 1.000000 4.000000 6.000000
1.000000 0.250000 1.000000 1.639712
1.000000 0.166667 0.609863 1.000000

Matrix 519:
1.000000 0.200000 0.629409 0.166667
5.000000 1.000000 8.000000 2.000000
1.588793 0.125000 1.000000 0.250000
6.000000 0.500000 4.000000 1.000000

Matrix 520:
1.000000 0.125000 1.067857 0.166667
8.000000 1.000000 3.000003 1.000000
0.936455 0.333333 1.000000 0.500000
6.000000 1.000000 2.000000 1.000000

Matrix 521:
1.000000 0.497971 1.404688 0.200000
2.008149 1.000000 0.744871 0.125000
0.711902 1.342514 1.000000 0.250000
5.000000 8.000000 4.000000 1.000000

Matrix 522:
1.000000 0.500000 2.000000 0.500000
2.000000 1.000000 5.000000 0.635756
0.500000 0.200000 1.000000 0.166667
2.000000 1.572931 6.000000 1.000000

Matrix 523:
1.000000 5.999988 5.000000 1.586348
0.166667 1.000000 0.544349 0.111111
0.200000 1.837057 1.000000 0.250000
0.630379 9.000000 4.000000 1.000000

Matrix 524:
1.000000 1.292539 1.268408 4.000000
0.773671 1.000000 0.333333 0.584387
0.788390 3.000000 1.000000 2.344927
0.250000 1.711195 0.426453 1.000000

Matrix 525:
1.000000 5.000000 7.000000 1.710015
0.200000 1.000000 1.843182 0.250000
0.142857 0.542540 1.000000 0.166667
0.584790 4.000000 6.000000 1.000000

Matrix 526:
1.000000 0.166667 1.000000 0.200000
6.000000 1.000000 6.000000 0.613666
1.000000 0.166667 1.000000 0.503415
5.000000 1.629552 1.986433 1.000000

Matrix 527:
1.000000 1.434600 1.644896 1.000000
0.697058 1.000000 1.000000 2.000000
0.607941 1.000000 1.000000 2.000000
1.000000 0.500000 0.500000 1.000000

Matrix 528:
1.000000 0.333333 0.950490 0.166667
3.000000 1.000000 3.000003 0.357671
1.052089 0.333333 1.000000 0.579323
6.000000 2.795866 1.726154 1.000000

Matrix 529:
1.000000 1.676060 5.706960 0.711522
0.596637 1.000000 6.000000 1.238652
0.175225 0.166667 1.000000 0.500000
1.405437 0.807329 2.000000 1.000000

Matrix 530:
1.000000 0.333333 1.447989 0.645315
3.000000 1.000000 5.000000 1.000000
0.690613 0.200000 1.000000 0.993070
1.549632 1.000000 1.006979 1.000000

Matrix 531:
1.000000 0.597789 0.256398 1.878699
1.672830 1.000000 1.000000 1.374852
3.900192 1.000000 1.000000 4.000000
0.532283 0.727351 0.250000 1.000000

Matrix 532:
1.000000 4.423648 1.000000 1.465058
0.226058 1.000000 0.314874 0.166667
1.000000 3.175877 1.000000 0.500000
0.682567 6.000000 2.000000 1.000000

Matrix 533:
1.000000 0.500000 1.000000 0.142857
2.000000 1.000000 2.240212 0.142857
1.000000 0.446386 1.000000 0.312001
7.000000 7.000000 3.205115 1.000000

Matrix 534:
1.000000 0.259816 1.308284 0.517634
3.848871 1.000000 1.000000 1.279914
0.764360 1.000000 1.000000 1.143494
1.931868 0.781303 0.874513 1.000000

Matrix 535:
1.000000 1.775631 2.000000 0.486697
0.563180 1.000000 0.578044 0.720363
0.500000 1.729973 1.000000 0.250000
2.054664 1.388190 4.000000 1.000000

Matrix 536:
1.000000 1.610543 1.000000 0.333333
0.620909 1.000000 2.000000 0.166667
1.000000 0.500000 1.000000 0.111111
3.000000 6.000000 9.000000 1.000000

Matrix 537:
1.000000 1.500834 3.000000 6.000000
0.666296 1.000000 7.000000 9.000000
0.333333 0.142857 1.000000 4.000000
0.166667 0.111111 0.250000 1.000000

Matrix 538:
1.000000 0.434030 0.742045 1.994459
2.303991 1.000000 0.500000 8.000000
1.347627 2.000000 1.000000 7.000000
0.501389 0.125000 0.142857 1.000000

Matrix 539:
1.000000 4.000000 1.000000 0.654659
0.250000 1.000000 0.142857 0.500000
1.000000 7.000000 1.000000 1.000000
1.527513 2.000000 1.000000 1.000000

Matrix 540:
1.000000 4.000000 1.180745 0.499048
0.250000 1.000000 0.166667 0.250000
0.846923 6.000000 1.000000 0.500000
2.003816 4.000000 2.000000 1.000000

Matrix 541:
1.000000 0.200000 2.000000 0.142857
5.000000 1.000000 8.000000 1.000000
0.500000 0.125000 1.000000 0.323790
7.000000 1.000000 3.088420 1.000000

Matrix 542:
1.000000 0.125000 0.333333 1.675230
8.000000 1.000000 2.000000 8.000000
3.000000 0.500000 1.000000 1.686932
0.596933 0.125000 0.592792 1.000000

Matrix 543:
1.000000 1.000000 1.000000 0.142857
1.000000 1.000000 0.616150 0.200000
1.000000 1.622982 1.000000 0.125000
7.000000 5.000000 8.000000 1.000000

Matrix 544:
1.000000 0.507208 0.878064 0.500000
1.971579 1.000000 0.500000 0.545519
1.138869 2.000000 1.000000 1.674229
2.000000 1.833118 0.597290 1.000000

Matrix 545:
1.000000 7.000007 1.856107 7.205650
0.142857 1.000000 0.111111 1.000000
0.538762 9.000000 1.000000 7.000000
0.138780 1.000000 0.142857 1.000000

Matrix 546:
1.000000 1.000000 3.000000 0.638238
1.000000 1.000000 9.000000 1.000000
0.333333 0.111111 1.000000 0.333333
1.566813 1.000000 3.000000 1.000000

Matrix 547:
1.000000 0.619800 8.000000 1.785143
1.613424 1.000000 4.490362 3.000000
0.125000 0.222699 1.000000 0.250000
0.560179 0.333333 4.000000 1.000000

Matrix 548:
1.000000 5.000000 4.000000 1.000000
0.200000 1.000000 0.641095 0.556004
0.250000 1.559832 1.000000 0.250000
1.000000 1.798547 4.000000 1.000000

Matrix 549:
1.000000 1.167451 1.912732 1.296283
0.856567 1.000000 3.000003 1.619359
0.522812 0.333333 1.000000 0.596710
0.771437 0.617528 1.675855 1.000000

Matrix 550:
1.000000 6.000000 1.648666 0.200000
0.166667 1.000000 0.250000 0.125000
0.606551 4.000000 1.000000 0.142857
5.000000 8.000000 7.000000 1.000000

Matrix 551:
1.000000 1.448685 3.000003 1.816260
0.690281 1.000000 0.500000 1.000000
0.333333 2.000000 1.000000 0.524078
0.550582 1.000000 1.908112 1.000000

Matrix 552:
1.000000 1.263668 5.000000 4.000000
0.791347 1.000000 8.000000 8.000000
0.200000 0.125000 1.000000 1.685324
0.250000 0.125000 0.593358 1.000000

Matrix 553:
1.000000 1.617478 1.000000 4.000000
0.618246 1.000000 3.000000 5.000000
1.000000 0.333333 1.000000 3.000000
0.250000 0.200000 0.333333 1.000000

Matrix 554:
1.000000 0.155546 2.476487 0.250000
6.428954 1.000000 4.000000 0.569799
0.403798 0.250000 1.000000 0.250000
4.000000 1.755004 4.000000 1.000000

Matrix 555:
1.000000 0.500000 0.417164 2.000000
2.000000 1.000000 1.726408 2.000000
2.397138 0.579237 1.000000 5.000000
0.500000 0.500000 0.200000 1.000000

Matrix 556:
1.000000 2.000000 8.000000 0.500000
0.500000 1.000000 5.000000 0.250000
0.125000 0.200000 1.000000 0.159491
2.000000 4.000000 6.269956 1.000000

Matrix 557:
1.000000 0.142857 0.166667 2.000000
7.000000 1.000000 1.444282 7.000000
6.000000 0.692386 1.000000 9.000000
0.500000 0.142857 0.111111 1.000000

Matrix 558:
1.000000 0.200000 0.250000 0.500000
5.000000 1.000000 4.000000 6.000000
4.000000 0.250000 1.000000 0.833159
2.000000 0.166667 1.200252 1.000000

Matrix 559:
1.000000 2.288552 0.479287 1.000000
0.436958 1.000000 0.333333 0.519639
2.086434 3.000000 1.000000 1.000000
1.000000 1.924413 1.000000 1.000000

Matrix 560:
1.000000 4.000000 4.973588 2.800201
0.250000 1.000000 3.000003 1.000000
0.201062 0.333333 1.000000 0.142857
0.357117 1.000000 7.000000 1.000000

Matrix 561:
1.000000 0.166667 0.125000 0.125000
6.000000 1.000000 0.664856 1.097861
8.000000 1.504086 1.000000 0.622178
8.000000 0.910862 1.607258 1.000000

Matrix 562:
1.000000 0.561243 2.000000 5.000000
1.781761 1.000000 0.739009 7.000000
0.500000 1.353163 1.000000 6.092697
0.200000 0.142857 0.164131 1.000000

Matrix 563:
1.000000 0.623492 1.040838 0.333333
1.603870 1.000000 0.801852 1.000000
0.960764 1.247113 1.000000 0.485433
3.000000 1.000000 2.060015 1.000000

Matrix 564:
1.000000 0.125000 0.250000 2.421341
8.000000 1.000000 1.527846 5.000000
4.000000 0.654516 1.000000 4.263552
0.412994 0.200000 0.234546 1.000000

Matrix 565:
1.000000 3.000000 3.000000 1.500574
0.333333 1.000000 1.000000 0.500000
0.333333 1.000000 1.000000 0.142857
0.666412 2.000000 7.000000 1.000000

Matrix 566:
1.000000 0.165856 0.587539 0.418522
6.029322 1.000000 5.000000 3.000000
1.702015 0.200000 1.000000 1.778882
2.389361 0.333333 0.562151 1.000000

Matrix 567:
1.000000 1.000000 7.000000 0.530117
1.000000 1.000000 7.000000 0.647763
0.142857 0.142857 1.000000 0.250000
1.886375 1.543773 4.000000 1.000000

Matrix 568:
1.000000 3.000003 1.000000 0.576695
0.333333 1.000000 0.166667 0.200000
1.000000 6.000000 1.000000 1.704924
1.734020 5.000000 0.586536 1.000000

Matrix 569:
1.000000 0.595889 0.740357 0.500000
1.678165 1.000000 1.000000 1.715708
1.350701 1.000000 1.000000 1.000000
2.000000 0.582850 1.000000 1.000000

Matrix 570:
1.000000 9.000009 2.047326 5.581867
0.111111 1.000000 0.142613 1.558280
0.488442 7.011962 1.000000 4.000000
0.179152 0.641733 0.250000 1.000000

Matrix 571:
1.000000 0.657470 7.000000 5.000000
1.520981 1.000000 8.000000 8.000000
0.142857 0.125000 1.000000 0.333333
0.200000 0.125000 3.000000 1.000000

Matrix 572:
1.000000 0.708850 2.023996 0.500000
1.410735 1.000000 0.639450 0.329999
0.494072 1.563844 1.000000 0.250000
2.000000 3.030313 4.000000 1.000000

Matrix 573:
1.000000 7.000007 0.500000 0.333333
0.142857 1.000000 0.150920 0.184861
2.000000 6.626014 1.000000 0.659135
3.000000 5.409472 1.517139 1.000000

Matrix 574:
1.000000 1.654443 1.000000 3.000000
0.604433 1.000000 1.637284 1.758096
1.000000 0.610768 1.000000 1.590216
0.333333 0.568797 0.628845 1.000000

Matrix 575:
1.000000 0.333333 1.354363 0.500000
3.000000 1.000000 0.934810 1.555506
0.738354 1.069736 1.000000 1.361084
2.000000 0.642878 0.734709 1.000000

Matrix 576:
1.000000 1.589494 0.200000 0.681078
0.629131 1.000000 0.153686 0.268439
5.000000 6.506778 1.000000 5.791673
1.468260 3.725244 0.172662 1.000000

Matrix 577:
1.000000 0.125000 0.500000 0.200000
8.000000 1.000000 4.000000 1.559416
2.000000 0.250000 1.000000 0.142857
5.000000 0.641266 7.000000 1.000000

Matrix 578:
1.000000 2.191713 6.737218 1.659820
0.456264 1.000000 8.000000 1.000000
0.148429 0.125000 1.000000 0.142857
0.602475 1.000000 7.000000 1.000000

Matrix 579:
1.000000 5.000000 7.000000 8.783435
0.200000 1.000000 1.000000 3.000000
0.142857 1.000000 1.000000 7.000000
0.113851 0.333333 0.142857 1.000000

Matrix 580:
1.000000 1.570368 0.166667 1.000000
0.636794 1.000000 0.166667 2.000000
6.000000 6.000000 1.000000 8.000000
1.000000 0.500000 0.125000 1.000000

Matrix 581:
1.000000 0.616694 3.000000 0.333333
1.621550 1.000000 2.000000 1.000000
0.333333 0.500000 1.000000 0.200000
3.000000 1.000000 5.000000 1.000000

Matrix 582:
1.000000 1.000000 5.000000 1.435448
1.000000 1.000000 8.000000 0.526715
0.200000 0.125000 1.000000 0.250000
0.696647 1.898560 4.000000 1.000000

Matrix 583:
1.000000 0.456258 0.500000 6.000000
2.191742 1.000000 0.598269 4.000000
2.000000 1.671488 1.000000 7.000000
0.166667 0.250000 0.142857 1.000000

Matrix 584:
1.000000 1.000000 0.623540 1.541337
1.000000 1.000000 2.000000 2.000000
1.603746 0.500000 1.000000 1.000000
0.648787 0.500000 1.000000 1.000000

Matrix 585:
1.000000 3.000000 2.000000 0.333333
0.333333 1.000000 1.000000 0.250000
0.500000 1.000000 1.000000 0.511672
3.000000 4.000000 1.954377 1.000000

Matrix 586:
1.000000 3.000003 0.500000 1.619893
0.333333 1.000000 0.184753 0.401651
2.000000 5.412643 1.000000 5.879863
0.617325 2.489722 0.170072 1.000000

Matrix 587:
1.000000 0.333333 0.333333 1.000000
3.000000 1.000000 3.000000 2.000000
3.000000 0.333333 1.000000 1.594490
1.000000 0.500000 0.627160 1.000000

Matrix 588:
1.000000 9.000000 0.992221 2.000000
0.111111 1.000000 0.250000 0.142857
1.007840 4.000000 1.000000 1.000000
0.500000 7.000000 1.000000 1.000000

Matrix 589:
1.000000 0.900859 1.769965 0.333333
1.110051 1.000000 1.000000 0.500000
0.564983 1.000000 1.000000 0.200000
3.000000 2.000000 5.000000 1.000000

Matrix 590:
1.000000 0.500000 2.495757 0.477520
2.000000 1.000000 1.846507 1.293766
0.400680 0.541563 1.000000 0.460601
2.094153 0.772937 2.171077 1.000000

Matrix 591:
1.000000 1.000000 5.000000 1.521725
1.000000 1.000000 9.000000 1.000000
0.200000 0.111111 1.000000 0.200000
0.657149 1.000000 5.000000 1.000000

Matrix 592:
1.000000 0.500000 0.333333 1.276495
2.000000 1.000000 1.466575 1.000000
3.000000 0.681861 1.000000 2.147919
0.783395 1.000000 0.465567 1.000000

Matrix 593:
1.000000 0.333333 1.000000 9.000000
3.000000 1.000000 2.000000 8.204193
1.000000 0.500000 1.000000 9.000000
0.111111 0.121889 0.111111 1.000000

Matrix 594:
1.000000 0.500000 0.333333 0.593428
2.000000 1.000000 1.613325 2.000000
3.000000 0.619838 1.000000 4.000000
1.685124 0.500000 0.250000 1.000000

Matrix 595:
1.000000 7.000000 5.000000 1.500910
0.142857 1.000000 0.333333 0.125000
0.200000 3.000000 1.000000 0.125000
0.666263 8.000000 8.000000 1.000000

Matrix 596:
1.000000 5.000000 0.333333 1.000000
0.200000 1.000000 0.111111 0.125000
3.000000 9.000000 1.000000 1.819486
1.000000 8.000000 0.549606 1.000000

Matrix 597:
1.000000 0.200000 0.150434 0.333333
5.000000 1.000000 0.333333 2.000000
6.647425 3.000000 1.000000 6.000000
3.000000 0.500000 0.166667 1.000000

Matrix 598:
1.000000 0.142857 0.166667 0.125000
7.000000 1.000000 1.470512 1.000000
6.000000 0.680035 1.000000 1.578877
8.000000 1.000000 0.633361 1.000000

Matrix 599:
1.000000 0.142857 0.200000 0.250000
7.000000 1.000000 1.000000 0.799837
5.000000 1.000000 1.000000 1.567627
4.000000 1.250254 0.637907 1.000000

Matrix 600:
1.000000 0.111111 0.250000 1.600891
9.000000 1.000000 1.629913 5.000000
4.000000 0.613530 1.000000 4.000000
0.624652 0.200000 0.250000 1.000000

Matrix 601:
1.000000 4.000000 1.597542 0.742333
0.250000 1.000000 0.142857 0.166667
0.625962 7.000000 1.000000 1.000000
1.347104 6.000000 1.000000 1.000000

Matrix 602:
1.000000 2.000000 0.776526 4.000000
0.500000 1.000000 1.296485 5.000000
1.287787 0.771316 1.000000 6.000000
0.250000 0.200000 0.166667 1.000000

Matrix 603:
1.000000 2.000000 0.142857 0.166667
0.500000 1.000000 0.166667 0.142857
7.000000 6.000000 1.000000 0.665862
6.000000 7.000000 1.501812 1.000000

Matrix 604:
1.000000 1.000000 2.264913 1.680436
1.000000 1.000000 2.399137 3.000000
0.441518 0.416817 1.000000 1.460118
0.595084 0.333333 0.684876 1.000000

Matrix 605:
1.000000 0.381365 0.472942 1.284406
2.622159 1.000000 0.675984 1.000000
2.114424 1.479325 1.000000 1.000000
0.778570 1.000000 1.000000 1.000000

Matrix 606:
1.000000 1.636776 1.000000 0.125000
0.610957 1.000000 0.500000 0.166667
1.000000 2.000000 1.000000 0.200000
8.000000 6.000000 5.000000 1.000000

Matrix 607:
1.000000 0.250000 0.412012 1.494928
4.000000 1.000000 1.000000 1.662763
2.427114 1.000000 1.000000 2.000000
0.668928 0.601409 0.500000 1.000000

Matrix 608:
1.000000 3.000003 1.718123 0.500000
0.333333 1.000000 0.166667 0.125000
0.582030 6.000000 1.000000 1.013421
2.000000 8.000000 0.986757 1.000000

Matrix 609:
1.000000 8.000000 7.000000 0.636487
0.125000 1.000000 3.000000 0.333333
0.142857 0.333333 1.000000 0.125000
1.571123 3.000000 8.000000 1.000000

Matrix 610:
1.000000 8.000000 1.690271 6.000000
0.125000 1.000000 0.111111 0.475062
0.591621 9.000000 1.000000 6.000000
0.166667 2.104988 0.166667 1.000000

Matrix 611:
1.000000 4.000000 1.000000 8.877661
0.250000 1.000000 0.500000 7.000000
1.000000 2.000000 1.000000 9.000000
0.112642 0.142857 0.111111 1.000000

Matrix 612:
1.000000 3.000000 1.000000 0.333333
0.333333 1.000000 1.429271 0.200000
1.000000 0.699657 1.000000 0.333333
3.000000 5.000000 3.000000 1.000000

Matrix 613:
1.000000 0.333333 0.250000 0.689255
3.000000 1.000000 1.901523 6.000000
4.000000 0.525894 1.000000 3.599229
1.450841 0.166667 0.277837 1.000000

Matrix 614:
1.000000 2.000000 1.000000 3.000000
0.500000 1.000000 0.166667 0.629587
1.000000 6.000000 1.000000 7.000000
0.333333 1.588344 0.142857 1.000000

Matrix 615:
1.000000 0.166667 2.000000 4.000000
6.000000 1.000000 6.000000 8.149595
0.500000 0.166667 1.000000 2.000000
0.250000 0.122705 0.500000 1.000000

Matrix 616:
1.000000 0.964495 2.905190 1.673119
1.036812 1.000000 0.779525 0.500000
0.344212 1.282832 1.000000 0.837062
0.597686 2.000000 1.194655 1.000000

Matrix 617:
1.000000 1.532085 0.250000 0.552070
0.652705 1.000000 0.111111 0.857902
4.000000 9.000000 1.000000 8.000000
1.811363 1.165634 0.125000 1.000000

Matrix 618:
1.000000 0.333333 0.500000 2.150779
3.000000 1.000000 1.000000 4.000000
2.000000 1.000000 1.000000 7.000000
0.464948 0.250000 0.142857 1.000000

Matrix 619:
1.000000 0.166667 0.142857 1.000000
6.000000 1.000000 1.515772 5.000000
7.000000 0.659730 1.000000 3.000000
1.000000 0.200000 0.333333 1.000000

Matrix 620:
1.000000 3.458531 1.000000 1.843552
0.289140 1.000000 0.142857 0.250000
1.000000 7.000000 1.000000 1.327453
0.542431 4.000000 0.753322 1.000000

Matrix 621:
1.000000 7.782049 7.000000 3.000000
0.128501 1.000000 0.500000 0.200000
0.142857 2.000000 1.000000 0.166667
0.333333 5.000000 6.000000 1.000000

Matrix 622:
1.000000 2.548161 0.111111 1.000000
0.392440 1.000000 0.135072 0.278288
9.000000 7.403449 1.000000 6.000000
1.000000 3.593399 0.166667 1.000000

Matrix 623:
1.000000 0.333333 2.000000 5.000000
3.000000 1.000000 8.000000 6.773085
0.500000 0.125000 1.000000 3.000000
0.200000 0.147643 0.333333 1.000000

Matrix 624:
1.000000 8.000000 0.636080 3.000000
0.125000 1.000000 0.111111 0.125000
1.572129 9.000000 1.000000 4.000000
0.333333 8.000000 0.250000 1.000000

Matrix 625:
1.000000 1.644505 1.675145 2.000000
0.608086 1.000000 0.552433 1.980887
0.596963 1.810174 1.000000 1.904102
0.500000 0.504824 0.525182 1.000000

Matrix 626:
1.000000 0.125000 0.200000 0.166667
8.000000 1.000000 1.000000 1.662812
5.000000 1.000000 1.000000 0.500000
6.000000 0.601391 2.000000 1.000000

Matrix 627:
1.000000 1.008525 1.658282 0.928225
0.991547 1.000000 3.000003 2.332807
0.603034 0.333333 1.000000 1.560904
1.077324 0.428668 0.640654 1.000000

Matrix 628:
1.000000 2.000000 6.000000 2.000000
0.500000 1.000000 3.000000 0.657873
0.166667 0.333333 1.000000 0.166667
0.500000 1.520049 6.000000 1.000000

Matrix 629:
1.000000 9.000000 0.500000 6.000000
0.111111 1.000000 0.125000 1.208897
2.000000 8.000000 1.000000 4.000000
0.166667 0.827201 0.250000 1.000000

Matrix 630:
1.000000 1.010356 1.000000 4.000000
0.989751 1.000000 0.333333 1.340218
1.000000 3.000000 1.000000 9.000000
0.250000 0.746147 0.111111 1.000000

Matrix 631:
1.000000 0.166667 0.659699 0.142857
6.000000 1.000000 8.000000 1.622193
1.515842 0.125000 1.000000 0.142857
7.000000 0.616449 7.000000 1.000000

Matrix 632:
1.000000 0.500000 1.035677 1.000000
2.000000 1.000000 0.587827 2.000000
0.965552 1.701181 1.000000 2.000000
1.000000 0.500000 0.500000 1.000000

Matrix 633:
1.000000 8.000000 0.500000 0.737505
0.125000 1.000000 0.142857 0.166667
2.000000 7.000000 1.000000 4.000000
1.355923 6.000000 0.250000 1.000000

Matrix 634:
1.000000 7.334836 1.000000 2.075851
0.136336 1.000000 0.166667 0.111111
1.000000 6.000000 1.000000 0.500000
0.481730 9.000000 2.000000 1.000000

Matrix 635:
1.000000 7.000000 1.744688 4.000000
0.142857 1.000000 0.125000 1.778422
0.573168 8.000000 1.000000 4.000000
0.250000 0.562296 0.250000 1.000000

Matrix 636:
1.000000 1.363902 2.252288 1.854910
0.733190 1.000000 2.000000 3.859271
0.443993 0.500000 1.000000 2.229868
0.539110 0.259116 0.448457 1.000000

Matrix 637:
1.000000 0.333333 0.500000 0.664055
3.000000 1.000000 3.000000 9.000000
2.000000 0.333333 1.000000 3.000000
1.505900 0.111111 0.333333 1.000000

Matrix 638:
1.000000 0.500000 2.000000 4.000000
2.000000 1.000000 3.000000 9.000000
0.500000 0.333333 1.000000 0.993494
0.250000 0.111111 1.006548 1.000000

Matrix 639:
1.000000 9.000000 7.000000 9.000000
0.111111 1.000000 1.433496 3.000000
0.142857 0.697595 1.000000 4.000000
0.111111 0.333333 0.250000 1.000000

Matrix 640:
1.000000 1.438479 5.000000 3.000000
0.695179 1.000000 6.000000 3.000000
0.200000 0.166667 1.000000 2.000000
0.333333 0.333333 0.500000 1.000000

Matrix 641:
1.000000 2.034022 1.663074 8.000000
0.491637 1.000000 1.734343 8.000000
0.601296 0.576587 1.000000 6.000000
0.125000 0.125000 0.166667 1.000000

Matrix 642:
1.000000 0.142857 0.111111 0.200000
7.000000 1.000000 1.225223 0.609314
9.000000 0.816178 1.000000 2.000000
5.000000 1.641191 0.500000 1.000000

Matrix 643:
1.000000 0.200000 1.000000 1.656036
5.000000 1.000000 9.000000 6.000000
1.000000 0.111111 1.000000 1.000000
0.603851 0.166667 1.000000 1.000000

Matrix 644:
1.000000 7.000000 7.000000 8.403267
0.142857 1.000000 2.000000 2.000000
0.142857 0.500000 1.000000 3.000000
0.119001 0.500000 0.333333 1.000000

Matrix 645:
1.000000 5.999988 3.000003 5.000000
0.166667 1.000000 0.270029 1.753848
0.333333 3.703311 1.000000 3.228455
0.200000 0.570175 0.309746 1.000000

Matrix 646:
1.000000 0.137287 0.614702 0.333333
7.284014 1.000000 9.000000 5.000000
1.626805 0.111111 1.000000 0.523889
3.000000 0.200000 1.908802 1.000000

Matrix 647:
1.000000 4.000000 0.666608 9.000000
0.250000 1.000000 0.125000 2.000000
1.500131 8.000000 1.000000 9.000000
0.111111 0.500000 0.111111 1.000000

Matrix 648:
1.000000 0.846142 0.645941 0.479569
1.181835 1.000000 0.297044 0.333333
1.548128 3.366502 1.000000 1.298348
2.085207 3.000000 0.770209 1.000000

Matrix 649:
1.000000 0.500000 1.652165 4.000000
2.000000 1.000000 1.000000 8.000000
0.605267 1.000000 1.000000 6.000000
0.250000 0.125000 0.166667 1.000000

Matrix 650:
1.000000 0.142857 1.032323 0.454138
7.000000 1.000000 1.542313 1.327765
0.968689 0.648377 1.000000 0.500000
2.201976 0.753146 2.000000 1.000000

Matrix 651:
1.000000 0.240262 0.422270 1.262771
4.162126 1.000000 4.000000 1.882311
2.368155 0.250000 1.000000 2.000000
0.791909 0.531262 0.500000 1.000000

Matrix 652:
1.000000 1.000000 6.000000 8.000000
1.000000 1.000000 4.000000 5.000000
0.166667 0.250000 1.000000 0.637110
0.125000 0.200000 1.569588 1.000000

Matrix 653:
1.000000 1.213220 0.659638 2.758684
0.824253 1.000000 2.000000 3.000000
1.515982 0.500000 1.000000 1.665498
0.362492 0.333333 0.600421 1.000000

Matrix 654:
1.000000 1.000000 0.558653 0.333333
1.000000 1.000000 0.748787 1.238537
1.790021 1.335493 1.000000 0.521331
3.000000 0.807405 1.918165 1.000000

Matrix 655:
1.000000 1.222006 4.000000 5.000000
0.818327 1.000000 8.000000 9.000000
0.250000 0.125000 1.000000 0.426342
0.200000 0.111111 2.345534 1.000000

Matrix 656:
1.000000 0.500000 4.941972 1.761900
2.000000 1.000000 3.391888 3.000000
0.202348 0.294821 1.000000 0.381274
0.567569 0.333333 2.622784 1.000000

Matrix 657:
1.000000 3.000003 8.347521 2.008701
0.333333 1.000000 2.183831 0.250000
0.119796 0.457911 1.000000 0.125000
0.497834 4.000000 8.000000 1.000000

Matrix 658:
1.000000 1.000000 4.000000 0.166667
1.000000 1.000000 3.000000 0.142857
0.250000 0.333333 1.000000 0.128475
6.000000 7.000000 7.783608 1.000000

Matrix 659:
1.000000 0.500000 0.166667 0.125000
2.000000 1.000000 0.250000 0.111111
6.000000 4.000000 1.000000 0.580295
8.000000 9.000000 1.723263 1.000000

Matrix 660:
1.000000 4.000000 0.166667 4.000000
0.250000 1.000000 0.142857 1.540088
6.000000 7.000000 1.000000 6.000000
0.250000 0.649314 0.166667 1.000000

Matrix 661:
1.000000 6.976556 7.000000 4.000000
0.143337 1.000000 0.579720 1.000000
0.142857 1.724969 1.000000 0.597446
0.250000 1.000000 1.673791 1.000000

Matrix 662:
1.000000 3.000003 0.727096 4.000000
0.333333 1.000000 0.344254 1.000000
1.375334 2.904834 1.000000 1.083001
0.250000 1.000000 0.923361 1.000000

Matrix 663:
1.000000 0.250000 9.000009 0.500000
4.000000 1.000000 7.643378 1.468430
0.111111 0.130832 1.000000 0.125000
2.000000 0.680999 8.000000 1.000000

Matrix 664:
1.000000 0.250000 0.200000 0.611211
4.000000 1.000000 1.682284 4.000000
5.000000 0.594430 1.000000 8.000000
1.636096 0.250000 0.125000 1.000000

Matrix 665:
1.000000 1.042991 0.166667 0.748986
0.958781 1.000000 0.333333 3.000000
6.000000 3.000000 1.000000 7.000000
1.335139 0.333333 0.142857 1.000000

Matrix 666:
1.000000 0.200000 2.000000 0.749187
5.000000 1.000000 7.000000 3.000000
0.500000 0.142857 1.000000 1.000000
1.334780 0.333333 1.000000 1.000000

Matrix 667:
1.000000 0.333333 0.166667 0.142857
3.000000 1.000000 0.166667 0.500000
6.000000 6.000000 1.000000 0.635273
7.000000 2.000000 1.574126 1.000000

Matrix 668:
1.000000 4.000000 1.000000 0.606751
0.250000 1.000000 0.333333 0.500000
1.000000 3.000000 1.000000 1.750167
1.648123 2.000000 0.571374 1.000000

Matrix 669:
1.000000 8.000000 0.740039 2.000000
0.125000 1.000000 0.166667 0.125000
1.351280 6.000000 1.000000 0.500000
0.500000 8.000000 2.000000 1.000000

Matrix 670:
1.000000 1.216504 0.558405 0.200000
0.822028 1.000000 2.000000 0.142857
1.790816 0.500000 1.000000 0.125000
5.000000 7.000000 8.000000 1.000000

Matrix 671:
1.000000 2.127515 3.000003 0.225676
0.470032 1.000000 1.997976 0.250000
0.333333 0.500507 1.000000 0.142857
4.431136 4.000000 7.000000 1.000000

Matrix 672:
1.000000 0.623030 7.000000 0.250000
1.605060 1.000000 3.000000 0.333333
0.142857 0.333333 1.000000 0.125000
4.000000 3.000000 8.000000 1.000000

Matrix 673:
1.000000 0.949266 0.250000 1.000000
1.053446 1.000000 0.111111 0.366038
4.000000 9.000000 1.000000 9.000000
1.000000 2.731954 0.111111 1.000000

Matrix 674:
1.000000 0.111111 1.531921 2.000000
9.000000 1.000000 8.000000 6.000000
0.652775 0.125000 1.000000 3.000000
0.500000 0.166667 0.333333 1.000000

Matrix 675:
1.000000 4.000000 1.390134 5.000000
0.250000 1.000000 0.111111 1.762565
0.719355 9.000000 1.000000 6.000000
0.200000 0.567355 0.166667 1.000000

Matrix 676:
1.000000 0.641667 0.166667 0.111111
1.558441 1.000000 0.125000 0.166667
6.000000 8.000000 1.000000 1.166334
9.000000 6.000000 0.857388 1.000000

Matrix 677:
1.000000 8.155954 1.680923 6.000000
0.122610 1.000000 0.142857 0.674267
0.594911 7.000000 1.000000 9.000000
0.166667 1.483092 0.111111 1.000000

Matrix 678:
1.000000 1.376211 2.292642 0.828268
0.726633 1.000000 0.500000 0.899154
0.436178 2.000000 1.000000 0.613150
1.207338 1.112157 1.630922 1.000000

Matrix 679:
1.000000 0.125000 1.481782 0.500000
8.000000 1.000000 9.000000 8.000000
0.674863 0.111111 1.000000 0.500000
2.000000 0.125000 2.000000 1.000000

Matrix 680:
1.000000 0.531334 0.647174 1.000000
1.882056 1.000000 1.884681 0.500000
1.545180 0.530594 1.000000 0.643827
1.000000 2.000000 1.553213 1.000000

Matrix 681:
1.000000 2.000000 5.000000 4.000000
0.500000 1.000000 1.588956 1.000000
0.200000 0.629344 1.000000 1.000000
0.250000 1.000000 1.000000 1.000000

Matrix 682:
1.000000 1.571841 2.526290 1.000000
0.636196 1.000000 4.000000 1.000000
0.395837 0.250000 1.000000 1.022035
1.000000 1.000000 0.978440 1.000000

Matrix 683:
1.000000 0.500000 1.000000 0.500000
2.000000 1.000000 0.603033 0.333333
1.000000 1.658284 1.000000 0.500000
2.000000 3.000000 2.000000 1.000000

Matrix 684:
1.000000 1.000000 0.333333 0.111111
1.000000 1.000000 1.507797 0.111111
3.000000 0.663219 1.000000 0.142857
9.000000 9.000000 7.000000 1.000000

Matrix 685:
1.000000 0.499028 6.000000 7.000000
2.003896 1.000000 4.000000 3.671819
0.166667 0.250000 1.000000 1.000000
0.142857 0.272345 1.000000 1.000000

Matrix 686:
1.000000 1.000000 0.112406 0.125000
1.000000 1.000000 0.142857 0.200000
8.896339 7.000000 1.000000 3.000000
8.000000 5.000000 0.333333 1.000000

Matrix 687:
1.000000 2.000000 0.333333 0.111111
0.500000 1.000000 0.142857 0.132361
3.000000 7.000000 1.000000 1.000000
9.000000 7.555105 1.000000 1.000000

Matrix 688:
1.000000 0.125000 0.125000 0.250000
8.000000 1.000000 0.577540 1.000000
8.000000 1.731481 1.000000 3.000000
4.000000 1.000000 0.333333 1.000000

Matrix 689:
1.000000 0.500000 1.010935 1.000000
2.000000 1.000000 2.000000 4.000000
0.989183 0.500000 1.000000 3.000000
1.000000 0.250000 0.333333 1.000000

Matrix 690:
1.000000 0.333333 6.000000 0.617096
3.000000 1.000000 8.000000 2.000000
0.166667 0.125000 1.000000 0.500000
1.620492 0.500000 2.000000 1.000000

Matrix 691:
1.000000 0.123120 0.333333 0.500000
8.122162 1.000000 6.000000 5.000000
3.000000 0.166667 1.000000 1.000000
2.000000 0.200000 1.000000 1.000000

Matrix 692:
1.000000 2.470405 8.000000 6.000000
0.404792 1.000000 2.000000 4.000000
0.125000 0.500000 1.000000 1.000000
0.166667 0.250000 1.000000 1.000000

Matrix 693:
1.000000 2.061677 0.628870 1.000000
0.485042 1.000000 1.000000 1.000000
1.590153 1.000000 1.000000 0.664784
1.000000 1.000000 1.504248 1.000000

Matrix 694:
1.000000 0.811150 5.000000 2.009456
1.232818 1.000000 3.000000 1.000000
0.200000 0.333333 1.000000 0.200000
0.497647 1.000000 5.000000 1.000000

Matrix 695:
1.000000 6.000000 6.000000 9.000000
0.166667 1.000000 1.421685 0.798759
0.166667 0.703391 1.000000 2.650459
0.111111 1.251943 0.377293 1.000000

Matrix 696:
1.000000 1.663841 1.636177 0.799350
0.601019 1.000000 0.849695 0.392322
0.611181 1.176892 1.000000 0.766807
1.251016 2.548925 1.304110 1.000000

Matrix 697:
1.000000 0.200000 0.333333 0.333333
5.000000 1.000000 0.500000 1.000000
3.000000 2.000000 1.000000 0.693507
3.000000 1.000000 1.441947 1.000000

Matrix 698:
1.000000 1.279862 3.000003 2.000000
0.781334 1.000000 1.000000 0.743042
0.333333 1.000000 1.000000 0.486453
0.500000 1.345818 2.055698 1.000000

Matrix 699:
1.000000 1.839622 8.500366 2.000000
0.543590 1.000000 9.000009 1.890124
0.117642 0.111111 1.000000 0.200000
0.500000 0.529066 5.000000 1.000000

Matrix 700:
1.000000 0.254385 1.000000 1.616285
3.931049 1.000000 8.000000 7.000000
1.000000 0.125000 1.000000 0.583087
0.618703 0.142857 1.715011 1.000000

Matrix 701:
1.000000 0.582622 0.114764 0.250780
1.716380 1.000000 0.125000 0.581961
8.713522 8.000000 1.000000 6.000000
3.987562 1.718327 0.166667 1.000000

Matrix 702:
1.000000 0.615530 0.200000 0.805276
1.624617 1.000000 0.500000 3.346397
5.000000 2.000000 1.000000 8.000000
1.241810 0.298829 0.125000 1.000000

Matrix 703:
1.000000 0.539063 1.055817 0.763957
1.855070 1.000000 1.000000 1.941031
0.947134 1.000000 1.000000 1.823984
1.308975 0.515190 0.548251 1.000000

Matrix 704:
1.000000 9.000000 8.000000 7.000000
0.111111 1.000000 0.250000 0.500000
0.125000 4.000000 1.000000 1.645719
0.142857 2.000000 0.607637 1.000000

Matrix 705:
1.000000 1.236166 3.000003 4.000000
0.808953 1.000000 2.083478 8.000000
0.333333 0.479967 1.000000 4.000000
0.250000 0.125000 0.250000 1.000000

Matrix 706:
1.000000 0.142857 0.250000 1.000000
7.000000 1.000000 0.623054 3.000000
4.000000 1.604997 1.000000 3.000000
1.000000 0.333333 0.333333 1.000000

Matrix 707:
1.000000 1.000000 0.166667 0.200000
1.000000 1.000000 0.200000 0.500000
6.000000 5.000000 1.000000 0.664812
5.000000 2.000000 1.504185 1.000000

Matrix 708:
1.000000 0.200000 0.834627 0.697402
5.000000 1.000000 3.000003 8.000000
1.198139 0.333333 1.000000 1.574517
1.433892 0.125000 0.635115 1.000000

Matrix 709:
1.000000 8.502577 6.000000 8.000000
0.117611 1.000000 0.250000 0.598325
0.166667 4.000000 1.000000 1.000000
0.125000 1.671332 1.000000 1.000000

Matrix 710:
1.000000 0.622337 0.445009 1.555757
1.606847 1.000000 0.602397 1.000000
2.247145 1.660035 1.000000 0.938426
0.642774 1.000000 1.065614 1.000000

Matrix 711:
1.000000 0.773302 0.448451 0.250000
1.293156 1.000000 0.200000 0.111953
2.229896 5.000000 1.000000 1.358805
4.000000 8.932333 0.735941 1.000000

Matrix 712:
1.000000 0.333333 0.200000 1.000000
3.000000 1.000000 0.631101 9.000000
5.000000 1.584533 1.000000 7.000000
1.000000 0.111111 0.142857 1.000000

Matrix 713:
1.000000 0.333333 0.333333 0.588344
3.000000 1.000000 0.500000 1.763387
3.000000 2.000000 1.000000 3.000000
1.699687 0.567091 0.333333 1.000000

Matrix 714:
1.000000 7.000000 1.000000 1.012614
0.142857 1.000000 0.333333 0.111111
1.000000 3.000000 1.000000 0.333333
0.987543 9.000000 3.000000 1.000000

Matrix 715:
1.000000 1.235295 0.142857 0.166667
0.809523 1.000000 0.111111 0.116388
7.000000 9.000000 1.000000 0.633857
6.000000 8.591915 1.577643 1.000000

Matrix 716:
1.000000 3.000000 9.000000 1.000000
0.333333 1.000000 0.734858 0.333333
0.111111 1.360806 1.000000 0.111111
1.000000 3.000000 9.000000 1.000000

Matrix 717:
1.000000 0.142857 0.500000 1.501875
7.000000 1.000000 2.049590 3.000000
2.000000 0.487902 1.000000 4.000000
0.665835 0.333333 0.250000 1.000000

Matrix 718:
1.000000 0.980843 1.000000 0.500000
1.019532 1.000000 0.333333 0.500000
1.000000 3.000000 1.000000 1.000000
2.000000 2.000000 1.000000 1.000000

Matrix 719:
1.000000 0.500000 1.000000 0.250000
2.000000 1.000000 0.618988 0.142857
1.000000 1.615540 1.000000 0.111111
4.000000 7.000000 9.000000 1.000000

Matrix 720:
1.000000 1.000000 5.000000 2.000000
1.000000 1.000000 2.000000 0.605606
0.200000 0.500000 1.000000 0.200000
0.500000 1.651240 5.000000 1.000000

Matrix 721:
1.000000 0.136984 0.333333 0.111111
7.300106 1.000000 0.811910 1.057944
3.000000 1.231664 1.000000 0.452570
9.000000 0.945229 2.209603 1.000000

Matrix 722:
1.000000 0.625729 1.000000 0.536543
1.598137 1.000000 0.571079 1.359123
1.000000 1.751072 1.000000 2.688643
1.863785 0.735768 0.371935 1.000000

Matrix 723:
1.000000 1.000000 2.000000 3.000000
1.000000 1.000000 1.000000 1.000000
0.500000 1.000000 1.000000 1.600733
0.333333 1.000000 0.624714 1.000000

Matrix 724:
1.000000 2.000000 3.000003 1.991082
0.500000 1.000000 0.500000 0.514521
0.333333 2.000000 1.000000 1.833735
0.502239 1.943554 0.545335 1.000000

Matrix 725:
1.000000 5.999988 7.658482 5.000000
0.166667 1.000000 1.675459 0.500000
0.130574 0.596851 1.000000 0.259225
0.200000 2.000000 3.857649 1.000000

Matrix 726:
1.000000 0.125000 0.125000 0.166667
8.000000 1.000000 1.000000 1.000000
8.000000 1.000000 1.000000 1.648712
6.000000 1.000000 0.606534 1.000000

Matrix 727:
1.000000 0.125000 0.500000 0.111111
8.000000 1.000000 4.000000 0.606563
2.000000 0.250000 1.000000 0.200000
9.000000 1.648633 5.000000 1.000000

Matrix 728:
1.000000 0.622489 7.000000 0.500000
1.606455 1.000000 2.000000 0.500000
0.142857 0.500000 1.000000 0.142857
2.000000 2.000000 7.000000 1.000000

Matrix 729:
1.000000 6.000000 8.460031 3.344334
0.166667 1.000000 1.958126 0.500000
0.118203 0.510692 1.000000 0.500000
0.299013 2.000000 2.000000 1.000000

Matrix 730:
1.000000 0.142857 0.142857 0.250000
7.000000 1.000000 1.796983 3.000000
7.000000 0.556488 1.000000 2.083437
4.000000 0.333333 0.479976 1.000000

Matrix 731:
1.000000 9.000000 0.616577 1.556490
0.111111 1.000000 0.125000 0.200000
1.621856 8.000000 1.000000 1.000000
0.642471 5.000000 1.000000 1.000000

Matrix 732:
1.000000 0.673924 1.000000 0.460527
1.483848 1.000000 0.439346 0.250000
1.000000 2.276111 1.000000 0.333333
2.171426 4.000000 3.000000 1.000000

Matrix 733:
1.000000 9.000009 9.000009 7.000000
0.111111 1.000000 0.930241 2.015631
0.111111 1.074990 1.000000 0.792587
0.142857 0.496123 1.261691 1.000000

Matrix 734:
1.000000 1.670096 7.000000 9.000000
0.598768 1.000000 6.000000 8.000000
0.142857 0.166667 1.000000 0.626416
0.111111 0.125000 1.596383 1.000000

Matrix 735:
1.000000 5.000000 6.000000 1.578999
0.200000 1.000000 1.968794 0.111111
0.166667 0.507925 1.000000 0.125000
0.633313 9.000000 8.000000 1.000000

Matrix 736:
1.000000 6.000000 2.000000 1.000000
0.166667 1.000000 0.111111 0.200000
0.500000 9.000000 1.000000 1.605771
1.000000 5.000000 0.622754 1.000000

Matrix 737:
1.000000 0.333333 9.000000 1.000000
3.000000 1.000000 6.000000 1.608954
0.111111 0.166667 1.000000 0.142857
1.000000 0.621522 7.000000 1.000000

Matrix 738:
1.000000 0.166667 0.614359 0.333333
6.000000 1.000000 6.000000 3.000000
1.627712 0.166667 1.000000 0.200000
3.000000 0.333333 5.000000 1.000000

Matrix 739:
1.000000 0.575985 1.000000 6.000000
1.736157 1.000000 1.000000 1.949366
1.000000 1.000000 1.000000 5.000000
0.166667 0.512987 0.200000 1.000000

Matrix 740:
1.000000 0.563610 0.125000 0.500000
1.774278 1.000000 0.333333 0.647746
8.000000 3.000000 1.000000 6.000000
2.000000 1.543815 0.166667 1.000000

Matrix 741:
1.000000 0.164115 0.142857 0.500000
6.093304 1.000000 1.916458 4.000000
7.000000 0.521796 1.000000 8.000000
2.000000 0.250000 0.125000 1.000000

Matrix 742:
1.000000 0.200000 1.590032 0.668265
5.000000 1.000000 4.000000 5.000000
0.628918 0.250000 1.000000 0.500000
1.496413 0.200000 2.000000 1.000000

Matrix 743:
1.000000 8.971142 6.767890 3.504090
0.111469 1.000000 0.699997 1.341753
0.147757 1.428578 1.000000 0.500000
0.285381 0.745294 2.000000 1.000000

Matrix 744:
1.000000 0.125000 0.500000 0.500000
8.000000 1.000000 1.927583 7.000000
2.000000 0.518785 1.000000 2.000000
2.000000 0.142857 0.500000 1.000000

Matrix 745:
1.000000 4.000000 1.433572 0.200000
0.250000 1.000000 0.500000 0.111111
0.697558 2.000000 1.000000 0.500000
5.000000 9.000000 2.000000 1.000000

Matrix 746:
1.000000 1.000000 0.200000 0.111111
1.000000 1.000000 0.698640 0.333333
5.000000 1.431352 1.000000 1.000000
9.000000 3.000000 1.000000 1.000000

Matrix 747:
1.000000 0.574526 0.333333 0.125000
1.740564 1.000000 0.200000 0.250000
3.000000 5.000000 1.000000 1.611151
8.000000 4.000000 0.620674 1.000000

Matrix 748:
1.000000 0.667672 0.142857 0.333333
1.497742 1.000000 0.500000 1.819163
7.000000 2.000000 1.000000 1.485742
3.000000 0.549703 0.673064 1.000000

Matrix 749:
1.000000 0.733107 0.142857 1.394902
1.364058 1.000000 0.250000 1.323726
7.000000 4.000000 1.000000 9.000000
0.716896 0.755443 0.111111 1.000000

Matrix 750:
1.000000 0.200000 1.943284 0.616916
5.000000 1.000000 5.000000 5.000000
0.514593 0.200000 1.000000 1.521421
1.620967 0.200000 0.657280 1.000000

Matrix 751:
1.000000 0.200000 0.830015 0.166667
5.000000 1.000000 9.000000 2.000000
1.204797 0.111111 1.000000 0.142857
6.000000 0.500000 7.000000 1.000000

Matrix 752:
1.000000 2.000000 2.025123 0.249881
0.500000 1.000000 0.592379 0.142857
0.493797 1.688110 1.000000 0.200000
4.001907 7.000000 5.000000 1.000000

Matrix 753:
1.000000 0.651452 3.000003 1.740465
1.535033 1.000000 2.179336 3.000000
0.333333 0.458855 1.000000 0.512193
0.574559 0.333333 1.952388 1.000000

Matrix 754:
1.000000 1.000000 0.500000 0.200000
1.000000 1.000000 1.431177 0.166667
2.000000 0.698726 1.000000 0.500000
5.000000 6.000000 2.000000 1.000000

Matrix 755:
1.000000 5.798566 7.000000 8.000000
0.172456 1.000000 1.000000 1.132854
0.142857 1.000000 1.000000 3.000000
0.125000 0.882726 0.333333 1.000000

Matrix 756:
1.000000 1.051040 0.200000 0.500000
0.951439 1.000000 0.507524 1.000000
5.000000 1.970352 1.000000 4.000000
2.000000 1.000000 0.250000 1.000000

Matrix 757:
1.000000 6.000000 0.549018 0.500000
0.166667 1.000000 0.200000 0.166667
1.821432 5.000000 1.000000 2.000000
2.000000 6.000000 0.500000 1.000000

Matrix 758:
1.000000 3.000003 2.684541 0.356268
0.333333 1.000000 0.500000 0.111111
0.372503 2.000000 1.000000 0.537763
2.806877 9.000000 1.859554 1.000000

Matrix 759:
1.000000 1.000000 0.166667 0.250000
1.000000 1.000000 0.333333 0.500000
6.000000 3.000000 1.000000 0.697217
4.000000 2.000000 1.434274 1.000000

Matrix 760:
1.000000 0.200000 0.142857 0.142857
5.000000 1.000000 0.597525 3.000000
7.000000 1.673571 1.000000 3.000000
7.000000 0.333333 0.333333 1.000000

Matrix 761:
1.000000 1.000000 3.000000 7.000000
1.000000 1.000000 5.000000 8.000000
0.333333 0.200000 1.000000 1.933499
0.142857 0.125000 0.517197 1.000000

Matrix 762:
1.000000 0.125000 0.333333 0.500000
8.000000 1.000000 8.000000 5.000000
3.000000 0.125000 1.000000 0.665008
2.000000 0.200000 1.503740 1.000000

Matrix 763:
1.000000 4.000000 5.999988 1.977070
0.250000 1.000000 0.605372 0.200000
0.166667 1.651877 1.000000 0.162547
0.505799 5.000000 6.152050 1.000000

Matrix 764:
1.000000 7.004522 1.000000 3.000000
0.142765 1.000000 0.166667 0.333333
1.000000 6.000000 1.000000 7.000000
0.333333 3.000000 0.142857 1.000000

Matrix 765:
1.000000 3.804970 0.579139 2.000000
0.262814 1.000000 0.411577 0.500000
1.726701 2.429678 1.000000 2.000000
0.500000 2.000000 0.500000 1.000000

Matrix 766:
1.000000 2.000000 7.000000 0.603845
0.500000 1.000000 3.000000 0.250000
0.142857 0.333333 1.000000 0.266494
1.656054 4.000000 3.752430 1.000000

Matrix 767:
1.000000 1.571822 0.831555 2.000000
0.636204 1.000000 2.000000 1.000000
1.202566 0.500000 1.000000 2.000000
0.500000 1.000000 0.500000 1.000000

Matrix 768:
1.000000 0.551401 1.827775 1.310006
1.813563 1.000000 1.000000 1.000000
0.547113 1.000000 1.000000 0.500000
0.763356 1.000000 2.000000 1.000000

Matrix 769:
1.000000 5.000000 8.000000 0.652380
0.200000 1.000000 1.664927 0.125000
0.125000 0.600627 1.000000 0.125000
1.532850 8.000000 8.000000 1.000000

Matrix 770:
1.000000 8.000000 9.000000 0.500000
0.125000 1.000000 1.529352 0.200000
0.111111 0.653872 1.000000 0.125000
2.000000 5.000000 8.000000 1.000000

Matrix 771:
1.000000 0.142857 1.603843 0.200000
7.000000 1.000000 9.000000 3.000000
0.623503 0.111111 1.000000 0.142857
5.000000 0.333333 7.000000 1.000000

Matrix 772:
1.000000 0.333333 1.664737 0.692602
3.000000 1.000000 4.000000 5.000000
0.600696 0.250000 1.000000 0.550983
1.443832 0.200000 1.814940 1.000000

Matrix 773:
1.000000 1.778503 0.730792 0.142857
0.562271 1.000000 2.000000 0.125000
1.368378 0.500000 1.000000 0.125000
7.000000 8.000000 8.000000 1.000000

Matrix 774:
1.000000 2.000000 1.648196 0.111111
0.500000 1.000000 0.333333 0.125000
0.606724 3.000000 1.000000 0.111111
9.000000 8.000000 9.000000 1.000000

Matrix 775:
1.000000 3.000000 6.000000 0.425081
0.333333 1.000000 0.552463 0.200000
0.166667 1.810077 1.000000 0.142857
2.352495 5.000000 7.000000 1.000000

Matrix 776:
1.000000 3.000000 8.000000 0.660226
0.333333 1.000000 1.801493 0.333333
0.125000 0.555095 1.000000 0.250000
1.514632 3.000000 4.000000 1.000000

Matrix 777:
1.000000 0.274586 1.000000 0.250000
3.641842 1.000000 3.000003 0.664837
1.000000 0.333333 1.000000 0.617307
4.000000 1.504127 1.619939 1.000000

Matrix 778:
1.000000 1.834469 4.420870 4.000000
0.545117 1.000000 9.000000 2.151377
0.226200 0.111111 1.000000 0.333333
0.250000 0.464818 3.000000 1.000000

Matrix 779:
1.000000 1.553133 0.125000 0.333333
0.643860 1.000000 0.142857 0.523226
8.000000 7.000000 1.000000 1.322605
3.000000 1.911222 0.756084 1.000000

Matrix 780:
1.000000 1.502911 1.000000 2.000000
0.665375 1.000000 1.404122 7.000000
1.000000 0.712189 1.000000 4.000000
0.500000 0.142857 0.250000 1.000000

Matrix 781:
1.000000 2.000000 1.000000 0.333333
0.500000 1.000000 1.000000 0.250000
1.000000 1.000000 1.000000 0.773502
3.000000 4.000000 1.292822 1.000000

Matrix 782:
1.000000 0.535999 1.000000 0.679263
1.865676 1.000000 0.991359 1.503375
1.000000 1.008716 1.000000 1.000000
1.472184 0.665170 1.000000 1.000000

Matrix 783:
1.000000 0.500000 0.603930 1.000000
2.000000 1.000000 2.110981 0.686830
1.655822 0.473713 1.000000 0.559004
1.000000 1.455965 1.788896 1.000000

Matrix 784:
1.000000 8.000000 1.568342 5.000000
0.125000 1.000000 0.250000 1.932072
0.637616 4.000000 1.000000 6.700865
0.200000 0.517579 0.149234 1.000000

Matrix 785:
1.000000 1.000000 5.000000 0.627088
1.000000 1.000000 9.000000 0.575806
0.200000 0.111111 1.000000 0.250000
1.594673 1.736695 4.000000 1.000000

Matrix 786:
1.000000 2.000000 9.000009 0.507870
0.500000 1.000000 3.095906 0.892683
0.111111 0.323007 1.000000 0.125000
1.969007 1.120219 8.000000 1.000000

Matrix 787:
1.000000 0.142857 3.000000 0.717891
7.000000 1.000000 6.000000 9.000000
0.333333 0.166667 1.000000 1.000000
1.392969 0.111111 1.000000 1.000000

Matrix 788:
1.000000 1.000000 2.000000 0.500000
1.000000 1.000000 0.620468 0.200000
0.500000 1.611686 1.000000 0.250000
2.000000 5.000000 4.000000 1.000000

Matrix 789:
1.000000 0.500000 0.927334 1.000000
2.000000 1.000000 5.999988 1.859412
1.078360 0.166667 1.000000 0.521507
1.000000 0.537804 1.917522 1.000000

Matrix 790:
1.000000 1.000000 2.295301 0.682287
1.000000 1.000000 1.000000 1.497046
0.435673 1.000000 1.000000 1.000000
1.465660 0.667982 1.000000 1.000000

Matrix 791:
1.000000 0.548744 1.468378 0.200000
1.822343 1.000000 1.000000 0.467725
0.681023 1.000000 1.000000 0.200000
5.000000 2.138008 5.000000 1.000000

Matrix 792:
1.000000 0.500000 0.500000 0.448221
2.000000 1.000000 1.690926 1.000000
2.000000 0.591392 1.000000 1.000000
2.231042 1.000000 1.000000 1.000000

Matrix 793:
1.000000 0.166667 0.500000 1.574117
6.000000 1.000000 5.000000 6.000000
2.000000 0.200000 1.000000 5.000000
0.635277 0.166667 0.200000 1.000000

Matrix 794:
1.000000 2.310161 1.057267 2.288346
0.432870 1.000000 0.500000 1.000000
0.945835 2.000000 1.000000 0.661866
0.436997 1.000000 1.510879 1.000000

Matrix 795:
1.000000 0.500000 0.618664 0.250000
2.000000 1.000000 4.000000 0.500000
1.616386 0.250000 1.000000 0.111111
4.000000 2.000000 9.000000 1.000000

Matrix 796:
1.000000 1.000000 0.200000 7.000000
1.000000 1.000000 0.348026 5.000000
5.000000 2.873352 1.000000 8.000000
0.142857 0.200000 0.125000 1.000000

Matrix 797:
1.000000 4.613889 5.000000 3.000000
0.216737 1.000000 0.357517 0.250000
0.200000 2.797068 1.000000 0.500000
0.333333 4.000000 2.000000 1.000000

Matrix 798:
1.000000 0.200000 2.143288 0.142857
5.000000 1.000000 7.000000 0.338842
0.466573 0.142857 1.000000 0.129914
7.000000 2.951225 7.697381 1.000000

Matrix 799:
1.000000 5.034802 1.149176 0.740468
0.198618 1.000000 0.125000 0.500000
0.870188 8.000000 1.000000 1.704865
1.350496 2.000000 0.586557 1.000000

Matrix 800:
1.000000 0.634717 1.673888 1.844498
1.575505 1.000000 0.826282 3.000000
0.597412 1.210241 1.000000 1.928251
0.542153 0.333333 0.518605 1.000000

Matrix 801:
1.000000 1.439025 3.000000 5.000000
0.694915 1.000000 6.000000 7.000000
0.333333 0.166667 1.000000 1.000000
0.200000 0.142857 1.000000 1.000000

Matrix 802:
1.000000 0.142857 0.142857 0.166667
7.000000 1.000000 2.010983 0.587590
7.000000 0.497269 1.000000 0.333333
6.000000 1.701866 3.000000 1.000000

Matrix 803:
1.000000 8.000000 1.000000 0.698989
0.125000 1.000000 0.142857 0.142857
1.000000 7.000000 1.000000 2.296403
1.430638 7.000000 0.435464 1.000000

Matrix 804:
1.000000 0.166667 0.250000 0.111111
6.000000 1.000000 1.608265 0.535199
4.000000 0.621788 1.000000 1.000000
9.000000 1.868465 1.000000 1.000000

Matrix 805:
1.000000 0.429426 0.500000 2.000000
2.328692 1.000000 0.682472 1.635963
2.000000 1.465261 1.000000 2.000000
0.500000 0.611261 0.500000 1.000000

Matrix 806:
1.000000 1.083785 5.000000 1.445500
0.922692 1.000000 7.000007 2.776138
0.200000 0.142857 1.000000 1.040735
0.691802 0.360213 0.960860 1.000000

Matrix 807:
1.000000 1.000000 8.000000 1.893411
1.000000 1.000000 8.000000 0.691392
0.125000 0.125000 1.000000 0.250000
0.528147 1.446358 4.000000 1.000000

Matrix 808:
1.000000 2.000000 1.000000 4.000000
0.500000 1.000000 0.500000 0.655587
1.000000 2.000000 1.000000 4.000000
0.250000 1.525352 0.250000 1.000000

Matrix 809:
1.000000 7.000000 8.000000 0.625488
0.142857 1.000000 0.817053 0.200000
0.125000 1.223911 1.000000 0.111111
1.598752 5.000000 9.000000 1.000000

Matrix 810:
1.000000 1.841436 0.616719 0.250000
0.543054 1.000000 0.333333 0.228494
1.621484 3.000000 1.000000 0.166667
4.000000 4.376488 6.000000 1.000000

Matrix 811:
1.000000 7.000000 1.584666 1.000000
0.142857 1.000000 0.111111 0.125000
0.631048 9.000000 1.000000 3.000000
1.000000 8.000000 0.333333 1.000000

Matrix 812:
1.000000 1.604248 1.000000 5.000000
0.623345 1.000000 1.000000 7.000000
1.000000 1.000000 1.000000 5.000000
0.200000 0.142857 0.200000 1.000000

Matrix 813:
1.000000 1.000000 0.333333 1.268279
1.000000 1.000000 0.677572 0.683537
3.000000 1.475857 1.000000 1.701643
0.788470 1.462979 0.587667 1.000000

Matrix 814:
1.000000 1.635176 5.999988 4.000000
0.611555 1.000000 2.506636 5.000000
0.166667 0.398941 1.000000 1.656863
0.250000 0.200000 0.603550 1.000000

Matrix 815:
1.000000 6.000000 1.914053 6.079185
0.166667 1.000000 0.250000 3.000000
0.522452 4.000000 1.000000 7.000000
0.164496 0.333333 0.142857 1.000000

Matrix 816:
1.000000 0.142857 0.200000 1.000000
7.000000 1.000000 0.632830 4.000000
5.000000 1.580203 1.000000 7.000000
1.000000 0.250000 0.142857 1.000000

Matrix 817:
1.000000 0.166667 1.000000 0.500000
6.000000 1.000000 3.000000 8.000000
1.000000 0.333333 1.000000 1.690938
2.000000 0.125000 0.591388 1.000000

Matrix 818:
1.000000 0.166667 0.142857 1.805458
6.000000 1.000000 1.608641 5.000000
7.000000 0.621643 1.000000 6.000000
0.553876 0.200000 0.166667 1.000000

Matrix 819:
1.000000 0.166667 0.156740 0.166667
6.000000 1.000000 0.250000 0.333333
6.379985 4.000000 1.000000 2.000000
6.000000 3.000000 0.500000 1.000000

Matrix 820:
1.000000 1.543420 0.843023 0.256925
0.647912 1.000000 1.000000 0.333333
1.186207 1.000000 1.000000 0.142857
3.892191 3.000000 7.000000 1.000000

Matrix 821:
1.000000 6.000000 7.000000 4.000000
0.166667 1.000000 1.000000 1.616578
0.142857 1.000000 1.000000 1.000000
0.250000 0.618590 1.000000 1.000000

Matrix 822:
1.000000 7.000007 0.820106 9.000000
0.142857 1.000000 0.125000 1.556977
1.219354 8.000000 1.000000 7.000000
0.111111 0.642270 0.142857 1.000000

Matrix 823:
1.000000 0.333333 1.566652 0.142857
3.000000 1.000000 6.000000 0.333333
0.638304 0.166667 1.000000 0.125000
7.000000 3.000000 8.000000 1.000000

Matrix 824:
1.000000 5.999988 1.078942 0.496519
0.166667 1.000000 0.250000 0.200000
0.926834 4.000000 1.000000 2.000000
2.014020 5.000000 0.500000 1.000000

Matrix 825:
1.000000 1.871738 0.333333 0.333333
0.534263 1.000000 0.508084 0.142857
3.000000 1.968180 1.000000 0.405015
3.000000 7.000000 2.469044 1.000000

Matrix 826:
1.000000 2.000000 3.904011 5.000000
0.500000 1.000000 0.688983 2.000000
0.256147 1.451414 1.000000 1.000000
0.200000 0.500000 1.000000 1.000000

Matrix 827:
1.000000 0.500000 7.000000 1.000000
2.000000 1.000000 8.399861 2.000000
0.142857 0.119050 1.000000 0.125000
1.000000 0.500000 8.000000 1.000000

Matrix 828:
1.000000 0.500000 1.000000 0.640262
2.000000 1.000000 1.000000 1.000000
1.000000 1.000000 1.000000 2.000000
1.561861 1.000000 0.500000 1.000000

Matrix 829:
1.000000 3.000000 7.000000 5.000000
0.333333 1.000000 3.000000 0.620305
0.142857 0.333333 1.000000 0.250000
0.200000 1.612109 4.000000 1.000000

Matrix 830:
1.000000 0.602046 0.125000 0.111111
1.661004 1.000000 0.142857 0.200000
8.000000 7.000000 1.000000 2.000000
9.000000 5.000000 0.500000 1.000000

Matrix 831:
1.000000 1.000000 0.250000 1.250810
1.000000 1.000000 0.500000 0.500000
4.000000 2.000000 1.000000 1.000000
0.799482 2.000000 1.000000 1.000000

Matrix 832:
1.000000 1.000000 3.000000 5.000000
1.000000 1.000000 3.000000 6.000000
0.333333 0.333333 1.000000 1.844786
0.200000 0.166667 0.542068 1.000000

Matrix 833:
1.000000 1.000000 5.000000 6.000000
1.000000 1.000000 2.000000 6.000000
0.200000 0.500000 1.000000 0.736695
0.166667 0.166667 1.357413 1.000000

Matrix 834:
1.000000 0.500000 0.561425 0.111111
2.000000 1.000000 1.763495 0.125000
1.781181 0.567056 1.000000 0.142857
9.000000 8.000000 7.000000 1.000000

Matrix 835:
1.000000 1.000000 0.621136 9.000000
1.000000 1.000000 3.000000 8.000000
1.609952 0.333333 1.000000 7.000000
0.111111 0.125000 0.142857 1.000000

Matrix 836:
1.000000 1.884921 8.000000 0.900157
0.530526 1.000000 2.649125 1.019607
0.125000 0.377483 1.000000 0.166667
1.110917 0.980770 6.000000 1.000000

Matrix 837:
1.000000 0.153529 0.500000 0.213618
6.513437 1.000000 4.000000 2.000000
2.000000 0.250000 1.000000 0.200000
4.681261 0.500000 5.000000 1.000000

Matrix 838:
1.000000 1.000000 0.500000 1.696359
1.000000 1.000000 1.585664 3.000000
2.000000 0.630650 1.000000 1.000000
0.589498 0.333333 1.000000 1.000000

Matrix 839:
1.000000 0.111111 0.250000 0.142330
9.000000 1.000000 4.000000 0.620432
4.000000 0.250000 1.000000 0.166667
7.025924 1.611781 6.000000 1.000000

Matrix 840:
1.000000 0.333333 6.000000 4.000000
3.000000 1.000000 8.066042 5.000000
0.166667 0.123977 1.000000 0.250000
0.250000 0.200000 4.000000 1.000000

Matrix 841:
1.000000 0.200000 1.474408 0.616610
5.000000 1.000000 7.000000 7.000000
0.678238 0.142857 1.000000 0.500000
1.621772 0.142857 2.000000 1.000000

Matrix 842:
1.000000 4.000000 0.333333 1.549438
0.250000 1.000000 0.200000 0.333333
3.000000 5.000000 1.000000 1.000000
0.645395 3.000000 1.000000 1.000000

Matrix 843:
1.000000 0.641416 4.000000 8.000000
1.559051 1.000000 3.000000 7.000000
0.250000 0.333333 1.000000 5.000000
0.125000 0.142857 0.200000 1.000000

Matrix 844:
1.000000 0.166667 1.000000 0.333333
6.000000 1.000000 8.000000 0.609875
1.000000 0.125000 1.000000 0.166667
3.000000 1.639679 6.000000 1.000000

Matrix 845:
1.000000 9.000000 7.000000 7.000000
0.111111 1.000000 1.000000 1.304119
0.142857 1.000000 1.000000 0.556164
0.142857 0.766801 1.798030 1.000000

Matrix 846:
1.000000 0.789294 1.000000 0.378748
1.266955 1.000000 4.497663 1.494692
1.000000 0.222338 1.000000 0.544868
2.640274 0.669034 1.835307 1.000000

Matrix 847:
1.000000 0.142857 0.250000 0.333333
7.000000 1.000000 2.168316 5.000000
4.000000 0.461187 1.000000 1.741470
3.000000 0.200000 0.574227 1.000000

Matrix 848:
1.000000 0.250000 0.125000 0.606667
4.000000 1.000000 0.200000 3.000000
8.000000 5.000000 1.000000 9.000000
1.648352 0.333333 0.111111 1.000000

Matrix 849:
1.000000 2.204840 3.000003 1.000000
0.453548 1.000000 0.738008 0.769620
0.333333 1.355000 1.000000 0.391323
1.000000 1.299342 2.555432 1.000000

Matrix 850:
1.000000 1.000000 2.000000 1.560220
1.000000 1.000000 1.000000 1.000000
0.500000 1.000000 1.000000 0.333333
0.640935 1.000000 3.000000 1.000000

Matrix 851:
1.000000 1.360634 1.000000 1.000000
0.734952 1.000000 0.603262 1.561103
1.000000 1.657655 1.000000 0.945685
1.000000 0.640573 1.057435 1.000000

Matrix 852:
1.000000 0.653519 5.999988 2.000000
1.530178 1.000000 7.000007 0.720874
0.166667 0.142857 1.000000 0.250000
0.500000 1.387205 4.000000 1.000000

Matrix 853:
1.000000 2.000000 0.333333 6.000000
0.500000 1.000000 0.333333 4.000000
3.000000 3.000000 1.000000 8.770308
0.166667 0.250000 0.114021 1.000000

Matrix 854:
1.000000 6.000000 5.000000 2.000000
0.166667 1.000000 0.598907 0.500000
0.200000 1.669707 1.000000 0.333333
0.500000 2.000000 3.000000 1.000000

Matrix 855:
1.000000 0.166667 1.593096 0.646545
6.000000 1.000000 5.999988 3.000000
0.627709 0.166667 1.000000 1.000000
1.546683 0.333333 1.000000 1.000000

Matrix 856:
1.000000 0.557424 0.874148 1.000000
1.793967 1.000000 1.988088 1.000000
1.143971 0.502996 1.000000 1.825846
1.000000 1.000000 0.547691 1.000000

Matrix 857:
1.000000 0.166667 0.111111 0.485868
6.000000 1.000000 1.601778 4.000000
9.000000 0.624306 1.000000 6.000000
2.058171 0.250000 0.166667 1.000000

Matrix 858:
1.000000 2.267751 0.397771 1.000000
0.440966 1.000000 0.250000 0.580144
2.514008 4.000000 1.000000 3.000000
1.000000 1.723711 0.333333 1.000000

Matrix 859:
1.000000 1.392280 0.462314 0.125000
0.718247 1.000000 1.000000 0.111111
2.163032 1.000000 1.000000 0.333333
8.000000 9.000000 3.000000 1.000000

Matrix 860:
1.000000 2.000000 4.000000 9.000000
0.500000 1.000000 0.578183 5.000000
0.250000 1.729556 1.000000 6.000000
0.111111 0.200000 0.166667 1.000000

Matrix 861:
1.000000 0.439463 9.000009 4.000000
2.275506 1.000000 7.000007 8.000000
0.111111 0.142857 1.000000 1.294384
0.250000 0.125000 0.772568 1.000000

Matrix 862:
1.000000 0.618737 8.000000 4.000000
1.616196 1.000000 5.956852 9.000000
0.125000 0.167874 1.000000 0.473348
0.250000 0.111111 2.112612 1.000000

Matrix 863:
1.000000 2.000000 0.605409 5.000000
0.500000 1.000000 0.333333 4.000000
1.651776 3.000000 1.000000 3.000000
0.200000 0.250000 0.333333 1.000000

Matrix 864:
1.000000 1.000000 2.382953 2.000000
1.000000 1.000000 0.920168 2.000000
0.419647 1.086758 1.000000 0.528169
0.500000 0.500000 1.893333 1.000000

Matrix 865:
1.000000 1.000000 0.500000 0.166667
1.000000 1.000000 1.010109 0.333333
2.000000 0.989993 1.000000 1.000000
6.000000 3.000000 1.000000 1.000000

Matrix 866:
1.000000 7.718176 2.093796 1.726853
0.129564 1.000000 0.200000 0.111111
0.477601 5.000000 1.000000 2.171954
0.579088 9.000000 0.460415 1.000000

Matrix 867:
1.000000 0.500000 0.333333 0.333333
2.000000 1.000000 0.500000 1.000000
3.000000 2.000000 1.000000 1.646314
3.000000 1.000000 0.607417 1.000000

Matrix 868:
1.000000 2.000000 1.606916 1.000000
0.500000 1.000000 0.200000 0.500000
0.622310 5.000000 1.000000 1.000000
1.000000 2.000000 1.000000 1.000000

Matrix 869:
1.000000 0.250000 0.200000 0.613613
4.000000 1.000000 1.560364 2.000000
5.000000 0.640876 1.000000 4.000000
1.629691 0.500000 0.250000 1.000000

Matrix 870:
1.000000 0.637769 2.000000 1.000000
1.567966 1.000000 1.699044 1.000000
0.500000 0.588566 1.000000 1.094665
1.000000 1.000000 0.913521 1.000000

Matrix 871:
1.000000 3.000000 7.000000 4.000000
0.333333 1.000000 3.000000 3.000000
0.142857 0.333333 1.000000 1.665412
0.250000 0.333333 0.600452 1.000000

Matrix 872:
1.000000 0.500000 0.111111 0.688010
2.000000 1.000000 0.125000 4.000000
9.000000 8.000000 1.000000 7.000000
1.453468 0.250000 0.142857 1.000000

Matrix 873:
1.000000 8.000000 8.349662 1.808317
0.125000 1.000000 2.174798 0.200000
0.119765 0.459813 1.000000 0.200000
0.553000 5.000000 5.000000 1.000000

Matrix 874:
1.000000 0.142857 0.250000 0.600481
7.000000 1.000000 0.619973 5.000000
4.000000 1.612973 1.000000 9.000000
1.665332 0.200000 0.111111 1.000000

Matrix 875:
1.000000 5.999988 1.000000 5.000000
0.166667 1.000000 0.537751 0.597725
1.000000 1.859596 1.000000 4.000000
0.200000 1.673011 0.250000 1.000000

Matrix 876:
1.000000 0.438927 8.000000 1.873230
2.278285 1.000000 8.184826 1.000000
0.125000 0.122177 1.000000 0.142857
0.533837 1.000000 7.000000 1.000000

Matrix 877:
1.000000 0.125000 1.032057 2.000000
8.000000 1.000000 9.000009 7.000000
0.968939 0.111111 1.000000 0.713791
0.500000 0.142857 1.400971 1.000000

Matrix 878:
1.000000 4.000000 1.437749 4.000000
0.250000 1.000000 0.166667 1.000000
0.695532 6.000000 1.000000 3.000000
0.250000 1.000000 0.333333 1.000000

Matrix 879:
1.000000 0.678085 2.000000 2.298535
1.474741 1.000000 5.999988 3.000000
0.500000 0.166667 1.000000 0.469231
0.435060 0.333333 2.131145 1.000000

Matrix 880:
1.000000 0.200000 0.333333 5.000000
5.000000 1.000000 1.000000 8.833538
3.000000 1.000000 1.000000 9.000000
0.200000 0.113205 0.111111 1.000000

Matrix 881:
1.000000 1.000000 6.629433 1.000000
1.000000 1.000000 8.000000 3.000000
0.150842 0.125000 1.000000 0.166667
1.000000 0.333333 6.000000 1.000000

Matrix 882:
1.000000 0.302836 0.125000 0.588543
3.302119 1.000000 1.000000 9.000000
8.000000 1.000000 1.000000 8.000000
1.699111 0.111111 0.125000 1.000000

Matrix 883:
1.000000 1.000000 0.142857 1.752515
1.000000 1.000000 0.166667 3.000000
7.000000 6.000000 1.000000 7.962484
0.570608 0.333333 0.125589 1.000000

Matrix 884:
1.000000 3.000003 5.000000 6.000000
0.333333 1.000000 0.860869 0.940431
0.200000 1.161617 1.000000 0.500000
0.166667 1.063342 2.000000 1.000000

Matrix 885:
1.000000 0.622349 1.601400 2.079523
1.606815 1.000000 0.934273 2.405348
0.624454 1.070350 1.000000 1.000000
0.480880 0.415740 1.000000 1.000000

Matrix 886:
1.000000 0.333333 0.952540 0.419078
3.000000 1.000000 2.092607 1.000000
1.049825 0.477873 1.000000 1.419189
2.386188 1.000000 0.704628 1.000000

Matrix 887:
1.000000 0.605903 4.000000 0.333333
1.650430 1.000000 9.000000 0.333333
0.250000 0.111111 1.000000 0.142857
3.000000 3.000000 7.000000 1.000000

Matrix 888:
1.000000 2.000000 0.607062 6.000000
0.500000 1.000000 0.500000 1.000000
1.647280 2.000000 1.000000 7.000000
0.166667 1.000000 0.142857 1.000000

Matrix 889:
1.000000 0.743152 1.000000 4.000000
1.345620 1.000000 0.602091 5.000000
1.000000 1.660879 1.000000 9.000000
0.250000 0.200000 0.111111 1.000000

Matrix 890:
1.000000 0.200000 0.125000 0.125000
5.000000 1.000000 1.000000 0.633197
8.000000 1.000000 1.000000 1.000000
8.000000 1.579288 1.000000 1.000000

Matrix 891:
1.000000 4.000000 1.000000 5.000000
0.250000 1.000000 0.111111 1.628261
1.000000 9.000000 1.000000 3.000000
0.200000 0.614152 0.333333 1.000000

Matrix 892:
1.000000 1.952886 0.883363 0.166667
0.512063 1.000000 1.007681 0.250000
1.132037 0.992377 1.000000 0.166667
6.000000 4.000000 6.000000 1.000000

Matrix 893:
1.000000 3.000000 7.000000 1.734536
0.333333 1.000000 7.000000 1.000000
0.142857 0.142857 1.000000 0.142857
0.576523 1.000000 7.000000 1.000000

Matrix 894:
1.000000 0.615979 1.000000 0.333333
1.623433 1.000000 0.532583 0.142857
1.000000 1.877641 1.000000 0.166667
3.000000 7.000000 6.000000 1.000000

Matrix 895:
1.000000 1.000000 3.000003 1.456751
1.000000 1.000000 1.221576 2.895604
0.333333 0.818615 1.000000 1.090551
0.686459 0.345351 0.916968 1.000000

Matrix 896:
1.000000 0.142857 0.166667 0.740369
7.000000 1.000000 0.500000 7.000000
6.000000 2.000000 1.000000 7.000000
1.350678 0.142857 0.142857 1.000000

Matrix 897:
1.000000 0.700425 0.157593 0.250000
1.427705 1.000000 0.142857 0.200000
6.345442 7.000000 1.000000 4.000000
4.000000 5.000000 0.250000 1.000000

Matrix 898:
1.000000 0.569019 1.000000 0.536576
1.757410 1.000000 2.038502 0.633656
1.000000 0.490556 1.000000 1.000000
1.863670 1.578144 1.000000 1.000000

Matrix 899:
1.000000 1.000000 0.142857 4.000000
1.000000 1.000000 0.142857 4.000000
7.000000 7.000000 1.000000 8.939406
0.250000 0.250000 0.111864 1.000000

Matrix 900:
1.000000 0.500000 0.125000 0.500000
2.000000 1.000000 0.500000 1.610480
8.000000 2.000000 1.000000 3.000000
2.000000 0.620933 0.333333 1.000000

Matrix 901:
1.000000 1.677575 8.000000 1.653743
0.596099 1.000000 8.000000 2.287986
0.125000 0.125000 1.000000 0.200000
0.604689 0.437066 5.000000 1.000000

Matrix 902:
1.000000 0.913666 0.536121 0.231128
1.094491 1.000000 2.000000 0.830530
1.865251 0.500000 1.000000 0.657908
4.326607 1.204050 1.519969 1.000000

Matrix 903:
1.000000 0.405409 1.679923 1.000000
2.466646 1.000000 1.745500 4.000000
0.595265 0.572902 1.000000 0.500000
1.000000 0.250000 2.000000 1.000000

Matrix 904:
1.000000 0.111111 0.250000 1.355246
9.000000 1.000000 1.000000 7.000000
4.000000 1.000000 1.000000 1.876347
0.737874 0.142857 0.532950 1.000000

Matrix 905:
1.000000 0.200000 0.333333 0.608499
5.000000 1.000000 6.000000 6.000000
3.000000 0.166667 1.000000 1.706859
1.643389 0.166667 0.585871 1.000000

Matrix 906:
1.000000 0.142857 0.125000 0.111111
7.000000 1.000000 0.566191 1.243691
8.000000 1.766188 1.000000 0.500000
9.000000 0.804058 2.000000 1.000000

Matrix 907:
1.000000 3.000000 0.200000 0.200000
0.333333 1.000000 0.166667 0.113717
5.000000 6.000000 1.000000 0.333333
5.000000 8.793772 3.000000 1.000000

Matrix 908:
1.000000 2.889621 0.317795 2.000000
0.346066 1.000000 0.142857 1.900910
3.146685 7.000000 1.000000 7.000000
0.500000 0.526064 0.142857 1.000000

Matrix 909:
1.000000 1.000000 0.333333 1.000000
1.000000 1.000000 0.250000 1.000000
3.000000 4.000000 1.000000 0.927704
1.000000 1.000000 1.077930 1.000000

Matrix 910:
1.000000 6.000000 4.000000 1.431401
0.166667 1.000000 2.000000 0.111111
0.250000 0.500000 1.000000 0.125000
0.698616 9.000000 8.000000 1.000000

Matrix 911:
1.000000 0.604212 1.535630 1.732517
1.655048 1.000000 1.000000 0.733593
0.651198 1.000000 1.000000 1.675700
0.577195 1.363153 0.596766 1.000000

Matrix 912:
1.000000 7.000000 1.000000 8.000000
0.142857 1.000000 0.250000 1.574552
1.000000 4.000000 1.000000 8.000000
0.125000 0.635101 0.125000 1.000000

Matrix 913:
1.000000 1.000000 0.125000 0.142857
1.000000 1.000000 0.250000 0.250000
8.000000 4.000000 1.000000 0.605599
7.000000 4.000000 1.651259 1.000000

Matrix 914:
1.000000 2.340927 5.999988 5.000000
0.427181 1.000000 2.701376 0.638838
0.166667 0.370182 1.000000 0.565695
0.200000 1.565341 1.767736 1.000000

Matrix 915:
1.000000 1.000000 1.029090 1.305124
1.000000 1.000000 0.534609 1.714995
0.971733 1.870527 1.000000 6.671884
0.766211 0.583092 0.149883 1.000000

Matrix 916:
1.000000 0.189338 0.166667 0.271774
5.281571 1.000000 2.000000 4.000000
6.000000 0.500000 1.000000 1.806955
3.679526 0.250000 0.553417 1.000000

Matrix 917:
1.000000 7.000000 1.436956 8.000000
0.142857 1.000000 0.142857 1.518714
0.695915 7.000000 1.000000 5.000000
0.125000 0.658452 0.200000 1.000000

Matrix 918:
1.000000 5.000000 9.000000 9.000000
0.200000 1.000000 4.000000 0.602226
0.111111 0.250000 1.000000 0.500000
0.111111 1.660507 2.000000 1.000000

Matrix 919:
1.000000 1.816422 0.142857 0.724540
0.550533 1.000000 0.179091 1.000000
7.000000 5.583769 1.000000 3.816652
1.380186 1.000000 0.262010 1.000000

Matrix 920:
1.000000 0.111111 0.111111 0.542966
9.000000 1.000000 3.000000 6.000000
9.000000 0.333333 1.000000 4.000000
1.841735 0.166667 0.250000 1.000000

Matrix 921:
1.000000 2.000000 1.646339 0.616286
0.500000 1.000000 1.000000 1.000000
0.607408 1.000000 1.000000 1.000000
1.622624 1.000000 1.000000 1.000000

Matrix 922:
1.000000 3.000000 0.250000 0.200000
0.333333 1.000000 0.142857 0.200000
4.000000 7.000000 1.000000 1.443857
5.000000 5.000000 0.692589 1.000000

Matrix 923:
1.000000 0.250000 0.200000 0.610725
4.000000 1.000000 0.629684 5.000000
5.000000 1.588098 1.000000 7.000000
1.637399 0.200000 0.142857 1.000000

Matrix 924:
1.000000 2.943428 4.000000 0.500000
0.339740 1.000000 1.407196 0.575386
0.250000 0.710633 1.000000 0.142857
2.000000 1.737965 7.000000 1.000000

Matrix 925:
1.000000 0.528242 0.333333 0.250000
1.893070 1.000000 0.250000 0.250000
3.000000 4.000000 1.000000 1.134199
4.000000 4.000000 0.881679 1.000000

Matrix 926:
1.000000 0.250000 0.392329 0.333333
4.000000 1.000000 2.724654 0.877064
2.548881 0.367019 1.000000 1.259459
3.000000 1.140167 0.793992 1.000000

Matrix 927:
1.000000 0.200000 0.111111 0.250000
5.000000 1.000000 1.342298 1.000000
9.000000 0.744991 1.000000 2.135901
4.000000 1.000000 0.468186 1.000000

Matrix 928:
1.000000 1.000000 0.141322 0.500000
1.000000 1.000000 0.125000 0.562804
7.076041 8.000000 1.000000 8.000000
2.000000 1.776818 0.125000 1.000000

Matrix 929:
1.000000 1.000000 0.324718 0.382688
1.000000 1.000000 0.633034 0.514539
3.079598 1.579693 1.000000 0.352235
2.613097 1.943486 2.839017 1.000000

Matrix 930:
1.000000 0.166667 0.200000 0.111111
6.000000 1.000000 0.621068 1.000000
5.000000 1.610130 1.000000 2.000000
9.000000 1.000000 0.500000 1.000000

Matrix 931:
1.000000 8.000000 1.347221 2.000000
0.125000 1.000000 0.111111 0.333333
0.742269 9.000000 1.000000 7.000000
0.500000 3.000000 0.142857 1.000000

Matrix 932:
1.000000 0.142857 0.200000 0.111111
7.000000 1.000000 1.908657 0.683012
5.000000 0.523929 1.000000 1.012017
9.000000 1.464104 0.988126 1.000000

Matrix 933:
1.000000 5.000000 0.521504 2.000000
0.200000 1.000000 0.111111 0.250000
1.917530 9.000000 1.000000 4.000000
0.500000 4.000000 0.250000 1.000000

Matrix 934:
1.000000 1.785500 0.434414 0.211214
0.560067 1.000000 0.333333 0.333333
2.301953 3.000000 1.000000 0.500000
4.734534 3.000000 2.000000 1.000000

Matrix 935:
1.000000 2.000000 0.500000 4.000000
0.500000 1.000000 0.500000 0.610940
2.000000 2.000000 1.000000 3.000000
0.250000 1.636821 0.333333 1.000000

Matrix 936:
1.000000 0.112970 0.500000 0.500000
8.851941 1.000000 9.000000 9.000000
2.000000 0.111111 1.000000 0.333333
2.000000 0.111111 3.000000 1.000000

Matrix 937:
1.000000 5.000000 8.000000 0.624380
0.200000 1.000000 1.401815 0.250000
0.125000 0.713361 1.000000 0.333333
1.601589 4.000000 3.000000 1.000000

Matrix 938:
1.000000 1.670460 0.577122 0.111111
0.598637 1.000000 1.000000 0.111111
1.732735 1.000000 1.000000 0.333333
9.000000 9.000000 3.000000 1.000000

Matrix 939:
1.000000 1.000000 4.000000 0.111111
1.000000 1.000000 4.000000 0.250000
0.250000 0.250000 1.000000 0.145785
9.000000 4.000000 6.859421 1.000000

Matrix 940:
1.000000 1.000000 0.645638 1.799794
1.000000 1.000000 1.753531 2.196457
1.548855 0.570278 1.000000 1.000000
0.555619 0.455279 1.000000 1.000000

Matrix 941:
1.000000 0.166667 0.350752 0.250000
6.000000 1.000000 5.000000 2.702717
2.851014 0.200000 1.000000 0.540877
4.000000 0.369998 1.848850 1.000000

Matrix 942:
1.000000 4.000000 7.000000 9.000000
0.250000 1.000000 4.000000 4.000000
0.142857 0.250000 1.000000 1.340838
0.111111 0.250000 0.745802 1.000000

Matrix 943:
1.000000 0.142857 0.663994 0.500000
7.000000 1.000000 7.000000 2.000000
1.506037 0.142857 1.000000 0.142857
2.000000 0.500000 7.000000 1.000000

Matrix 944:
1.000000 0.693859 0.111111 0.166667
1.441216 1.000000 0.166667 0.200000
9.000000 6.000000 1.000000 4.000000
6.000000 5.000000 0.250000 1.000000

Matrix 945:
1.000000 3.000003 6.087110 3.635832
0.333333 1.000000 5.000000 0.709100
0.164282 0.200000 1.000000 0.333333
0.275040 1.410239 3.000000 1.000000

Matrix 946:
1.000000 1.000000 1.000000 0.142857
1.000000 1.000000 1.458664 0.500000
1.000000 0.685559 1.000000 0.333333
7.000000 2.000000 3.000000 1.000000

Matrix 947:
1.000000 0.641528 0.142857 1.000000
1.558778 1.000000 0.166667 1.000000
7.000000 6.000000 1.000000 9.000000
1.000000 1.000000 0.111111 1.000000

Matrix 948:
1.000000 3.000000 0.333333 5.000000
0.333333 1.000000 0.142857 1.567641
3.000000 7.000000 1.000000 9.000000
0.200000 0.637901 0.111111 1.000000

Matrix 949:
1.000000 1.437444 0.166667 0.111111
0.695679 1.000000 0.333333 0.250000
6.000000 3.000000 1.000000 0.333333
9.000000 4.000000 3.000000 1.000000

Matrix 950:
1.000000 0.113598 0.111111 0.250000
8.802936 1.000000 1.692109 4.000000
9.000000 0.590978 1.000000 4.000000
4.000000 0.250000 0.250000 1.000000

Matrix 951:
1.000000 0.868158 0.200000 2.000000
1.151864 1.000000 0.125000 0.434563
5.000000 8.000000 1.000000 5.000000
0.500000 2.301161 0.200000 1.000000

Matrix 952:
1.000000 1.000000 0.505377 0.500000
1.000000 1.000000 1.000000 1.211305
1.978719 1.000000 1.000000 0.676143
2.000000 0.825556 1.478977 1.000000

Matrix 953:
1.000000 2.000000 1.609816 1.441989
0.500000 1.000000 0.250000 0.500000
0.621189 4.000000 1.000000 1.759519
0.693487 2.000000 0.568337 1.000000

Matrix 954:
1.000000 0.250000 7.000000 0.333333
4.000000 1.000000 8.000000 0.654932
0.142857 0.125000 1.000000 0.111111
3.000000 1.526877 9.000000 1.000000

Matrix 955:
1.000000 0.749475 0.166667 0.200000
1.334267 1.000000 0.125000 0.250000
6.000000 8.000000 1.000000 4.000000
5.000000 4.000000 0.250000 1.000000

Matrix 956:
1.000000 1.192804 4.000000 1.202277
0.838361 1.000000 0.742200 0.500000
0.250000 1.347346 1.000000 0.633799
0.831755 2.000000 1.577788 1.000000

Matrix 957:
1.000000 0.950980 1.000000 0.533898
1.051546 1.000000 0.212567 0.575548
1.000000 4.704394 1.000000 1.329329
1.873018 1.737474 0.752259 1.000000

Matrix 958:
1.000000 0.500000 0.807346 1.562491
2.000000 1.000000 1.369620 1.000000
1.238627 0.730130 1.000000 1.945795
0.640004 1.000000 0.513929 1.000000

Matrix 959:
1.000000 0.142857 1.355064 0.714073
7.000000 1.000000 9.000000 9.000000
0.737972 0.111111 1.000000 1.000000
1.400417 0.111111 1.000000 1.000000

Matrix 960:
1.000000 0.250000 4.000000 3.000000
4.000000 1.000000 8.000000 6.390586
0.250000 0.125000 1.000000 1.741500
0.333333 0.156480 0.574218 1.000000

Matrix 961:
1.000000 1.018508 0.500000 0.253128
0.981828 1.000000 1.649912 0.333333
2.000000 0.606093 1.000000 0.568914
3.950570 3.000000 1.757736 1.000000

Matrix 962:
1.000000 0.250000 0.500000 2.000000
4.000000 1.000000 1.643750 9.000000
2.000000 0.608365 1.000000 7.000000
0.500000 0.111111 0.142857 1.000000

Matrix 963:
1.000000 1.000000 0.250000 1.000000
1.000000 1.000000 0.200000 0.658376
4.000000 5.000000 1.000000 4.000000
1.000000 1.518888 0.250000 1.000000

Matrix 964:
1.000000 0.166667 0.166667 0.500000
6.000000 1.000000 1.000000 4.000000
6.000000 1.000000 1.000000 0.883005
2.000000 0.250000 1.132497 1.000000

Matrix 965:
1.000000 0.500000 0.585474 0.500000
2.000000 1.000000 3.000000 0.593852
1.708017 0.333333 1.000000 0.333333
2.000000 1.683920 3.000000 1.000000

Matrix 966:
1.000000 0.661144 0.250000 7.000000
1.512529 1.000000 0.200000 4.000000
4.000000 5.000000 1.000000 8.000000
0.142857 0.250000 0.125000 1.000000

Matrix 967:
1.000000 1.597077 0.455126 0.452100
0.626144 1.000000 0.754345 1.000000
2.197196 1.325653 1.000000 1.468661
2.211902 1.000000 0.680892 1.000000

Matrix 968:
1.000000 1.882517 2.000000 2.159815
0.531204 1.000000 1.673806 0.715478
0.500000 0.597441 1.000000 2.000000
0.463003 1.397666 0.500000 1.000000

Matrix 969:
1.000000 0.125468 0.250000 0.451033
7.970140 1.000000 2.000000 5.000000
4.000000 0.500000 1.000000 1.000000
2.217131 0.200000 1.000000 1.000000

Matrix 970:
1.000000 0.125000 0.111111 0.487848
8.000000 1.000000 3.000000 9.000000
9.000000 0.333333 1.000000 2.000000
2.049818 0.111111 0.500000 1.000000

Matrix 971:
1.000000 5.999988 4.256722 9.000000
0.166667 1.000000 1.684657 1.000000
0.234923 0.593593 1.000000 1.837780
0.111111 1.000000 0.544135 1.000000

Matrix 972:
1.000000 2.000000 5.000000 7.000000
0.500000 1.000000 7.000000 8.000000
0.200000 0.142857 1.000000 0.823371
0.142857 0.125000 1.214519 1.000000

Matrix 973:
1.000000 7.000000 9.000000 0.664711
0.142857 1.000000 1.000000 0.125000
0.111111 1.000000 1.000000 0.200000
1.504414 8.000000 5.000000 1.000000

Matrix 974:
1.000000 0.951188 0.704330 1.336541
1.051317 1.000000 1.000000 2.251161
1.419790 1.000000 1.000000 0.569236
0.748200 0.444215 1.756740 1.000000

Matrix 975:
1.000000 0.250000 6.000000 3.000000
4.000000 1.000000 7.000000 4.000000
0.166667 0.142857 1.000000 0.532625
0.333333 0.250000 1.877492 1.000000

Matrix 976:
1.000000 0.118501 0.200000 0.125000
8.438750 1.000000 2.367276 1.000000
5.000000 0.422426 1.000000 1.485064
8.000000 1.000000 0.673372 1.000000

Matrix 977:
1.000000 6.798712 3.395329 2.279572
0.147087 1.000000 1.000000 0.333333
0.294522 1.000000 1.000000 0.200000
0.438679 3.000000 5.000000 1.000000

Matrix 978:
1.000000 5.000000 5.000000 9.000000
0.200000 1.000000 1.000000 1.000000
0.200000 1.000000 1.000000 0.609331
0.111111 1.000000 1.641145 1.000000

Matrix 979:
1.000000 0.500000 1.000000 4.000000
2.000000 1.000000 1.579622 7.000000
1.000000 0.633063 1.000000 8.000000
0.250000 0.142857 0.125000 1.000000

Matrix 980:
1.000000 4.000000 8.000000 5.139378
0.250000 1.000000 1.850013 0.525220
0.125000 0.540537 1.000000 0.500000
0.194576 1.903965 2.000000 1.000000

Matrix 981:
1.000000 0.111111 1.761808 0.250000
9.000000 1.000000 5.964461 1.804541
0.567599 0.167660 1.000000 0.111111
4.000000 0.554158 9.000000 1.000000

Matrix 982:
1.000000 1.653459 0.333333 0.125000
0.604793 1.000000 0.200000 0.333333
3.000000 5.000000 1.000000 0.500000
8.000000 3.000000 2.000000 1.000000

Matrix 983:
1.000000 1.000000 1.000000 1.000000
1.000000 1.000000 0.592144 1.506650
1.000000 1.688779 1.000000 2.581564
1.000000 0.663724 0.387362 1.000000

Matrix 984:
1.000000 5.000000 0.584615 1.556081
0.200000 1.000000 0.250000 0.524096
1.710527 4.000000 1.000000 5.000000
0.642640 1.908046 0.200000 1.000000

Matrix 985:
1.000000 0.573853 3.000000 6.000000
1.742606 1.000000 4.000000 4.000000
0.333333 0.250000 1.000000 1.691175
0.166667 0.250000 0.591305 1.000000

Matrix 986:
1.000000 3.000000 1.000000 5.000000
0.333333 1.000000 1.014657 3.000000
1.000000 0.985554 1.000000 7.000000
0.200000 0.333333 0.142857 1.000000

Matrix 987:
1.000000 0.599559 0.356809 0.142857
1.667892 1.000000 0.200000 0.166667
2.802619 5.000000 1.000000 1.000000
7.000000 6.000000 1.000000 1.000000

Matrix 988:
1.000000 1.000000 0.333333 0.591479
1.000000 1.000000 0.166667 1.505543
3.000000 6.000000 1.000000 4.000000
1.690676 0.664212 0.250000 1.000000

Matrix 989:
1.000000 3.000000 4.000000 8.530886
0.333333 1.000000 4.000000 8.000000
0.250000 0.250000 1.000000 2.000000
0.117221 0.125000 0.500000 1.000000

Matrix 990:
1.000000 0.142857 0.166667 1.344306
7.000000 1.000000 2.000000 4.000000
6.000000 0.500000 1.000000 7.000000
0.743878 0.250000 0.142857 1.000000

Matrix 991:
1.000000 7.000007 1.314884 0.583573
0.142857 1.000000 0.111111 0.125000
0.760523 9.000000 1.000000 1.838811
1.713580 8.000000 0.543830 1.000000

Matrix 992:
1.000000 4.000000 1.520392 0.200000
0.250000 1.000000 0.142857 0.125000
0.657725 7.000000 1.000000 0.250000
5.000000 8.000000 4.000000 1.000000

Matrix 993:
1.000000 0.250000 1.183939 0.142857
4.000000 1.000000 4.000000 1.513247
0.844638 0.250000 1.000000 0.200000
7.000000 0.660831 5.000000 1.000000

Matrix 994:
1.000000 1.000000 0.333333 0.607514
1.000000 1.000000 0.142857 1.953224
3.000000 7.000000 1.000000 4.000000
1.646052 0.511974 0.250000 1.000000

Matrix 995:
1.000000 0.166667 0.125000 1.000000
6.000000 1.000000 1.636950 6.000000
8.000000 0.610892 1.000000 9.000000
1.000000 0.166667 0.111111 1.000000

Matrix 996:
1.000000 2.000000 2.000000 0.500000
0.500000 1.000000 0.699637 0.166667
0.500000 1.429312 1.000000 0.111111
2.000000 6.000000 9.000000 1.000000

Matrix 997:
1.000000 5.651921 7.000007 8.000000
0.176931 1.000000 0.721795 1.472882
0.142857 1.385435 1.000000 0.442492
0.125000 0.678941 2.259926 1.000000

Matrix 998:
1.000000 0.333333 0.706214 1.881483
3.000000 1.000000 5.999988 5.020627
1.416000 0.166667 1.000000 0.539522
0.531496 0.199178 1.853493 1.000000

Matrix 999:
1.000000 0.196947 0.282992 0.512099
5.077512 1.000000 3.000003 3.460236
3.533670 0.333333 1.000000 1.565910
1.952749 0.288998 0.638606 1.000000

Matrix 1000:
1.000000 1.366063 0.637880 0.689385
0.732031 1.000000 0.647626 1.379998
1.567692 1.544101 1.000000 2.122288
1.450569 0.724639 0.471190 1.000000

Matrix 1001:
1.000000 1.898918 2.141261 0.333333
0.526616 1.000000 0.563046 0.250000
0.467015 1.776053 1.000000 0.333333
3.000000 4.000000 3.000000 1.000000

Matrix 1002:
1.000000 0.659028 0.125000 4.000000
1.517386 1.000000 0.142857 3.000000
8.000000 7.000000 1.000000 7.000000
0.250000 0.333333 0.142857 1.000000

Matrix 1003:
1.000000 0.250000 1.571719 3.000000
4.000000 1.000000 3.000000 8.000000
0.636246 0.333333 1.000000 1.000000
0.333333 0.125000 1.000000 1.000000

Matrix 1004:
1.000000 1.241162 0.333333 0.142857
0.805696 1.000000 1.090723 0.200000
3.000000 0.916823 1.000000 0.250000
7.000000 5.000000 4.000000 1.000000

Matrix 1005:
1.000000 7.000000 7.000000 3.000000
0.142857 1.000000 0.635298 1.000000
0.142857 1.574065 1.000000 0.500000
0.333333 1.000000 2.000000 1.000000

Matrix 1006:
1.000000 0.166667 0.142857 0.561079
6.000000 1.000000 1.663050 5.000000
7.000000 0.601305 1.000000 7.000000
1.782279 0.200000 0.142857 1.000000

Matrix 1007:
1.000000 0.111111 0.166667 1.639025
9.000000 1.000000 1.000000 5.000000
6.000000 1.000000 1.000000 3.000000
0.610119 0.200000 0.333333 1.000000

Matrix 1008:
1.000000 1.000000 0.250000 1.604742
1.000000 1.000000 0.200000 1.000000
4.000000 5.000000 1.000000 8.000000
0.623153 1.000000 0.125000 1.000000

Matrix 1009:
1.000000 3.000000 0.333333 1.000000
0.333333 1.000000 0.111111 0.200000
3.000000 9.000000 1.000000 1.027139
1.000000 5.000000 0.973578 1.000000

Matrix 1010:
1.000000 0.125000 0.166667 0.333333
8.000000 1.000000 0.641990 2.000000
6.000000 1.557656 1.000000 1.000000
3.000000 0.500000 1.000000 1.000000

Matrix 1011:
1.000000 0.500000 1.605888 0.741212
2.000000 1.000000 3.000003 6.000000
0.622708 0.333333 1.000000 1.000000
1.349141 0.166667 1.000000 1.000000

Matrix 1012:
1.000000 0.348033 0.166667 0.142857
2.873293 1.000000 1.000000 0.200000
6.000000 1.000000 1.000000 0.200000
7.000000 5.000000 5.000000 1.000000

Matrix 1013:
1.000000 1.000000 0.527191 1.000000
1.000000 1.000000 0.125000 0.517100
1.896847 8.000000 1.000000 4.000000
1.000000 1.933863 0.250000 1.000000

Matrix 1014:
1.000000 7.000000 1.625074 0.572987
0.142857 1.000000 0.333333 0.250000
0.615356 3.000000 1.000000 1.104806
1.745240 4.000000 0.905136 1.000000

Matrix 1015:
1.000000 0.504564 2.000000 2.000000
1.981910 1.000000 1.000000 1.204206
0.500000 1.000000 1.000000 0.578496
0.500000 0.830423 1.728622 1.000000

Matrix 1016:
1.000000 0.333333 0.602171 1.265225
3.000000 1.000000 1.842953 1.171321
1.660659 0.542607 1.000000 1.649440
0.790374 0.853737 0.606266 1.000000

Matrix 1017:
1.000000 1.000000 0.605593 0.500000
1.000000 1.000000 1.000000 0.500000
1.651274 1.000000 1.000000 0.333333
2.000000 2.000000 3.000000 1.000000

Matrix 1018:
1.000000 0.125000 1.237820 0.666986
8.000000 1.000000 4.000000 7.000000
0.807872 0.250000 1.000000 1.716719
1.499281 0.142857 0.582506 1.000000

Matrix 1019:
1.000000 1.000000 3.000000 2.000000
1.000000 1.000000 2.000000 0.620037
0.333333 0.500000 1.000000 0.333333
0.500000 1.612807 3.000000 1.000000

Matrix 1020:
1.000000 0.640650 0.200000 2.000000
1.560914 1.000000 0.125000 1.000000
5.000000 8.000000 1.000000 8.000000
0.500000 1.000000 0.125000 1.000000

Matrix 1021:
1.000000 0.166667 0.125000 0.604591
6.000000 1.000000 0.521928 5.000000
8.000000 1.915974 1.000000 9.000000
1.654011 0.200000 0.111111 1.000000

Matrix 1022:
1.000000 7.000000 3.000000 0.638102
0.142857 1.000000 0.200000 0.125000
0.333333 5.000000 1.000000 0.333333
1.567148 8.000000 3.000000 1.000000

Matrix 1023:
1.000000 0.588489 1.000000 1.000000
1.699266 1.000000 7.000007 4.000000
1.000000 0.142857 1.000000 0.624687
1.000000 0.250000 1.600801 1.000000

Matrix 1024:
1.000000 6.000000 0.833280 9.000000
0.166667 1.000000 0.250000 1.000000
1.200076 4.000000 1.000000 6.000000
0.111111 1.000000 0.166667 1.000000

Matrix 1025:
1.000000 0.623593 1.013582 4.000000
1.603611 1.000000 0.423126 1.674122
0.986600 2.363361 1.000000 5.000000
0.250000 0.597328 0.200000 1.000000

Matrix 1026:
1.000000 1.986176 4.000000 8.000000
0.503480 1.000000 1.000000 2.000000
0.250000 1.000000 1.000000 1.000000
0.125000 0.500000 1.000000 1.000000

Matrix 1027:
1.000000 9.000000 8.000000 3.000000
0.111111 1.000000 1.650515 0.111111
0.125000 0.605872 1.000000 0.200000
0.333333 9.000000 5.000000 1.000000

Matrix 1028:
1.000000 1.071666 2.221109 0.250000
0.933127 1.000000 0.500000 0.111111
0.450226 2.000000 1.000000 0.166667
4.000000 9.000000 6.000000 1.000000

Matrix 1029:
1.000000 9.000000 3.000000 6.000000
0.111111 1.000000 1.000000 1.515715
0.333333 1.000000 1.000000 1.000000
0.166667 0.659755 1.000000 1.000000

Matrix 1030:
1.000000 0.591604 1.000000 7.000000
1.690319 1.000000 0.574470 5.000000
1.000000 1.740736 1.000000 3.000000
0.142857 0.200000 0.333333 1.000000

Matrix 1031:
1.000000 0.879367 0.333333 0.454262
1.137181 1.000000 1.253370 0.615851
3.000000 0.797849 1.000000 1.544475
2.201372 1.623769 0.647469 1.000000

Matrix 1032:
1.000000 2.000000 1.042008 8.000000
0.500000 1.000000 1.000000 8.000000
0.959685 1.000000 1.000000 3.000000
0.125000 0.125000 0.333333 1.000000

Matrix 1033:
1.000000 0.469132 0.338718 0.500823
2.131596 1.000000 1.398119 0.666606
2.952311 0.715247 1.000000 0.500000
1.996715 1.500137 2.000000 1.000000

Matrix 1034:
1.000000 1.000000 0.618565 0.111111
1.000000 1.000000 0.500000 0.166667
1.616646 2.000000 1.000000 0.125000
9.000000 6.000000 8.000000 1.000000

Matrix 1035:
1.000000 3.000003 7.143296 1.688181
0.333333 1.000000 5.000000 0.421294
0.139991 0.200000 1.000000 0.125000
0.592353 2.373638 8.000000 1.000000

Matrix 1036:
1.000000 3.000003 1.000000 1.586119
0.333333 1.000000 0.373173 1.000000
1.000000 2.679725 1.000000 1.499146
0.630470 1.000000 0.667046 1.000000

Matrix 1037:
1.000000 0.125000 0.200000 1.756504
8.000000 1.000000 1.794595 7.000000
5.000000 0.557229 1.000000 5.000000
0.569313 0.142857 0.200000 1.000000

Matrix 1038:
1.000000 0.333333 0.200000 0.250000
3.000000 1.000000 0.200000 0.200000
5.000000 5.000000 1.000000 1.452541
4.000000 5.000000 0.688449 1.000000

Matrix 1039:
1.000000 5.000000 7.000000 0.621463
0.200000 1.000000 0.745503 0.166667
0.142857 1.341376 1.000000 0.111111
1.609107 6.000000 9.000000 1.000000

Matrix 1040:
1.000000 1.392689 5.999988 0.592967
0.718035 1.000000 5.999988 0.500000
0.166667 0.166667 1.000000 0.111111
1.686436 2.000000 9.000000 1.000000

Matrix 1041:
1.000000 0.572181 0.142857 0.111111
1.747700 1.000000 0.166667 0.166667
7.000000 6.000000 1.000000 1.601331
9.000000 6.000000 0.624480 1.000000

Matrix 1042:
1.000000 0.250000 1.614910 4.000000
4.000000 1.000000 4.000000 5.000000
0.619230 0.250000 1.000000 2.000000
0.250000 0.200000 0.500000 1.000000

Matrix 1043:
1.000000 0.200000 2.000000 0.200000
5.000000 1.000000 6.000000 1.566235
0.500000 0.166667 1.000000 0.333333
5.000000 0.638474 3.000000 1.000000

Matrix 1044:
1.000000 0.250000 8.000000 1.000000
4.000000 1.000000 7.205563 2.328502
0.125000 0.138782 1.000000 0.125000
1.000000 0.429461 8.000000 1.000000

Matrix 1045:
1.000000 0.333333 0.250000 0.111111
3.000000 1.000000 1.000000 0.482906
4.000000 1.000000 1.000000 1.603492
9.000000 2.070795 0.623639 1.000000

Matrix 1046:
1.000000 1.000000 0.616736 0.500000
1.000000 1.000000 1.000000 0.500000
1.621439 1.000000 1.000000 0.582749
2.000000 2.000000 1.716003 1.000000

Matrix 1047:
1.000000 5.000000 0.671468 2.481025
0.200000 1.000000 0.250000 0.522282
1.489275 4.000000 1.000000 5.000000
0.403059 1.914674 0.200000 1.000000

Matrix 1048:
1.000000 0.719888 8.000000 8.000000
1.389105 1.000000 7.000007 8.000000
0.125000 0.142857 1.000000 0.614464
0.125000 0.125000 1.627436 1.000000

Matrix 1049:
1.000000 2.000000 0.632100 1.000000
0.500000 1.000000 0.333333 0.142857
1.582028 3.000000 1.000000 1.000000
1.000000 7.000000 1.000000 1.000000

Matrix 1050:
1.000000 1.627529 1.000000 1.000000
0.614428 1.000000 1.000000 1.606472
1.000000 1.000000 1.000000 2.000000
1.000000 0.622482 0.500000 1.000000

Matrix 1051:
1.000000 7.000000 9.000000 5.000000
0.142857 1.000000 6.000000 1.000000
0.111111 0.166667 1.000000 0.299380
0.200000 1.000000 3.340236 1.000000

Matrix 1052:
1.000000 0.142857 1.000000 0.250000
7.000000 1.000000 5.000000 1.000000
1.000000 0.200000 1.000000 0.598628
4.000000 1.000000 1.670485 1.000000

Matrix 1053:
1.000000 3.039372 0.142857 1.000000
0.329015 1.000000 0.139749 1.570981
7.000000 7.155681 1.000000 9.000000
1.000000 0.636545 0.111111 1.000000

Matrix 1054:
1.000000 0.355043 1.627116 0.166667
2.816560 1.000000 4.000000 0.250000
0.614584 0.250000 1.000000 0.293809
6.000000 4.000000 3.403577 1.000000

Matrix 1055:
1.000000 1.000000 0.250000 0.629631
1.000000 1.000000 0.200000 1.872427
4.000000 5.000000 1.000000 5.000000
1.588231 0.534066 0.200000 1.000000

Matrix 1056:
1.000000 6.000000 1.439381 1.000000
0.166667 1.000000 0.142857 0.125000
0.694743 7.000000 1.000000 3.000000
1.000000 8.000000 0.333333 1.000000

Matrix 1057:
1.000000 0.272437 0.500000 0.544289
3.670568 1.000000 6.224222 1.464074
2.000000 0.160663 1.000000 0.333333
1.837259 0.683026 3.000000 1.000000

Matrix 1058:
1.000000 2.134876 1.000000 0.333333
0.468411 1.000000 1.364024 0.142857
1.000000 0.733125 1.000000 0.166667
3.000000 7.000000 6.000000 1.000000

Matrix 1059:
1.000000 2.093144 0.142857 0.333333
0.477750 1.000000 0.166667 0.170708
7.000000 6.000000 1.000000 1.637077
3.000000 5.857954 0.610845 1.000000

Matrix 1060:
1.000000 1.484939 0.125000 0.306778
0.673428 1.000000 0.160478 0.142857
8.000000 6.231380 1.000000 3.000000
3.259682 7.000000 0.333333 1.000000

Matrix 1061:
1.000000 0.369687 0.111111 0.200000
2.704989 1.000000 1.000000 0.535068
9.000000 1.000000 1.000000 1.632839
5.000000 1.868921 0.612430 1.000000

Matrix 1062:
1.000000 0.250000 0.142857 0.166667
4.000000 1.000000 0.500000 0.663442
7.000000 2.000000 1.000000 3.000000
6.000000 1.507290 0.333333 1.000000

Matrix 1063:
1.000000 0.517125 1.000000 1.000000
1.933770 1.000000 3.000000 6.000000
1.000000 0.333333 1.000000 2.094205
1.000000 0.166667 0.477508 1.000000

Matrix 1064:
1.000000 9.000000 8.724470 3.000000
0.111111 1.000000 2.000000 0.500000
0.114620 0.500000 1.000000 0.166667
0.333333 2.000000 6.000000 1.000000

Matrix 1065:
1.000000 0.718522 0.874878 1.364922
1.391745 1.000000 1.618283 6.000000
1.143016 0.617939 1.000000 1.887352
0.732642 0.166667 0.529843 1.000000

Matrix 1066:
1.000000 0.591772 0.250000 1.512044
1.689839 1.000000 0.452403 2.000000
4.000000 2.210419 1.000000 2.000000
0.661356 0.500000 0.500000 1.000000

Matrix 1067:
1.000000 1.604493 7.000000 5.000000
0.623250 1.000000 8.000000 7.000000
0.142857 0.125000 1.000000 0.589526
0.200000 0.142857 1.696278 1.000000

Matrix 1068:
1.000000 1.521972 5.000000 4.000000
0.657043 1.000000 9.000009 2.511991
0.200000 0.111111 1.000000 0.250000
0.250000 0.398091 4.000000 1.000000

Matrix 1069:
1.000000 0.500000 1.068832 2.000000
2.000000 1.000000 8.000000 5.000000
0.935600 0.125000 1.000000 0.687393
0.500000 0.200000 1.454771 1.000000

Matrix 1070:
1.000000 0.487307 1.784033 3.000000
2.052096 1.000000 7.000007 3.808543
0.560528 0.142857 1.000000 2.000000
0.333333 0.262568 0.500000 1.000000

Matrix 1071:
1.000000 0.395258 0.155804 0.831018
2.529991 1.000000 0.111111 2.000000
6.418324 9.000000 1.000000 8.000000
1.203343 0.500000 0.125000 1.000000

Matrix 1072:
1.000000 0.624413 0.142857 1.548552
1.601504 1.000000 0.200000 2.000000
7.000000 5.000000 1.000000 5.000000
0.645765 0.500000 0.200000 1.000000

Matrix 1073:
1.000000 0.333333 0.333333 0.416150
3.000000 1.000000 0.580642 2.000000
3.000000 1.722233 1.000000 1.828595
2.402979 0.500000 0.546868 1.000000

Matrix 1074:
1.000000 0.111111 0.607722 0.250000
9.000000 1.000000 9.000000 2.000000
1.645489 0.111111 1.000000 0.111111
4.000000 0.500000 9.000000 1.000000

Matrix 1075:
1.000000 0.200000 0.660425 0.111111
5.000000 1.000000 8.000000 1.454191
1.514176 0.125000 1.000000 0.125000
9.000000 0.687667 8.000000 1.000000

Matrix 1076:
1.000000 1.801350 0.978829 1.000000
0.555139 1.000000 1.000000 0.166667
1.021629 1.000000 1.000000 0.522457
1.000000 6.000000 1.914031 1.000000

Matrix 1077:
1.000000 0.641993 4.000000 3.120240
1.557650 1.000000 1.633380 4.000000
0.250000 0.612227 1.000000 1.000000
0.320488 0.250000 1.000000 1.000000

Matrix 1078:
1.000000 0.656677 1.000000 8.000000
1.522819 1.000000 0.526625 7.436547
1.000000 1.898884 1.000000 6.000000
0.125000 0.134471 0.166667 1.000000

Matrix 1079:
1.000000 0.250000 0.250000 0.200000
4.000000 1.000000 0.500000 0.500000
4.000000 2.000000 1.000000 0.639736
5.000000 2.000000 1.563144 1.000000

Matrix 1080:
1.000000 1.000000 0.660163 7.000000
1.000000 1.000000 0.500000 6.000000
1.514777 2.000000 1.000000 4.000000
0.142857 0.166667 0.250000 1.000000

Matrix 1081:
1.000000 0.142857 0.449730 1.910999
7.000000 1.000000 1.843575 8.000000
2.223558 0.542424 1.000000 3.000000
0.523286 0.125000 0.333333 1.000000

Matrix 1082:
1.000000 0.200000 2.000000 1.841916
5.000000 1.000000 4.000000 8.000000
0.500000 0.250000 1.000000 0.560155
0.542913 0.125000 1.785221 1.000000

Matrix 1083:
1.000000 8.000000 8.000000 8.000000
0.125000 1.000000 0.618307 3.000000
0.125000 1.617320 1.000000 4.000000
0.125000 0.333333 0.250000 1.000000

Matrix 1084:
1.000000 1.000000 1.000000 1.231682
1.000000 1.000000 1.000000 0.480389
1.000000 1.000000 1.000000 0.250000
0.811898 2.081645 4.000000 1.000000

Matrix 1085:
1.000000 4.197580 9.000000 5.000000
0.238232 1.000000 2.000000 0.643454
0.111111 0.500000 1.000000 1.195408
0.200000 1.554112 0.836534 1.000000

Matrix 1086:
1.000000 1.408994 0.125000 1.000000
0.709726 1.000000 0.142857 1.091216
8.000000 7.000000 1.000000 6.189276
1.000000 0.916409 0.161570 1.000000

Matrix 1087:
1.000000 0.616807 1.820228 5.000000
1.621253 1.000000 3.000003 6.000000
0.549382 0.333333 1.000000 5.000000
0.200000 0.166667 0.200000 1.000000

Matrix 1088:
1.000000 1.642140 2.000000 3.000000
0.608961 1.000000 4.000000 3.000000
0.500000 0.250000 1.000000 3.000000
0.333333 0.333333 0.333333 1.000000

Matrix 1089:
1.000000 2.943582 1.488081 4.000000
0.339722 1.000000 0.166667 2.093618
0.672006 6.000000 1.000000 9.000000
0.250000 0.477642 0.111111 1.000000

Matrix 1090:
1.000000 1.000000 0.671109 1.902511
1.000000 1.000000 1.000000 1.000000
1.490071 1.000000 1.000000 3.000000
0.525621 1.000000 0.333333 1.000000

Matrix 1091:
1.000000 1.000000 2.000000 2.000000
1.000000 1.000000 2.000000 1.000000
0.500000 0.500000 1.000000 1.224527
0.500000 1.000000 0.816642 1.000000

Matrix 1092:
1.000000 0.166667 0.585312 0.500000
6.000000 1.000000 8.000000 4.806638
1.708490 0.125000 1.000000 0.380894
2.000000 0.208046 2.625400 1.000000

Matrix 1093:
1.000000 0.534207 0.149501 3.000000
1.871934 1.000000 0.200000 5.000000
6.688927 5.000000 1.000000 8.824424
0.333333 0.200000 0.113322 1.000000

Matrix 1094:
1.000000 9.000000 5.000000 1.527832
0.111111 1.000000 1.803595 0.125000
0.200000 0.554448 1.000000 0.166667
0.654522 8.000000 6.000000 1.000000

Matrix 1095:
1.000000 0.500520 3.000003 1.175569
1.997923 1.000000 5.000000 0.666648
0.333333 0.200000 1.000000 0.250000
0.850652 1.500043 4.000000 1.000000

Matrix 1096:
1.000000 6.000000 7.000000 0.500000
0.166667 1.000000 0.641637 0.142857
0.142857 1.558515 1.000000 0.111111
2.000000 7.000000 9.000000 1.000000

Matrix 1097:
1.000000 4.000000 1.640619 5.000000
0.250000 1.000000 0.500000 3.000000
0.609526 2.000000 1.000000 4.000000
0.200000 0.333333 0.250000 1.000000

Matrix 1098:
1.000000 0.500000 0.532433 0.500000
2.000000 1.000000 1.862526 0.398711
1.878169 0.536905 1.000000 1.000000
2.000000 2.508084 1.000000 1.000000

Matrix 1099:
1.000000 8.000000 3.000003 1.464719
0.125000 1.000000 1.453598 0.142857
0.333333 0.687948 1.000000 0.208857
0.682725 7.000000 4.787963 1.000000

Matrix 1100:
1.000000 0.250000 0.115979 1.864633
4.000000 1.000000 1.290587 7.000000
8.622282 0.774841 1.000000 8.000000
0.536299 0.142857 0.125000 1.000000

Matrix 1101:
1.000000 0.333333 0.593134 6.000000
3.000000 1.000000 5.000000 9.000000
1.685959 0.200000 1.000000 4.158267
0.166667 0.111111 0.240485 1.000000

Matrix 1102:
1.000000 2.000000 4.000000 9.000000
0.500000 1.000000 0.997671 3.000000
0.250000 1.002334 1.000000 1.000000
0.111111 0.333333 1.000000 1.000000

Matrix 1103:
1.000000 9.000009 4.564344 1.658551
0.111111 1.000000 1.000000 0.224939
0.219090 1.000000 1.000000 0.125000
0.602936 4.445642 8.000000 1.000000

Matrix 1104:
1.000000 0.740287 4.000000 3.258989
1.350828 1.000000 3.000000 3.000000
0.250000 0.333333 1.000000 0.283228
0.306844 0.333333 3.530725 1.000000

Matrix 1105:
1.000000 0.571235 1.066403 0.125000
1.750593 1.000000 0.601173 0.166667
0.937731 1.663413 1.000000 0.500000
8.000000 6.000000 2.000000 1.000000

Matrix 1106:
1.000000 1.723414 1.000000 1.396973
0.580243 1.000000 1.000000 4.000000
1.000000 1.000000 1.000000 3.259992
0.715833 0.250000 0.306749 1.000000

Matrix 1107:
1.000000 0.554824 0.125000 1.887853
1.802375 1.000000 0.373563 7.000000
8.000000 2.676925 1.000000 7.000000
0.529702 0.142857 0.142857 1.000000

Matrix 1108:
1.000000 1.337524 0.166667 2.056305
0.747650 1.000000 0.125000 3.000000
6.000000 8.000000 1.000000 7.946310
0.486309 0.333333 0.125845 1.000000

Matrix 1109:
1.000000 0.208008 0.309804 0.500000
4.807501 1.000000 1.562789 2.018287
3.227842 0.639881 1.000000 0.486867
2.000000 0.495470 2.053948 1.000000

Matrix 1110:
1.000000 0.500000 0.250000 0.667759
2.000000 1.000000 0.553427 3.000000
4.000000 1.806924 1.000000 3.000000
1.497545 0.333333 0.333333 1.000000

Matrix 1111:
1.000000 1.000000 0.564222 0.621099
1.000000 1.000000 1.000000 3.000000
1.772352 1.000000 1.000000 2.000000
1.610048 0.333333 0.500000 1.000000

Matrix 1112:
1.000000 1.557551 0.111111 0.111111
0.642034 1.000000 0.250000 0.166667
9.000000 4.000000 1.000000 2.000000
9.000000 6.000000 0.500000 1.000000

Matrix 1113:
1.000000 1.000000 2.000000 2.024176
1.000000 1.000000 2.000000 0.793020
0.500000 0.500000 1.000000 1.927884
0.494028 1.261002 0.518703 1.000000

Matrix 1114:
1.000000 2.208397 7.000007 1.000000
0.452817 1.000000 5.000000 1.522790
0.142857 0.200000 1.000000 0.125000
1.000000 0.656690 8.000000 1.000000

Matrix 1115:
1.000000 3.000000 6.000000 0.591683
0.333333 1.000000 3.000000 0.200000
0.166667 0.333333 1.000000 0.141882
1.690094 5.000000 7.048127 1.000000

Matrix 1116:
1.000000 0.200000 0.744310 0.166667
5.000000 1.000000 4.000000 1.000000
1.343526 0.250000 1.000000 0.125000
6.000000 1.000000 8.000000 1.000000

Matrix 1117:
1.000000 8.000000 4.000000 7.000000
0.125000 1.000000 0.250000 0.616812
0.250000 4.000000 1.000000 2.029568
0.142857 1.621240 0.492716 1.000000

Matrix 1118:
1.000000 4.000000 0.967556 3.000000
0.250000 1.000000 1.000000 1.000000
1.033532 1.000000 1.000000 1.000000
0.333333 1.000000 1.000000 1.000000

Matrix 1119:
1.000000 2.036659 2.000000 0.250000
0.491000 1.000000 1.389429 0.250000
0.500000 0.719720 1.000000 0.158386
4.000000 4.000000 6.313709 1.000000

Matrix 1120:
1.000000 0.166667 0.250000 0.125000
6.000000 1.000000 0.500000 0.200000
4.000000 2.000000 1.000000 0.445951
8.000000 5.000000 2.242398 1.000000

Matrix 1121:
1.000000 0.707714 2.075081 0.849593
1.412999 1.000000 5.999988 4.000000
0.481909 0.166667 1.000000 1.000000
1.177035 0.250000 1.000000 1.000000

Matrix 1122:
1.000000 0.200000 0.400271 1.000000
5.000000 1.000000 1.795618 1.775300
2.498306 0.556911 1.000000 1.000000
1.000000 0.563285 1.000000 1.000000

Matrix 1123:
1.000000 1.320496 0.401018 0.537264
0.757291 1.000000 1.000000 1.000000
2.493656 1.000000 1.000000 1.000000
1.861282 1.000000 1.000000 1.000000

Matrix 1124:
1.000000 0.184779 0.111111 0.111111
5.411868 1.000000 0.528767 1.308750
9.000000 1.891193 1.000000 1.000000
9.000000 0.764088 1.000000 1.000000

Matrix 1125:
1.000000 1.533935 6.040623 7.000000
0.651918 1.000000 5.999988 8.000000
0.165546 0.166667 1.000000 0.760285
0.142857 0.125000 1.315297 1.000000

Matrix 1126:
1.000000 0.250000 1.000000 2.000000
4.000000 1.000000 7.000000 3.000000
1.000000 0.142857 1.000000 1.654677
0.500000 0.333333 0.604347 1.000000

Matrix 1127:
1.000000 1.581200 0.111953 0.111111
0.632431 1.000000 0.200000 0.187374
8.932308 5.000000 1.000000 0.736099
9.000000 5.336918 1.358512 1.000000

Matrix 1128:
1.000000 0.200000 1.639066 0.166667
5.000000 1.000000 2.000000 0.500000
0.610104 0.500000 1.000000 0.166667
6.000000 2.000000 6.000000 1.000000

Matrix 1129:
1.000000 0.866104 0.477463 0.491115
1.154596 1.000000 1.228331 1.228160
2.094401 0.814113 1.000000 1.000000
2.036181 0.814226 1.000000 1.000000

Matrix 1130:
1.000000 0.633388 1.000000 0.592728
1.578811 1.000000 0.735243 0.513329
1.000000 1.360095 1.000000 1.539778
1.687114 1.948068 0.649444 1.000000

Matrix 1131:
1.000000 3.000000 1.555963 3.000000
0.333333 1.000000 0.333333 1.000000
0.642689 3.000000 1.000000 3.000000
0.333333 1.000000 0.333333 1.000000

Matrix 1132:
1.000000 3.000000 1.558954 1.000000
0.333333 1.000000 0.333333 1.000000
0.641456 3.000000 1.000000 3.000000
1.000000 1.000000 0.333333 1.000000

Matrix 1133:
1.000000 1.194642 0.378308 2.000000
0.837071 1.000000 1.642838 3.761267
2.643352 0.608703 1.000000 5.000000
0.500000 0.265868 0.200000 1.000000

Matrix 1134:
1.000000 0.333333 0.459062 1.000000
3.000000 1.000000 2.031337 1.098582
2.178356 0.492287 1.000000 1.000000
1.000000 0.910264 1.000000 1.000000

Matrix 1135:
1.000000 3.000000 7.000000 6.000000
0.333333 1.000000 4.000000 3.000000
0.142857 0.250000 1.000000 0.642173
0.166667 0.333333 1.557212 1.000000

Matrix 1136:
1.000000 1.635240 2.000000 0.703219
0.611531 1.000000 3.000000 1.000000
0.500000 0.333333 1.000000 1.000000
1.422032 1.000000 1.000000 1.000000

Matrix 1137:
1.000000 3.502274 0.637399 2.111797
0.285529 1.000000 0.250000 1.000000
1.568876 4.000000 1.000000 1.000000
0.473530 1.000000 1.000000 1.000000

Matrix 1138:
1.000000 1.000000 0.575387 0.756513
1.000000 1.000000 1.000000 0.415078
1.737960 1.000000 1.000000 0.333333
1.321855 2.409184 3.000000 1.000000

Matrix 1139:
1.000000 0.604719 0.316685 1.337481
1.653660 1.000000 0.500000 2.000000
3.157712 2.000000 1.000000 4.000000
0.747674 0.500000 0.250000 1.000000

Matrix 1140:
1.000000 0.156383 0.259069 0.125000
6.394542 1.000000 1.000000 0.499625
3.859974 1.000000 1.000000 1.282889
8.000000 2.001500 0.779490 1.000000

Matrix 1141:
1.000000 0.333333 0.500000 2.492893
3.000000 1.000000 0.454870 6.639950
2.000000 2.198429 1.000000 7.000000
0.401140 0.150604 0.142857 1.000000

Matrix 1142:
1.000000 0.142857 0.333333 0.200000
7.000000 1.000000 2.000000 0.636445
3.000000 0.500000 1.000000 0.200000
5.000000 1.571228 5.000000 1.000000

Matrix 1143:
1.000000 1.000000 5.000000 2.000000
1.000000 1.000000 4.000000 0.919293
0.200000 0.250000 1.000000 1.002344
0.500000 1.087792 0.997661 1.000000

Matrix 1144:
1.000000 5.000000 3.000003 8.270709
0.200000 1.000000 0.543872 2.795795
0.333333 1.838669 1.000000 1.845583
0.120909 0.357680 0.541834 1.000000

Matrix 1145:
1.000000 0.251079 4.000000 0.333333
3.982812 1.000000 5.792029 2.416082
0.250000 0.172651 1.000000 0.200000
3.000000 0.413893 5.000000 1.000000

Matrix 1146:
1.000000 1.000000 0.618103 7.000000
1.000000 1.000000 2.000000 9.000000
1.617853 0.500000 1.000000 6.000000
0.142857 0.111111 0.166667 1.000000

Matrix 1147:
1.000000 0.649702 0.166667 0.200000
1.539167 1.000000 0.200000 0.111111
6.000000 5.000000 1.000000 0.562148
5.000000 9.000000 1.778892 1.000000

Matrix 1148:
1.000000 0.608679 0.500000 0.785053
1.642902 1.000000 0.784266 0.747304
2.000000 1.275077 1.000000 0.613761
1.273799 1.338144 1.629300 1.000000

Matrix 1149:
1.000000 1.452404 0.566242 1.000000
0.688514 1.000000 0.723882 0.504220
1.766029 1.381441 1.000000 2.000000
1.000000 1.983262 0.500000 1.000000

Matrix 1150:
1.000000 4.000000 1.224047 3.000000
0.250000 1.000000 0.111111 1.646326
0.816962 9.000000 1.000000 9.000000
0.333333 0.607413 0.111111 1.000000

Matrix 1151:
1.000000 1.000000 0.500000 1.810090
1.000000 1.000000 1.713779 1.000000
2.000000 0.583506 1.000000 2.041151
0.552459 1.000000 0.489920 1.000000

Matrix 1152:
1.000000 0.333333 0.608887 0.166667
3.000000 1.000000 9.000000 1.000000
1.642341 0.111111 1.000000 0.250000
6.000000 1.000000 4.000000 1.000000

Matrix 1153:
1.000000 8.000000 3.000000 6.000000
0.125000 1.000000 0.250000 1.556931
0.333333 4.000000 1.000000 5.000000
0.166667 0.642289 0.200000 1.000000

Matrix 1154:
1.000000 0.228095 1.000000 0.991511
4.384138 1.000000 9.000009 6.000000
1.000000 0.111111 1.000000 2.132444
1.008561 0.166667 0.468945 1.000000

Matrix 1155:
1.000000 0.142857 1.000000 1.637605
7.000000 1.000000 4.000000 6.000000
1.000000 0.250000 1.000000 0.500000
0.610648 0.166667 2.000000 1.000000

Matrix 1156:
1.000000 0.250000 1.000000 0.608931
4.000000 1.000000 4.000000 8.000000
1.000000 0.250000 1.000000 3.000000
1.642223 0.125000 0.333333 1.000000

Matrix 1157:
1.000000 4.693940 1.574547 1.392150
0.213041 1.000000 0.111111 0.142857
0.635103 9.000000 1.000000 1.673748
0.718313 7.000000 0.597461 1.000000

Matrix 1158:
1.000000 0.125000 0.250000 0.498480
8.000000 1.000000 4.567599 8.000000
4.000000 0.218933 1.000000 1.836020
2.006098 0.125000 0.544656 1.000000

Matrix 1159:
1.000000 0.666501 4.000000 2.000000
1.500372 1.000000 9.000000 1.000000
0.250000 0.111111 1.000000 0.500000
0.500000 1.000000 2.000000 1.000000

Matrix 1160:
1.000000 8.000000 1.567735 3.000000
0.125000 1.000000 0.166667 0.333333
0.637863 6.000000 1.000000 8.000000
0.333333 3.000000 0.125000 1.000000

Matrix 1161:
1.000000 3.000000 0.610976 0.333333
0.333333 1.000000 0.333333 0.111111
1.636726 3.000000 1.000000 0.142857
3.000000 9.000000 7.000000 1.000000

Matrix 1162:
1.000000 8.000000 5.000000 2.000000
0.125000 1.000000 0.250000 0.500000
0.200000 4.000000 1.000000 0.610631
0.500000 2.000000 1.637651 1.000000

Matrix 1163:
1.000000 8.000000 1.000000 2.088008
0.125000 1.000000 0.333333 0.250000
1.000000 3.000000 1.000000 0.407055
0.478925 4.000000 2.456670 1.000000

Matrix 1164:
1.000000 1.000000 0.585002 7.000000
1.000000 1.000000 0.250000 3.000000
1.709396 4.000000 1.000000 6.008804
0.142857 0.333333 0.166422 1.000000

Matrix 1165:
1.000000 0.119642 0.142857 0.250000
8.358291 1.000000 2.217180 2.635199
7.000000 0.451023 1.000000 1.000000
4.000000 0.379478 1.000000 1.000000

Matrix 1166:
1.000000 0.248433 0.125000 0.500000
4.025229 1.000000 1.000000 6.000000
8.000000 1.000000 1.000000 4.000000
2.000000 0.166667 0.250000 1.000000

Matrix 1167:
1.000000 0.333333 0.166667 0.333333
3.000000 1.000000 1.000000 2.000000
6.000000 1.000000 1.000000 0.693519
3.000000 0.500000 1.441922 1.000000

Matrix 1168:
1.000000 0.115336 0.389498 0.111111
8.670283 1.000000 4.000000 2.222068
2.567406 0.250000 1.000000 0.142857
9.000000 0.450031 7.000000 1.000000

Matrix 1169:
1.000000 0.602519 0.166667 0.592772
1.659698 1.000000 1.000000 2.002065
6.000000 1.000000 1.000000 3.000000
1.686989 0.499484 0.333333 1.000000

Matrix 1170:
1.000000 2.000000 0.984780 1.370450
0.500000 1.000000 1.660374 0.500000
1.015455 0.602274 1.000000 0.333333
0.729687 2.000000 3.000000 1.000000

Matrix 1171:
1.000000 0.799429 1.814954 0.500000
1.250892 1.000000 8.000000 1.790987
0.550978 0.125000 1.000000 0.250000
2.000000 0.558351 4.000000 1.000000

Matrix 1172:
1.000000 0.693200 0.500000 6.000000
1.442584 1.000000 1.000000 3.000000
2.000000 1.000000 1.000000 7.000000
0.166667 0.333333 0.142857 1.000000

Matrix 1173:
1.000000 0.500000 0.637511 0.200000
2.000000 1.000000 1.928665 0.111111
1.568602 0.518493 1.000000 0.111111
5.000000 9.000000 9.000000 1.000000

Matrix 1174:
1.000000 1.000000 3.000000 0.333333
1.000000 1.000000 7.000000 1.501139
0.333333 0.142857 1.000000 0.250000
3.000000 0.666161 4.000000 1.000000

Matrix 1175:
1.000000 0.500000 0.500000 0.200000
2.000000 1.000000 1.580273 0.500000
2.000000 0.632802 1.000000 0.200000
5.000000 2.000000 5.000000 1.000000

Matrix 1176:
1.000000 4.000000 5.000000 1.220148
0.250000 1.000000 1.786659 0.125000
0.200000 0.559704 1.000000 0.125000
0.819573 8.000000 8.000000 1.000000

Matrix 1177:
1.000000 0.443601 2.000000 4.000000
2.254279 1.000000 0.980243 3.000000
0.500000 1.020156 1.000000 3.470548
0.250000 0.333333 0.288139 1.000000

Matrix 1178:
1.000000 9.000000 1.000000 3.000000
0.111111 1.000000 0.111111 0.142857
1.000000 9.000000 1.000000 0.624189
0.333333 7.000000 1.602080 1.000000

Matrix 1179:
1.000000 1.000000 0.551585 1.000000
1.000000 1.000000 0.514770 1.977797
1.812956 1.942615 1.000000 0.734764
1.000000 0.505613 1.360981 1.000000

Matrix 1180:
1.000000 2.000000 3.000000 1.699650
0.500000 1.000000 1.863355 0.333333
0.333333 0.536666 1.000000 0.200000
0.588356 3.000000 5.000000 1.000000

Matrix 1181:
1.000000 0.995385 0.333333 1.000000
1.004637 1.000000 1.073266 4.000000
3.000000 0.931736 1.000000 4.000000
1.000000 0.250000 0.250000 1.000000

Matrix 1182:
1.000000 0.236612 2.000000 0.671051
4.226321 1.000000 9.000009 0.622823
0.500000 0.111111 1.000000 0.142857
1.490200 1.605592 7.000000 1.000000

Matrix 1183:
1.000000 0.180836 0.250000 0.712190
5.529883 1.000000 2.452619 9.000000
4.000000 0.407727 1.000000 6.000000
1.404120 0.111111 0.166667 1.000000

Matrix 1184:
1.000000 0.250000 1.828122 0.166667
4.000000 1.000000 4.000000 0.563718
0.547010 0.250000 1.000000 0.333333
6.000000 1.773936 3.000000 1.000000

Matrix 1185:
1.000000 0.142857 0.125000 1.618937
7.000000 1.000000 0.333333 8.000000
8.000000 3.000000 1.000000 9.000000
0.617689 0.125000 0.111111 1.000000

Matrix 1186:
1.000000 0.853699 0.433761 0.655508
1.171372 1.000000 1.936897 2.000000
2.305415 0.516290 1.000000 1.425485
1.525534 0.500000 0.701516 1.000000

Matrix 1187:
1.000000 0.333333 1.639610 0.142857
3.000000 1.000000 7.000000 0.500000
0.609901 0.142857 1.000000 0.125000
7.000000 2.000000 8.000000 1.000000

Matrix 1188:
1.000000 8.631301 1.000000 2.000000
0.115857 1.000000 0.111111 0.125000
1.000000 9.000000 1.000000 0.500000
0.500000 8.000000 2.000000 1.000000

Matrix 1189:
1.000000 7.000007 0.500000 1.863196
0.142857 1.000000 0.166667 0.500000
2.000000 6.000000 1.000000 1.339262
0.536712 2.000000 0.746680 1.000000

Matrix 1190:
1.000000 2.368821 2.109808 1.270292
0.422151 1.000000 1.000000 0.500000
0.473977 1.000000 1.000000 1.327265
0.787221 2.000000 0.753429 1.000000

Matrix 1191:
1.000000 1.842263 1.000000 0.500000
0.542811 1.000000 1.000000 0.504346
1.000000 1.000000 1.000000 1.544791
2.000000 1.982768 0.647337 1.000000

Matrix 1192:
1.000000 0.539076 2.000000 1.835959
1.855025 1.000000 2.000000 1.997561
0.500000 0.500000 1.000000 1.000000
0.544675 0.500610 1.000000 1.000000

Matrix 1193:
1.000000 0.125000 0.500000 2.172998
8.000000 1.000000 1.645217 5.185018
2.000000 0.607823 1.000000 2.747052
0.460194 0.192863 0.364027 1.000000

Matrix 1194:
1.000000 3.000000 0.500000 0.200000
0.333333 1.000000 0.166667 0.125000
2.000000 6.000000 1.000000 1.638099
5.000000 8.000000 0.610464 1.000000

Matrix 1195:
1.000000 1.661188 0.642342 0.333333
0.601979 1.000000 1.000000 0.142857
1.556802 1.000000 1.000000 0.166667
3.000000 7.000000 6.000000 1.000000

Matrix 1196:
1.000000 0.111111 4.000000 0.500000
9.000000 1.000000 7.713712 4.000000
0.250000 0.129639 1.000000 0.200000
2.000000 0.250000 5.000000 1.000000

Matrix 1197:
1.000000 9.000000 9.000000 0.609706
0.111111 1.000000 2.000000 0.333333
0.111111 0.500000 1.000000 0.125000
1.640134 3.000000 8.000000 1.000000

Matrix 1198:
1.000000 0.250000 1.428918 0.500000
4.000000 1.000000 5.000000 0.699608
0.699830 0.200000 1.000000 0.500000
2.000000 1.429372 2.000000 1.000000

Matrix 1199:
1.000000 3.000003 2.320025 6.000000
0.333333 1.000000 0.605244 1.000000
0.431030 1.652225 1.000000 2.000000
0.166667 1.000000 0.500000 1.000000

Matrix 1200:
1.000000 1.495405 0.111111 0.500000
0.668715 1.000000 0.200000 1.456392
9.000000 5.000000 1.000000 8.000000
2.000000 0.686628 0.125000 1.000000

Matrix 1201:
1.000000 0.285729 0.125000 0.125000
3.499817 1.000000 1.000000 1.048787
8.000000 1.000000 1.000000 0.488114
8.000000 0.953483 2.048702 1.000000

Matrix 1202:
1.000000 0.724397 2.000000 9.000000
1.380458 1.000000 0.678630 7.000000
0.500000 1.473558 1.000000 8.000000
0.111111 0.142857 0.125000 1.000000

Matrix 1203:
1.000000 1.930986 1.000000 0.166667
0.517870 1.000000 1.000000 0.250000
1.000000 1.000000 1.000000 0.275265
6.000000 4.000000 3.632859 1.000000

Matrix 1204:
1.000000 0.142857 0.125000 0.125000
7.000000 1.000000 2.000000 0.583222
8.000000 0.500000 1.000000 0.200000
8.000000 1.714612 5.000000 1.000000

Matrix 1205:
1.000000 0.200000 0.654249 1.000000
5.000000 1.000000 8.000000 1.978215
1.528469 0.125000 1.000000 0.500000
1.000000 0.505506 2.000000 1.000000

Matrix 1206:
1.000000 2.000000 0.333333 0.631412
0.500000 1.000000 0.125000 1.000000
3.000000 8.000000 1.000000 2.000000
1.583751 1.000000 0.500000 1.000000

Matrix 1207:
1.000000 0.125000 0.500000 0.655161
8.000000 1.000000 1.000000 8.000000
2.000000 1.000000 1.000000 3.000000
1.526342 0.125000 0.333333 1.000000

Matrix 1208:
1.000000 7.000000 0.500000 1.556791
0.142857 1.000000 0.166667 0.111111
2.000000 6.000000 1.000000 2.000000
0.642347 9.000000 0.500000 1.000000

Matrix 1209:
1.000000 1.000000 0.125000 3.000000
1.000000 1.000000 0.200000 0.828555
8.000000 5.000000 1.000000 7.000000
0.333333 1.206920 0.142857 1.000000

Matrix 1210:
1.000000 5.000000 2.015049 4.000000
0.200000 1.000000 0.468073 0.483438
0.496266 2.136420 1.000000 2.000000
0.250000 2.068519 0.500000 1.000000

Matrix 1211:
1.000000 1.809428 0.828450 5.000000
0.552661 1.000000 0.500000 4.000000
1.207074 2.000000 1.000000 3.000000
0.200000 0.250000 0.333333 1.000000

Matrix 1212:
1.000000 7.000000 7.718793 8.000000
0.142857 1.000000 4.000000 1.000000
0.129554 0.250000 1.000000 0.250000
0.125000 1.000000 4.000000 1.000000

Matrix 1213:
1.000000 0.197878 0.250000 0.122967
5.053608 1.000000 2.009944 0.200000
4.000000 0.497526 1.000000 0.250000
8.132241 5.000000 4.000000 1.000000

Matrix 1214:
1.000000 1.000000 0.142857 0.113287
1.000000 1.000000 0.333333 0.111111
7.000000 3.000000 1.000000 0.500000
8.827112 9.000000 2.000000 1.000000

Matrix 1215:
1.000000 0.142857 0.125000 0.111111
7.000000 1.000000 1.573978 0.725824
8.000000 0.635333 1.000000 1.000000
9.000000 1.377744 1.000000 1.000000

Matrix 1216:
1.000000 0.213804 0.250000 0.848470
4.677186 1.000000 1.000000 1.000000
4.000000 1.000000 1.000000 2.000000
1.178592 1.000000 0.500000 1.000000

Matrix 1217:
1.000000 1.000000 0.125000 0.519646
1.000000 1.000000 0.200000 1.580929
8.000000 5.000000 1.000000 2.000000
1.924387 0.632539 0.500000 1.000000

Matrix 1218:
1.000000 0.200000 0.628119 0.200000
5.000000 1.000000 5.000000 1.000000
1.592056 0.200000 1.000000 0.166667
5.000000 1.000000 6.000000 1.000000

Matrix 1219:
1.000000 1.000000 7.000000 1.000000
1.000000 1.000000 5.000000 0.589879
0.142857 0.200000 1.000000 0.166667
1.000000 1.695263 6.000000 1.000000

Matrix 1220:
1.000000 7.000000 6.000000 9.000000
0.142857 1.000000 0.500000 1.614748
0.166667 2.000000 1.000000 0.646937
0.111111 0.619292 1.545745 1.000000

Matrix 1221:
1.000000 1.000000 1.393862 0.786155
1.000000 1.000000 1.000000 0.250000
0.717431 1.000000 1.000000 0.250000
1.272013 4.000000 4.000000 1.000000

Matrix 1222:
1.000000 9.000009 0.588736 3.000000
0.111111 1.000000 0.250000 0.656276
1.698555 4.000000 1.000000 6.000000
0.333333 1.523750 0.166667 1.000000

Matrix 1223:
1.000000 0.166667 0.111111 0.500000
6.000000 1.000000 0.753451 2.000000
9.000000 1.327226 1.000000 0.960616
2.000000 0.500000 1.040999 1.000000

Matrix 1224:
1.000000 1.203465 1.000000 1.000000
0.830934 1.000000 1.489162 3.000000
1.000000 0.671519 1.000000 1.000000
1.000000 0.333333 1.000000 1.000000

Matrix 1225:
1.000000 2.000000 0.686687 0.937142
0.500000 1.000000 0.500000 0.333333
1.456267 2.000000 1.000000 0.523533
1.067075 3.000000 1.910099 1.000000

Matrix 1226:
1.000000 0.500000 0.166667 0.166667
2.000000 1.000000 0.594798 1.012320
6.000000 1.681244 1.000000 0.500000
6.000000 0.987830 2.000000 1.000000

Matrix 1227:
1.000000 1.000000 0.200000 0.333333
1.000000 1.000000 0.333333 0.500000
5.000000 3.000000 1.000000 0.636620
3.000000 2.000000 1.570795 1.000000

Matrix 1228:
1.000000 5.000000 8.000000 4.000000
0.200000 1.000000 0.662145 1.000000
0.125000 1.510243 1.000000 0.500000
0.250000 1.000000 2.000000 1.000000

Matrix 1229:
1.000000 0.744233 2.000000 9.000000
1.343665 1.000000 3.000000 5.000000
0.500000 0.333333 1.000000 7.000000
0.111111 0.200000 0.142857 1.000000

Matrix 1230:
1.000000 1.719720 0.464087 6.000000
0.581490 1.000000 1.000000 8.000000
2.154768 1.000000 1.000000 7.000000
0.166667 0.125000 0.142857 1.000000

Matrix 1231:
1.000000 0.333333 0.125000 0.111111
3.000000 1.000000 0.125000 0.166667
8.000000 8.000000 1.000000 0.609092
9.000000 6.000000 1.641788 1.000000

Matrix 1232:
1.000000 0.333333 3.000000 1.568854
3.000000 1.000000 7.000000 5.000000
0.333333 0.142857 1.000000 0.166667
0.637408 0.200000 6.000000 1.000000

Matrix 1233:
1.000000 0.142857 0.166667 0.125000
7.000000 1.000000 1.000000 1.649203
6.000000 1.000000 1.000000 0.596252
8.000000 0.606354 1.677142 1.000000

Matrix 1234:
1.000000 0.111111 0.111111 0.111111
9.000000 1.000000 2.000000 1.340818
9.000000 0.500000 1.000000 0.333333
9.000000 0.745813 3.000000 1.000000

Matrix 1235:
1.000000 0.166667 0.615101 0.250000
6.000000 1.000000 6.000000 0.818364
1.625750 0.166667 1.000000 0.333333
4.000000 1.221950 3.000000 1.000000

Matrix 1236:
1.000000 0.333333 1.000000 1.002270
3.000000 1.000000 6.000000 2.000000
1.000000 0.166667 1.000000 0.333333
0.997735 0.500000 3.000000 1.000000

Matrix 1237:
1.000000 1.000000 1.645555 1.000000
1.000000 1.000000 0.500000 2.000000
0.607698 2.000000 1.000000 2.000000
1.000000 0.500000 0.500000 1.000000

Matrix 1238:
1.000000 0.394717 1.688935 0.638564
2.533458 1.000000 2.000000 2.692579
0.592089 0.500000 1.000000 1.583792
1.566013 0.371391 0.631396 1.000000

Matrix 1239:
1.000000 7.000000 6.000000 0.666218
0.142857 1.000000 0.333333 0.142857
0.166667 3.000000 1.000000 0.200000
1.501011 7.000000 5.000000 1.000000

Matrix 1240:
1.000000 3.558654 5.000000 0.608867
0.281005 1.000000 1.000000 0.681769
0.200000 1.000000 1.000000 0.500000
1.642394 1.466772 2.000000 1.000000

Matrix 1241:
1.000000 1.000000 0.472981 1.747275
1.000000 1.000000 2.042388 4.000000
2.114252 0.489623 1.000000 2.382694
0.572320 0.250000 0.419693 1.000000

Matrix 1242:
1.000000 0.111111 0.250000 1.653379
9.000000 1.000000 4.000000 6.000000
4.000000 0.250000 1.000000 7.000000
0.604822 0.166667 0.142857 1.000000

Matrix 1243:
1.000000 9.000000 3.000000 6.000000
0.111111 1.000000 1.000000 1.567133
0.333333 1.000000 1.000000 1.000000
0.166667 0.638108 1.000000 1.000000

Matrix 1244:
1.000000 0.166667 4.000000 3.000000
6.000000 1.000000 9.000000 4.609586
0.250000 0.111111 1.000000 1.000000
0.333333 0.216939 1.000000 1.000000

Matrix 1245:
1.000000 1.862694 1.481741 2.000000
0.536857 1.000000 0.469845 1.726440
0.674882 2.128361 1.000000 3.000000
0.500000 0.579227 0.333333 1.000000

Matrix 1246:
1.000000 9.000000 4.000000 5.000000
0.111111 1.000000 1.640592 0.500000
0.250000 0.609536 1.000000 1.000000
0.200000 2.000000 1.000000 1.000000

Matrix 1247:
1.000000 1.578398 5.000000 7.000000
0.633554 1.000000 1.679763 7.000000
0.200000 0.595322 1.000000 2.272522
0.142857 0.142857 0.440040 1.000000

Matrix 1248:
1.000000 0.683773 1.436039 5.000000
1.462474 1.000000 0.665861 8.000000
0.696360 1.501816 1.000000 7.996104
0.200000 0.125000 0.125061 1.000000

Matrix 1249:
1.000000 2.000000 2.063138 0.829617
0.500000 1.000000 2.000000 1.000000
0.484699 0.500000 1.000000 1.000000
1.205376 1.000000 1.000000 1.000000

Matrix 1250:
1.000000 0.250000 6.000000 0.599810
4.000000 1.000000 8.000000 3.000000
0.166667 0.125000 1.000000 0.200000
1.667194 0.333333 5.000000 1.000000

Matrix 1251:
1.000000 1.000000 1.602209 6.000000
1.000000 1.000000 1.000000 2.062713
0.624138 1.000000 1.000000 3.000000
0.166667 0.484799 0.333333 1.000000

Matrix 1252:
1.000000 0.333333 1.718198 0.500000
3.000000 1.000000 7.000000 1.000000
0.582005 0.142857 1.000000 0.512412
2.000000 1.000000 1.951553 1.000000

Matrix 1253:
1.000000 5.000000 9.000000 0.666166
0.200000 1.000000 3.000000 0.125000
0.111111 0.333333 1.000000 0.166667
1.501127 8.000000 6.000000 1.000000

Matrix 1254:
1.000000 0.651272 2.000000 9.000000
1.535456 1.000000 3.000000 4.000000
0.500000 0.333333 1.000000 4.000000
0.111111 0.250000 0.250000 1.000000

Matrix 1255:
1.000000 8.000000 0.505590 9.000000
0.125000 1.000000 0.151578 0.635089
1.977888 6.597273 1.000000 8.000000
0.111111 1.574583 0.125000 1.000000

Matrix 1256:
1.000000 0.333333 1.435540 3.000000
3.000000 1.000000 1.000000 5.000000
0.696602 1.000000 1.000000 4.000000
0.333333 0.200000 0.250000 1.000000

Matrix 1257:
1.000000 0.390004 0.138224 0.250000
2.564074 1.000000 0.166667 0.200000
7.234658 6.000000 1.000000 3.470630
4.000000 5.000000 0.288132 1.000000

Matrix 1258:
1.000000 3.000000 5.000000 1.353975
0.333333 1.000000 1.000000 0.111111
0.200000 1.000000 1.000000 0.111111
0.738566 9.000000 9.000000 1.000000

Matrix 1259:
1.000000 0.479983 2.000000 0.500000
2.083405 1.000000 1.898877 0.680033
0.500000 0.526627 1.000000 1.031042
2.000000 1.470516 0.969893 1.000000

Matrix 1260:
1.000000 0.500000 0.851724 1.876706
2.000000 1.000000 0.834981 2.000000
1.174089 1.197631 1.000000 1.000000
0.532849 0.500000 1.000000 1.000000

Matrix 1261:
1.000000 1.288265 0.541898 1.607334
0.776238 1.000000 1.000000 0.658780
1.845364 1.000000 1.000000 2.729636
0.622148 1.517958 0.366349 1.000000

Matrix 1262:
1.000000 8.000000 7.000000 7.000000
0.125000 1.000000 0.638785 3.000000
0.142857 1.565472 1.000000 1.000000
0.142857 0.333333 1.000000 1.000000

Matrix 1263:
1.000000 1.000000 3.000000 0.477433
1.000000 1.000000 1.746170 0.333333
0.333333 0.572682 1.000000 0.250000
2.094533 3.000000 4.000000 1.000000

Matrix 1264:
1.000000 0.950655 1.508753 0.971549
1.051906 1.000000 1.000000 1.772263
0.662799 1.000000 1.000000 0.910496
1.029284 0.564250 1.098302 1.000000

Matrix 1265:
1.000000 1.550639 0.500000 0.142857
0.644896 1.000000 0.358947 0.250000
2.000000 2.785928 1.000000 1.000000
7.000000 4.000000 1.000000 1.000000

Matrix 1266:
1.000000 0.333333 0.435767 0.200000
3.000000 1.000000 1.000000 0.500000
2.294807 1.000000 1.000000 0.333333
5.000000 2.000000 3.000000 1.000000

Matrix 1267:
1.000000 1.000000 1.672683 6.000000
1.000000 1.000000 0.500000 2.915821
0.597842 2.000000 1.000000 8.000000
0.166667 0.342957 0.125000 1.000000

Matrix 1268:
1.000000 9.000000 0.747916 7.000000
0.111111 1.000000 0.166667 0.435591
1.337048 6.000000 1.000000 5.000000
0.142857 2.295730 0.200000 1.000000

Matrix 1269:
1.000000 0.166667 0.512665 0.111111
6.000000 1.000000 2.000000 1.000000
1.950592 0.500000 1.000000 1.000000
9.000000 1.000000 1.000000 1.000000

Matrix 1270:
1.000000 0.250000 0.125000 0.142857
4.000000 1.000000 0.500000 0.641746
8.000000 2.000000 1.000000 3.000000
7.000000 1.558250 0.333333 1.000000

Matrix 1271:
1.000000 0.549754 1.000000 5.000000
1.818996 1.000000 0.673213 6.000000
1.000000 1.485415 1.000000 9.000000
0.200000 0.166667 0.111111 1.000000

Matrix 1272:
1.000000 0.125000 0.529649 0.142857
8.000000 1.000000 2.050690 1.929109
1.888044 0.487641 1.000000 1.275129
7.000000 0.518374 0.784234 1.000000

Matrix 1273:
1.000000 2.637268 0.333333 0.334659
0.379180 1.000000 0.250000 0.111111
3.000000 4.000000 1.000000 1.664264
2.988120 9.000000 0.600866 1.000000

Matrix 1274:
1.000000 0.500000 4.000000 4.000000
2.000000 1.000000 8.000000 7.000000
0.250000 0.125000 1.000000 1.632796
0.250000 0.142857 0.612446 1.000000

Matrix 1275:
1.000000 1.052686 0.638367 1.544062
0.949951 1.000000 0.166667 0.500000
1.566496 6.000000 1.000000 2.000000
0.647642 2.000000 0.500000 1.000000

Matrix 1276:
1.000000 2.000000 0.631508 0.142857
0.500000 1.000000 1.000000 0.250000
1.583511 1.000000 1.000000 0.142857
7.000000 4.000000 7.000000 1.000000

Matrix 1277:
1.000000 1.722416 0.624654 0.250000
0.580580 1.000000 0.310114 0.250000
1.600886 3.224617 1.000000 0.166667
4.000000 4.000000 6.000000 1.000000

Matrix 1278:
1.000000 8.000000 0.200000 4.000000
0.125000 1.000000 0.125000 0.642849
5.000000 8.000000 1.000000 9.000000
0.250000 1.555574 0.111111 1.000000

Matrix 1279:
1.000000 1.000000 0.142857 0.333333
1.000000 1.000000 0.111111 1.219573
7.000000 9.000000 1.000000 6.000000
3.000000 0.819959 0.166667 1.000000

Matrix 1280:
1.000000 0.521705 0.141843 0.166667
1.916792 1.000000 0.146612 1.000000
7.050028 6.820716 1.000000 5.000000
6.000000 1.000000 0.200000 1.000000

Matrix 1281:
1.000000 0.449260 1.055056 3.391308
2.225882 1.000000 0.521738 6.000000
0.947817 1.916669 1.000000 6.000000
0.294871 0.166667 0.166667 1.000000

Matrix 1282:
1.000000 0.924489 0.250000 0.390068
1.081678 1.000000 0.250000 1.201391
4.000000 4.000000 1.000000 1.000000
2.563657 0.832369 1.000000 1.000000

Matrix 1283:
1.000000 8.000000 1.915973 7.000000
0.125000 1.000000 0.142857 0.641847
0.521928 7.000000 1.000000 6.000000
0.142857 1.558004 0.166667 1.000000

Matrix 1284:
1.000000 0.505449 0.250000 1.000000
1.978440 1.000000 1.000000 1.000000
4.000000 1.000000 1.000000 1.000000
1.000000 1.000000 1.000000 1.000000

Matrix 1285:
1.000000 0.721478 0.125000 0.500000
1.386044 1.000000 0.762566 1.586685
8.000000 1.311362 1.000000 4.000000
2.000000 0.630245 0.250000 1.000000

Matrix 1286:
1.000000 0.200000 1.000000 0.604258
5.000000 1.000000 2.000000 4.000000
1.000000 0.500000 1.000000 3.000000
1.654922 0.250000 0.333333 1.000000

Matrix 1287:
1.000000 1.374033 0.774497 1.446297
0.727785 1.000000 1.348057 0.446293
1.291160 0.741808 1.000000 0.372016
0.691421 2.240680 2.688055 1.000000

Matrix 1288:
1.000000 8.000000 1.000000 1.886135
0.125000 1.000000 0.111111 0.333333
1.000000 9.000000 1.000000 0.621469
0.530185 3.000000 1.609091 1.000000

Matrix 1289:
1.000000 1.000000 1.689919 4.000000
1.000000 1.000000 0.609984 4.683718
0.591744 1.639386 1.000000 7.000000
0.250000 0.213506 0.142857 1.000000

Matrix 1290:
1.000000 5.000000 0.602661 9.000000
0.200000 1.000000 0.250000 1.000000
1.659308 4.000000 1.000000 6.000000
0.111111 1.000000 0.166667 1.000000

Matrix 1291:
1.000000 0.500000 0.200000 0.213594
2.000000 1.000000 0.258815 0.177274
5.000000 3.863770 1.000000 0.333333
4.681773 5.640986 3.000000 1.000000

Matrix 1292:
1.000000 1.078162 0.333333 0.553106
0.927504 1.000000 1.115096 1.000000
3.000000 0.896784 1.000000 2.000000
1.807971 1.000000 0.500000 1.000000

Matrix 1293:
1.000000 1.000000 4.000000 8.000000
1.000000 1.000000 5.000000 9.000000
0.250000 0.200000 1.000000 0.662582
0.125000 0.111111 1.509246 1.000000

Matrix 1294:
1.000000 0.111111 0.200000 0.333333
9.000000 1.000000 1.000000 1.735934
5.000000 1.000000 1.000000 1.000000
3.000000 0.576059 1.000000 1.000000

Matrix 1295:
1.000000 0.636693 0.250000 4.000000
1.570617 1.000000 0.125000 2.000000
4.000000 8.000000 1.000000 8.000000
0.250000 0.500000 0.125000 1.000000

Matrix 1296:
1.000000 1.000000 0.695546 0.500000
1.000000 1.000000 1.000000 0.200000
1.437719 1.000000 1.000000 0.142857
2.000000 5.000000 7.000000 1.000000

Matrix 1297:
1.000000 0.200000 0.787476 0.166667
5.000000 1.000000 7.000000 0.653972
1.269880 0.142857 1.000000 0.111111
6.000000 1.529117 9.000000 1.000000

Matrix 1298:
1.000000 0.331733 0.125000 0.250000
3.014475 1.000000 0.273802 0.500000
8.000000 3.652274 1.000000 0.672789
4.000000 2.000000 1.486350 1.000000

Matrix 1299:
1.000000 0.111111 1.000000 1.000000
9.000000 1.000000 3.000000 7.000000
1.000000 0.333333 1.000000 1.609278
1.000000 0.142857 0.621397 1.000000

Matrix 1300:
1.000000 0.333333 0.487486 1.000000
3.000000 1.000000 0.558952 0.619751
2.051343 1.789061 1.000000 1.000000
1.000000 1.613552 1.000000 1.000000

Matrix 1301:
1.000000 1.343116 0.166667 0.500000
0.744538 1.000000 0.111111 1.000000
6.000000 9.000000 1.000000 9.000000
2.000000 1.000000 0.111111 1.000000

Matrix 1302:
1.000000 1.353082 0.142857 0.125000
0.739053 1.000000 0.166667 0.250000
7.000000 6.000000 1.000000 3.000000
8.000000 4.000000 0.333333 1.000000

Matrix 1303:
1.000000 1.000000 1.469161 1.000000
1.000000 1.000000 0.595723 3.000000
0.680661 1.678631 1.000000 1.941089
1.000000 0.333333 0.515175 1.000000

Matrix 1304:
1.000000 1.673691 0.636202 0.111111
0.597482 1.000000 1.000000 0.125000
1.571829 1.000000 1.000000 0.250000
9.000000 8.000000 4.000000 1.000000

Matrix 1305:
1.000000 0.500000 1.577031 0.500000
2.000000 1.000000 2.127080 0.697678
0.634103 0.470128 1.000000 1.000000
2.000000 1.433326 1.000000 1.000000

Matrix 1306:
1.000000 3.000000 1.617361 1.000000
0.333333 1.000000 0.125000 0.250000
0.618291 8.000000 1.000000 1.000000
1.000000 4.000000 1.000000 1.000000

Matrix 1307:
1.000000 0.610682 3.000000 0.500000
1.637513 1.000000 3.000000 0.500000
0.333333 0.333333 1.000000 0.333333
2.000000 2.000000 3.000000 1.000000

Matrix 1308:
1.000000 9.000000 7.000000 7.000000
0.111111 1.000000 1.000000 0.500000
0.142857 1.000000 1.000000 1.504754
0.142857 2.000000 0.664560 1.000000

Matrix 1309:
1.000000 0.861901 5.635549 0.618011
1.160226 1.000000 7.000007 2.000000
0.177445 0.142857 1.000000 0.200000
1.618095 0.500000 5.000000 1.000000

Matrix 1310:
1.000000 6.000000 8.000000 0.610285
0.166667 1.000000 2.000000 0.200000
0.125000 0.500000 1.000000 0.166667
1.638579 5.000000 6.000000 1.000000

Matrix 1311:
1.000000 9.000000 5.000000 7.000000
0.111111 1.000000 1.000000 0.606939
0.200000 1.000000 1.000000 3.000000
0.142857 1.647613 0.333333 1.000000

Matrix 1312:
1.000000 0.746934 4.000000 1.000000
1.338807 1.000000 1.000000 0.673708
0.250000 1.000000 1.000000 0.333333
1.000000 1.484323 3.000000 1.000000

Matrix 1313:
1.000000 3.000000 7.000000 6.000000
0.333333 1.000000 8.000000 5.000000
0.142857 0.125000 1.000000 1.620928
0.166667 0.200000 0.616931 1.000000

Matrix 1314:
1.000000 4.000000 0.622484 2.000000
0.250000 1.000000 0.500000 0.500000
1.606467 2.000000 1.000000 1.000000
0.500000 2.000000 1.000000 1.000000

Matrix 1315:
1.000000 0.512671 0.964068 0.125000
1.950568 1.000000 2.780565 0.381894
1.037272 0.359639 1.000000 0.132209
8.000000 2.618528 7.563754 1.000000

Matrix 1316:
1.000000 1.879679 0.125000 0.250000
0.532006 1.000000 0.111111 0.333333
8.000000 9.000000 1.000000 0.939274
4.000000 3.000000 1.064652 1.000000

Matrix 1317:
1.000000 1.430752 1.000000 2.000000
0.698933 1.000000 1.374813 1.000000
1.000000 0.727371 1.000000 1.000000
0.500000 1.000000 1.000000 1.000000

Matrix 1318:
1.000000 0.189398 1.300270 0.500000
5.279876 1.000000 8.000000 7.000000
0.769071 0.125000 1.000000 1.000000
2.000000 0.142857 1.000000 1.000000

Matrix 1319:
1.000000 0.605115 0.250000 0.166667
1.652578 1.000000 1.000000 0.111111
4.000000 1.000000 1.000000 0.166667
6.000000 9.000000 6.000000 1.000000

Matrix 1320:
1.000000 0.166667 0.166667 0.693692
6.000000 1.000000 4.000000 6.000000
6.000000 0.250000 1.000000 3.000000
1.441561 0.166667 0.333333 1.000000

Matrix 1321:
1.000000 1.695217 1.000000 1.356666
0.589895 1.000000 2.000000 0.564408
1.000000 0.500000 1.000000 1.361039
0.737101 1.771769 0.734733 1.000000

Matrix 1322:
1.000000 1.511949 0.333333 0.142857
0.661398 1.000000 1.209271 0.200000
3.000000 0.826945 1.000000 0.250000
7.000000 5.000000 4.000000 1.000000

Matrix 1323:
1.000000 0.125000 0.250000 0.111111
8.000000 1.000000 1.529121 0.333333
4.000000 0.653970 1.000000 0.333333
9.000000 3.000000 3.000000 1.000000

Matrix 1324:
1.000000 0.125000 0.581904 0.333333
8.000000 1.000000 5.000000 0.621853
1.718497 0.200000 1.000000 0.166667
3.000000 1.608097 6.000000 1.000000

Matrix 1325:
1.000000 4.000000 1.731218 3.000000
0.250000 1.000000 0.125000 0.333333
0.577628 8.000000 1.000000 2.828078
0.333333 3.000000 0.353597 1.000000

Matrix 1326:
1.000000 0.333333 0.125000 0.200000
3.000000 1.000000 1.840453 1.000000
8.000000 0.543344 1.000000 1.597750
5.000000 1.000000 0.625880 1.000000

Matrix 1327:
1.000000 0.142857 0.166667 1.000000
7.000000 1.000000 1.257508 1.616315
6.000000 0.795224 1.000000 3.000000
1.000000 0.618691 0.333333 1.000000

Matrix 1328:
1.000000 1.501695 9.000000 2.000000
0.665914 1.000000 8.000000 4.000000
0.111111 0.125000 1.000000 0.200000
0.500000 0.250000 5.000000 1.000000

Matrix 1329:
1.000000 9.000000 3.000000 5.000000
0.111111 1.000000 1.000000 0.666602
0.333333 1.000000 1.000000 1.000000
0.200000 1.500145 1.000000 1.000000

Matrix 1330:
1.000000 3.000000 1.000000 1.430687
0.333333 1.000000 0.250000 0.166667
1.000000 4.000000 1.000000 1.000000
0.698965 6.000000 1.000000 1.000000

Matrix 1331:
1.000000 3.000000 8.000000 4.000000
0.333333 1.000000 3.000000 0.650369
0.125000 0.333333 1.000000 1.000000
0.250000 1.537588 1.000000 1.000000

Matrix 1332:
1.000000 0.166667 0.113502 0.142857
6.000000 1.000000 0.200000 1.000000
8.810413 5.000000 1.000000 6.000000
7.000000 1.000000 0.166667 1.000000

Matrix 1333:
1.000000 1.000000 0.533249 0.685657
1.000000 1.000000 1.055190 0.250000
1.875297 0.947696 1.000000 0.500000
1.458456 4.000000 2.000000 1.000000

Matrix 1334:
1.000000 1.000000 2.171107 1.000000
1.000000 1.000000 1.000000 1.000000
0.460595 1.000000 1.000000 1.338141
1.000000 1.000000 0.747305 1.000000

Matrix 1335:
1.000000 9.000000 6.000000 4.000000
0.111111 1.000000 0.500000 1.532464
0.166667 2.000000 1.000000 3.000000
0.250000 0.652544 0.333333 1.000000

Matrix 1336:
1.000000 0.250000 0.600168 0.142857
4.000000 1.000000 7.000007 1.283985
1.666199 0.142857 1.000000 0.250000
7.000000 0.778826 4.000000 1.000000

Matrix 1337:
1.000000 0.529852 6.000000 3.000000
1.887321 1.000000 2.000000 3.000000
0.166667 0.500000 1.000000 0.709526
0.333333 0.333333 1.409393 1.000000

Matrix 1338:
1.000000 0.250000 1.577579 0.166667
4.000000 1.000000 3.000000 0.142857
0.633882 0.333333 1.000000 0.125000
6.000000 7.000000 8.000000 1.000000

Matrix 1339:
1.000000 0.125000 0.402647 0.333333
8.000000 1.000000 6.000000 7.000000
2.483562 0.166667 1.000000 0.632230
3.000000 0.142857 1.581703 1.000000

Matrix 1340:
1.000000 9.000000 0.500000 0.602822
0.111111 1.000000 0.111111 0.125000
2.000000 9.000000 1.000000 1.000000
1.658864 8.000000 1.000000 1.000000

Matrix 1341:
1.000000 1.279774 0.637847 0.227121
0.781388 1.000000 1.622386 0.200000
1.567774 0.616376 1.000000 0.500000
4.402939 5.000000 2.000000 1.000000

Matrix 1342:
1.000000 1.000000 1.000000 5.000000
1.000000 1.000000 1.000000 5.000000
1.000000 1.000000 1.000000 1.998221
0.200000 0.200000 0.500445 1.000000

Matrix 1343:
1.000000 1.000000 2.000000 5.000000
1.000000 1.000000 1.000000 0.969418
0.500000 1.000000 1.000000 1.588154
0.200000 1.031547 0.629662 1.000000

Matrix 1344:
1.000000 0.548108 4.000000 1.567104
1.824458 1.000000 7.000007 1.000000
0.250000 0.142857 1.000000 0.333333
0.638120 1.000000 3.000000 1.000000

Matrix 1345:
1.000000 7.000007 1.000000 8.000000
0.142857 1.000000 0.509393 0.735087
1.000000 1.963122 1.000000 6.000000
0.125000 1.360383 0.166667 1.000000

Matrix 1346:
1.000000 6.000000 1.000000 0.690110
0.166667 1.000000 0.142857 0.125000
1.000000 7.000000 1.000000 1.000000
1.449044 8.000000 1.000000 1.000000

Matrix 1347:
1.000000 6.091844 1.556698 0.500000
0.164154 1.000000 0.142857 0.166667
0.642385 7.000000 1.000000 1.303772
2.000000 6.000000 0.767005 1.000000

Matrix 1348:
1.000000 7.000000 6.000000 9.000000
0.142857 1.000000 1.463329 1.000000
0.166667 0.683373 1.000000 1.000000
0.111111 1.000000 1.000000 1.000000

Matrix 1349:
1.000000 0.250000 0.500000 0.200000
4.000000 1.000000 1.721392 0.429602
2.000000 0.580925 1.000000 1.122660
5.000000 2.327735 0.890741 1.000000

Matrix 1350:
1.000000 0.419945 1.000000 9.000000
2.381264 1.000000 1.369647 5.064544
1.000000 0.730115 1.000000 6.000000
0.111111 0.197451 0.166667 1.000000

Matrix 1351:
1.000000 0.461861 3.000000 0.166667
2.165153 1.000000 3.000000 0.409136
0.333333 0.333333 1.000000 0.291137
6.000000 2.444176 3.434804 1.000000

Matrix 1352:
1.000000 4.000000 0.333333 1.000000
0.250000 1.000000 0.142857 0.111111
3.000000 7.000000 1.000000 1.557936
1.000000 9.000000 0.641875 1.000000

Matrix 1353:
1.000000 0.142857 0.111111 1.430599
7.000000 1.000000 2.000000 8.000000
9.000000 0.500000 1.000000 4.000000
0.699008 0.125000 0.250000 1.000000

Matrix 1354:
1.000000 0.743364 0.111111 1.530814
1.345236 1.000000 0.200000 0.651862
9.000000 5.000000 1.000000 5.000000
0.653247 1.534068 0.200000 1.000000

Matrix 1355:
1.000000 0.200000 0.216726 1.000000
5.000000 1.000000 0.500000 4.000000
4.614128 2.000000 1.000000 8.000000
1.000000 0.250000 0.125000 1.000000

Matrix 1356:
1.000000 0.782538 0.500000 2.000000
1.277894 1.000000 0.333333 0.489980
2.000000 3.000000 1.000000 2.000000
0.500000 2.040898 0.500000 1.000000

Matrix 1357:
1.000000 1.000000 0.818013 1.000000
1.000000 1.000000 1.000000 1.962308
1.222475 1.000000 1.000000 0.585088
1.000000 0.509604 1.709144 1.000000

Matrix 1358:
1.000000 1.000000 3.000000 0.609043
1.000000 1.000000 8.000000 3.000000
0.333333 0.125000 1.000000 0.250000
1.641919 0.333333 4.000000 1.000000

Matrix 1359:
1.000000 0.111111 0.665349 0.200000
9.000000 1.000000 9.000000 1.000000
1.502971 0.111111 1.000000 0.166667
5.000000 1.000000 6.000000 1.000000

Matrix 1360:
1.000000 0.457392 1.000000 1.000000
2.186307 1.000000 2.760656 0.854128
1.000000 0.362233 1.000000 0.333333
1.000000 1.170784 3.000000 1.000000

Matrix 1361:
1.000000 1.000000 7.000000 4.000000
1.000000 1.000000 4.000000 6.000000
0.142857 0.250000 1.000000 1.600574
0.250000 0.166667 0.624776 1.000000

Matrix 1362:
1.000000 0.250000 0.500000 0.142857
4.000000 1.000000 5.000000 1.244348
2.000000 0.200000 1.000000 0.250000
7.000000 0.803634 4.000000 1.000000

Matrix 1363:
1.000000 0.500000 1.807399 1.000000
2.000000 1.000000 1.000000 0.593401
0.553281 1.000000 1.000000 0.500000
1.000000 1.685200 2.000000 1.000000

Matrix 1364:
1.000000 0.250000 0.547016 4.652150
4.000000 1.000000 1.732591 5.000000
1.828101 0.577170 1.000000 5.000000
0.214954 0.200000 0.200000 1.000000

Matrix 1365:
1.000000 1.555751 1.059577 0.715921
0.642776 1.000000 0.696791 2.000000
0.943773 1.435151 1.000000 1.438289
1.396802 0.500000 0.695271 1.000000

Matrix 1366:
1.000000 6.000000 6.000000 3.000000
0.166667 1.000000 2.000000 0.601197
0.166667 0.500000 1.000000 1.233955
0.333333 1.663350 0.810402 1.000000

Matrix 1367:
1.000000 0.166667 0.162123 0.250000
6.000000 1.000000 0.408123 3.000000
6.168150 2.450241 1.000000 4.000000
4.000000 0.333333 0.250000 1.000000

Matrix 1368:
1.000000 2.170047 1.712302 0.983555
0.460820 1.000000 0.500000 1.518350
0.584009 2.000000 1.000000 1.527664
1.016720 0.658610 0.654594 1.000000

Matrix 1369:
1.000000 0.556195 2.000000 6.000000
1.797932 1.000000 2.000000 7.299782
0.500000 0.500000 1.000000 6.000000
0.166667 0.136990 0.166667 1.000000

Matrix 1370:
1.000000 0.166667 1.610893 0.200000
6.000000 1.000000 3.000000 1.000000
0.620774 0.333333 1.000000 0.250000
5.000000 1.000000 4.000000 1.000000

Matrix 1371:
1.000000 7.000000 8.000000 0.515797
0.142857 1.000000 1.000000 0.111111
0.125000 1.000000 1.000000 0.123272
1.938746 9.000000 8.112172 1.000000

Matrix 1372:
1.000000 3.000000 1.607836 0.333333
0.333333 1.000000 0.333333 0.166667
0.621954 3.000000 1.000000 1.000000
3.000000 6.000000 1.000000 1.000000

Matrix 1373:
1.000000 4.000000 1.249484 3.000000
0.250000 1.000000 0.166667 1.619993
0.800330 6.000000 1.000000 8.000000
0.333333 0.617287 0.125000 1.000000

Matrix 1374:
1.000000 4.000000 3.000000 4.000000
0.250000 1.000000 2.000000 3.000000
0.333333 0.500000 1.000000 1.515921
0.250000 0.333333 0.659665 1.000000

Matrix 1375:
1.000000 5.000000 0.285772 0.500000
0.200000 1.000000 0.111111 0.143372
3.499288 9.000000 1.000000 0.500000
2.000000 6.974859 2.000000 1.000000

Matrix 1376:
1.000000 0.177693 0.125000 0.172079
5.627678 1.000000 1.141505 1.000000
8.000000 0.876036 1.000000 0.874594
5.811280 1.000000 1.143388 1.000000

Matrix 1377:
1.000000 1.836854 0.455212 0.333333
0.544409 1.000000 0.200000 0.125000
2.196777 5.000000 1.000000 0.460835
3.000000 8.000000 2.169974 1.000000

Matrix 1378:
1.000000 0.602531 0.516920 1.919305
1.659666 1.000000 1.000000 1.000000
1.934537 1.000000 1.000000 4.000000
0.521022 1.000000 0.250000 1.000000

Matrix 1379:
1.000000 1.414821 4.000000 0.473592
0.706803 1.000000 8.000000 1.175425
0.250000 0.125000 1.000000 0.166667
2.111522 0.850756 6.000000 1.000000

Matrix 1380:
1.000000 2.345496 1.390797 1.741184
0.426349 1.000000 1.000000 0.218701
0.719012 1.000000 1.000000 0.468355
0.574322 4.572449 2.135133 1.000000

Matrix 1381:
1.000000 0.620147 0.503004 0.111111
1.612521 1.000000 1.000000 0.477399
1.988055 1.000000 1.000000 1.000000
9.000000 2.094684 1.000000 1.000000

Matrix 1382:
1.000000 0.333333 1.021395 0.142857
3.000000 1.000000 0.697898 0.500000
0.979054 1.432875 1.000000 0.333333
7.000000 2.000000 3.000000 1.000000

Matrix 1383:
1.000000 0.333333 1.230853 0.459291
3.000000 1.000000 3.000003 2.689220
0.812445 0.333333 1.000000 0.333333
2.177271 0.371855 3.000000 1.000000

Matrix 1384:
1.000000 0.828648 2.301949 0.177274
1.206784 1.000000 0.786696 0.333333
0.434414 1.271139 1.000000 0.166667
5.640994 3.000000 6.000000 1.000000

Matrix 1385:
1.000000 1.558385 4.828423 8.000000
0.641690 1.000000 8.000000 7.000000
0.207107 0.125000 1.000000 1.000000
0.125000 0.142857 1.000000 1.000000

Matrix 1386:
1.000000 0.608765 7.000007 7.000000
1.642669 1.000000 8.000000 8.317612
0.142857 0.125000 1.000000 1.730139
0.142857 0.120227 0.577988 1.000000

Matrix 1387:
1.000000 5.000000 4.000000 3.000000
0.200000 1.000000 0.500000 1.339063
0.250000 2.000000 1.000000 2.000000
0.333333 0.746791 0.500000 1.000000

Matrix 1388:
1.000000 0.125000 0.166667 0.125000
8.000000 1.000000 0.597835 1.000000
6.000000 1.672702 1.000000 0.598582
8.000000 1.000000 1.670616 1.000000

Matrix 1389:
1.000000 4.000000 1.895882 3.000000
0.250000 1.000000 0.255594 1.816174
0.527459 3.912450 1.000000 6.000000
0.333333 0.550608 0.166667 1.000000

Matrix 1390:
1.000000 2.447063 0.596768 1.100293
0.408653 1.000000 0.166667 0.125000
1.675694 6.000000 1.000000 0.500000
0.908849 8.000000 2.000000 1.000000

Matrix 1391:
1.000000 0.594915 1.871655 0.194023
1.680912 1.000000 3.000000 0.250000
0.534286 0.333333 1.000000 0.125000
5.154035 4.000000 8.000000 1.000000

Matrix 1392:
1.000000 8.000000 9.000000 3.000000
0.125000 1.000000 1.000000 1.015019
0.111111 1.000000 1.000000 0.500000
0.333333 0.985203 2.000000 1.000000

Matrix 1393:
1.000000 1.269126 7.000000 0.440364
0.787944 1.000000 5.000000 1.590145
0.142857 0.200000 1.000000 0.142857
2.270851 0.628874 7.000000 1.000000

Matrix 1394:
1.000000 2.368901 0.840633 2.000000
0.422137 1.000000 1.000000 2.000000
1.189580 1.000000 1.000000 0.854842
0.500000 0.500000 1.169807 1.000000

Matrix 1395:
1.000000 2.252193 7.000007 6.174839
0.444012 1.000000 5.000000 9.000000
0.142857 0.200000 1.000000 1.889180
0.161948 0.111111 0.529330 1.000000

Matrix 1396:
1.000000 1.653147 3.957919 0.550333
0.604907 1.000000 1.700267 0.166667
0.252658 0.588143 1.000000 0.333333
1.817083 6.000000 3.000000 1.000000

Matrix 1397:
1.000000 0.500000 0.164694 0.166667
2.000000 1.000000 0.111111 0.111111
6.071853 9.000000 1.000000 2.562388
6.000000 9.000000 0.390261 1.000000

Matrix 1398:
1.000000 2.606378 0.250000 1.000000
0.383674 1.000000 0.111111 1.170864
4.000000 9.000000 1.000000 4.000000
1.000000 0.854070 0.250000 1.000000

Matrix 1399:
1.000000 0.250000 0.111111 0.150013
4.000000 1.000000 0.393093 0.416123
9.000000 2.543925 1.000000 0.333333
6.666068 2.403134 3.000000 1.000000

Matrix 1400:
1.000000 1.531029 0.501712 0.111111
0.653156 1.000000 1.000000 0.142857
1.993174 1.000000 1.000000 0.125000
9.000000 7.000000 8.000000 1.000000

Matrix 1401:
1.000000 0.250000 1.000000 0.111111
4.000000 1.000000 3.000000 1.527800
1.000000 0.333333 1.000000 0.200000
9.000000 0.654536 5.000000 1.000000

Matrix 1402:
1.000000 0.149508 0.318411 0.349343
6.688617 1.000000 2.000000 2.723755
3.140600 0.500000 1.000000 0.433847
2.862517 0.367140 2.304958 1.000000

Matrix 1403:
1.000000 5.000000 1.600594 0.333333
0.200000 1.000000 0.250000 0.142857
0.624768 4.000000 1.000000 1.000000
3.000000 7.000000 1.000000 1.000000

Matrix 1404:
1.000000 0.565448 0.250000 0.111111
1.768510 1.000000 0.166667 0.166667
4.000000 6.000000 1.000000 0.929854
9.000000 6.000000 1.075438 1.000000

Matrix 1405:
1.000000 1.574475 1.000000 1.000000
0.635132 1.000000 1.682682 0.430867
1.000000 0.594289 1.000000 0.333333
1.000000 2.320901 3.000000 1.000000

Matrix 1406:
1.000000 0.508845 1.000000 1.000000
1.965235 1.000000 2.204955 0.650495
1.000000 0.453524 1.000000 0.505851
1.000000 1.537290 1.976867 1.000000

Matrix 1407:
1.000000 0.333333 0.142857 1.334582
3.000000 1.000000 0.142857 2.000000
7.000000 7.000000 1.000000 6.000000
0.749298 0.500000 0.166667 1.000000

Matrix 1408:
1.000000 0.455046 0.556931 0.932237
2.197579 1.000000 0.738165 0.500000
1.795554 1.354710 1.000000 0.757498
1.072689 2.000000 1.320136 1.000000

Matrix 1409:
1.000000 0.142857 0.985233 0.639417
7.000000 1.000000 8.000000 8.000000
1.014988 0.125000 1.000000 2.472819
1.563924 0.125000 0.404397 1.000000

Matrix 1410:
1.000000 0.333333 0.620074 0.250000
3.000000 1.000000 9.000000 1.000000
1.612711 0.111111 1.000000 0.142857
4.000000 1.000000 7.000000 1.000000

Matrix 1411:
1.000000 0.250000 5.999988 5.000000
4.000000 1.000000 8.998361 5.986369
0.166667 0.111131 1.000000 1.800999
0.200000 0.167046 0.555247 1.000000

Matrix 1412:
1.000000 0.166667 0.749033 1.000000
6.000000 1.000000 7.000000 4.000000
1.335054 0.142857 1.000000 1.000000
1.000000 0.250000 1.000000 1.000000

Matrix 1413:
1.000000 0.166667 0.250000 0.250000
6.000000 1.000000 5.000000 3.000000
4.000000 0.200000 1.000000 1.466084
4.000000 0.333333 0.682089 1.000000

Matrix 1414:
1.000000 2.000000 0.166667 1.429799
0.500000 1.000000 0.200000 0.500000
6.000000 5.000000 1.000000 2.000000
0.699399 2.000000 0.500000 1.000000

Matrix 1415:
1.000000 0.166667 0.587121 1.000000
6.000000 1.000000 9.000000 5.000000
1.703228 0.111111 1.000000 0.554546
1.000000 0.200000 1.803278 1.000000

Matrix 1416:
1.000000 9.000000 8.000000 0.741667
0.111111 1.000000 0.500000 0.166667
0.125000 2.000000 1.000000 0.200000
1.348313 6.000000 5.000000 1.000000

Matrix 1417:
1.000000 1.797421 5.122381 7.000000
0.556353 1.000000 8.000000 9.000000
0.195222 0.125000 1.000000 0.551385
0.142857 0.111111 1.813614 1.000000

Matrix 1418:
1.000000 0.333333 0.111846 0.333333
3.000000 1.000000 0.250000 1.000000
8.940882 4.000000 1.000000 6.000000
3.000000 1.000000 0.166667 1.000000

Matrix 1419:
1.000000 1.000000 0.532410 1.000000
1.000000 1.000000 1.311934 2.000000
1.878253 0.762233 1.000000 2.042857
1.000000 0.500000 0.489511 1.000000

Matrix 1420:
1.000000 5.999988 8.000000 8.000000
0.166667 1.000000 1.000000 0.596591
0.125000 1.000000 1.000000 1.772603
0.125000 1.676190 0.564142 1.000000

Matrix 1421:
1.000000 1.000000 0.547906 1.027145
1.000000 1.000000 1.723471 3.000000
1.825131 0.580225 1.000000 1.000000
0.973573 0.333333 1.000000 1.000000

Matrix 1422:
1.000000 5.000000 5.789222 4.000000
0.200000 1.000000 3.000000 0.614270
0.172735 0.333333 1.000000 0.333333
0.250000 1.627948 3.000000 1.000000

Matrix 1423:
1.000000 0.333333 1.181313 0.333333
3.000000 1.000000 1.000000 1.643604
0.846516 1.000000 1.000000 1.000000
3.000000 0.608419 1.000000 1.000000

Matrix 1424:
1.000000 1.533992 0.599217 1.821993
0.651894 1.000000 1.328157 1.287168
1.668846 0.752923 1.000000 1.744038
0.548850 0.776899 0.573382 1.000000

Matrix 1425:
1.000000 1.602257 1.000000 0.125000
0.624120 1.000000 1.000000 0.166667
1.000000 1.000000 1.000000 0.200000
8.000000 6.000000 5.000000 1.000000

Matrix 1426:
1.000000 2.000975 5.999988 1.459753
0.499756 1.000000 1.694562 0.908561
0.166667 0.590123 1.000000 1.064139
0.685047 1.100641 0.939727 1.000000

Matrix 1427:
1.000000 0.111111 0.500000 0.607706
9.000000 1.000000 8.000000 8.000000
2.000000 0.125000 1.000000 3.000000
1.645534 0.125000 0.333333 1.000000

Matrix 1428:
1.000000 0.250000 0.500000 0.250000
4.000000 1.000000 1.000000 0.637866
2.000000 1.000000 1.000000 1.000000
4.000000 1.567728 1.000000 1.000000

Matrix 1429:
1.000000 0.583537 8.000000 4.000000
1.713687 1.000000 4.148128 5.000000
0.125000 0.241073 1.000000 0.607700
0.250000 0.200000 1.645549 1.000000

Matrix 1430:
1.000000 0.638257 7.000000 0.250000
1.566767 1.000000 3.000000 0.500000
0.142857 0.333333 1.000000 0.111111
4.000000 2.000000 9.000000 1.000000

Matrix 1431:
1.000000 0.250000 0.500000 2.000000
4.000000 1.000000 4.000000 5.535158
2.000000 0.250000 1.000000 4.000000
0.500000 0.180663 0.250000 1.000000

Matrix 1432:
1.000000 0.500000 0.333333 0.333333
2.000000 1.000000 0.578449 0.250000
3.000000 1.728760 1.000000 0.500000
3.000000 4.000000 2.000000 1.000000

Matrix 1433:
1.000000 1.777528 0.742946 1.000000
0.562579 1.000000 1.000000 0.526406
1.345993 1.000000 1.000000 1.000000
1.000000 1.899675 1.000000 1.000000

Matrix 1434:
1.000000 5.000000 6.000000 0.746684
0.200000 1.000000 0.500000 0.200000
0.166667 2.000000 1.000000 0.166667
1.339254 5.000000 6.000000 1.000000

Matrix 1435:
1.000000 4.000000 0.763787 4.000000
0.250000 1.000000 0.250000 1.000000
1.309265 4.000000 1.000000 1.514389
0.250000 1.000000 0.660333 1.000000

Matrix 1436:
1.000000 5.000000 9.000000 8.000000
0.200000 1.000000 0.623913 1.000000
0.111111 1.602789 1.000000 2.000000
0.125000 1.000000 0.500000 1.000000

Matrix 1437:
1.000000 0.978150 1.000000 4.000000
1.022338 1.000000 0.250000 1.000000
1.000000 4.000000 1.000000 4.663002
0.250000 1.000000 0.214454 1.000000

Matrix 1438:
1.000000 0.142857 2.139885 0.661709
7.000000 1.000000 7.000007 8.000000
0.467315 0.142857 1.000000 1.329005
1.511238 0.125000 0.752443 1.000000

Matrix 1439:
1.000000 0.200000 0.166667 0.468487
5.000000 1.000000 1.849096 7.000000
6.000000 0.540805 1.000000 4.382624
2.134529 0.142857 0.228174 1.000000

Matrix 1440:
1.000000 0.125000 3.000000 0.125000
8.000000 1.000000 7.452749 2.295124
0.333333 0.134179 1.000000 0.125000
8.000000 0.435706 8.000000 1.000000

Matrix 1441:
1.000000 0.250000 0.333333 1.000000
4.000000 1.000000 1.609909 9.000000
3.000000 0.621153 1.000000 5.000000
1.000000 0.111111 0.200000 1.000000

Matrix 1442:
1.000000 0.200000 0.574276 0.577186
5.000000 1.000000 1.143747 4.451684
1.741322 0.874319 1.000000 3.892510
1.732545 0.224634 0.256904 1.000000

Matrix 1443:
1.000000 2.245241 0.125000 0.166667
0.445387 1.000000 0.141508 0.198624
8.000000 7.066715 1.000000 0.620359
6.000000 5.034645 1.611969 1.000000

Matrix 1444:
1.000000 0.333333 0.698152 0.250000
3.000000 1.000000 2.000000 0.333333
1.432353 0.500000 1.000000 0.125000
4.000000 3.000000 8.000000 1.000000

Matrix 1445:
1.000000 1.046937 1.000000 0.500000
0.955168 1.000000 2.405574 1.000000
1.000000 0.415701 1.000000 0.250000
2.000000 1.000000 4.000000 1.000000

Matrix 1446:
1.000000 7.000000 1.708926 0.250000
0.142857 1.000000 0.333333 0.142857
0.585163 3.000000 1.000000 0.200000
4.000000 7.000000 5.000000 1.000000

Matrix 1447:
1.000000 3.000000 0.511977 3.000000
0.333333 1.000000 0.554964 1.000000
1.953211 1.801920 1.000000 6.000000
0.333333 1.000000 0.166667 1.000000

Matrix 1448:
1.000000 1.000000 0.500000 7.000000
1.000000 1.000000 1.639742 9.000000
2.000000 0.609852 1.000000 7.000000
0.142857 0.111111 0.142857 1.000000

Matrix 1449:
1.000000 0.992612 0.519120 2.242734
1.007443 1.000000 1.000000 1.000000
1.926338 1.000000 1.000000 1.688775
0.445884 1.000000 0.592145 1.000000

Matrix 1450:
1.000000 4.000000 1.598825 5.000000
0.250000 1.000000 0.500000 2.058092
0.625459 2.000000 1.000000 8.000000
0.200000 0.485887 0.125000 1.000000

Matrix 1451:
1.000000 8.000000 0.614718 3.000000
0.125000 1.000000 0.166667 0.200000
1.626761 6.000000 1.000000 2.000000
0.333333 5.000000 0.500000 1.000000

Matrix 1452:
1.000000 0.535784 0.333333 2.395017
1.866425 1.000000 0.200000 2.131732
3.000000 5.000000 1.000000 5.000000
0.417533 0.469102 0.200000 1.000000

Matrix 1453:
1.000000 0.125000 1.265721 2.000000
8.000000 1.000000 2.000000 9.000000
0.790063 0.500000 1.000000 1.812305
0.500000 0.111111 0.551784 1.000000

Matrix 1454:
1.000000 0.675691 0.142857 0.333333
1.479965 1.000000 0.125000 0.142857
7.000000 8.000000 1.000000 0.600298
3.000000 7.000000 1.665840 1.000000

Matrix 1455:
1.000000 1.974614 1.657258 4.000000
0.506428 1.000000 0.250000 0.500000
0.603407 4.000000 1.000000 3.057719
0.250000 2.000000 0.327041 1.000000

Matrix 1456:
1.000000 1.735085 0.166667 0.500000
0.576341 1.000000 0.120879 0.200000
6.000000 8.272735 1.000000 3.000000
2.000000 5.000000 0.333333 1.000000

Matrix 1457:
1.000000 1.519292 0.142857 0.166667
0.658201 1.000000 0.200000 0.142857
7.000000 5.000000 1.000000 3.000000
6.000000 7.000000 0.333333 1.000000

Matrix 1458:
1.000000 1.992920 1.000000 3.000000
0.501776 1.000000 0.125000 1.000000
1.000000 8.000000 1.000000 7.000000
0.333333 1.000000 0.142857 1.000000

Matrix 1459:
1.000000 7.000000 5.000000 5.000000
0.142857 1.000000 0.200000 1.348464
0.200000 5.000000 1.000000 3.000000
0.200000 0.741584 0.333333 1.000000

Matrix 1460:
1.000000 0.333333 0.500000 0.742742
3.000000 1.000000 1.942566 4.000000
2.000000 0.514783 1.000000 3.000000
1.346362 0.250000 0.333333 1.000000

Matrix 1461:
1.000000 0.333333 0.641823 9.000000
3.000000 1.000000 2.000000 9.000000
1.558062 0.500000 1.000000 3.000000
0.111111 0.111111 0.333333 1.000000

Matrix 1462:
1.000000 0.777156 0.142857 0.142857
1.286743 1.000000 0.571632 0.568618
7.000000 1.749378 1.000000 0.649953
7.000000 1.758649 1.538572 1.000000

Matrix 1463:
1.000000 4.000000 0.404832 3.000000
0.250000 1.000000 0.125000 1.676883
2.470161 8.000000 1.000000 3.000000
0.333333 0.596344 0.333333 1.000000

Matrix 1464:
1.000000 4.000000 0.742364 1.718908
0.250000 1.000000 0.125000 0.200000
1.347048 8.000000 1.000000 1.000000
0.581765 5.000000 1.000000 1.000000

Matrix 1465:
1.000000 0.125000 0.142857 0.111111
8.000000 1.000000 1.000000 0.624616
7.000000 1.000000 1.000000 1.665854
9.000000 1.600984 0.600293 1.000000

Matrix 1466:
1.000000 1.305448 0.338158 2.000000
0.766021 1.000000 1.000000 6.000000
2.957198 1.000000 1.000000 4.000000
0.500000 0.166667 0.250000 1.000000

Matrix 1467:
1.000000 0.556779 1.000000 1.395550
1.796044 1.000000 2.000000 1.000000
1.000000 0.500000 1.000000 0.576436
0.716563 1.000000 1.734797 1.000000

Matrix 1468:
1.000000 1.139725 0.200000 0.929774
0.877405 1.000000 0.333333 1.635282
5.000000 3.000000 1.000000 7.000000
1.075531 0.611515 0.142857 1.000000

Matrix 1469:
1.000000 1.776178 3.000003 0.142857
0.563007 1.000000 2.122415 0.166667
0.333333 0.471161 1.000000 0.111111
7.000000 6.000000 9.000000 1.000000

Matrix 1470:
1.000000 0.741797 1.093499 0.166667
1.348077 1.000000 0.528843 0.166667
0.914496 1.890919 1.000000 0.200000
6.000000 6.000000 5.000000 1.000000

Matrix 1471:
1.000000 0.333333 2.333285 8.000000
3.000000 1.000000 6.000000 8.000000
0.428580 0.166667 1.000000 3.000000
0.125000 0.125000 0.333333 1.000000

Matrix 1472:
1.000000 4.670255 1.000000 8.000000
0.214121 1.000000 0.111111 0.724660
1.000000 9.000000 1.000000 4.000000
0.125000 1.379958 0.250000 1.000000

Matrix 1473:
1.000000 5.000000 2.500581 0.536981
0.200000 1.000000 0.333333 0.151627
0.399907 3.000000 1.000000 0.333333
1.862265 6.595114 3.000000 1.000000

Matrix 1474:
1.000000 1.116402 0.469819 0.200000
0.895735 1.000000 1.238619 0.461078
2.128479 0.807351 1.000000 1.000000
5.000000 2.168833 1.000000 1.000000

Matrix 1475:
1.000000 4.000000 0.333333 1.867851
0.250000 1.000000 0.125153 0.200000
3.000000 7.990221 1.000000 9.000000
0.535375 5.000000 0.111111 1.000000

Matrix 1476:
1.000000 1.000000 0.641605 9.000000
1.000000 1.000000 1.230923 5.000000
1.558590 0.812399 1.000000 6.000000
0.111111 0.200000 0.166667 1.000000

Matrix 1477:
1.000000 5.000000 0.605015 7.000000
0.200000 1.000000 0.200000 1.550939
1.652852 5.000000 1.000000 4.000000
0.142857 0.644771 0.250000 1.000000

Matrix 1478:
1.000000 0.250000 1.229608 1.000000
4.000000 1.000000 8.000000 7.000000
0.813267 0.125000 1.000000 0.409621
1.000000 0.142857 2.441279 1.000000

Matrix 1479:
1.000000 1.000000 1.633934 3.000000
1.000000 1.000000 0.817893 9.000000
0.612020 1.222654 1.000000 5.000000
0.333333 0.111111 0.200000 1.000000

Matrix 1480:
1.000000 0.333333 0.500000 0.142857
3.000000 1.000000 3.000000 1.334131
2.000000 0.333333 1.000000 0.142857
7.000000 0.749552 7.000000 1.000000

Matrix 1481:
1.000000 1.962992 0.502048 1.000000
0.509426 1.000000 1.000000 0.756180
1.991840 1.000000 1.000000 1.570974
1.000000 1.322436 0.636548 1.000000

Matrix 1482:
1.000000 0.662741 0.111111 0.146181
1.508884 1.000000 0.125000 0.142857
9.000000 8.000000 1.000000 0.815695
6.840844 7.000000 1.225949 1.000000

Matrix 1483:
1.000000 0.365915 0.290440 0.133740
2.732875 1.000000 0.500000 0.142857
3.443055 2.000000 1.000000 0.333333
7.477192 7.000000 3.000000 1.000000

Matrix 1484:
1.000000 3.693062 3.000003 2.492078
0.270778 1.000000 1.000000 1.563818
0.333333 1.000000 1.000000 0.500000
0.401272 0.639461 2.000000 1.000000

Matrix 1485:
1.000000 3.000000 0.622288 1.000000
0.333333 1.000000 0.500000 0.142857
1.606972 2.000000 1.000000 0.333333
1.000000 7.000000 3.000000 1.000000

Matrix 1486:
1.000000 0.576503 0.333333 0.250000
1.734597 1.000000 0.500000 0.333333
3.000000 2.000000 1.000000 0.624429
4.000000 3.000000 1.601462 1.000000

Matrix 1487:
1.000000 6.000000 6.000000 1.596273
0.166667 1.000000 1.926742 0.166667
0.166667 0.519011 1.000000 0.125000
0.626459 6.000000 8.000000 1.000000

Matrix 1488:
1.000000 0.699004 7.000000 8.000000
1.430606 1.000000 6.000000 4.000000
0.142857 0.166667 1.000000 2.000000
0.125000 0.250000 0.500000 1.000000

Matrix 1489:
1.000000 0.995874 2.000000 0.250000
1.004143 1.000000 0.500000 0.166667
0.500000 2.000000 1.000000 0.200000
4.000000 6.000000 5.000000 1.000000

Matrix 1490:
1.000000 5.000000 5.000000 0.500000
0.200000 1.000000 1.357249 0.250000
0.200000 0.736784 1.000000 0.333333
2.000000 4.000000 3.000000 1.000000

Matrix 1491:
1.000000 1.000000 3.000000 3.000000
1.000000 1.000000 1.000000 0.749082
0.333333 1.000000 1.000000 0.500000
0.333333 1.334967 2.000000 1.000000

Matrix 1492:
1.000000 4.000000 9.000000 0.250000
0.250000 1.000000 0.649996 0.111111
0.111111 1.538470 1.000000 0.111111
4.000000 9.000000 9.000000 1.000000

Matrix 1493:
1.000000 0.166667 1.000000 0.250000
6.000000 1.000000 2.000000 1.556677
1.000000 0.500000 1.000000 0.250000
4.000000 0.642394 4.000000 1.000000

Matrix 1494:
1.000000 1.094367 0.232664 0.125000
0.913770 1.000000 0.166667 0.111111
4.298049 6.000000 1.000000 0.741758
8.000000 9.000000 1.348148 1.000000

Matrix 1495:
1.000000 0.333333 3.000000 0.333333
3.000000 1.000000 3.000000 1.466386
0.333333 0.333333 1.000000 0.142857
3.000000 0.681949 7.000000 1.000000

Matrix 1496:
1.000000 0.250000 0.546022 0.913159
4.000000 1.000000 3.000003 5.000000
1.831428 0.333333 1.000000 0.521429
1.095100 0.200000 1.917808 1.000000

Matrix 1497:
1.000000 1.206121 0.125000 1.000000
0.829104 1.000000 0.200000 1.719451
8.000000 5.000000 1.000000 4.000000
1.000000 0.581581 0.250000 1.000000

Matrix 1498:
1.000000 0.125000 1.120489 0.631916
8.000000 1.000000 8.000000 9.000000
0.892467 0.125000 1.000000 3.000000
1.582488 0.111111 0.333333 1.000000

Matrix 1499:
1.000000 9.000000 1.000000 0.250000
0.111111 1.000000 0.142857 0.116346
1.000000 7.000000 1.000000 0.200000
4.000000 8.595089 5.000000 1.000000

Matrix 1500:
1.000000 1.461534 0.333333 0.125000
0.684213 1.000000 0.944943 0.111111
3.000000 1.058265 1.000000 0.235240
8.000000 9.000000 4.250978 1.000000

Matrix 1501:
1.000000 1.877458 8.000000 7.972726
0.532635 1.000000 5.000000 6.000000
0.125000 0.200000 1.000000 1.697655
0.125428 0.166667 0.589048 1.000000

Matrix 1502:
1.000000 1.445146 0.826416 0.125000
0.691972 1.000000 3.000000 0.250000
1.210045 0.333333 1.000000 0.111111
8.000000 4.000000 9.000000 1.000000

Matrix 1503:
1.000000 2.000000 5.000000 0.500000
0.500000 1.000000 1.000000 0.509346
0.200000 1.000000 1.000000 0.142857
2.000000 1.963300 7.000000 1.000000

Matrix 1504:
1.000000 0.687457 0.142857 0.166667
1.454637 1.000000 0.489961 0.525093
7.000000 2.040978 1.000000 0.500000
6.000000 1.904424 2.000000 1.000000

Matrix 1505:
1.000000 1.921714 0.500000 5.325710
0.520369 1.000000 0.581198 1.897493
2.000000 1.720583 1.000000 2.807537
0.187768 0.527011 0.356184 1.000000

Matrix 1506:
1.000000 0.774650 1.067440 2.000000
1.290905 1.000000 5.000000 3.724414
0.936821 0.200000 1.000000 0.985092
0.500000 0.268499 1.015134 1.000000

Matrix 1507:
1.000000 1.443173 0.796110 0.640358
0.692917 1.000000 2.000000 0.366076
1.256108 0.500000 1.000000 0.349151
1.561626 2.731675 2.864091 1.000000

Matrix 1508:
1.000000 0.832581 6.000000 7.000000
1.201085 1.000000 5.000000 6.000000
0.166667 0.200000 1.000000 3.000000
0.142857 0.166667 0.333333 1.000000

Matrix 1509:
1.000000 1.000000 0.333333 1.382520
1.000000 1.000000 1.000000 0.609616
3.000000 1.000000 1.000000 1.000000
0.723317 1.640377 1.000000 1.000000

Matrix 1510:
1.000000 3.000000 1.595788 0.200000
0.333333 1.000000 0.200000 0.125000
0.626650 5.000000 1.000000 0.333333
5.000000 8.000000 3.000000 1.000000

Matrix 1511:
1.000000 6.000000 1.759365 6.000000
0.166667 1.000000 0.142857 0.656416
0.568387 7.000000 1.000000 5.000000
0.166667 1.523423 0.200000 1.000000

Matrix 1512:
1.000000 6.000000 1.000000 1.640280
0.166667 1.000000 0.125000 0.200000
1.000000 8.000000 1.000000 2.000000
0.609652 5.000000 0.500000 1.000000

Matrix 1513:
1.000000 1.169576 3.000003 0.793531
0.855011 1.000000 7.000007 1.000000
0.333333 0.142857 1.000000 0.125000
1.260190 1.000000 8.000000 1.000000

Matrix 1514:
1.000000 0.500000 1.558555 0.250000
2.000000 1.000000 2.000000 1.000000
0.641620 0.500000 1.000000 0.142857
4.000000 1.000000 7.000000 1.000000

Matrix 1515:
1.000000 6.000000 5.000000 1.512704
0.166667 1.000000 0.500000 0.250000
0.200000 2.000000 1.000000 0.250000
0.661068 4.000000 4.000000 1.000000

Matrix 1516:
1.000000 0.748631 1.441028 1.000000
1.335771 1.000000 1.000000 2.452730
0.693949 1.000000 1.000000 0.693903
1.000000 0.407709 1.441124 1.000000

Matrix 1517:
1.000000 1.394815 1.000000 0.575836
0.716941 1.000000 1.215650 0.333333
1.000000 0.822606 1.000000 1.449088
1.736606 3.000000 0.690089 1.000000

Matrix 1518:
1.000000 1.714128 2.256506 3.000000
0.583387 1.000000 2.000000 2.000000
0.443163 0.500000 1.000000 1.911785
0.333333 0.500000 0.523071 1.000000

Matrix 1519:
1.000000 0.111111 0.125000 0.283557
9.000000 1.000000 1.000000 3.228908
8.000000 1.000000 1.000000 0.665214
3.526629 0.309702 1.503275 1.000000

Matrix 1520:
1.000000 1.000000 0.551615 3.000000
1.000000 1.000000 1.776125 6.000000
1.812860 0.563023 1.000000 6.000000
0.333333 0.166667 0.166667 1.000000

Matrix 1521:
1.000000 1.563685 6.000000 9.000000
0.639515 1.000000 6.000000 8.000000
0.166667 0.166667 1.000000 0.500000
0.111111 0.125000 2.000000 1.000000

Matrix 1522:
1.000000 0.500000 4.000000 2.000000
2.000000 1.000000 5.000000 1.972953
0.250000 0.200000 1.000000 1.000000
0.500000 0.506855 1.000000 1.000000

Matrix 1523:
1.000000 1.000000 0.142857 0.333333
1.000000 1.000000 0.111111 1.202647
7.000000 9.000000 1.000000 8.000000
3.000000 0.831499 0.125000 1.000000

Matrix 1524:
1.000000 4.000000 0.250000 4.000000
0.250000 1.000000 0.125000 1.442678
4.000000 8.000000 1.000000 6.000000
0.250000 0.693155 0.166667 1.000000

Matrix 1525:
1.000000 0.664345 0.500000 8.000000
1.505242 1.000000 0.581866 7.000000
2.000000 1.718607 1.000000 9.000000
0.125000 0.142857 0.111111 1.000000

Matrix 1526:
1.000000 0.333333 0.125000 1.607104
3.000000 1.000000 0.333333 1.000000
8.000000 3.000000 1.000000 9.000000
0.622237 1.000000 0.111111 1.000000

Matrix 1527:
1.000000 5.000000 1.021407 0.500000
0.200000 1.000000 0.500000 0.152929
0.979042 2.000000 1.000000 0.250000
2.000000 6.538981 4.000000 1.000000

Matrix 1528:
1.000000 1.000000 0.500000 0.579065
1.000000 1.000000 1.754405 2.540034
2.000000 0.569994 1.000000 2.000000
1.726923 0.393696 0.500000 1.000000

Matrix 1529:
1.000000 1.000000 1.288521 0.597155
1.000000 1.000000 1.240518 1.560282
0.776084 0.806115 1.000000 0.500000
1.674608 0.640910 2.000000 1.000000

Matrix 1530:
1.000000 0.333333 4.000000 1.000000
3.000000 1.000000 6.000000 5.000000
0.250000 0.166667 1.000000 1.352748
1.000000 0.200000 0.739236 1.000000

Matrix 1531:
1.000000 0.250000 0.738495 3.000000
4.000000 1.000000 5.000000 8.000000
1.354106 0.200000 1.000000 1.000000
0.333333 0.125000 1.000000 1.000000

Matrix 1532:
1.000000 0.500000 0.541590 3.000000
2.000000 1.000000 0.748276 4.000000
1.846416 1.336405 1.000000 1.529506
0.333333 0.250000 0.653806 1.000000

Matrix 1533:
1.000000 0.619447 0.662826 2.000000
1.614342 1.000000 0.500000 0.765330
1.508692 2.000000 1.000000 1.000000
0.500000 1.306626 1.000000 1.000000

Matrix 1534:
1.000000 1.628694 2.045302 6.000000
0.613989 1.000000 1.000000 1.000000
0.488925 1.000000 1.000000 2.719266
0.166667 1.000000 0.367746 1.000000

Matrix 1535:
1.000000 3.000000 0.828756 0.333333
0.333333 1.000000 1.000000 0.250000
1.206627 1.000000 1.000000 0.250000
3.000000 4.000000 4.000000 1.000000

Matrix 1536:
1.000000 1.597408 2.169143 1.527773
0.626014 1.000000 0.510609 0.200000
0.461011 1.958444 1.000000 0.333333
0.654548 5.000000 3.000000 1.000000

Matrix 1537:
1.000000 1.000000 0.656260 1.443563
1.000000 1.000000 1.634915 2.000000
1.523787 0.611653 1.000000 0.500000
0.692730 0.500000 2.000000 1.000000

Matrix 1538:
1.000000 8.000000 3.000000 6.000000
0.125000 1.000000 0.500000 1.624590
0.333333 2.000000 1.000000 4.000000
0.166667 0.615540 0.250000 1.000000

Matrix 1539:
1.000000 1.739270 0.630949 0.553378
0.574954 1.000000 0.884652 0.500000
1.584914 1.130387 1.000000 2.000000
1.807084 2.000000 0.500000 1.000000

Matrix 1540:
1.000000 0.343596 1.000000 1.511932
2.910392 1.000000 0.825929 2.465651
1.000000 1.210758 1.000000 1.000000
0.661405 0.405572 1.000000 1.000000

Matrix 1541:
1.000000 5.000000 1.000000 0.533334
0.200000 1.000000 0.200000 0.250000
1.000000 5.000000 1.000000 1.543647
1.874997 4.000000 0.647817 1.000000

Matrix 1542:
1.000000 1.447628 1.000000 3.000000
0.690785 1.000000 1.000000 2.000000
1.000000 1.000000 1.000000 3.000000
0.333333 0.500000 0.333333 1.000000

Matrix 1543:
1.000000 1.786972 0.421555 0.515517
0.559606 1.000000 0.250000 0.833558
2.372169 4.000000 1.000000 1.000000
1.939801 1.199677 1.000000 1.000000

Matrix 1544:
1.000000 5.000000 0.605513 8.000000
0.200000 1.000000 0.200000 0.622854
1.651493 5.000000 1.000000 7.000000
0.125000 1.605513 0.142857 1.000000

Matrix 1545:
1.000000 5.000000 1.666017 0.942457
0.200000 1.000000 0.333333 0.250000
0.600234 3.000000 1.000000 1.758516
1.061057 4.000000 0.568661 1.000000

Matrix 1546:
1.000000 0.333333 0.756061 1.497935
3.000000 1.000000 0.587187 2.961576
1.322645 1.703035 1.000000 8.000000
0.667586 0.337658 0.125000 1.000000

Matrix 1547:
1.000000 0.166667 0.247837 0.333333
6.000000 1.000000 2.000000 1.680359
4.034911 0.500000 1.000000 0.421436
3.000000 0.595111 2.372841 1.000000

Matrix 1548:
1.000000 0.133481 0.200000 0.111111
7.491692 1.000000 2.117527 1.000000
5.000000 0.472249 1.000000 0.384045
9.000000 1.000000 2.603861 1.000000

Matrix 1549:
1.000000 0.333333 0.618749 2.000000
3.000000 1.000000 5.000000 3.000000
1.616165 0.200000 1.000000 2.000000
0.500000 0.333333 0.500000 1.000000

Matrix 1550:
1.000000 1.514555 1.000000 6.000000
0.660260 1.000000 1.000000 4.000000
1.000000 1.000000 1.000000 4.000000
0.166667 0.250000 0.250000 1.000000

Matrix 1551:
1.000000 0.333333 0.166667 0.142857
3.000000 1.000000 0.250000 0.250000
6.000000 4.000000 1.000000 0.619964
7.000000 4.000000 1.612998 1.000000

Matrix 1552:
1.000000 0.142857 2.000000 1.583014
7.000000 1.000000 7.000000 7.000000
0.500000 0.142857 1.000000 0.490271
0.631706 0.142857 2.039686 1.000000

Matrix 1553:
1.000000 0.118792 0.333333 0.931602
8.418094 1.000000 5.000000 7.000000
3.000000 0.200000 1.000000 3.000000
1.073420 0.142857 0.333333 1.000000

Matrix 1554:
1.000000 0.579085 2.000000 1.197969
1.726863 1.000000 1.000000 1.665781
0.500000 1.000000 1.000000 0.500000
0.834746 0.600319 2.000000 1.000000

Matrix 1555:
1.000000 0.610996 1.387930 0.500000
1.636672 1.000000 1.000000 0.200000
0.720497 1.000000 1.000000 0.333333
2.000000 5.000000 3.000000 1.000000

Matrix 1556:
1.000000 1.000000 0.821884 3.000000
1.000000 1.000000 1.999776 5.000000
1.216716 0.500056 1.000000 2.000000
0.333333 0.200000 0.500000 1.000000

Matrix 1557:
1.000000 0.166667 1.558282 0.111111
6.000000 1.000000 3.000000 0.250000
0.641733 0.333333 1.000000 0.166667
9.000000 4.000000 6.000000 1.000000

Matrix 1558:
1.000000 1.000000 0.200000 0.644317
1.000000 1.000000 0.333333 2.000000
5.000000 3.000000 1.000000 3.000000
1.552032 0.500000 0.333333 1.000000

Matrix 1559:
1.000000 0.333333 0.111111 0.500000
3.000000 1.000000 1.501843 3.000000
9.000000 0.665848 1.000000 3.000000
2.000000 0.333333 0.333333 1.000000

Matrix 1560:
1.000000 0.827937 5.999988 6.000000
1.207821 1.000000 6.824850 8.000000
0.166667 0.146523 1.000000 0.481607
0.166667 0.125000 2.076381 1.000000

Matrix 1561:
1.000000 1.645251 1.951631 1.503366
0.607810 1.000000 5.000000 1.000000
0.512392 0.200000 1.000000 0.250000
0.665174 1.000000 4.000000 1.000000

Matrix 1562:
1.000000 0.250000 0.250000 0.598358
4.000000 1.000000 0.612386 4.000000
4.000000 1.632958 1.000000 8.000000
1.671240 0.250000 0.125000 1.000000

Matrix 1563:
1.000000 3.419110 0.819150 9.000000
0.292474 1.000000 1.111831 3.000000
1.220778 0.899417 1.000000 7.000000
0.111111 0.333333 0.142857 1.000000

Matrix 1564:
1.000000 0.604118 2.000000 0.364710
1.655306 1.000000 1.501587 0.416298
0.500000 0.665962 1.000000 0.531583
2.741904 2.402126 1.881175 1.000000

Matrix 1565:
1.000000 0.841057 1.670344 0.647883
1.188980 1.000000 9.000009 1.754250
0.598679 0.111111 1.000000 0.166667
1.543489 0.570044 6.000000 1.000000

Matrix 1566:
1.000000 2.313779 1.613674 2.000000
0.432193 1.000000 1.716846 1.000000
0.619704 0.582463 1.000000 0.436179
0.500000 1.000000 2.292636 1.000000

Matrix 1567:
1.000000 2.258410 0.239072 0.250000
0.442789 1.000000 0.250000 0.333333
4.182836 4.000000 1.000000 1.616248
4.000000 3.000000 0.618717 1.000000

Matrix 1568:
1.000000 4.000000 2.000000 9.000000
0.250000 1.000000 0.111111 0.697133
0.500000 9.000000 1.000000 8.000000
0.111111 1.434446 0.125000 1.000000

Matrix 1569:
1.000000 0.704591 0.200000 1.000000
1.419263 1.000000 0.720665 4.388376
5.000000 1.387608 1.000000 7.000000
1.000000 0.227875 0.142857 1.000000

Matrix 1570:
1.000000 1.574653 3.000000 1.000000
0.635060 1.000000 5.000000 1.542681
0.333333 0.200000 1.000000 0.250000
1.000000 0.648222 4.000000 1.000000

Matrix 1571:
1.000000 0.500000 0.499746 0.470700
2.000000 1.000000 1.567968 0.374618
2.001018 0.637768 1.000000 0.500000
2.124494 2.669387 2.000000 1.000000

Matrix 1572:
1.000000 7.000000 5.000000 4.000000
0.142857 1.000000 0.489580 0.111111
0.200000 2.042568 1.000000 0.333333
0.250000 9.000000 3.000000 1.000000

Matrix 1573:
1.000000 1.000000 0.250000 0.544733
1.000000 1.000000 0.550030 1.000000
4.000000 1.818083 1.000000 4.000000
1.835760 1.000000 0.250000 1.000000

Matrix 1574:
1.000000 0.333333 0.111111 1.000000
3.000000 1.000000 0.444183 1.551578
9.000000 2.251324 1.000000 1.998114
1.000000 0.644505 0.500472 1.000000

Matrix 1575:
1.000000 0.500000 0.551354 0.200000
2.000000 1.000000 0.516094 0.417366
1.813716 1.937632 1.000000 1.000000
5.000000 2.395979 1.000000 1.000000

Matrix 1576:
1.000000 3.000000 0.998951 2.000000
0.333333 1.000000 1.000000 0.500000
1.001050 1.000000 1.000000 0.500000
0.500000 2.000000 2.000000 1.000000

Matrix 1577:
1.000000 0.142857 3.000000 0.111111
7.000000 1.000000 7.000000 1.436277
0.333333 0.142857 1.000000 0.142857
9.000000 0.696244 7.000000 1.000000

Matrix 1578:
1.000000 0.250000 0.612252 0.500000
4.000000 1.000000 3.000000 2.000000
1.633315 0.333333 1.000000 0.500000
2.000000 0.500000 2.000000 1.000000

Matrix 1579:
1.000000 4.000000 1.456311 1.000000
0.250000 1.000000 0.250000 0.142857
0.686666 4.000000 1.000000 1.403688
1.000000 7.000000 0.712409 1.000000

Matrix 1580:
1.000000 0.520916 5.000000 5.000000
1.919694 1.000000 4.177011 8.000000
0.200000 0.239406 1.000000 0.439281
0.200000 0.125000 2.276446 1.000000

Matrix 1581:
1.000000 0.142857 1.790862 0.200000
7.000000 1.000000 6.000000 1.729786
0.558390 0.166667 1.000000 0.142857
5.000000 0.578106 7.000000 1.000000

Matrix 1582:
1.000000 1.555244 1.000000 0.500000
0.642986 1.000000 1.632831 0.333333
1.000000 0.612433 1.000000 0.831681
2.000000 3.000000 1.202385 1.000000

Matrix 1583:
1.000000 2.000000 9.000000 8.000000
0.500000 1.000000 6.000000 4.000000
0.111111 0.166667 1.000000 0.607206
0.125000 0.250000 1.646886 1.000000

Matrix 1584:
1.000000 0.628017 0.929482 1.000000
1.592313 1.000000 0.445137 3.000000
1.075868 2.246498 1.000000 4.000000
1.000000 0.333333 0.250000 1.000000

Matrix 1585:
1.000000 0.333333 2.223940 1.892251
3.000000 1.000000 6.504609 2.000000
0.449652 0.153737 1.000000 0.500000
0.528471 0.500000 2.000000 1.000000

Matrix 1586:
1.000000 1.000000 0.200000 1.523248
1.000000 1.000000 0.333333 1.000000
5.000000 3.000000 1.000000 4.000000
0.656492 1.000000 0.250000 1.000000

Matrix 1587:
1.000000 0.397084 1.406047 0.111111
2.518358 1.000000 1.645773 0.250000
0.711214 0.607617 1.000000 0.200000
9.000000 4.000000 5.000000 1.000000

Matrix 1588:
1.000000 0.537867 1.000000 6.000000
1.859195 1.000000 0.585961 8.697476
1.000000 1.706597 1.000000 9.000000
0.166667 0.114976 0.111111 1.000000

Matrix 1589:
1.000000 1.000000 1.000000 1.133813
1.000000 1.000000 0.551578 0.333333
1.000000 1.812979 1.000000 0.500000
0.881980 3.000000 2.000000 1.000000

Matrix 1590:
1.000000 1.684296 0.630888 8.000000
0.593720 1.000000 0.250000 6.000000
1.585067 4.000000 1.000000 6.863055
0.125000 0.166667 0.145708 1.000000

Matrix 1591:
1.000000 0.250000 0.905390 0.200000
4.000000 1.000000 4.000000 1.694105
1.104496 0.250000 1.000000 0.166667
5.000000 0.590282 6.000000 1.000000

Matrix 1592:
1.000000 3.000000 5.000000 1.504807
0.333333 1.000000 1.000000 0.166667
0.200000 1.000000 1.000000 0.166667
0.664537 6.000000 6.000000 1.000000

Matrix 1593:
1.000000 1.000000 1.000000 1.517280
1.000000 1.000000 1.732509 1.000000
1.000000 0.577198 1.000000 3.000000
0.659074 1.000000 0.333333 1.000000

Matrix 1594:
1.000000 2.670929 1.000000 5.000000
0.374402 1.000000 1.715843 1.764658
1.000000 0.582804 1.000000 2.000000
0.200000 0.566682 0.500000 1.000000

Matrix 1595:
1.000000 0.872571 0.565031 1.770834
1.146039 1.000000 1.991763 3.000000
1.769816 0.502068 1.000000 5.400856
0.564706 0.333333 0.185156 1.000000

Matrix 1596:
1.000000 2.000000 1.000000 1.433452
0.500000 1.000000 2.000000 0.512039
1.000000 0.500000 1.000000 1.000000
0.697617 1.952976 1.000000 1.000000

Matrix 1597:
1.000000 0.166667 0.166667 0.142857
6.000000 1.000000 0.500000 1.000000
6.000000 2.000000 1.000000 0.822527
7.000000 1.000000 1.215766 1.000000

Matrix 1598:
1.000000 7.282071 2.000000 9.000000
0.137324 1.000000 0.142857 0.549930
0.500000 7.000000 1.000000 8.000000
0.111111 1.818413 0.125000 1.000000

Matrix 1599:
1.000000 0.166667 0.500000 1.000000
6.000000 1.000000 2.459175 2.000000
2.000000 0.406640 1.000000 1.000000
1.000000 0.500000 1.000000 1.000000

Matrix 1600:
1.000000 8.000000 0.576919 3.203828
0.125000 1.000000 0.111111 0.328008
1.733344 9.000000 1.000000 3.000000
0.312127 3.048704 0.333333 1.000000

Matrix 1601:
1.000000 2.000000 5.000000 1.000000
0.500000 1.000000 2.000000 1.208934
0.200000 0.500000 1.000000 0.333333
1.000000 0.827175 3.000000 1.000000

Matrix 1602:
1.000000 0.500000 0.691665 1.090396
2.000000 1.000000 2.000000 0.500000
1.445788 0.500000 1.000000 0.519199
0.917098 2.000000 1.926043 1.000000

Matrix 1603:
1.000000 1.000000 0.125000 0.699200
1.000000 1.000000 0.500000 1.000000
8.000000 2.000000 1.000000 5.000000
1.430206 1.000000 0.200000 1.000000

Matrix 1604:
1.000000 1.820331 1.000000 1.000000
0.549351 1.000000 0.429286 1.920422
1.000000 2.329451 1.000000 2.263492
1.000000 0.520719 0.441795 1.000000

Matrix 1605:
1.000000 0.142857 2.038039 1.000000
7.000000 1.000000 5.000000 8.000000
0.490668 0.200000 1.000000 0.656790
1.000000 0.125000 1.522556 1.000000

Matrix 1606:
1.000000 0.597888 4.000000 3.000000
1.672554 1.000000 5.000000 5.000000
0.250000 0.200000 1.000000 0.655588
0.333333 0.200000 1.525349 1.000000

Matrix 1607:
1.000000 1.663674 0.503612 4.000000
0.601079 1.000000 0.250000 2.007597
1.985655 4.000000 1.000000 3.209037
0.250000 0.498108 0.311620 1.000000

Matrix 1608:
1.000000 1.557868 0.250000 0.111111
0.641903 1.000000 0.142857 0.166667
4.000000 7.000000 1.000000 0.333333
9.000000 6.000000 3.000000 1.000000

Matrix 1609:
1.000000 0.959215 2.000000 4.000000
1.042519 1.000000 1.698490 0.969410
0.500000 0.588758 1.000000 2.042827
0.250000 1.031555 0.489518 1.000000

Matrix 1610:
1.000000 1.818349 1.000000 1.000000
0.549950 1.000000 0.333333 1.564158
1.000000 3.000000 1.000000 1.000000
1.000000 0.639322 1.000000 1.000000

Matrix 1611:
1.000000 1.671793 0.713136 0.125000
0.598160 1.000000 1.421825 0.111111
1.402257 0.703322 1.000000 0.229812
8.000000 9.000000 4.351384 1.000000

Matrix 1612:
1.000000 1.000000 0.590501 2.000000
1.000000 1.000000 0.333333 0.661895
1.693478 3.000000 1.000000 1.000000
0.500000 1.510815 1.000000 1.000000

Matrix 1613:
1.000000 2.791999 2.264309 9.000000
0.358166 1.000000 0.535225 1.000000
0.441636 1.868372 1.000000 1.771706
0.111111 1.000000 0.564428 1.000000

Matrix 1614:
1.000000 0.142857 0.250000 0.579189
7.000000 1.000000 1.689341 5.000000
4.000000 0.591947 1.000000 5.000000
1.726552 0.200000 0.200000 1.000000

Matrix 1615:
1.000000 0.621150 1.732201 0.111111
1.609918 1.000000 1.000000 0.111111
0.577300 1.000000 1.000000 0.200000
9.000000 9.000000 5.000000 1.000000

Matrix 1616:
1.000000 0.676536 1.637238 4.000000
1.478119 1.000000 0.553745 4.000000
0.610785 1.805885 1.000000 5.000000
0.250000 0.250000 0.200000 1.000000

Matrix 1617:
1.000000 1.000000 1.816454 0.166667
1.000000 1.000000 0.679054 0.111111
0.550523 1.472637 1.000000 0.125000
6.000000 9.000000 8.000000 1.000000

Matrix 1618:
1.000000 0.142857 2.000000 2.153478
7.000000 1.000000 9.000000 7.000000
0.500000 0.111111 1.000000 0.689070
0.464365 0.142857 1.451231 1.000000

Matrix 1619:
1.000000 0.489959 1.000000 1.982136
2.040985 1.000000 0.586310 3.000000
1.000000 1.705582 1.000000 2.882001
0.504506 0.333333 0.346981 1.000000

Matrix 1620:
1.000000 9.000000 1.793001 0.634642
0.111111 1.000000 0.333333 0.142857
0.557724 3.000000 1.000000 1.000000
1.575692 7.000000 1.000000 1.000000

Matrix 1621:
1.000000 1.392549 0.924723 0.250000
0.718108 1.000000 0.250000 0.142857
1.081405 4.000000 1.000000 0.500000
4.000000 7.000000 2.000000 1.000000

Matrix 1622:
1.000000 4.000000 4.000000 4.000000
0.250000 1.000000 1.525341 0.333333
0.250000 0.655591 1.000000 0.200000
0.250000 3.000000 5.000000 1.000000

Matrix 1623:
1.000000 1.645355 0.604739 8.000000
0.607772 1.000000 0.500000 8.000000
1.653606 2.000000 1.000000 6.000000
0.125000 0.125000 0.166667 1.000000

Matrix 1624:
1.000000 7.000007 5.000000 8.069381
0.142857 1.000000 0.570311 1.814480
0.200000 1.753429 1.000000 2.000000
0.123925 0.551122 0.500000 1.000000

Matrix 1625:
1.000000 0.142857 1.000000 0.746968
7.000000 1.000000 9.000000 5.000000
1.000000 0.111111 1.000000 2.000000
1.338746 0.200000 0.500000 1.000000

Matrix 1626:
1.000000 3.000000 0.586043 1.000000
0.333333 1.000000 0.200000 0.333333
1.706361 5.000000 1.000000 0.538464
1.000000 3.000000 1.857133 1.000000

Matrix 1627:
1.000000 2.323230 1.794411 1.000000
0.430435 1.000000 1.772793 1.000000
0.557286 0.564082 1.000000 1.000000
1.000000 1.000000 1.000000 1.000000

Matrix 1628:
1.000000 1.000000 1.395686 2.000000
1.000000 1.000000 0.660807 0.620539
0.716494 1.513302 1.000000 1.000000
0.500000 1.611501 1.000000 1.000000

Matrix 1629:
1.000000 0.459217 7.000007 1.403828
2.177618 1.000000 6.666064 0.775001
0.142857 0.150014 1.000000 0.132891
0.712338 1.290321 7.524971 1.000000

Matrix 1630:
1.000000 2.000000 0.500000 0.250000
0.500000 1.000000 0.125000 0.136979
2.000000 8.000000 1.000000 0.500000
4.000000 7.300378 2.000000 1.000000

Matrix 1631:
1.000000 0.744756 0.166667 0.125000
1.342721 1.000000 0.142857 0.142857
6.000000 7.000000 1.000000 0.500000
8.000000 7.000000 2.000000 1.000000

Matrix 1632:
1.000000 0.586626 2.000000 2.027571
1.704665 1.000000 1.856468 1.000000
0.500000 0.538657 1.000000 1.000000
0.493201 1.000000 1.000000 1.000000

Matrix 1633:
1.000000 0.743103 5.755739 2.000000
1.345708 1.000000 3.000003 1.029799
0.173740 0.333333 1.000000 0.200000
0.500000 0.971063 5.000000 1.000000

Matrix 1634:
1.000000 0.125000 0.333333 0.125000
8.000000 1.000000 8.000000 0.743624
3.000000 0.125000 1.000000 0.142857
8.000000 1.344765 7.000000 1.000000

Matrix 1635:
1.000000 0.623685 1.000000 0.142857
1.603373 1.000000 0.500000 0.333333
1.000000 2.000000 1.000000 0.200000
7.000000 3.000000 5.000000 1.000000

Matrix 1636:
1.000000 0.529195 1.217341 2.000000
1.889663 1.000000 2.000000 3.000000
0.821462 0.500000 1.000000 1.930256
0.500000 0.333333 0.518066 1.000000

Matrix 1637:
1.000000 4.000000 4.000000 1.551757
0.250000 1.000000 4.000000 0.497886
0.250000 0.250000 1.000000 0.250000
0.644431 2.008490 4.000000 1.000000

Matrix 1638:
1.000000 1.550960 0.250000 0.142857
0.644762 1.000000 0.200000 0.166667
4.000000 5.000000 1.000000 0.355400
7.000000 6.000000 2.813735 1.000000

Matrix 1639:
1.000000 0.119810 0.125000 0.500000
8.346528 1.000000 1.636512 2.000000
8.000000 0.611056 1.000000 0.751458
2.000000 0.500000 1.330747 1.000000

Matrix 1640:
1.000000 0.590526 0.577549 1.000000
1.693406 1.000000 1.000000 0.690185
1.731454 1.000000 1.000000 1.000000
1.000000 1.448887 1.000000 1.000000

Matrix 1641:
1.000000 0.359950 1.000000 0.333333
2.778167 1.000000 1.951351 0.500000
1.000000 0.512465 1.000000 0.532077
3.000000 2.000000 1.879427 1.000000

Matrix 1642:
1.000000 0.500000 0.200000 2.086801
2.000000 1.000000 1.779066 3.000000
5.000000 0.562093 1.000000 5.000000
0.479202 0.333333 0.200000 1.000000

Matrix 1643:
1.000000 8.000000 7.000000 0.748559
0.125000 1.000000 3.000000 0.166667
0.142857 0.333333 1.000000 0.142857
1.335901 6.000000 7.000000 1.000000

Matrix 1644:
1.000000 0.111111 0.517248 0.771533
9.000000 1.000000 4.679428 2.583479
1.933309 0.213701 1.000000 0.500000
1.296120 0.387075 2.000000 1.000000

Matrix 1645:
1.000000 0.125000 1.000000 0.613587
8.000000 1.000000 7.000000 6.000000
1.000000 0.142857 1.000000 0.500000
1.629760 0.166667 2.000000 1.000000

Matrix 1646:
1.000000 8.000000 3.000000 1.795167
0.125000 1.000000 0.200000 0.250000
0.333333 5.000000 1.000000 0.567632
0.557051 4.000000 1.761703 1.000000

Matrix 1647:
1.000000 1.798749 0.797265 0.500000
0.555942 1.000000 1.081540 0.333333
1.254288 0.924607 1.000000 0.250000
2.000000 3.000000 4.000000 1.000000

Matrix 1648:
1.000000 0.500000 1.000000 7.000000
2.000000 1.000000 5.000000 8.905467
1.000000 0.200000 1.000000 8.000000
0.142857 0.112291 0.125000 1.000000

Matrix 1649:
1.000000 1.446228 5.000000 3.000000
0.691454 1.000000 1.428971 2.612494
0.200000 0.699804 1.000000 0.447526
0.333333 0.382776 2.234509 1.000000

Matrix 1650:
1.000000 1.003633 0.500000 1.000000
0.996380 1.000000 0.333333 3.054848
2.000000 3.000000 1.000000 9.000000
1.000000 0.327349 0.111111 1.000000

Matrix 1651:
1.000000 0.250000 0.250000 0.200000
4.000000 1.000000 0.695075 2.000000
4.000000 1.438694 1.000000 3.000000
5.000000 0.500000 0.333333 1.000000

Matrix 1652:
1.000000 5.000000 1.500767 3.000000
0.200000 1.000000 0.166667 0.333333
0.666326 6.000000 1.000000 2.000000
0.333333 3.000000 0.500000 1.000000

Matrix 1653:
1.000000 0.655855 0.111111 0.437560
1.524727 1.000000 0.142857 0.560497
9.000000 7.000000 1.000000 7.000000
2.285402 1.784131 0.142857 1.000000

Matrix 1654:
1.000000 3.000003 0.875750 1.533781
0.333333 1.000000 0.250000 0.142857
1.141878 4.000000 1.000000 0.606006
0.651984 7.000000 1.650149 1.000000

Matrix 1655:
1.000000 8.000000 2.426079 0.724831
0.125000 1.000000 0.333333 0.223663
0.412188 3.000000 1.000000 0.250000
1.379633 4.471006 4.000000 1.000000

Matrix 1656:
1.000000 3.000000 0.666081 7.000000
0.333333 1.000000 0.250000 1.000000
1.501318 4.000000 1.000000 5.000000
0.142857 1.000000 0.200000 1.000000

Matrix 1657:
1.000000 0.250000 1.600012 5.000000
4.000000 1.000000 3.000000 9.000000
0.624995 0.333333 1.000000 7.000000
0.200000 0.111111 0.142857 1.000000

Matrix 1658:
1.000000 0.166667 0.500000 0.500000
6.000000 1.000000 2.000000 1.601441
2.000000 0.500000 1.000000 0.333333
2.000000 0.624438 3.000000 1.000000

Matrix 1659:
1.000000 3.669580 0.200000 2.659130
0.272511 1.000000 0.111764 0.494968
5.000000 8.947419 1.000000 6.000000
0.376063 2.020331 0.166667 1.000000

Matrix 1660:
1.000000 5.000000 1.000000 8.000000
0.200000 1.000000 0.333333 1.603152
1.000000 3.000000 1.000000 2.000000
0.125000 0.623771 0.500000 1.000000

Matrix 1661:
1.000000 4.000000 8.000000 5.000000
0.250000 1.000000 1.000000 1.000000
0.125000 1.000000 1.000000 1.576627
0.200000 1.000000 0.634265 1.000000

Matrix 1662:
1.000000 8.553956 4.000000 6.000000
0.116905 1.000000 0.500000 0.333333
0.250000 2.000000 1.000000 1.000000
0.166667 3.000000 1.000000 1.000000

Matrix 1663:
1.000000 0.624247 0.333333 7.000000
1.601930 1.000000 0.500000 6.000000
3.000000 2.000000 1.000000 5.000000
0.142857 0.166667 0.200000 1.000000

Matrix 1664:
1.000000 0.142857 1.830415 1.000000
7.000000 1.000000 6.000000 4.000000
0.546324 0.166667 1.000000 0.250000
1.000000 0.250000 4.000000 1.000000

Matrix 1665:
1.000000 5.000000 0.696490 7.000000
0.200000 1.000000 0.142857 1.349439
1.435771 7.000000 1.000000 4.000000
0.142857 0.741049 0.250000 1.000000

Matrix 1666:
1.000000 0.142857 0.190586 0.125000
7.000000 1.000000 0.558165 0.333333
5.246976 1.791585 1.000000 0.607172
8.000000 3.000000 1.646979 1.000000

Matrix 1667:
1.000000 2.000000 0.166667 0.250000
0.500000 1.000000 0.125000 0.333333
6.000000 8.000000 1.000000 2.030009
4.000000 3.000000 0.492609 1.000000

Matrix 1668:
1.000000 2.000000 0.200000 1.520763
0.500000 1.000000 0.333333 0.507836
5.000000 3.000000 1.000000 7.000000
0.657564 1.969140 0.142857 1.000000

Matrix 1669:
1.000000 0.491307 1.000000 1.623446
2.035386 1.000000 3.973445 1.000000
1.000000 0.251671 1.000000 0.500000
0.615974 1.000000 2.000000 1.000000

Matrix 1670:
1.000000 1.093589 2.000000 1.000000
0.914420 1.000000 1.000000 0.250000
0.500000 1.000000 1.000000 0.200000
1.000000 4.000000 5.000000 1.000000

Matrix 1671:
1.000000 2.135483 0.333333 3.000000
0.468278 1.000000 0.333333 2.057476
3.000000 3.000000 1.000000 4.988919
0.333333 0.486032 0.200444 1.000000

Matrix 1672:
1.000000 0.250000 3.000000 0.142857
4.000000 1.000000 3.103360 1.000000
0.333333 0.322231 1.000000 0.142857
7.000000 1.000000 7.000000 1.000000

Matrix 1673:
1.000000 3.000000 0.500000 0.142857
0.333333 1.000000 0.142857 0.111772
2.000000 7.000000 1.000000 1.000000
7.000000 8.946770 1.000000 1.000000

Matrix 1674:
1.000000 0.125000 1.000000 5.000000
8.000000 1.000000 8.000000 9.000000
1.000000 0.125000 1.000000 2.411512
0.200000 0.111111 0.414678 1.000000

Matrix 1675:
1.000000 0.715795 1.703608 0.111111
1.397048 1.000000 0.620487 0.124971
0.586989 1.611638 1.000000 0.111111
9.000000 8.001882 9.000000 1.000000

Matrix 1676:
1.000000 1.337365 5.000000 0.500000
0.747739 1.000000 6.000000 1.000000
0.200000 0.166667 1.000000 0.250000
2.000000 1.000000 4.000000 1.000000

Matrix 1677:
1.000000 0.200000 1.494645 0.125000
5.000000 1.000000 5.000000 1.266020
0.669055 0.200000 1.000000 0.142857
8.000000 0.789877 7.000000 1.000000

Matrix 1678:
1.000000 1.000000 2.000000 8.000000
1.000000 1.000000 0.693380 6.000000
0.500000 1.442210 1.000000 4.000000
0.125000 0.166667 0.250000 1.000000

Matrix 1679:
1.000000 1.000000 0.699843 6.000000
1.000000 1.000000 1.000000 6.000000
1.428891 1.000000 1.000000 9.000000
0.166667 0.166667 0.111111 1.000000

Matrix 1680:
1.000000 0.111111 1.571446 0.610468
9.000000 1.000000 8.000000 5.094041
0.636357 0.125000 1.000000 1.000000
1.638087 0.196308 1.000000 1.000000

Matrix 1681:
1.000000 3.000000 0.623082 0.500000
0.333333 1.000000 0.250000 0.250000
1.604925 4.000000 1.000000 0.333333
2.000000 4.000000 3.000000 1.000000

Matrix 1682:
1.000000 3.990162 3.000000 5.000000
0.250616 1.000000 1.940396 0.614756
0.333333 0.515359 1.000000 0.500000
0.200000 1.626661 2.000000 1.000000

Matrix 1683:
1.000000 2.107664 8.000000 0.996491
0.474459 1.000000 4.000000 1.000000
0.125000 0.250000 1.000000 0.200000
1.003521 1.000000 5.000000 1.000000

Matrix 1684:
1.000000 0.355317 1.000000 1.683692
2.814386 1.000000 4.000000 5.000000
1.000000 0.250000 1.000000 2.288235
0.593933 0.200000 0.437018 1.000000

Matrix 1685:
1.000000 1.188190 0.500000 0.493028
0.841616 1.000000 0.625567 0.641136
2.000000 1.598550 1.000000 0.333333
2.028283 1.559732 3.000000 1.000000

Matrix 1686:
1.000000 1.000000 0.571190 1.828637
1.000000 1.000000 0.500000 1.000000
1.750730 2.000000 1.000000 0.857818
0.546855 1.000000 1.165748 1.000000

Matrix 1687:
1.000000 3.000000 0.333333 0.200000
0.333333 1.000000 0.125000 0.166667
3.000000 8.000000 1.000000 1.429098
5.000000 6.000000 0.699742 1.000000

Matrix 1688:
1.000000 0.928630 0.125000 0.217439
1.076855 1.000000 0.166667 0.923559
8.000000 6.000000 1.000000 4.000000
4.598999 1.082768 0.250000 1.000000

Matrix 1689:
1.000000 8.000000 9.000000 5.000000
0.125000 1.000000 0.745808 0.250000
0.111111 1.340828 1.000000 0.166667
0.200000 4.000000 6.000000 1.000000

Matrix 1690:
1.000000 0.500000 4.000000 7.084634
2.000000 1.000000 4.000000 9.000000
0.250000 0.250000 1.000000 5.000000
0.141151 0.111111 0.200000 1.000000

Matrix 1691:
1.000000 0.502314 0.333333 0.200000
1.990788 1.000000 0.500000 0.613578
3.000000 2.000000 1.000000 2.005373
5.000000 1.629785 0.498660 1.000000

Matrix 1692:
1.000000 0.610148 0.125000 0.142857
1.638946 1.000000 0.111111 0.250000
8.000000 9.000000 1.000000 6.000000
7.000000 4.000000 0.166667 1.000000

Matrix 1693:
1.000000 0.111111 0.142857 0.641817
9.000000 1.000000 4.000000 6.000000
7.000000 0.250000 1.000000 6.000000
1.558077 0.166667 0.166667 1.000000

Matrix 1694:
1.000000 6.000000 8.000000 0.638607
0.166667 1.000000 1.000000 0.200000
0.125000 1.000000 1.000000 0.166667
1.565909 5.000000 6.000000 1.000000

Matrix 1695:
1.000000 0.200000 0.125000 0.125000
5.000000 1.000000 1.487492 0.723115
8.000000 0.672273 1.000000 1.000000
8.000000 1.382905 1.000000 1.000000

Matrix 1696:
1.000000 0.125000 1.941984 0.125000
8.000000 1.000000 5.000000 1.585369
0.514937 0.200000 1.000000 0.166667
8.000000 0.630768 6.000000 1.000000

Matrix 1697:
1.000000 0.166667 0.699234 0.111111
6.000000 1.000000 7.000000 0.200000
1.430136 0.142857 1.000000 0.111111
9.000000 5.000000 9.000000 1.000000

Matrix 1698:
1.000000 2.000000 1.952639 1.777780
0.500000 1.000000 3.000003 1.306730
0.512127 0.333333 1.000000 0.250000
0.562499 0.765269 4.000000 1.000000

Matrix 1699:
1.000000 1.000000 7.000000 8.000000
1.000000 1.000000 5.000000 4.000000
0.142857 0.200000 1.000000 1.602719
0.125000 0.250000 0.623940 1.000000

Matrix 1700:
1.000000 0.125000 0.125000 1.805049
8.000000 1.000000 1.762954 9.000000
8.000000 0.567230 1.000000 9.000000
0.554001 0.111111 0.111111 1.000000

Matrix 1701:
1.000000 2.000000 0.250000 0.368998
0.500000 1.000000 0.581731 0.484132
4.000000 1.719007 1.000000 2.000000
2.710040 2.065551 0.500000 1.000000

Matrix 1702:
1.000000 1.604489 7.000000 0.333333
0.623251 1.000000 4.000000 0.333333
0.142857 0.250000 1.000000 0.142857
3.000000 3.000000 7.000000 1.000000

Matrix 1703:
1.000000 4.000000 0.500000 0.806086
0.250000 1.000000 0.200000 1.040889
2.000000 5.000000 1.000000 3.000000
1.240563 0.960717 0.333333 1.000000

Matrix 1704:
1.000000 0.250000 1.000000 1.733215
4.000000 1.000000 3.000000 7.000000
1.000000 0.333333 1.000000 0.649757
0.576962 0.142857 1.539036 1.000000

Matrix 1705:
1.000000 2.000000 9.000000 1.607675
0.500000 1.000000 2.000000 0.166667
0.111111 0.500000 1.000000 0.125000
0.622016 6.000000 8.000000 1.000000

Matrix 1706:
1.000000 0.183312 0.142857 0.629161
5.455181 1.000000 0.547319 4.000000
7.000000 1.827088 1.000000 7.000000
1.589419 0.250000 0.142857 1.000000

Matrix 1707:
1.000000 0.250000 0.598397 0.125000
4.000000 1.000000 4.000000 0.250000
1.671131 0.250000 1.000000 0.125000
8.000000 4.000000 8.000000 1.000000

Matrix 1708:
1.000000 7.000000 5.000000 6.000000
0.142857 1.000000 0.250000 0.609642
0.200000 4.000000 1.000000 4.000000
0.166667 1.640306 0.250000 1.000000

Matrix 1709:
1.000000 0.200000 4.000000 0.333333
5.000000 1.000000 6.898159 3.000000
0.250000 0.144966 1.000000 0.166667
3.000000 0.333333 6.000000 1.000000

Matrix 1710:
1.000000 5.000000 0.500000 1.337676
0.200000 1.000000 0.142857 0.111111
2.000000 7.000000 1.000000 1.000000
0.747565 9.000000 1.000000 1.000000

Matrix 1711:
1.000000 0.574693 4.000000 1.476305
1.740060 1.000000 8.649758 0.846243
0.250000 0.115610 1.000000 0.333333
0.677367 1.181694 3.000000 1.000000

Matrix 1712:
1.000000 2.937736 3.000003 0.946380
0.340398 1.000000 0.826055 1.000000
0.333333 1.210573 1.000000 0.482448
1.056658 1.000000 2.072761 1.000000

Matrix 1713:
1.000000 2.117793 4.000000 0.560890
0.472190 1.000000 4.000000 0.500000
0.250000 0.250000 1.000000 0.433044
1.782881 2.000000 2.309232 1.000000

Matrix 1714:
1.000000 1.215769 2.445777 5.000000
0.822525 1.000000 1.441774 1.000000
0.408868 0.693590 1.000000 1.360248
0.200000 1.000000 0.735160 1.000000

Matrix 1715:
1.000000 1.680976 1.000000 0.250000
0.594892 1.000000 2.000000 0.142857
1.000000 0.500000 1.000000 0.250000
4.000000 7.000000 4.000000 1.000000

Matrix 1716:
1.000000 0.125000 0.142857 0.111111
8.000000 1.000000 2.000000 1.708422
7.000000 0.500000 1.000000 0.565227
9.000000 0.585335 1.769202 1.000000

Matrix 1717:
1.000000 0.500000 1.000000 6.000000
2.000000 1.000000 1.000000 7.995186
1.000000 1.000000 1.000000 5.000000
0.166667 0.125075 0.200000 1.000000

Matrix 1718:
1.000000 0.119346 0.111111 0.142857
8.379033 1.000000 2.000000 3.000000
9.000000 0.500000 1.000000 2.000000
7.000000 0.333333 0.500000 1.000000

Matrix 1719:
1.000000 1.408462 0.958386 0.200000
0.709994 1.000000 1.649589 0.142857
1.043421 0.606211 1.000000 0.111111
5.000000 7.000000 9.000000 1.000000

Matrix 1720:
1.000000 0.166667 0.200000 0.333333
6.000000 1.000000 0.704679 1.000000
5.000000 1.419086 1.000000 0.656250
3.000000 1.000000 1.523809 1.000000

Matrix 1721:
1.000000 8.000000 0.556644 0.580595
0.125000 1.000000 0.142857 0.162403
1.796480 7.000000 1.000000 0.500000
1.722370 6.157521 2.000000 1.000000

Matrix 1722:
1.000000 1.000000 0.743451 1.000000
1.000000 1.000000 2.036834 4.000000
1.345079 0.490958 1.000000 0.802272
1.000000 0.250000 1.246459 1.000000

Matrix 1723:
1.000000 1.000000 0.250000 0.680343
1.000000 1.000000 0.142857 1.000000
4.000000 7.000000 1.000000 7.000000
1.469848 1.000000 0.142857 1.000000

Matrix 1724:
1.000000 1.522057 0.500000 5.000000
0.657006 1.000000 1.566869 9.000000
2.000000 0.638215 1.000000 5.000000
0.200000 0.111111 0.200000 1.000000

Matrix 1725:
1.000000 1.000000 0.415950 0.897226
1.000000 1.000000 0.500000 0.507758
2.404137 2.000000 1.000000 0.595371
1.114546 1.969442 1.679626 1.000000

Matrix 1726:
1.000000 0.142857 1.081579 1.000000
7.000000 1.000000 7.000007 4.000000
0.924574 0.142857 1.000000 1.820724
1.000000 0.250000 0.549232 1.000000

Matrix 1727:
1.000000 0.250653 0.250000 0.200000
3.989583 1.000000 1.011935 0.484643
4.000000 0.988206 1.000000 1.972683
5.000000 2.063375 0.506924 1.000000

Matrix 1728:
1.000000 0.115000 1.000000 0.333333
8.695679 1.000000 9.000000 8.000000
1.000000 0.111111 1.000000 0.250000
3.000000 0.125000 4.000000 1.000000

Matrix 1729:
1.000000 1.618537 2.000000 0.539619
0.617842 1.000000 5.000000 0.786387
0.500000 0.200000 1.000000 0.166667
1.853160 1.271639 6.000000 1.000000

Matrix 1730:
1.000000 1.645021 2.000000 0.250000
0.607895 1.000000 1.699988 0.250000
0.500000 0.588239 1.000000 0.166667
4.000000 4.000000 6.000000 1.000000

Matrix 1731:
1.000000 6.000000 1.581840 7.000000
0.166667 1.000000 0.111111 0.250000
0.632175 9.000000 1.000000 5.000000
0.142857 4.000000 0.200000 1.000000

Matrix 1732:
1.000000 1.655299 0.597099 0.125000
0.604120 1.000000 1.000000 0.111111
1.674763 1.000000 1.000000 0.119100
8.000000 9.000000 8.396282 1.000000

Matrix 1733:
1.000000 0.666332 0.200000 1.490252
1.500753 1.000000 0.200000 0.592786
5.000000 5.000000 1.000000 9.000000
0.671028 1.686949 0.111111 1.000000

Matrix 1734:
1.000000 1.000000 1.788450 1.000000
1.000000 1.000000 4.053550 1.871395
0.559143 0.246697 1.000000 0.500000
1.000000 0.534361 2.000000 1.000000

Matrix 1735:
1.000000 9.000009 5.000000 6.000000
0.111111 1.000000 0.727862 0.548982
0.200000 1.373886 1.000000 1.528086
0.166667 1.821553 0.654414 1.000000

Matrix 1736:
1.000000 3.000000 1.454629 1.000000
0.333333 1.000000 0.200000 0.250000
0.687461 5.000000 1.000000 1.965981
1.000000 4.000000 0.508652 1.000000

Matrix 1737:
1.000000 0.682413 0.333333 0.746301
1.465388 1.000000 1.773250 1.000000
3.000000 0.563936 1.000000 1.000000
1.339941 1.000000 1.000000 1.000000

Matrix 1738:
1.000000 1.437104 1.893417 2.346616
0.695844 1.000000 0.500000 1.000000
0.528146 2.000000 1.000000 2.739618
0.426146 1.000000 0.365014 1.000000

Matrix 1739:
1.000000 0.125000 0.250000 0.606140
8.000000 1.000000 3.000000 7.000000
4.000000 0.333333 1.000000 7.000000
1.649785 0.142857 0.142857 1.000000

Matrix 1740:
1.000000 0.770697 0.439392 0.500000
1.297527 1.000000 0.250000 0.716379
2.275871 4.000000 1.000000 3.176788
2.000000 1.395910 0.314783 1.000000

Matrix 1741:
1.000000 2.000000 2.000000 0.606892
0.500000 1.000000 0.568599 1.000000
0.500000 1.758708 1.000000 1.372936
1.647741 1.000000 0.728366 1.000000

Matrix 1742:
1.000000 0.250000 0.947129 1.000000
4.000000 1.000000 1.000000 4.000000
1.055823 1.000000 1.000000 1.388615
1.000000 0.250000 0.720142 1.000000

Matrix 1743:
1.000000 0.934261 0.662097 0.166667
1.070364 1.000000 3.000000 0.333333
1.510352 0.333333 1.000000 0.270466
6.000000 3.000000 3.697316 1.000000

Matrix 1744:
1.000000 0.797815 0.523952 1.447123
1.253424 1.000000 0.273531 0.541415
1.908572 3.655896 1.000000 4.000000
0.691026 1.847013 0.250000 1.000000

Matrix 1745:
1.000000 0.200000 1.885185 0.554896
5.000000 1.000000 3.000000 1.557263
0.530452 0.333333 1.000000 0.200000
1.802140 0.642152 5.000000 1.000000

Matrix 1746:
1.000000 0.500000 1.600806 0.500000
2.000000 1.000000 1.000000 2.000000
0.624685 1.000000 1.000000 1.000000
2.000000 0.500000 1.000000 1.000000

Matrix 1747:
1.000000 5.016874 1.650238 0.877116
0.199327 1.000000 0.200000 0.500000
0.605973 5.000000 1.000000 2.000000
1.140100 2.000000 0.500000 1.000000

Matrix 1748:
1.000000 0.166667 0.125000 0.166667
6.000000 1.000000 0.333333 1.000000
8.000000 3.000000 1.000000 0.608361
6.000000 1.000000 1.643760 1.000000

Matrix 1749:
1.000000 3.000000 0.657871 9.000000
0.333333 1.000000 0.333333 7.000000
1.520055 3.000000 1.000000 9.000000
0.111111 0.142857 0.111111 1.000000

Matrix 1750:
1.000000 8.000000 8.000000 1.603025
0.125000 1.000000 2.000000 0.111111
0.125000 0.500000 1.000000 0.125000
0.623821 9.000000 8.000000 1.000000

Matrix 1751:
1.000000 3.000003 1.856451 7.459549
0.333333 1.000000 0.250000 2.414548
0.538662 4.000000 1.000000 6.000000
0.134056 0.414156 0.166667 1.000000

Matrix 1752:
1.000000 1.795090 5.000000 5.000000
0.557075 1.000000 5.000000 6.000000
0.200000 0.200000 1.000000 0.607720
0.200000 0.166667 1.645495 1.000000

Matrix 1753:
1.000000 0.200000 7.000000 2.000000
5.000000 1.000000 8.921899 8.000000
0.142857 0.112084 1.000000 0.250000
0.500000 0.125000 4.000000 1.000000

Matrix 1754:
1.000000 0.166667 0.250000 0.200000
6.000000 1.000000 0.933217 2.813564
4.000000 1.071562 1.000000 0.586639
5.000000 0.355421 1.704625 1.000000

Matrix 1755:
1.000000 4.000000 9.000009 3.000000
0.250000 1.000000 1.342751 0.638099
0.111111 0.744740 1.000000 1.000000
0.333333 1.567155 1.000000 1.000000

Matrix 1756:
1.000000 3.000000 7.000000 4.000000
0.333333 1.000000 1.000000 1.000000
0.142857 1.000000 1.000000 0.641746
0.250000 1.000000 1.558248 1.000000

Matrix 1757:
1.000000 3.000003 3.000003 0.469114
0.333333 1.000000 0.597866 0.200000
0.333333 1.672616 1.000000 0.333333
2.131679 5.000000 3.000000 1.000000

Matrix 1758:
1.000000 0.408107 0.269347 0.534766
2.450335 1.000000 1.000000 0.500000
3.712685 1.000000 1.000000 0.569772
1.869978 2.000000 1.755087 1.000000

Matrix 1759:
1.000000 2.456741 1.697625 0.591024
0.407043 1.000000 0.925959 0.533521
0.589058 1.079962 1.000000 0.200000
1.691978 1.874340 5.000000 1.000000

Matrix 1760:
1.000000 0.333333 0.125000 0.333333
3.000000 1.000000 1.126485 0.598670
8.000000 0.887717 1.000000 1.762259
3.000000 1.670370 0.567453 1.000000

Matrix 1761:
1.000000 5.000000 1.000000 0.333333
0.200000 1.000000 0.111111 0.166667
1.000000 9.000000 1.000000 0.624414
3.000000 6.000000 1.601501 1.000000

Matrix 1762:
1.000000 0.200000 0.111111 0.166667
5.000000 1.000000 0.333333 0.200000
9.000000 3.000000 1.000000 1.557925
6.000000 5.000000 0.641879 1.000000

Matrix 1763:
1.000000 2.000000 0.166667 1.602320
0.500000 1.000000 0.125000 1.000000
6.000000 8.000000 1.000000 5.000000
0.624095 1.000000 0.200000 1.000000

Matrix 1764:
1.000000 4.947023 4.000000 6.000000
0.202142 1.000000 0.597492 0.606943
0.250000 1.673661 1.000000 1.000000
0.166667 1.647601 1.000000 1.000000

Matrix 1765:
1.000000 0.500000 1.000000 0.391194
2.000000 1.000000 3.000000 0.824165
1.000000 0.333333 1.000000 1.000000
2.556279 1.213350 1.000000 1.000000

Matrix 1766:
1.000000 1.563178 4.000000 4.000000
0.639722 1.000000 9.000000 4.000000
0.250000 0.111111 1.000000 0.250000
0.250000 0.250000 4.000000 1.000000

Matrix 1767:
1.000000 1.757469 3.000000 1.000000
0.569000 1.000000 6.000000 1.524856
0.333333 0.166667 1.000000 0.166667
1.000000 0.655800 6.000000 1.000000

Matrix 1768:
1.000000 1.568597 2.378111 1.457912
0.637513 1.000000 0.683858 0.250000
0.420502 1.462292 1.000000 0.500000
0.685912 4.000000 2.000000 1.000000

Matrix 1769:
1.000000 0.142857 2.000000 0.111111
7.000000 1.000000 8.000000 0.606319
0.500000 0.125000 1.000000 0.142857
9.000000 1.649298 7.000000 1.000000

Matrix 1770:
1.000000 0.597977 0.250000 0.294523
1.672305 1.000000 0.166667 0.250000
4.000000 6.000000 1.000000 0.534479
3.395318 4.000000 1.870982 1.000000

Matrix 1771:
1.000000 1.000000 2.000000 0.166667
1.000000 1.000000 1.000000 0.166667
0.500000 1.000000 1.000000 0.116509
6.000000 6.000000 8.582998 1.000000

Matrix 1772:
1.000000 1.355157 0.695350 7.000000
0.737922 1.000000 1.000000 5.000000
1.438124 1.000000 1.000000 6.000000
0.142857 0.200000 0.166667 1.000000

Matrix 1773:
1.000000 2.000000 2.000000 1.000000
0.500000 1.000000 2.000000 1.000000
0.500000 0.500000 1.000000 1.557819
1.000000 1.000000 0.641923 1.000000

Matrix 1774:
1.000000 0.500000 0.250000 0.418571
2.000000 1.000000 0.387219 1.869105
4.000000 2.582521 1.000000 5.000000
2.389080 0.535015 0.200000 1.000000

Matrix 1775:
1.000000 0.442964 1.000000 0.500000
2.257518 1.000000 7.000000 2.275264
1.000000 0.142857 1.000000 0.500000
2.000000 0.439509 2.000000 1.000000

Matrix 1776:
1.000000 6.685174 1.000000 1.604174
0.149585 1.000000 0.250000 0.250000
1.000000 4.000000 1.000000 0.633731
0.623374 4.000000 1.577957 1.000000

Matrix 1777:
1.000000 0.125000 1.000000 0.125000
8.000000 1.000000 1.726423 1.082654
1.000000 0.579232 1.000000 0.272743
8.000000 0.923656 3.666451 1.000000

Matrix 1778:
1.000000 2.000000 2.543651 2.000000
0.500000 1.000000 1.000000 0.666454
0.393136 1.000000 1.000000 1.815525
0.500000 1.500478 0.550805 1.000000

Matrix 1779:
1.000000 1.000000 1.604239 7.000000
1.000000 1.000000 1.000000 8.000000
0.623349 1.000000 1.000000 3.000000
0.142857 0.125000 0.333333 1.000000

Matrix 1780:
1.000000 0.166667 0.133770 1.000000
6.000000 1.000000 0.250000 3.000000
7.475493 4.000000 1.000000 5.000000
1.000000 0.333333 0.200000 1.000000

Matrix 1781:
1.000000 0.142857 1.164740 0.333333
7.000000 1.000000 9.000009 0.609203
0.858561 0.111111 1.000000 0.142857
3.000000 1.641490 7.000000 1.000000

Matrix 1782:
1.000000 1.000000 6.000000 1.445276
1.000000 1.000000 8.000000 1.000000
0.166667 0.125000 1.000000 0.166667
0.691909 1.000000 6.000000 1.000000

Matrix 1783:
1.000000 1.000000 2.008770 7.000000
1.000000 1.000000 0.776726 8.616759
0.497817 1.287456 1.000000 3.000000
0.142857 0.116053 0.333333 1.000000

Matrix 1784:
1.000000 0.142857 0.125000 0.200000
7.000000 1.000000 1.000000 0.500000
8.000000 1.000000 1.000000 1.512021
5.000000 2.000000 0.661366 1.000000

Matrix 1785:
1.000000 8.000000 5.000000 6.000000
0.125000 1.000000 1.490559 0.588209
0.200000 0.670889 1.000000 0.964784
0.166667 1.700076 1.036502 1.000000

Matrix 1786:
1.000000 0.740371 8.000000 1.722693
1.350674 1.000000 7.000007 1.304905
0.125000 0.142857 1.000000 0.333333
0.580487 0.766340 3.000000 1.000000

Matrix 1787:
1.000000 0.111111 0.500000 1.779100
9.000000 1.000000 2.867452 4.000000
2.000000 0.348742 1.000000 2.265395
0.562082 0.250000 0.441424 1.000000

Matrix 1788:
1.000000 4.595894 8.008455 6.000000
0.217586 1.000000 2.000000 0.500000
0.124868 0.500000 1.000000 0.633569
0.166667 2.000000 1.578360 1.000000

Matrix 1789:
1.000000 0.653995 1.125260 0.111111
1.529063 1.000000 0.629713 0.131169
0.888683 1.588025 1.000000 0.250000
9.000000 7.623750 4.000000 1.000000

Matrix 1790:
1.000000 0.511861 0.690127 0.577908
1.953656 1.000000 7.000000 2.126757
1.449009 0.142857 1.000000 0.438429
1.730380 0.470199 2.280869 1.000000

Matrix 1791:
1.000000 1.554898 0.542334 0.607402
0.643129 1.000000 0.387128 1.000000
1.843883 2.583125 1.000000 0.590706
1.646357 1.000000 1.692890 1.000000

Matrix 1792:
1.000000 0.111111 2.000000 2.000000
9.000000 1.000000 7.000000 8.000000
0.500000 0.142857 1.000000 0.665259
0.500000 0.125000 1.503174 1.000000

Matrix 1793:
1.000000 1.429964 0.500000 3.000000
0.699318 1.000000 1.000000 3.000000
2.000000 1.000000 1.000000 7.000000
0.333333 0.333333 0.142857 1.000000

Matrix 1794:
1.000000 1.000000 0.674921 0.442524
1.000000 1.000000 1.437361 1.000000
1.481655 0.695720 1.000000 1.000000
2.259762 1.000000 1.000000 1.000000

Matrix 1795:
1.000000 0.200000 0.597456 0.333333
5.000000 1.000000 3.000000 0.500000
1.673764 0.333333 1.000000 0.500000
3.000000 2.000000 2.000000 1.000000

Matrix 1796:
1.000000 1.357631 0.333333 0.333333
0.736577 1.000000 0.500000 0.250000
3.000000 2.000000 1.000000 0.333333
3.000000 4.000000 3.000000 1.000000

Matrix 1797:
1.000000 0.200000 2.558642 0.491936
5.000000 1.000000 3.000003 2.057767
0.390832 0.333333 1.000000 0.200000
2.032786 0.485964 5.000000 1.000000

Matrix 1798:
1.000000 3.000003 4.000000 8.973458
0.333333 1.000000 1.613938 7.000000
0.250000 0.619602 1.000000 7.000000
0.111440 0.142857 0.142857 1.000000

Matrix 1799:
1.000000 2.000000 1.000000 1.000000
0.500000 1.000000 0.500000 1.577022
1.000000 2.000000 1.000000 2.000000
1.000000 0.634107 0.500000 1.000000

Matrix 1800:
1.000000 1.474089 4.000000 0.333333
0.678385 1.000000 5.000000 0.250000
0.250000 0.200000 1.000000 0.166667
3.000000 4.000000 6.000000 1.000000

Matrix 1801:
1.000000 1.927315 1.000000 0.779879
0.518856 1.000000 1.906455 0.500000
1.000000 0.524534 1.000000 1.000000
1.282250 2.000000 1.000000 1.000000

Matrix 1802:
1.000000 3.000000 6.000000 9.000000
0.333333 1.000000 0.631083 4.000000
0.166667 1.584577 1.000000 6.000000
0.111111 0.250000 0.166667 1.000000

Matrix 1803:
1.000000 1.351688 0.595501 2.000000
0.739816 1.000000 1.000000 4.618719
1.679258 1.000000 1.000000 7.000000
0.500000 0.216510 0.142857 1.000000

Matrix 1804:
1.000000 6.000000 3.000000 3.000000
0.166667 1.000000 0.125000 0.250000
0.333333 8.000000 1.000000 1.619124
0.333333 4.000000 0.617618 1.000000

Matrix 1805:
1.000000 0.166667 0.111111 0.333333
6.000000 1.000000 0.618801 6.000000
9.000000 1.616029 1.000000 8.000000
3.000000 0.166667 0.125000 1.000000

Matrix 1806:
1.000000 1.567705 0.111111 0.250000
0.637875 1.000000 0.200000 0.142857
9.000000 5.000000 1.000000 1.745927
4.000000 7.000000 0.572762 1.000000

Matrix 1807:
1.000000 0.806247 0.632986 0.250000
1.240315 1.000000 2.601291 1.163170
1.579814 0.384425 1.000000 0.232267
4.000000 0.859719 4.305386 1.000000

Matrix 1808:
1.000000 0.536090 4.000000 0.142857
1.865358 1.000000 6.000000 0.333333
0.250000 0.166667 1.000000 0.125000
7.000000 3.000000 8.000000 1.000000

Matrix 1809:
1.000000 8.566257 1.000000 2.000000
0.116737 1.000000 0.232756 0.166667
1.000000 4.296349 1.000000 0.599387
0.500000 6.000000 1.668371 1.000000

Matrix 1810:
1.000000 1.000000 1.290011 3.000000
1.000000 1.000000 0.479572 1.000000
0.775187 2.085193 1.000000 5.000000
0.333333 1.000000 0.200000 1.000000

Matrix 1811:
1.000000 0.605408 2.693556 9.000000
1.651778 1.000000 8.000000 8.452145
0.371256 0.125000 1.000000 1.721705
0.111111 0.118313 0.580820 1.000000

Matrix 1812:
1.000000 1.847465 2.000000 3.000000
0.541282 1.000000 0.645557 2.000000
0.500000 1.549049 1.000000 0.618334
0.333333 0.500000 1.617248 1.000000

Matrix 1813:
1.000000 1.254154 0.333333 0.808392
0.797350 1.000000 1.000000 1.000000
3.000000 1.000000 1.000000 3.000000
1.237024 1.000000 0.333333 1.000000

Matrix 1814:
1.000000 1.000000 0.624835 0.500000
1.000000 1.000000 0.500000 0.200000
1.600423 2.000000 1.000000 0.500000
2.000000 5.000000 2.000000 1.000000

Matrix 1815:
1.000000 0.500000 0.130870 0.500000
2.000000 1.000000 0.250000 4.000000
7.641198 4.000000 1.000000 6.000000
2.000000 0.250000 0.166667 1.000000

Matrix 1816:
1.000000 8.576657 3.000000 2.000000
0.116596 1.000000 0.500000 0.125000
0.333333 2.000000 1.000000 0.166667
0.500000 8.000000 6.000000 1.000000

Matrix 1817:
1.000000 4.000000 3.869613 1.735828
0.250000 1.000000 1.000000 0.556835
0.258424 1.000000 1.000000 0.330849
0.576094 1.795865 3.022527 1.000000

Matrix 1818:
1.000000 6.000000 1.000000 2.000000
0.166667 1.000000 0.200000 0.513654
1.000000 5.000000 1.000000 4.000000
0.500000 1.946834 0.250000 1.000000

Matrix 1819:
1.000000 1.068328 0.500000 0.738240
0.936042 1.000000 0.618301 0.276888
2.000000 1.617334 1.000000 0.513173
1.354574 3.611566 1.948660 1.000000

Matrix 1820:
1.000000 0.641068 2.000000 0.250000
1.559896 1.000000 2.000000 0.166667
0.500000 0.500000 1.000000 0.125000
4.000000 6.000000 8.000000 1.000000

Matrix 1821:
1.000000 0.200000 0.111111 0.621408
5.000000 1.000000 0.500000 3.000000
9.000000 2.000000 1.000000 8.000000
1.609250 0.333333 0.125000 1.000000

Matrix 1822:
1.000000 0.250000 0.622109 0.200000
4.000000 1.000000 3.000000 0.166667
1.607436 0.333333 1.000000 0.111111
5.000000 6.000000 9.000000 1.000000

Matrix 1823:
1.000000 0.111111 0.142857 2.000000
9.000000 1.000000 1.556681 4.000000
7.000000 0.642393 1.000000 6.000000
0.500000 0.250000 0.166667 1.000000

Matrix 1824:
1.000000 1.341270 0.111111 0.111111
0.745562 1.000000 0.333333 0.333333
9.000000 3.000000 1.000000 1.000000
9.000000 3.000000 1.000000 1.000000

Matrix 1825:
1.000000 0.629133 0.698737 9.000000
1.589488 1.000000 0.250000 7.000000
1.431154 4.000000 1.000000 9.000000
0.111111 0.142857 0.111111 1.000000

Matrix 1826:
1.000000 0.200000 0.142857 0.333333
5.000000 1.000000 1.669553 0.575527
7.000000 0.598963 1.000000 1.000000
3.000000 1.737539 1.000000 1.000000

Matrix 1827:
1.000000 1.500370 1.000000 6.000000
0.666502 1.000000 2.000000 7.000000
1.000000 0.500000 1.000000 3.000000
0.166667 0.142857 0.333333 1.000000

Matrix 1828:
1.000000 6.000000 0.500000 1.360921
0.166667 1.000000 0.250000 0.142857
2.000000 4.000000 1.000000 0.594802
0.734796 7.000000 1.681230 1.000000

Matrix 1829:
1.000000 2.000000 1.000000 0.609569
0.500000 1.000000 0.292347 1.000000
1.000000 3.420595 1.000000 1.655363
1.640503 1.000000 0.604097 1.000000

Matrix 1830:
1.000000 0.166667 1.000000 0.142857
6.000000 1.000000 4.000000 1.000000
1.000000 0.250000 1.000000 0.509720
7.000000 1.000000 1.961863 1.000000

Matrix 1831:
1.000000 3.000000 0.200000 0.250000
0.333333 1.000000 0.142857 0.200000
5.000000 7.000000 1.000000 1.439768
4.000000 5.000000 0.694556 1.000000

Matrix 1832:
1.000000 0.517106 2.041766 1.000000
1.933840 1.000000 4.000000 0.990908
0.489772 0.250000 1.000000 1.290670
1.000000 1.009175 0.774791 1.000000

Matrix 1833:
1.000000 0.250000 0.125000 0.506299
4.000000 1.000000 0.200000 1.822409
8.000000 5.000000 1.000000 7.000000
1.975116 0.548724 0.142857 1.000000

Matrix 1834:
1.000000 1.381138 0.142857 1.000000
0.724041 1.000000 0.166667 1.704741
7.000000 6.000000 1.000000 7.000000
1.000000 0.586599 0.142857 1.000000

Matrix 1835:
1.000000 0.166667 1.337735 1.000000
6.000000 1.000000 7.000000 3.000000
0.747532 0.142857 1.000000 1.000000
1.000000 0.333333 1.000000 1.000000

Matrix 1836:
1.000000 1.000000 0.607393 6.000000
1.000000 1.000000 1.000000 2.000000
1.646380 1.000000 1.000000 9.000000
0.166667 0.500000 0.111111 1.000000

Matrix 1837:
1.000000 1.000000 1.000000 0.200000
1.000000 1.000000 2.106639 0.500000
1.000000 0.474690 1.000000 0.111111
5.000000 2.000000 9.000000 1.000000

Matrix 1838:
1.000000 4.196840 0.500000 1.000000
0.238275 1.000000 0.526441 0.418278
2.000000 1.899548 1.000000 1.713818
1.000000 2.390753 0.583492 1.000000

Matrix 1839:
1.000000 0.166667 0.250000 0.166667
6.000000 1.000000 5.000000 1.580367
4.000000 0.200000 1.000000 0.500000
6.000000 0.632765 2.000000 1.000000

Matrix 1840:
1.000000 1.694103 0.845824 1.075560
0.590283 1.000000 0.200593 1.865039
1.182279 4.985217 1.000000 4.000000
0.929748 0.536182 0.250000 1.000000

Matrix 1841:
1.000000 0.932752 1.000000 7.000000
1.072096 1.000000 0.791076 5.000000
1.000000 1.264101 1.000000 2.000000
0.142857 0.200000 0.500000 1.000000

Matrix 1842:
1.000000 1.000000 5.000000 1.000000
1.000000 1.000000 3.000000 0.577307
0.200000 0.333333 1.000000 0.111111
1.000000 1.732180 9.000000 1.000000

Matrix 1843:
1.000000 1.282323 3.510011 2.272850
0.779835 1.000000 2.000000 0.575019
0.284899 0.500000 1.000000 1.000000
0.439976 1.739073 1.000000 1.000000

Matrix 1844:
1.000000 0.500000 0.964490 1.781431
2.000000 1.000000 2.556152 7.000000
1.036817 0.391213 1.000000 0.690051
0.561346 0.142857 1.449169 1.000000

Matrix 1845:
1.000000 2.000000 0.333333 0.654311
0.500000 1.000000 0.200000 0.500000
3.000000 5.000000 1.000000 6.000000
1.528325 2.000000 0.166667 1.000000

Matrix 1846:
1.000000 0.458225 1.875671 0.166667
2.182335 1.000000 9.000009 0.483648
0.533143 0.111111 1.000000 0.111111
6.000000 2.067621 9.000000 1.000000

Matrix 1847:
1.000000 5.000000 0.333333 1.000000
0.200000 1.000000 0.111111 0.111111
3.000000 9.000000 1.000000 0.622177
1.000000 9.000000 1.607260 1.000000

Matrix 1848:
1.000000 1.512156 0.772078 0.166667
0.661308 1.000000 2.000000 0.250000
1.295206 0.500000 1.000000 0.200000
6.000000 4.000000 5.000000 1.000000

Matrix 1849:
1.000000 0.333333 0.333333 0.592652
3.000000 1.000000 1.479197 4.000000
3.000000 0.676042 1.000000 3.798249
1.687330 0.250000 0.263279 1.000000

Matrix 1850:
1.000000 1.000000 1.000000 5.000000
1.000000 1.000000 1.000000 1.938092
1.000000 1.000000 1.000000 7.000000
0.200000 0.515971 0.142857 1.000000

Matrix 1851:
1.000000 1.000000 0.142857 1.645102
1.000000 1.000000 0.250000 0.500000
7.000000 4.000000 1.000000 8.000000
0.607865 2.000000 0.125000 1.000000

Matrix 1852:
1.000000 6.000000 0.599128 2.000000
0.166667 1.000000 0.142857 0.250000
1.669094 7.000000 1.000000 0.669040
0.500000 4.000000 1.494679 1.000000

Matrix 1853:
1.000000 7.000007 4.438092 1.989290
0.142857 1.000000 2.823716 0.333333
0.225322 0.354143 1.000000 0.250000
0.502692 3.000000 4.000000 1.000000

Matrix 1854:
1.000000 0.204615 1.000000 0.166667
4.887223 1.000000 2.054284 0.720655
1.000000 0.486788 1.000000 0.534786
6.000000 1.387626 1.869908 1.000000

Matrix 1855:
1.000000 7.000000 2.000000 9.000000
0.142857 1.000000 0.166667 0.622533
0.500000 6.000000 1.000000 2.000000
0.111111 1.606342 0.500000 1.000000

Matrix 1856:
1.000000 5.000000 7.000000 5.000000
0.200000 1.000000 1.000000 1.731810
0.142857 1.000000 1.000000 3.000000
0.200000 0.577431 0.333333 1.000000

Matrix 1857:
1.000000 1.333361 0.749029 0.500000
0.749985 1.000000 1.000000 1.227725
1.335061 1.000000 1.000000 0.594380
2.000000 0.814515 1.682425 1.000000

Matrix 1858:
1.000000 1.368218 9.000000 1.455552
0.730878 1.000000 4.000000 0.376659
0.111111 0.250000 1.000000 0.125000
0.687025 2.654924 8.000000 1.000000

Matrix 1859:
1.000000 3.000000 0.166667 0.142857
0.333333 1.000000 0.200000 0.125000
6.000000 5.000000 1.000000 1.341070
7.000000 8.000000 0.745673 1.000000

Matrix 1860:
1.000000 0.500000 5.000000 1.717585
2.000000 1.000000 3.000000 3.000000
0.200000 0.333333 1.000000 0.579515
0.582213 0.333333 1.725581 1.000000

Matrix 1861:
1.000000 1.667148 1.000000 1.000000
0.599827 1.000000 1.409266 1.599021
1.000000 0.709589 1.000000 0.533383
1.000000 0.625383 1.874826 1.000000

Matrix 1862:
1.000000 1.000000 5.000000 2.000000
1.000000 1.000000 3.000000 1.679511
0.200000 0.333333 1.000000 0.509921
0.500000 0.595411 1.961089 1.000000

Matrix 1863:
1.000000 0.200000 1.637451 0.142857
5.000000 1.000000 8.000000 0.200000
0.610705 0.125000 1.000000 0.111111
7.000000 5.000000 9.000000 1.000000

Matrix 1864:
1.000000 1.000000 0.200000 7.000000
1.000000 1.000000 0.435861 9.000000
5.000000 2.294310 1.000000 7.740836
0.142857 0.111111 0.129185 1.000000

Matrix 1865:
1.000000 5.000000 1.000000 1.000000
0.200000 1.000000 0.250000 0.500000
1.000000 4.000000 1.000000 1.603077
1.000000 2.000000 0.623801 1.000000

Matrix 1866:
1.000000 0.603851 6.000000 0.500000
1.656037 1.000000 3.000000 0.561986
0.166667 0.333333 1.000000 0.125000
2.000000 1.779405 8.000000 1.000000

Matrix 1867:
1.000000 0.693833 4.000000 6.000000
1.441269 1.000000 4.000000 5.000000
0.250000 0.250000 1.000000 4.000000
0.166667 0.200000 0.250000 1.000000

Matrix 1868:
1.000000 0.606581 3.000000 2.000000
1.648583 1.000000 5.000000 2.000000
0.333333 0.200000 1.000000 0.333333
0.500000 0.500000 3.000000 1.000000

Matrix 1869:
1.000000 1.642519 0.111111 0.250000
0.608821 1.000000 0.166667 0.166667
9.000000 6.000000 1.000000 5.000000
4.000000 6.000000 0.200000 1.000000

Matrix 1870:
1.000000 0.500000 0.637114 2.000000
2.000000 1.000000 1.000000 1.086954
1.569578 1.000000 1.000000 1.297333
0.500000 0.920002 0.770812 1.000000

Matrix 1871:
1.000000 0.432570 0.333333 0.250000
2.311762 1.000000 0.470730 0.200000
3.000000 2.124360 1.000000 0.498917
4.000000 5.000000 2.004341 1.000000

Matrix 1872:
1.000000 2.325053 8.000000 1.361717
0.430098 1.000000 1.000000 0.200000
0.125000 1.000000 1.000000 0.111111
0.734367 5.000000 9.000000 1.000000

Matrix 1873:
1.000000 2.000000 1.562885 9.000000
0.500000 1.000000 0.608526 3.000000
0.639842 1.643316 1.000000 7.000000
0.111111 0.333333 0.142857 1.000000

Matrix 1874:
1.000000 1.000000 0.618189 5.000000
1.000000 1.000000 1.933108 3.000000
1.617628 0.517302 1.000000 6.000000
0.200000 0.333333 0.166667 1.000000

Matrix 1875:
1.000000 0.333333 0.116660 0.111111
3.000000 1.000000 0.125000 0.111111
8.571896 8.000000 1.000000 2.000000
9.000000 9.000000 0.500000 1.000000

Matrix 1876:
1.000000 0.125000 0.250000 1.202175
8.000000 1.000000 1.000000 8.000000
4.000000 1.000000 1.000000 3.000000
0.831826 0.125000 0.333333 1.000000

Matrix 1877:
1.000000 0.386145 1.528626 0.250000
2.589701 1.000000 1.807748 0.610041
0.654182 0.553174 1.000000 0.142857
4.000000 1.639235 7.000000 1.000000

Matrix 1878:
1.000000 1.961164 7.000000 1.375738
0.509901 1.000000 3.000000 1.642364
0.142857 0.333333 1.000000 0.333333
0.726882 0.608879 3.000000 1.000000

Matrix 1879:
1.000000 4.000000 0.684627 5.724936
0.250000 1.000000 0.685215 2.000000
1.460649 1.459397 1.000000 6.000000
0.174674 0.500000 0.166667 1.000000

Matrix 1880:
1.000000 0.250000 1.000000 0.573564
4.000000 1.000000 9.000000 4.000000
1.000000 0.111111 1.000000 1.618910
1.743484 0.250000 0.617700 1.000000

Matrix 1881:
1.000000 1.942870 7.000007 6.000000
0.514702 1.000000 1.708718 2.000000
0.142857 0.585234 1.000000 1.638134
0.166667 0.500000 0.610451 1.000000

Matrix 1882:
1.000000 9.000000 8.885556 3.000000
0.111111 1.000000 1.000000 0.200000
0.112542 1.000000 1.000000 0.166667
0.333333 5.000000 6.000000 1.000000

Matrix 1883:
1.000000 4.000000 1.717836 5.000000
0.250000 1.000000 0.125000 1.632096
0.582128 8.000000 1.000000 5.379860
0.200000 0.612709 0.185878 1.000000

Matrix 1884:
1.000000 4.000000 1.419266 0.662290
0.250000 1.000000 0.200000 0.406325
0.704589 5.000000 1.000000 2.000000
1.509912 2.461081 0.500000 1.000000

Matrix 1885:
1.000000 4.000000 1.437233 0.635675
0.250000 1.000000 1.000000 0.494920
0.695781 1.000000 1.000000 1.000000
1.573131 2.020529 1.000000 1.000000

Matrix 1886:
1.000000 0.500000 3.000000 3.000000
2.000000 1.000000 8.000000 1.970546
0.333333 0.125000 1.000000 0.500000
0.333333 0.507473 2.000000 1.000000

Matrix 1887:
1.000000 4.000000 0.250000 0.166667
0.250000 1.000000 0.125000 0.116041
4.000000 8.000000 1.000000 0.552900
6.000000 8.617634 1.808645 1.000000

Matrix 1888:
1.000000 4.000000 0.739567 3.118022
0.250000 1.000000 0.500000 0.850075
1.352142 2.000000 1.000000 0.936879
0.320716 1.176367 1.067374 1.000000

Matrix 1889:
1.000000 5.000000 1.476936 0.598257
0.200000 1.000000 0.250000 0.200000
0.677077 4.000000 1.000000 2.000000
1.671523 5.000000 0.500000 1.000000

Matrix 1890:
1.000000 0.500000 8.000000 2.379890
2.000000 1.000000 5.689198 2.000000
0.125000 0.175772 1.000000 0.125000
0.420187 0.500000 8.000000 1.000000

Matrix 1891:
1.000000 1.000000 5.999988 2.034560
1.000000 1.000000 1.954758 1.000000
0.166667 0.511572 1.000000 0.250000
0.491507 1.000000 4.000000 1.000000

Matrix 1892:
1.000000 1.000000 2.000000 1.000000
1.000000 1.000000 2.000000 0.752307
0.500000 0.500000 1.000000 1.497223
1.000000 1.329245 0.667903 1.000000

Matrix 1893:
1.000000 0.142857 0.125000 0.617545
7.000000 1.000000 0.200000 3.000000
8.000000 5.000000 1.000000 8.000000
1.619314 0.333333 0.125000 1.000000

Matrix 1894:
1.000000 1.692387 1.000000 1.000000
0.590881 1.000000 1.000000 0.607008
1.000000 1.000000 1.000000 1.763543
1.000000 1.647426 0.567040 1.000000

Matrix 1895:
1.000000 0.142857 0.318456 0.173049
7.000000 1.000000 5.000000 0.597929
3.140150 0.200000 1.000000 0.334330
5.778717 1.672440 2.991059 1.000000

Matrix 1896:
1.000000 0.433575 0.678848 1.730408
2.306408 1.000000 0.708586 1.000000
1.473084 1.411261 1.000000 1.176796
0.577898 1.000000 0.849765 1.000000

Matrix 1897:
1.000000 7.000007 2.852374 4.000000
0.142857 1.000000 0.250000 0.420650
0.350585 4.000000 1.000000 2.299381
0.250000 2.377273 0.434900 1.000000

Matrix 1898:
1.000000 1.000000 0.667790 0.250000
1.000000 1.000000 1.603864 0.142857
1.497478 0.623494 1.000000 0.333333
4.000000 7.000000 3.000000 1.000000

Matrix 1899:
1.000000 1.000000 0.166667 1.000000
1.000000 1.000000 0.333333 1.605982
6.000000 3.000000 1.000000 6.000000
1.000000 0.622672 0.166667 1.000000

Matrix 1900:
1.000000 0.922473 3.205060 1.687227
1.084042 1.000000 1.064911 0.500000
0.312007 0.939045 1.000000 0.235533
0.592688 2.000000 4.245698 1.000000

Matrix 1901:
1.000000 0.981983 4.000000 1.485726
1.018347 1.000000 2.000000 0.371193
0.250000 0.500000 1.000000 0.250000
0.673072 2.694018 4.000000 1.000000

Matrix 1902:
1.000000 7.000000 6.000000 9.000000
0.142857 1.000000 1.000000 1.752173
0.166667 1.000000 1.000000 0.530609
0.111111 0.570720 1.884627 1.000000

Matrix 1903:
1.000000 1.653273 3.000000 8.000000
0.604861 1.000000 3.000000 9.000000
0.333333 0.333333 1.000000 3.000000
0.125000 0.111111 0.333333 1.000000

Matrix 1904:
1.000000 7.000000 1.639263 4.000000
0.142857 1.000000 0.111111 1.000000
0.610030 9.000000 1.000000 3.000000
0.250000 1.000000 0.333333 1.000000

Matrix 1905:
1.000000 1.428700 0.166667 0.142857
0.699937 1.000000 0.200000 0.333333
6.000000 5.000000 1.000000 1.916260
7.000000 3.000000 0.521850 1.000000

Matrix 1906:
1.000000 0.625316 0.250000 1.000000
1.599191 1.000000 0.125000 0.446340
4.000000 8.000000 1.000000 4.044620
1.000000 2.240442 0.247242 1.000000

Matrix 1907:
1.000000 0.111111 1.569547 0.111111
9.000000 1.000000 7.000007 0.546756
0.637126 0.142857 1.000000 0.142857
9.000000 1.828970 7.000000 1.000000

Matrix 1908:
1.000000 7.000000 8.920658 4.000000
0.142857 1.000000 3.000000 0.500000
0.112099 0.333333 1.000000 0.333333
0.250000 2.000000 3.000000 1.000000

Matrix 1909:
1.000000 0.530032 1.251301 1.645347
1.886679 1.000000 0.617214 1.000000
0.799168 1.620183 1.000000 2.802923
0.607774 1.000000 0.356770 1.000000

Matrix 1910:
1.000000 2.270165 2.331132 1.000000
0.440497 1.000000 1.259933 1.475466
0.428976 0.793693 1.000000 1.538501
1.000000 0.677752 0.649983 1.000000

Matrix 1911:
1.000000 0.122409 1.000000 0.166667
8.169309 1.000000 8.000000 4.000000
1.000000 0.125000 1.000000 0.142857
6.000000 0.250000 7.000000 1.000000

Matrix 1912:
1.000000 0.526043 0.250000 0.111111
1.900986 1.000000 0.333333 0.250000
4.000000 3.000000 1.000000 1.758060
9.000000 4.000000 0.568809 1.000000

Matrix 1913:
1.000000 2.164377 5.508952 3.000000
0.462027 1.000000 6.000000 2.000000
0.181523 0.166667 1.000000 0.333333
0.333333 0.500000 3.000000 1.000000

Matrix 1914:
1.000000 0.200000 1.625608 7.000000
5.000000 1.000000 6.000000 8.932081
0.615154 0.166667 1.000000 4.000000
0.142857 0.111956 0.250000 1.000000

Matrix 1915:
1.000000 2.375273 3.000000 8.000000
0.421004 1.000000 1.653934 4.515783
0.333333 0.604619 1.000000 6.000000
0.125000 0.221446 0.166667 1.000000

Matrix 1916:
1.000000 0.745956 0.125000 1.737855
1.340561 1.000000 0.182746 1.000000
8.000000 5.472086 1.000000 3.000000
0.575422 1.000000 0.333333 1.000000

Matrix 1917:
1.000000 1.535432 0.505650 9.000000
0.651282 1.000000 0.825772 9.000000
1.977652 1.210988 1.000000 7.000000
0.111111 0.111111 0.142857 1.000000

Matrix 1918:
1.000000 2.000000 3.900864 0.612379
0.500000 1.000000 1.539419 0.413472
0.256353 0.649596 1.000000 0.500000
1.632976 2.418545 2.000000 1.000000

Matrix 1919:
1.000000 7.000007 1.380923 5.000000
0.142857 1.000000 0.142857 2.052531
0.724153 7.000000 1.000000 9.000000
0.200000 0.487203 0.111111 1.000000

Matrix 1920:
1.000000 1.000000 2.193956 1.194012
1.000000 1.000000 0.682909 0.333333
0.455798 1.464324 1.000000 0.500000
0.837512 3.000000 2.000000 1.000000

Matrix 1921:
1.000000 0.177956 0.111111 0.200000
5.619369 1.000000 0.166667 0.479108
9.000000 6.000000 1.000000 2.318840
5.000000 2.087212 0.431250 1.000000

Matrix 1922:
1.000000 0.500000 6.000000 0.500000
2.000000 1.000000 8.000000 0.746187
0.166667 0.125000 1.000000 0.142857
2.000000 1.340146 7.000000 1.000000

Matrix 1923:
1.000000 3.672503 5.000000 0.704310
0.272294 1.000000 0.828228 0.333333
0.200000 1.207397 1.000000 0.166667
1.419830 3.000000 6.000000 1.000000

Matrix 1924:
1.000000 0.596053 1.370348 0.333333
1.677704 1.000000 1.000000 1.603738
0.729742 1.000000 1.000000 1.000000
3.000000 0.623543 1.000000 1.000000

Matrix 1925:
1.000000 1.000000 0.200000 0.125000
1.000000 1.000000 0.200000 0.142857
5.000000 5.000000 1.000000 1.348786
8.000000 7.000000 0.741408 1.000000

Matrix 1926:
1.000000 0.333333 0.333333 0.125000
3.000000 1.000000 1.438130 0.333333
3.000000 0.695347 1.000000 0.333333
8.000000 3.000000 3.000000 1.000000

Matrix 1927:
1.000000 0.604306 4.000000 0.142857
1.654791 1.000000 3.000000 0.333333
0.250000 0.333333 1.000000 0.142857
7.000000 3.000000 7.000000 1.000000

Matrix 1928:
1.000000 1.560412 0.111111 0.500000
0.640856 1.000000 0.166667 1.000000
9.000000 6.000000 1.000000 2.000000
2.000000 1.000000 0.500000 1.000000

Matrix 1929:
1.000000 0.200000 1.000000 0.250000
5.000000 1.000000 1.859020 2.109415
1.000000 0.537918 1.000000 0.591650
4.000000 0.474065 1.690189 1.000000

Matrix 1930:
1.000000 3.000000 1.000000 0.111111
0.333333 1.000000 0.529833 0.166667
1.000000 1.887388 1.000000 0.200000
9.000000 6.000000 5.000000 1.000000

Matrix 1931:
1.000000 1.442676 0.200000 0.500000
0.693156 1.000000 0.142857 0.936677
5.000000 7.000000 1.000000 7.000000
2.000000 1.067604 0.142857 1.000000

Matrix 1932:
1.000000 1.000000 0.333333 0.828891
1.000000 1.000000 0.166667 2.000000
3.000000 6.000000 1.000000 8.000000
1.206431 0.500000 0.125000 1.000000

Matrix 1933:
1.000000 0.166667 0.250000 0.333333
6.000000 1.000000 0.632209 2.110866
4.000000 1.581755 1.000000 1.934739
3.000000 0.473739 0.516866 1.000000

Matrix 1934:
1.000000 0.555647 1.052270 1.575039
1.799704 1.000000 5.000000 1.000000
0.950326 0.200000 1.000000 0.500000
0.634905 1.000000 2.000000 1.000000

Matrix 1935:
1.000000 8.000000 7.000000 0.615329
0.125000 1.000000 1.000000 0.200000
0.142857 1.000000 1.000000 0.125000
1.625147 5.000000 8.000000 1.000000

Matrix 1936:
1.000000 0.250000 0.333333 0.624978
4.000000 1.000000 1.000000 2.000000
3.000000 1.000000 1.000000 5.000000
1.600057 0.500000 0.200000 1.000000

Matrix 1937:
1.000000 3.073665 0.540945 2.000000
0.325345 1.000000 0.333333 0.250000
1.848616 3.000000 1.000000 1.788484
0.500000 4.000000 0.559133 1.000000

Matrix 1938:
1.000000 0.333333 0.496774 0.212744
3.000000 1.000000 2.960366 0.630865
2.012987 0.337796 1.000000 0.200000
4.700490 1.585125 5.000000 1.000000

Matrix 1939:
1.000000 1.957312 0.642179 0.379146
0.510905 1.000000 0.111111 0.112875
1.557197 9.000000 1.000000 1.409847
2.637504 8.859367 0.709297 1.000000

Matrix 1940:
1.000000 0.660410 1.776534 0.250000
1.514211 1.000000 3.000003 0.558175
0.562894 0.333333 1.000000 0.391741
4.000000 1.791553 2.552706 1.000000

Matrix 1941:
1.000000 1.613429 1.000000 0.125000
0.619798 1.000000 1.000000 0.125000
1.000000 1.000000 1.000000 0.142857
8.000000 8.000000 7.000000 1.000000

Matrix 1942:
1.000000 2.846857 4.000000 0.523413
0.351265 1.000000 1.533874 0.142857
0.250000 0.651944 1.000000 0.267720
1.910536 7.000000 3.735249 1.000000

Matrix 1943:
1.000000 3.906131 1.280340 1.532169
0.256008 1.000000 0.514209 1.288894
0.781043 1.944734 1.000000 1.399831
0.652670 0.775859 0.714372 1.000000

Matrix 1944:
1.000000 1.074285 0.787240 0.927031
0.930851 1.000000 2.100968 0.500000
1.270261 0.475971 1.000000 0.250000
1.078712 2.000000 4.000000 1.000000

Matrix 1945:
1.000000 3.000000 0.642657 1.000000
0.333333 1.000000 0.333333 0.142857
1.556040 3.000000 1.000000 1.000000
1.000000 7.000000 1.000000 1.000000

Matrix 1946:
1.000000 5.999988 1.858868 2.000000
0.166667 1.000000 0.200000 0.111111
0.537962 5.000000 1.000000 1.642655
0.500000 9.000000 0.608771 1.000000

Matrix 1947:
1.000000 0.500000 0.500000 1.135285
2.000000 1.000000 0.765435 2.000000
2.000000 1.306447 1.000000 1.547898
0.880836 0.500000 0.646038 1.000000

Matrix 1948:
1.000000 0.500000 1.000000 0.142857
2.000000 1.000000 0.638950 0.200000
1.000000 1.565067 1.000000 0.250000
7.000000 5.000000 4.000000 1.000000

Matrix 1949:
1.000000 1.711797 0.668342 1.769258
0.584181 1.000000 0.500000 1.696684
1.496240 2.000000 1.000000 2.000000
0.565209 0.589385 0.500000 1.000000

Matrix 1950:
1.000000 1.465065 1.961299 0.693968
0.682563 1.000000 2.000000 1.520118
0.509866 0.500000 1.000000 0.250000
1.440989 0.657844 4.000000 1.000000

Matrix 1951:
1.000000 0.810217 1.355537 2.250272
1.234238 1.000000 0.485627 1.000000
0.737715 2.059193 1.000000 3.132933
0.444391 1.000000 0.319190 1.000000

Matrix 1952:
1.000000 1.000000 0.111111 0.599669
1.000000 1.000000 0.111111 1.693674
9.000000 9.000000 1.000000 6.000000
1.667587 0.590433 0.166667 1.000000

Matrix 1953:
1.000000 0.200000 1.646847 0.218162
5.000000 1.000000 2.190739 1.096809
0.607221 0.456467 1.000000 0.250000
4.583759 0.911736 4.000000 1.000000

Matrix 1954:
1.000000 7.000000 6.000000 1.000000
0.142857 1.000000 1.435414 0.125000
0.166667 0.696663 1.000000 0.333333
1.000000 8.000000 3.000000 1.000000

Matrix 1955:
1.000000 7.000000 1.557731 5.000000
0.142857 1.000000 0.125000 1.000000
0.641959 8.000000 1.000000 9.000000
0.200000 1.000000 0.111111 1.000000

Matrix 1956:
1.000000 6.000000 3.000000 5.000000
0.166667 1.000000 1.516061 1.000000
0.333333 0.659604 1.000000 2.218020
0.200000 1.000000 0.450853 1.000000

Matrix 1957:
1.000000 4.331345 1.867497 6.000000
0.230875 1.000000 0.333333 0.686804
0.535476 3.000000 1.000000 4.000000
0.166667 1.456019 0.250000 1.000000

Matrix 1958:
1.000000 1.000000 0.624012 0.200000
1.000000 1.000000 1.000000 0.333333
1.602534 1.000000 1.000000 0.500000
5.000000 3.000000 2.000000 1.000000

Matrix 1959:
1.000000 4.000000 6.362671 9.000000
0.250000 1.000000 4.000000 6.000000
0.157167 0.250000 1.000000 0.500000
0.111111 0.166667 2.000000 1.000000

Matrix 1960:
1.000000 0.500000 0.333333 2.000000
2.000000 1.000000 1.766453 1.867690
3.000000 0.566106 1.000000 4.000000
0.500000 0.535421 0.250000 1.000000

Matrix 1961:
1.000000 2.000000 9.000000 0.250000
0.500000 1.000000 2.119405 0.111111
0.111111 0.471830 1.000000 0.111111
4.000000 9.000000 9.000000 1.000000

Matrix 1962:
1.000000 1.649166 9.000000 0.516136
0.606367 1.000000 2.607034 1.000000
0.111111 0.383578 1.000000 0.200000
1.937473 1.000000 5.000000 1.000000

Matrix 1963:
1.000000 1.741639 0.142857 2.000000
0.574172 1.000000 0.125000 1.220789
7.000000 8.000000 1.000000 4.266061
0.500000 0.819142 0.234408 1.000000

Matrix 1964:
1.000000 0.587608 0.613037 0.505128
1.701814 1.000000 0.500000 0.200000
1.631222 2.000000 1.000000 0.500000
1.979696 5.000000 2.000000 1.000000

Matrix 1965:
1.000000 2.380893 0.928433 0.500000
0.420010 1.000000 1.316674 0.200000
1.077084 0.759489 1.000000 0.142857
2.000000 5.000000 7.000000 1.000000

Matrix 1966:
1.000000 1.000000 0.500000 0.500000
1.000000 1.000000 0.508534 1.445544
2.000000 1.966435 1.000000 2.000000
2.000000 0.691781 0.500000 1.000000

Matrix 1967:
1.000000 0.333333 0.500000 1.578405
3.000000 1.000000 5.000000 7.000000
2.000000 0.200000 1.000000 2.000000
0.633551 0.142857 0.500000 1.000000

Matrix 1968:
1.000000 0.142857 4.000000 2.000000
7.000000 1.000000 8.860026 8.000000
0.250000 0.112866 1.000000 1.000000
0.500000 0.125000 1.000000 1.000000

Matrix 1969:
1.000000 1.914160 0.808335 0.505522
0.522422 1.000000 0.333333 0.503920
1.237111 3.000000 1.000000 0.633508
1.978155 1.984441 1.578513 1.000000

Matrix 1970:
1.000000 1.445381 1.665599 2.639213
0.691859 1.000000 0.333333 1.000000
0.600385 3.000000 1.000000 2.675378
0.378901 1.000000 0.373779 1.000000

Matrix 1971:
1.000000 0.767135 1.238754 0.333333
1.303551 1.000000 0.607131 0.142857
0.807263 1.647090 1.000000 0.111111
3.000000 7.000000 9.000000 1.000000

Matrix 1972:
1.000000 1.000000 0.125000 0.333333
1.000000 1.000000 0.111111 1.614249
8.000000 9.000000 1.000000 5.000000
3.000000 0.619483 0.200000 1.000000

Matrix 1973:
1.000000 8.000000 0.640113 0.333333
0.125000 1.000000 0.250000 0.125000
1.562225 4.000000 1.000000 0.333333
3.000000 8.000000 3.000000 1.000000

Matrix 1974:
1.000000 1.000000 6.000000 0.692412
1.000000 1.000000 7.000000 1.000000
0.166667 0.142857 1.000000 0.333333
1.444228 1.000000 3.000000 1.000000

Matrix 1975:
1.000000 0.601108 1.597222 2.889476
1.663594 1.000000 0.764065 5.000000
0.626087 1.308788 1.000000 2.000000
0.346084 0.200000 0.500000 1.000000

Matrix 1976:
1.000000 6.000000 8.000000 1.000000
0.166667 1.000000 0.652278 0.142857
0.125000 1.533089 1.000000 0.125000
1.000000 7.000000 8.000000 1.000000

Matrix 1977:
1.000000 0.111111 3.000000 0.250000
9.000000 1.000000 8.895181 2.000000
0.333333 0.112420 1.000000 0.250000
4.000000 0.500000 4.000000 1.000000

Matrix 1978:
1.000000 0.420557 1.509431 4.000000
2.377800 1.000000 2.000000 5.191870
0.662501 0.500000 1.000000 5.000000
0.250000 0.192609 0.200000 1.000000

Matrix 1979:
1.000000 0.250000 1.000000 0.640922
4.000000 1.000000 9.000000 9.000000
1.000000 0.111111 1.000000 1.000000
1.560251 0.111111 1.000000 1.000000

Matrix 1980:
1.000000 1.000000 1.000000 1.718606
1.000000 1.000000 1.000000 3.000000
1.000000 1.000000 1.000000 1.000000
0.581867 0.333333 1.000000 1.000000

Matrix 1981:
1.000000 0.200000 1.203969 0.618182
5.000000 1.000000 3.000003 4.000000
0.830586 0.333333 1.000000 2.000000
1.617646 0.250000 0.500000 1.000000

Matrix 1982:
1.000000 0.596798 8.000000 2.000000
1.675610 1.000000 9.000000 5.000000
0.125000 0.111111 1.000000 0.166667
0.500000 0.200000 6.000000 1.000000

Matrix 1983:
1.000000 0.111111 0.333333 0.576024
9.000000 1.000000 5.000000 9.000000
3.000000 0.200000 1.000000 1.000000
1.736039 0.111111 1.000000 1.000000

Matrix 1984:
1.000000 5.000000 0.637600 0.500000
0.200000 1.000000 0.166667 0.333333
1.568382 6.000000 1.000000 1.000000
2.000000 3.000000 1.000000 1.000000

Matrix 1985:
1.000000 0.641969 7.000007 1.000000
1.557708 1.000000 4.449488 0.465270
0.142857 0.224745 1.000000 0.125000
1.000000 2.149291 8.000000 1.000000

Matrix 1986:
1.000000 0.499524 0.250000 1.000000
2.001905 1.000000 0.250000 1.059954
4.000000 4.000000 1.000000 7.000000
1.000000 0.943437 0.142857 1.000000

Matrix 1987:
1.000000 0.142857 0.610454 0.333333
7.000000 1.000000 7.000000 1.000000
1.638124 0.142857 1.000000 0.500000
3.000000 1.000000 2.000000 1.000000

Matrix 1988:
1.000000 9.000000 1.000000 3.000000
0.111111 1.000000 0.125000 0.200000
1.000000 8.000000 1.000000 2.186122
0.333333 5.000000 0.457431 1.000000

Matrix 1989:
1.000000 0.500000 0.333333 0.142857
2.000000 1.000000 0.661620 0.166667
3.000000 1.511443 1.000000 0.166667
7.000000 6.000000 6.000000 1.000000

Matrix 1990:
1.000000 9.000009 8.000000 8.000000
0.111111 1.000000 1.707561 0.753425
0.125000 0.585630 1.000000 2.285503
0.125000 1.327272 0.437540 1.000000

Matrix 1991:
1.000000 1.000000 0.514485 0.500000
1.000000 1.000000 0.200000 1.000000
1.943691 5.000000 1.000000 2.570830
2.000000 1.000000 0.388979 1.000000

Matrix 1992:
1.000000 8.000000 0.250000 1.503777
0.125000 1.000000 0.125000 0.142857
4.000000 8.000000 1.000000 2.000000
0.664992 7.000000 0.500000 1.000000

Matrix 1993:
1.000000 0.125000 0.142857 0.125000
8.000000 1.000000 1.730778 0.841283
7.000000 0.577775 1.000000 2.000000
8.000000 1.188660 0.500000 1.000000

Matrix 1994:
1.000000 0.601859 2.000000 2.000000
1.661519 1.000000 5.000000 1.015960
0.500000 0.200000 1.000000 1.000000
0.500000 0.984290 1.000000 1.000000

Matrix 1995:
1.000000 9.000000 1.000000 1.638695
0.111111 1.000000 0.333333 0.125000
1.000000 3.000000 1.000000 0.333333
0.610242 8.000000 3.000000 1.000000

Matrix 1996:
1.000000 7.000000 0.605963 7.000000
0.142857 1.000000 0.125000 4.000000
1.650266 8.000000 1.000000 9.000000
0.142857 0.250000 0.111111 1.000000

Matrix 1997:
1.000000 2.000000 0.200000 1.000000
0.500000 1.000000 0.142857 1.588531
5.000000 7.000000 1.000000 4.000000
1.000000 0.629512 0.250000 1.000000

Matrix 1998:
1.000000 1.000000 1.000000 0.641265
1.000000 1.000000 0.500000 1.000000
1.000000 2.000000 1.000000 3.000000
1.559417 1.000000 0.333333 1.000000

Matrix 1999:
1.000000 0.446400 0.500000 0.145766
2.240145 1.000000 0.372622 0.125000
2.000000 2.683685 1.000000 0.250000
6.860313 8.000000 4.000000 1.000000

Matrix 2000:
1.000000 0.166667 1.691160 0.111111
6.000000 1.000000 9.000000 0.561271
0.591310 0.111111 1.000000 0.200000
9.000000 1.781671 5.000000 1.000000

Matrix 2001:
1.000000 0.958487 8.000000 1.000000
1.043311 1.000000 5.999988 0.625021
0.125000 0.166667 1.000000 0.166667
1.000000 1.599947 6.000000 1.000000

Matrix 2002:
1.000000 3.000003 0.512678 1.000000
0.333333 1.000000 0.200000 0.225288
1.950541 5.000000 1.000000 0.716622
1.000000 4.438760 1.395436 1.000000

Matrix 2003:
1.000000 7.000000 8.000000 0.696863
0.142857 1.000000 0.500000 0.200000
0.125000 2.000000 1.000000 0.200000
1.435003 5.000000 5.000000 1.000000

Matrix 2004:
1.000000 7.397513 3.000000 1.680025
0.135181 1.000000 0.250000 0.200000
0.333333 4.000000 1.000000 0.593259
0.595229 5.000000 1.685605 1.000000

Matrix 2005:
1.000000 1.000000 0.333333 0.988385
1.000000 1.000000 0.166667 2.000000
3.000000 6.000000 1.000000 6.000000
1.011752 0.500000 0.166667 1.000000

Matrix 2006:
1.000000 0.595978 1.941906 3.000000
1.677914 1.000000 1.374237 5.000000
0.514958 0.727677 1.000000 0.716848
0.333333 0.200000 1.394996 1.000000

Matrix 2007:
1.000000 1.000000 0.333333 0.657586
1.000000 1.000000 0.333333 1.000000
3.000000 3.000000 1.000000 4.000000
1.520715 1.000000 0.250000 1.000000

Matrix 2008:
1.000000 2.000000 1.634000 1.000000
0.500000 1.000000 0.500000 0.166667
0.611995 2.000000 1.000000 1.356949
1.000000 6.000000 0.736948 1.000000

Matrix 2009:
1.000000 0.111111 2.000000 0.166667
9.000000 1.000000 8.395848 2.000000
0.500000 0.119106 1.000000 0.142857
6.000000 0.500000 7.000000 1.000000

Matrix 2010:
1.000000 0.323807 0.166667 0.115535
3.088256 1.000000 1.000000 0.200000
6.000000 1.000000 1.000000 0.142857
8.655365 5.000000 7.000000 1.000000

Matrix 2011:
1.000000 0.160126 0.142857 1.000000
6.245091 1.000000 1.636793 8.000000
7.000000 0.610951 1.000000 8.000000
1.000000 0.125000 0.125000 1.000000

Matrix 2012:
1.000000 2.180474 1.656391 4.000000
0.458616 1.000000 0.500000 3.295885
0.603722 2.000000 1.000000 7.000000
0.250000 0.303409 0.142857 1.000000

Matrix 2013:
1.000000 0.174146 2.751545 0.200000
5.742308 1.000000 5.000000 0.500000
0.363432 0.200000 1.000000 0.128618
5.000000 2.000000 7.774946 1.000000

Matrix 2014:
1.000000 5.999988 4.000000 5.000000
0.166667 1.000000 0.648374 2.000000
0.250000 1.542319 1.000000 0.770561
0.200000 0.500000 1.297756 1.000000

Matrix 2015:
1.000000 6.000000 3.000000 8.660914
0.166667 1.000000 0.250000 4.000000
0.333333 4.000000 1.000000 6.000000
0.115461 0.250000 0.166667 1.000000

Matrix 2016:
1.000000 0.644759 9.000000 1.726808
1.550967 1.000000 7.000000 1.000000
0.111111 0.142857 1.000000 0.200000
0.579103 1.000000 5.000000 1.000000

Matrix 2017:
1.000000 2.579105 0.500000 0.509265
0.387731 1.000000 0.200000 0.250000
2.000000 5.000000 1.000000 0.459758
1.963613 4.000000 2.175056 1.000000

Matrix 2018:
1.000000 0.166667 0.200000 2.000000
6.000000 1.000000 3.000000 8.313722
5.000000 0.333333 1.000000 3.000000
0.500000 0.120283 0.333333 1.000000

Matrix 2019:
1.000000 0.500000 0.200000 1.000000
2.000000 1.000000 1.000000 0.829551
5.000000 1.000000 1.000000 2.292949
1.000000 1.205471 0.436120 1.000000

Matrix 2020:
1.000000 2.000000 1.595006 0.425467
0.500000 1.000000 1.000000 0.466207
0.626957 1.000000 1.000000 1.000000
2.350358 2.144969 1.000000 1.000000

Matrix 2021:
1.000000 0.500000 2.000000 1.606726
2.000000 1.000000 7.000000 2.000000
0.500000 0.142857 1.000000 0.142857
0.622384 0.500000 7.000000 1.000000

Matrix 2022:
1.000000 0.166667 0.112819 0.125000
6.000000 1.000000 0.125000 0.500000
8.863762 8.000000 1.000000 2.000000
8.000000 2.000000 0.500000 1.000000

Matrix 2023:
1.000000 0.539809 2.179495 7.000000
1.852507 1.000000 1.815918 5.000000
0.458822 0.550686 1.000000 1.000000
0.142857 0.200000 1.000000 1.000000

Matrix 2024:
1.000000 0.250000 0.623845 0.142857
4.000000 1.000000 7.000000 1.000000
1.602963 0.142857 1.000000 0.166667
7.000000 1.000000 6.000000 1.000000

Matrix 2025:
1.000000 0.200000 1.504939 0.579853
5.000000 1.000000 8.000000 2.497031
0.664479 0.125000 1.000000 0.500000
1.724575 0.400476 2.000000 1.000000

Matrix 2026:
1.000000 0.563569 0.620824 1.609233
1.774404 1.000000 1.000000 1.000000
1.610762 1.000000 1.000000 0.941680
0.621414 1.000000 1.061932 1.000000

Matrix 2027:
1.000000 0.540313 1.220240 2.000000
1.850780 1.000000 1.000000 3.000000
0.819511 1.000000 1.000000 7.000000
0.500000 0.333333 0.142857 1.000000

Matrix 2028:
1.000000 1.752867 1.000000 7.000000
0.570494 1.000000 0.250000 9.000000
1.000000 4.000000 1.000000 6.986414
0.142857 0.111111 0.143135 1.000000

Matrix 2029:
1.000000 1.000000 1.450285 2.766683
1.000000 1.000000 5.999988 4.000000
0.689519 0.166667 1.000000 0.574593
0.361444 0.250000 1.740361 1.000000

Matrix 2030:
1.000000 3.000000 2.000000 4.000000
0.333333 1.000000 1.229180 4.000000
0.500000 0.813550 1.000000 6.000000
0.250000 0.250000 0.166667 1.000000

Matrix 2031:
1.000000 3.000003 5.912356 1.000000
0.333333 1.000000 8.000000 0.333333
0.169137 0.125000 1.000000 0.125000
1.000000 3.000000 8.000000 1.000000

Matrix 2032:
1.000000 1.609412 1.615561 5.000000
0.621345 1.000000 1.000000 2.833844
0.618980 1.000000 1.000000 4.000000
0.200000 0.352878 0.250000 1.000000

Matrix 2033:
1.000000 1.816884 5.999988 4.000000
0.550393 1.000000 5.000000 4.513581
0.166667 0.200000 1.000000 1.726046
0.250000 0.221554 0.579359 1.000000

Matrix 2034:
1.000000 1.000000 1.000000 4.000000
1.000000 1.000000 1.431966 5.000000
1.000000 0.698341 1.000000 9.000000
0.250000 0.200000 0.111111 1.000000

Matrix 2035:
1.000000 0.324471 0.743934 1.564267
3.081938 1.000000 2.119482 2.000000
1.344204 0.471813 1.000000 1.000000
0.639277 0.500000 1.000000 1.000000

Matrix 2036:
1.000000 1.788490 0.333333 0.636779
0.559131 1.000000 0.166667 0.200000
3.000000 6.000000 1.000000 1.633618
1.570404 5.000000 0.612138 1.000000

Matrix 2037:
1.000000 1.463747 0.402601 0.764147
0.683178 1.000000 0.142857 1.505680
2.483846 7.000000 1.000000 5.000000
1.308649 0.664152 0.200000 1.000000

Matrix 2038:
1.000000 0.166667 0.250000 0.200000
6.000000 1.000000 0.820978 0.500000
4.000000 1.218059 1.000000 0.500000
5.000000 2.000000 2.000000 1.000000

Matrix 2039:
1.000000 3.161443 0.333333 0.416653
0.316311 1.000000 0.125000 0.250000
3.000000 8.000000 1.000000 2.744905
2.400081 4.000000 0.364311 1.000000

Matrix 2040:
1.000000 0.229314 1.479014 0.564688
4.360837 1.000000 2.340118 1.028079
0.676126 0.427329 1.000000 1.000000
1.770889 0.972688 1.000000 1.000000

Matrix 2041:
1.000000 0.774820 0.555302 0.614306
1.290622 1.000000 2.000000 1.000000
1.800822 0.500000 1.000000 2.000000
1.627854 1.000000 0.500000 1.000000

Matrix 2042:
1.000000 1.658754 4.000000 1.799878
0.602862 1.000000 1.000000 2.499801
0.250000 1.000000 1.000000 2.000000
0.555593 0.400032 0.500000 1.000000

Matrix 2043:
1.000000 1.000000 0.166667 1.000000
1.000000 1.000000 0.250000 0.655577
6.000000 4.000000 1.000000 9.000000
1.000000 1.525373 0.111111 1.000000

Matrix 2044:
1.000000 0.608923 1.835767 0.467156
1.642245 1.000000 1.000000 0.348582
0.544731 1.000000 1.000000 0.500000
2.140614 2.868767 2.000000 1.000000

Matrix 2045:
1.000000 9.000000 4.000000 5.000000
0.111111 1.000000 1.000000 1.000000
0.250000 1.000000 1.000000 1.502861
0.200000 1.000000 0.665398 1.000000

Matrix 2046:
1.000000 0.500000 0.605338 7.000000
2.000000 1.000000 0.500000 7.000000
1.651969 2.000000 1.000000 4.000000
0.142857 0.142857 0.250000 1.000000

Matrix 2047:
1.000000 1.000000 2.000000 0.508804
1.000000 1.000000 1.239913 0.333333
0.500000 0.806508 1.000000 1.000000
1.965394 3.000000 1.000000 1.000000

Matrix 2048:
1.000000 5.000000 7.000000 6.000000
0.200000 1.000000 1.000000 1.573923
0.142857 1.000000 1.000000 2.000000
0.166667 0.635355 0.500000 1.000000

Matrix 2049:
1.000000 2.267106 1.294579 4.000000
0.441091 1.000000 1.067057 0.989696
0.772452 0.937157 1.000000 2.000000
0.250000 1.010411 0.500000 1.000000

Matrix 2050:
1.000000 7.000000 1.000000 1.600579
0.142857 1.000000 0.200000 0.125000
1.000000 5.000000 1.000000 0.500000
0.624774 8.000000 2.000000 1.000000

Matrix 2051:
1.000000 2.000000 0.500000 8.000000
0.500000 1.000000 1.005931 5.568733
2.000000 0.994104 1.000000 9.000000
0.125000 0.179574 0.111111 1.000000

Matrix 2052:
1.000000 0.500000 8.000000 8.000000
2.000000 1.000000 8.979282 9.000000
0.125000 0.111367 1.000000 0.500000
0.125000 0.111111 2.000000 1.000000

Matrix 2053:
1.000000 2.178036 0.111111 0.144842
0.459129 1.000000 0.111111 0.147440
9.000000 9.000000 1.000000 0.500000
6.904060 6.782400 2.000000 1.000000

Matrix 2054:
1.000000 0.200000 0.575847 0.511542
5.000000 1.000000 1.000000 3.000000
1.736571 1.000000 1.000000 4.000000
1.954873 0.333333 0.250000 1.000000

Matrix 2055:
1.000000 7.000000 0.735063 7.000000
0.142857 1.000000 0.166667 1.000000
1.360427 6.000000 1.000000 5.000000
0.142857 1.000000 0.200000 1.000000

Matrix 2056:
1.000000 3.000000 8.000000 1.000000
0.333333 1.000000 1.652195 0.125000
0.125000 0.605255 1.000000 0.166667
1.000000 8.000000 6.000000 1.000000

Matrix 2057:
1.000000 0.516846 0.333333 1.000000
1.934810 1.000000 2.000000 9.000000
3.000000 0.500000 1.000000 3.000000
1.000000 0.111111 0.333333 1.000000

Matrix 2058:
1.000000 4.000000 0.333333 1.602761
0.250000 1.000000 0.125000 0.166667
3.000000 8.000000 1.000000 4.000000
0.623923 6.000000 0.250000 1.000000

Matrix 2059:
1.000000 6.000000 7.000000 1.200685
0.166667 1.000000 0.500000 0.111111
0.142857 2.000000 1.000000 0.111111
0.832858 9.000000 9.000000 1.000000

Matrix 2060:
1.000000 0.333333 2.075978 3.000000
3.000000 1.000000 8.000000 4.396219
0.481701 0.125000 1.000000 2.816243
0.333333 0.227468 0.355083 1.000000

Matrix 2061:
1.000000 3.000000 0.503022 1.000000
0.333333 1.000000 0.111111 0.500000
1.987985 9.000000 1.000000 7.000000
1.000000 2.000000 0.142857 1.000000

Matrix 2062:
1.000000 0.525556 1.000000 1.000000
1.902745 1.000000 0.994674 1.178232
1.000000 1.005354 1.000000 0.333333
1.000000 0.848729 3.000000 1.000000

Matrix 2063:
1.000000 0.333333 0.250000 0.500000
3.000000 1.000000 0.738742 4.000000
4.000000 1.353653 1.000000 4.000000
2.000000 0.250000 0.250000 1.000000

Matrix 2064:
1.000000 3.000003 1.659601 1.000000
0.333333 1.000000 0.125000 0.250000
0.602555 8.000000 1.000000 1.639070
1.000000 4.000000 0.610102 1.000000

Matrix 2065:
1.000000 3.021569 1.000000 4.000000
0.330954 1.000000 0.545099 2.000000
1.000000 1.834529 1.000000 1.280247
0.250000 0.500000 0.781099 1.000000

Matrix 2066:
1.000000 0.500000 0.500000 0.142857
2.000000 1.000000 1.431880 0.125000
2.000000 0.698383 1.000000 0.166667
7.000000 8.000000 6.000000 1.000000

Matrix 2067:
1.000000 0.571396 1.000000 0.333333
1.750099 1.000000 0.764621 0.166667
1.000000 1.307838 1.000000 0.305791
3.000000 6.000000 3.270209 1.000000

Matrix 2068:
1.000000 0.512867 1.787907 0.396766
1.949823 1.000000 1.651975 0.500000
0.559313 0.605336 1.000000 0.756131
2.520377 2.000000 1.322522 1.000000

Matrix 2069:
1.000000 0.500000 0.111111 0.623807
2.000000 1.000000 0.500000 4.000000
9.000000 2.000000 1.000000 8.000000
1.603061 0.250000 0.125000 1.000000

Matrix 2070:
1.000000 5.000000 1.561870 0.500000
0.200000 1.000000 0.125000 0.125000
0.640258 8.000000 1.000000 1.512300
2.000000 8.000000 0.661245 1.000000

Matrix 2071:
1.000000 1.826364 3.423667 8.000000
0.547536 1.000000 3.000003 5.000000
0.292085 0.333333 1.000000 0.518584
0.125000 0.200000 1.928328 1.000000

Matrix 2072:
1.000000 1.626530 3.000000 1.000000
0.614806 1.000000 5.000000 1.000000
0.333333 0.200000 1.000000 0.200000
1.000000 1.000000 5.000000 1.000000

Matrix 2073:
1.000000 0.728754 0.166667 0.250000
1.372205 1.000000 0.197048 0.250000
6.000000 5.074898 1.000000 0.690087
4.000000 4.000000 1.449094 1.000000

Matrix 2074:
1.000000 0.333333 0.111111 0.333333
3.000000 1.000000 0.125000 0.600757
9.000000 8.000000 1.000000 8.000000
3.000000 1.664567 0.125000 1.000000

Matrix 2075:
1.000000 1.125902 0.509781 1.855251
0.888177 1.000000 0.597569 0.545928
1.961628 1.673446 1.000000 1.000000
0.539011 1.831745 1.000000 1.000000

Matrix 2076:
1.000000 2.000000 4.000000 4.000000
0.500000 1.000000 7.000000 4.000000
0.250000 0.142857 1.000000 1.429155
0.250000 0.250000 0.699714 1.000000

Matrix 2077:
1.000000 8.000000 7.000000 4.000000
0.125000 1.000000 0.516300 1.641481
0.142857 1.936857 1.000000 1.000000
0.250000 0.609206 1.000000 1.000000

Matrix 2078:
1.000000 0.125000 0.200000 1.000000
8.000000 1.000000 1.000000 6.000000
5.000000 1.000000 1.000000 1.768395
1.000000 0.166667 0.565485 1.000000

Matrix 2079:
1.000000 1.172573 7.000000 1.000000
0.852825 1.000000 2.000000 0.250000
0.142857 0.500000 1.000000 0.142857
1.000000 4.000000 7.000000 1.000000

Matrix 2080:
1.000000 0.250000 0.166667 1.000000
4.000000 1.000000 1.674073 3.000000
6.000000 0.597345 1.000000 2.000000
1.000000 0.333333 0.500000 1.000000

Matrix 2081:
1.000000 0.568682 1.730246 5.000000
1.758453 1.000000 2.000000 6.000000
0.577952 0.500000 1.000000 3.000000
0.200000 0.166667 0.333333 1.000000

Matrix 2082:
1.000000 1.585309 5.000000 1.000000
0.630792 1.000000 2.000000 1.000000
0.200000 0.500000 1.000000 0.125000
1.000000 1.000000 8.000000 1.000000

Matrix 2083:
1.000000 0.496573 3.000000 9.000000
2.013804 1.000000 6.000000 6.000000
0.333333 0.166667 1.000000 1.633762
0.111111 0.166667 0.612084 1.000000

Matrix 2084:
1.000000 0.500000 1.000000 3.000000
2.000000 1.000000 3.000000 7.000000
1.000000 0.333333 1.000000 0.987700
0.333333 0.142857 1.012453 1.000000

Matrix 2085:
1.000000 7.466708 4.601782 7.000000
0.133928 1.000000 0.681939 0.493408
0.217307 1.466406 1.000000 1.982858
0.142857 2.026721 0.504323 1.000000

Matrix 2086:
1.000000 1.000000 1.794762 8.000000
1.000000 1.000000 0.613748 5.000000
0.557177 1.629333 1.000000 5.000000
0.125000 0.200000 0.200000 1.000000

Matrix 2087:
1.000000 0.142857 0.142857 0.500000
7.000000 1.000000 1.708681 7.000000
7.000000 0.585247 1.000000 8.000000
2.000000 0.142857 0.125000 1.000000

Matrix 2088:
1.000000 0.654148 1.057496 6.000000
1.528705 1.000000 0.535115 7.000000
0.945630 1.868758 1.000000 5.259587
0.166667 0.142857 0.190129 1.000000

Matrix 2089:
1.000000 2.022328 0.500000 4.000000
0.494480 1.000000 0.829325 1.000000
2.000000 1.205800 1.000000 2.747326
0.250000 1.000000 0.363990 1.000000

Matrix 2090:
1.000000 6.000000 0.500000 4.000000
0.166667 1.000000 0.200000 1.518712
2.000000 5.000000 1.000000 7.000000
0.250000 0.658453 0.142857 1.000000

Matrix 2091:
1.000000 0.500000 1.000000 1.509730
2.000000 1.000000 7.000000 4.000000
1.000000 0.142857 1.000000 0.605936
0.662370 0.250000 1.650339 1.000000

Matrix 2092:
1.000000 0.200000 1.623872 1.000000
5.000000 1.000000 7.000000 6.000000
0.615812 0.142857 1.000000 1.000000
1.000000 0.166667 1.000000 1.000000

Matrix 2093:
1.000000 4.000000 1.643018 0.656372
0.250000 1.000000 0.125000 0.166667
0.608636 8.000000 1.000000 1.000000
1.523527 6.000000 1.000000 1.000000

Matrix 2094:
1.000000 0.364898 1.550332 0.656809
2.740493 1.000000 1.630940 1.541889
0.645023 0.613143 1.000000 1.000000
1.522513 0.648555 1.000000 1.000000

Matrix 2095:
1.000000 0.200000 0.619672 1.359284
5.000000 1.000000 8.000000 5.000000
1.613756 0.125000 1.000000 0.722953
0.735682 0.200000 1.383215 1.000000

Matrix 2096:
1.000000 0.200000 0.333333 0.333333
5.000000 1.000000 0.737247 2.000000
3.000000 1.356397 1.000000 2.000000
3.000000 0.500000 0.500000 1.000000

Matrix 2097:
1.000000 2.000000 1.122040 0.649050
0.500000 1.000000 0.250000 0.395124
0.891234 4.000000 1.000000 3.000000
1.540714 2.530853 0.333333 1.000000

Matrix 2098:
1.000000 1.000000 1.000000 2.000000
1.000000 1.000000 0.333333 0.693459
1.000000 3.000000 1.000000 3.000000
0.500000 1.442047 0.333333 1.000000

Matrix 2099:
1.000000 0.500000 0.113084 0.250000
2.000000 1.000000 0.200000 1.000000
8.843013 5.000000 1.000000 5.000000
4.000000 1.000000 0.200000 1.000000

Matrix 2100:
1.000000 3.356599 0.333333 0.783477
0.297921 1.000000 0.142857 1.002361
3.000000 7.000000 1.000000 6.000000
1.276361 0.997645 0.166667 1.000000

Matrix 2101:
1.000000 2.000000 0.333333 1.644147
0.500000 1.000000 0.200000 0.250000
3.000000 5.000000 1.000000 6.000000
0.608218 4.000000 0.166667 1.000000

Matrix 2102:
1.000000 0.250000 2.000000 2.000000
4.000000 1.000000 2.000000 2.000000
0.500000 0.500000 1.000000 1.455887
0.500000 0.500000 0.686866 1.000000

Matrix 2103:
1.000000 1.000000 0.606528 0.125000
1.000000 1.000000 1.639234 0.528048
1.648727 0.610041 1.000000 0.166667
8.000000 1.893766 6.000000 1.000000

Matrix 2104:
1.000000 9.000009 7.143624 1.635248
0.111111 1.000000 1.595094 0.111111
0.139985 0.626922 1.000000 0.125000
0.611528 9.000000 8.000000 1.000000

Matrix 2105:
1.000000 1.216561 0.768410 0.333333
0.821989 1.000000 0.166667 0.446952
1.301389 6.000000 1.000000 1.630510
3.000000 2.237379 0.613305 1.000000

Matrix 2106:
1.000000 0.582032 1.000000 0.915377
1.718119 1.000000 1.000000 0.333333
1.000000 1.000000 1.000000 0.556046
1.092446 3.000000 1.798412 1.000000

Matrix 2107:
1.000000 1.540273 2.000000 2.000000
0.649236 1.000000 2.000000 1.706117
0.500000 0.500000 1.000000 0.644951
0.500000 0.586126 1.550505 1.000000

Matrix 2108:
1.000000 0.600444 3.000000 9.000000
1.665434 1.000000 4.000000 8.000000
0.333333 0.250000 1.000000 6.000000
0.111111 0.125000 0.166667 1.000000

Matrix 2109:
1.000000 4.000000 0.599628 4.000000
0.250000 1.000000 0.125000 0.250000
1.667702 8.000000 1.000000 2.000000
0.250000 4.000000 0.500000 1.000000

Matrix 2110:
1.000000 1.000000 1.000000 6.000000
1.000000 1.000000 0.610056 9.000000
1.000000 1.639193 1.000000 4.000000
0.166667 0.111111 0.250000 1.000000

Matrix 2111:
1.000000 0.250000 0.333333 1.000000
4.000000 1.000000 1.642102 5.000000
3.000000 0.608975 1.000000 4.000000
1.000000 0.200000 0.250000 1.000000

Matrix 2112:
1.000000 1.000000 2.000000 0.611092
1.000000 1.000000 0.743193 1.000000
0.500000 1.345545 1.000000 0.332385
1.636414 1.000000 3.008562 1.000000

Matrix 2113:
1.000000 1.000000 0.621906 7.000000
1.000000 1.000000 0.500000 6.000000
1.607959 2.000000 1.000000 9.000000
0.142857 0.166667 0.111111 1.000000

Matrix 2114:
1.000000 1.157374 1.196580 0.353123
0.864025 1.000000 0.254573 0.250000
0.835715 3.928143 1.000000 1.086078
2.831877 4.000000 0.920744 1.000000

Matrix 2115:
1.000000 0.199950 1.403178 0.500000
5.001257 1.000000 5.000000 8.000000
0.712668 0.200000 1.000000 1.277108
2.000000 0.125000 0.783019 1.000000

Matrix 2116:
1.000000 0.665351 0.692640 2.897474
1.502967 1.000000 2.000000 1.982859
1.443752 0.500000 1.000000 1.000000
0.345128 0.504322 1.000000 1.000000

Matrix 2117:
1.000000 8.000000 0.333333 1.000000
0.125000 1.000000 0.111975 0.111111
3.000000 8.930556 1.000000 5.000000
1.000000 9.000000 0.200000 1.000000

Matrix 2118:
1.000000 0.699638 1.000000 1.455014
1.429310 1.000000 1.907383 1.000000
1.000000 0.524279 1.000000 0.333333
0.687279 1.000000 3.000000 1.000000

Matrix 2119:
1.000000 5.000000 6.000000 0.622262
0.200000 1.000000 0.602151 0.200000
0.166667 1.660713 1.000000 0.142857
1.607040 5.000000 7.000000 1.000000

Matrix 2120:
1.000000 1.163369 1.000000 0.758258
0.859573 1.000000 1.991531 2.555080
1.000000 0.502126 1.000000 2.000000
1.318813 0.391377 0.500000 1.000000

Matrix 2121:
1.000000 0.636200 0.500000 1.000000
1.571832 1.000000 0.486880 0.537814
2.000000 2.053895 1.000000 0.636875
1.000000 1.859378 1.570167 1.000000

Matrix 2122:
1.000000 1.255626 0.500000 0.333333
0.796415 1.000000 1.478591 0.356546
2.000000 0.676320 1.000000 1.000000
3.000000 2.804688 1.000000 1.000000

Matrix 2123:
1.000000 1.597768 0.715009 0.586571
0.625873 1.000000 0.703098 1.000000
1.398583 1.422277 1.000000 2.000000
1.704824 1.000000 0.500000 1.000000

Matrix 2124:
1.000000 2.260896 1.000000 1.000000
0.442303 1.000000 2.086949 0.590163
1.000000 0.479168 1.000000 1.000000
1.000000 1.694446 1.000000 1.000000

Matrix 2125:
1.000000 0.548812 0.415007 4.000000
1.822116 1.000000 0.640820 3.522857
2.409600 1.560500 1.000000 2.042893
0.250000 0.283861 0.489502 1.000000

Matrix 2126:
1.000000 1.748824 0.620242 7.000000
0.571813 1.000000 1.686205 4.000000
1.612273 0.593048 1.000000 8.314146
0.142857 0.250000 0.120277 1.000000

Matrix 2127:
1.000000 5.000000 7.000000 6.000000
0.200000 1.000000 2.000000 2.000000
0.142857 0.500000 1.000000 1.346493
0.166667 0.500000 0.742670 1.000000

Matrix 2128:
1.000000 0.142857 1.562961 0.333333
7.000000 1.000000 5.000000 3.000000
0.639811 0.200000 1.000000 1.000000
3.000000 0.333333 1.000000 1.000000

Matrix 2129:
1.000000 0.664062 4.000000 8.000000
1.505882 1.000000 5.000000 7.000000
0.250000 0.200000 1.000000 0.500000
0.125000 0.142857 2.000000 1.000000

Matrix 2130:
1.000000 0.208170 0.442045 2.000000
4.803764 1.000000 1.608889 8.000000
2.262215 0.621547 1.000000 5.000000
0.500000 0.125000 0.200000 1.000000

Matrix 2131:
1.000000 0.333333 1.602604 0.166667
3.000000 1.000000 3.000000 0.333333
0.623985 0.333333 1.000000 0.125000
6.000000 3.000000 8.000000 1.000000

Matrix 2132:
1.000000 9.000000 7.000000 4.000000
0.111111 1.000000 1.228090 0.250000
0.142857 0.814272 1.000000 0.500000
0.250000 4.000000 2.000000 1.000000

Matrix 2133:
1.000000 9.000009 9.000000 0.500000
0.111111 1.000000 0.803764 0.253362
0.111111 1.244146 1.000000 0.125000
2.000000 3.946923 8.000000 1.000000

Matrix 2134:
1.000000 0.642286 0.250000 1.000000
1.556940 1.000000 0.500000 0.487986
4.000000 2.000000 1.000000 1.965029
1.000000 2.049239 0.508898 1.000000

Matrix 2135:
1.000000 1.620903 0.753266 0.210488
0.616940 1.000000 1.326160 0.500000
1.327553 0.754057 1.000000 0.250000
4.750873 2.000000 4.000000 1.000000

Matrix 2136:
1.000000 1.005223 0.503184 0.706040
0.994805 1.000000 0.333333 1.200997
1.987346 3.000000 1.000000 6.000000
1.416349 0.832641 0.166667 1.000000

Matrix 2137:
1.000000 0.142857 0.606634 1.361161
7.000000 1.000000 8.000000 4.000000
1.648440 0.125000 1.000000 0.500000
0.734667 0.250000 2.000000 1.000000

Matrix 2138:
1.000000 0.662275 1.577155 1.987030
1.509946 1.000000 0.849267 4.000000
0.634053 1.177486 1.000000 1.000000
0.503264 0.250000 1.000000 1.000000

Matrix 2139:
1.000000 0.616426 4.000000 1.513004
1.622255 1.000000 5.000000 0.892556
0.250000 0.200000 1.000000 0.166667
0.660937 1.120378 6.000000 1.000000

Matrix 2140:
1.000000 1.000000 0.500000 0.569527
1.000000 1.000000 0.200000 0.200000
2.000000 5.000000 1.000000 0.557052
1.755842 5.000000 1.795165 1.000000

Matrix 2141:
1.000000 1.460324 0.705926 3.192492
0.684780 1.000000 1.529770 9.000000
1.416580 0.653693 1.000000 6.000000
0.313235 0.111111 0.166667 1.000000

Matrix 2142:
1.000000 1.415708 5.000000 3.790842
0.706361 1.000000 4.583245 8.000000
0.200000 0.218186 1.000000 2.436895
0.263794 0.125000 0.410358 1.000000

Matrix 2143:
1.000000 0.520409 0.166667 2.685770
1.921565 1.000000 0.424349 5.000000
6.000000 2.356550 1.000000 4.000000
0.372333 0.200000 0.250000 1.000000

Matrix 2144:
1.000000 1.535731 1.120429 0.628281
0.651156 1.000000 0.250000 0.591014
0.892515 4.000000 1.000000 2.000000
1.591644 1.692008 0.500000 1.000000

Matrix 2145:
1.000000 4.000000 3.000000 5.000000
0.250000 1.000000 3.000000 1.000000
0.333333 0.333333 1.000000 0.606219
0.200000 1.000000 1.649568 1.000000

Matrix 2146:
1.000000 1.083358 0.500000 0.621052
0.923056 1.000000 1.462988 0.333333
2.000000 0.683532 1.000000 1.022654
1.610172 3.000000 0.977848 1.000000

Matrix 2147:
1.000000 0.111111 0.452094 0.333333
9.000000 1.000000 8.000000 9.000000
2.211927 0.125000 1.000000 0.621205
3.000000 0.111111 1.609774 1.000000

Matrix 2148:
1.000000 6.000000 0.608744 4.000000
0.166667 1.000000 0.142857 0.333333
1.642726 7.000000 1.000000 6.000000
0.250000 3.000000 0.166667 1.000000

Matrix 2149:
1.000000 4.000000 6.000000 7.000000
0.250000 1.000000 1.000000 0.594815
0.166667 1.000000 1.000000 1.000000
0.142857 1.681196 1.000000 1.000000

Matrix 2150:
1.000000 0.200000 0.333333 0.125000
5.000000 1.000000 3.000000 1.000000
3.000000 0.333333 1.000000 1.087096
8.000000 1.000000 0.919882 1.000000

Matrix 2151:
1.000000 1.838007 3.000003 1.425215
0.544068 1.000000 3.872548 1.978690
0.333333 0.258228 1.000000 0.333333
0.701648 0.505385 3.000000 1.000000

Matrix 2152:
1.000000 1.135334 0.874940 0.125000
0.880798 1.000000 2.549792 0.333333
1.142935 0.392189 1.000000 0.111111
8.000000 3.000000 9.000000 1.000000

Matrix 2153:
1.000000 0.142857 1.000000 0.502568
7.000000 1.000000 8.000000 1.000000
1.000000 0.125000 1.000000 0.142857
1.989779 1.000000 7.000000 1.000000

Matrix 2154:
1.000000 8.000000 1.823329 0.610232
0.125000 1.000000 0.250000 0.125000
0.548447 4.000000 1.000000 0.333333
1.638721 8.000000 3.000000 1.000000

Matrix 2155:
1.000000 0.639973 0.200000 0.125000
1.562566 1.000000 0.200000 0.518891
5.000000 5.000000 1.000000 1.775448
8.000000 1.927186 0.563238 1.000000

Matrix 2156:
1.000000 0.619648 2.000000 7.000000
1.613821 1.000000 2.000000 4.000000
0.500000 0.500000 1.000000 5.000000
0.142857 0.250000 0.200000 1.000000

Matrix 2157:
1.000000 0.142857 0.166667 0.111111
7.000000 1.000000 0.569127 1.343572
6.000000 1.757077 1.000000 1.000000
9.000000 0.744284 1.000000 1.000000

Matrix 2158:
1.000000 5.000000 4.000000 0.500000
0.200000 1.000000 0.611460 0.142857
0.250000 1.635431 1.000000 0.111111
2.000000 7.000000 9.000000 1.000000

Matrix 2159:
1.000000 5.000000 2.000000 7.000000
0.200000 1.000000 0.200000 1.562227
0.500000 5.000000 1.000000 4.000000
0.142857 0.640112 0.250000 1.000000

Matrix 2160:
1.000000 1.000000 0.250000 1.000000
1.000000 1.000000 0.250000 1.555576
4.000000 4.000000 1.000000 7.000000
1.000000 0.642849 0.142857 1.000000

Matrix 2161:
1.000000 0.250000 0.125000 1.000000
4.000000 1.000000 0.500000 1.026947
8.000000 2.000000 1.000000 5.000000
1.000000 0.973760 0.200000 1.000000

Matrix 2162:
1.000000 1.232464 0.500000 0.200000
0.811383 1.000000 1.504498 0.125000
2.000000 0.664674 1.000000 0.190997
5.000000 8.000000 5.235691 1.000000

Matrix 2163:
1.000000 1.631826 7.000007 1.000000
0.612811 1.000000 2.000000 1.523592
0.142857 0.500000 1.000000 0.527456
1.000000 0.656344 1.895891 1.000000

Matrix 2164:
1.000000 7.000007 1.469747 1.000000
0.142857 1.000000 0.333333 0.142857
0.680389 3.000000 1.000000 1.432949
1.000000 7.000000 0.697862 1.000000

Matrix 2165:
1.000000 0.558913 1.681648 1.000000
1.789187 1.000000 1.557961 1.781511
0.594655 0.641865 1.000000 2.000000
1.000000 0.561321 0.500000 1.000000

Matrix 2166:
1.000000 1.215198 1.075795 3.000000
0.822911 1.000000 0.333333 0.889229
0.929545 3.000000 1.000000 4.000000
0.333333 1.124569 0.250000 1.000000

Matrix 2167:
1.000000 4.290254 8.000000 1.563301
0.233086 1.000000 1.698357 0.142857
0.125000 0.588804 1.000000 0.111111
0.639672 7.000000 9.000000 1.000000

Matrix 2168:
1.000000 5.000000 0.608148 1.684580
0.200000 1.000000 0.125000 0.500000
1.644336 8.000000 1.000000 1.000000
0.593620 2.000000 1.000000 1.000000

Matrix 2169:
1.000000 1.000000 8.000000 2.665105
1.000000 1.000000 3.000003 0.638836
0.125000 0.333333 1.000000 0.333333
0.375220 1.565347 3.000000 1.000000

Matrix 2170:
1.000000 1.000000 9.000000 1.000000
1.000000 1.000000 8.000000 1.430496
0.111111 0.125000 1.000000 0.111111
1.000000 0.699058 9.000000 1.000000

Matrix 2171:
1.000000 0.125000 0.333333 0.451925
8.000000 1.000000 2.519416 5.000000
3.000000 0.396917 1.000000 3.200230
2.212758 0.200000 0.312478 1.000000

Matrix 2172:
1.000000 0.333333 0.831734 0.250000
3.000000 1.000000 5.000000 2.000000
1.202307 0.200000 1.000000 0.166667
4.000000 0.500000 6.000000 1.000000

Matrix 2173:
1.000000 0.166667 0.743929 0.481927
6.000000 1.000000 7.000007 2.000000
1.344214 0.142857 1.000000 0.142857
2.075005 0.500000 7.000000 1.000000

Matrix 2174:
1.000000 1.000000 0.705473 1.000000
1.000000 1.000000 0.578246 0.500000
1.417488 1.729368 1.000000 0.541807
1.000000 2.000000 1.845675 1.000000

Matrix 2175:
1.000000 0.125000 3.000000 0.250000
8.000000 1.000000 9.000000 0.500000
0.333333 0.111111 1.000000 0.119585
4.000000 2.000000 8.362279 1.000000

Matrix 2176:
1.000000 8.000000 1.551422 8.304774
0.125000 1.000000 0.217966 1.109823
0.644570 4.587871 1.000000 9.000000
0.120413 0.901045 0.111111 1.000000

Matrix 2177:
1.000000 0.125000 0.624352 0.250000
8.000000 1.000000 8.000000 7.000000
1.601660 0.125000 1.000000 0.250000
4.000000 0.142857 4.000000 1.000000

Matrix 2178:
1.000000 1.181074 7.000000 1.786080
0.846687 1.000000 5.000000 0.828079
0.142857 0.200000 1.000000 0.250000
0.559885 1.207614 4.000000 1.000000

Matrix 2179:
1.000000 0.111111 0.142857 0.125000
9.000000 1.000000 0.876824 3.000000
7.000000 1.140480 1.000000 0.648786
8.000000 0.333333 1.541339 1.000000

Matrix 2180:
1.000000 0.333333 0.113419 0.111111
3.000000 1.000000 0.111111 0.333333
8.816884 9.000000 1.000000 2.000000
9.000000 3.000000 0.500000 1.000000

Matrix 2181:
1.000000 5.000000 9.000000 0.508433
0.200000 1.000000 0.523476 0.132064
0.111111 1.910306 1.000000 0.166667
1.966828 7.572071 6.000000 1.000000

Matrix 2182:
1.000000 1.000000 3.000000 2.000000
1.000000 1.000000 1.000000 1.611896
0.333333 1.000000 1.000000 1.000000
0.500000 0.620388 1.000000 1.000000

Matrix 2183:
1.000000 1.647345 0.572964 0.166667
0.607037 1.000000 1.000000 0.142857
1.745309 1.000000 1.000000 0.333333
6.000000 7.000000 3.000000 1.000000

Matrix 2184:
1.000000 0.500000 1.000000 1.229849
2.000000 1.000000 1.000000 0.500000
1.000000 1.000000 1.000000 0.613342
0.813108 2.000000 1.630411 1.000000

Matrix 2185:
1.000000 2.000000 0.142857 0.608547
0.500000 1.000000 0.125000 1.000000
7.000000 8.000000 1.000000 6.000000
1.643260 1.000000 0.166667 1.000000

Matrix 2186:
1.000000 0.111111 0.333333 0.250000
9.000000 1.000000 2.000000 1.000000
3.000000 0.500000 1.000000 1.524075
4.000000 1.000000 0.656136 1.000000

Matrix 2187:
1.000000 2.662467 2.157388 6.000000
0.375591 1.000000 1.000000 0.685201
0.463523 1.000000 1.000000 2.381918
0.166667 1.459425 0.419830 1.000000

Matrix 2188:
1.000000 2.000000 2.000000 0.492588
0.500000 1.000000 3.000003 0.564931
0.500000 0.333333 1.000000 0.371775
2.030096 1.770128 2.689796 1.000000

Matrix 2189:
1.000000 0.333333 2.000000 1.646424
3.000000 1.000000 5.000000 7.000000
0.500000 0.200000 1.000000 0.333333
0.607377 0.142857 3.000000 1.000000

Matrix 2190:
1.000000 0.142857 0.333333 0.274640
7.000000 1.000000 1.357862 0.639283
3.000000 0.736452 1.000000 1.347414
3.641125 1.564253 0.742162 1.000000

Matrix 2191:
1.000000 1.786574 5.261603 6.000000
0.559731 1.000000 5.999988 3.000000
0.190056 0.166667 1.000000 0.578749
0.166667 0.333333 1.727864 1.000000

Matrix 2192:
1.000000 1.665222 0.761295 0.250000
0.600521 1.000000 1.000000 0.125000
1.313551 1.000000 1.000000 0.250000
4.000000 8.000000 4.000000 1.000000

Matrix 2193:
1.000000 0.789506 1.000000 7.000000
1.266615 1.000000 0.662950 5.000000
1.000000 1.508409 1.000000 7.000000
0.142857 0.200000 0.142857 1.000000

Matrix 2194:
1.000000 7.000000 9.000000 9.000000
0.142857 1.000000 4.000000 1.638396
0.111111 0.250000 1.000000 0.250000
0.111111 0.610353 4.000000 1.000000

Matrix 2195:
1.000000 0.250000 0.125000 0.660360
4.000000 1.000000 1.000000 7.000000
8.000000 1.000000 1.000000 5.000000
1.514326 0.142857 0.200000 1.000000

Matrix 2196:
1.000000 1.483561 1.346077 7.000000
0.674054 1.000000 1.820988 6.000000
0.742900 0.549152 1.000000 3.000000
0.142857 0.166667 0.333333 1.000000

Matrix 2197:
1.000000 0.770073 1.952046 6.000000
1.298579 1.000000 1.000000 6.000000
0.512283 1.000000 1.000000 1.552260
0.166667 0.166667 0.644222 1.000000

Matrix 2198:
1.000000 0.200000 0.166667 0.166667
5.000000 1.000000 0.656799 3.000000
6.000000 1.522536 1.000000 4.000000
6.000000 0.333333 0.250000 1.000000

Matrix 2199:
1.000000 4.000000 0.500000 0.710250
0.250000 1.000000 0.333333 0.500000
2.000000 3.000000 1.000000 2.026654
1.407955 2.000000 0.493424 1.000000

Matrix 2200:
1.000000 5.999988 1.652357 5.000000
0.166667 1.000000 0.166667 1.907240
0.605196 6.000000 1.000000 7.000000
0.200000 0.524318 0.142857 1.000000

Matrix 2201:
1.000000 8.000000 0.695903 9.000000
0.125000 1.000000 0.142857 4.000000
1.436981 7.000000 1.000000 7.000000
0.111111 0.250000 0.142857 1.000000

Matrix 2202:
1.000000 0.333333 0.518807 1.218219
3.000000 1.000000 1.519024 1.000000
1.927499 0.658318 1.000000 2.000000
0.820870 1.000000 0.500000 1.000000

Matrix 2203:
1.000000 5.000000 2.000000 1.619255
0.200000 1.000000 0.500000 0.111111
0.500000 2.000000 1.000000 0.333333
0.617568 9.000000 3.000000 1.000000

Matrix 2204:
1.000000 6.000000 0.500000 1.500790
0.166667 1.000000 0.166667 0.333333
2.000000 6.000000 1.000000 2.000000
0.666316 3.000000 0.500000 1.000000

Matrix 2205:
1.000000 9.000009 7.000007 4.000000
0.111111 1.000000 0.650279 1.854707
0.142857 1.537802 1.000000 1.000000
0.250000 0.539169 1.000000 1.000000

Matrix 2206:
1.000000 2.207774 0.500000 0.500000
0.452945 1.000000 0.333333 0.576272
2.000000 3.000000 1.000000 2.064072
2.000000 1.735291 0.484479 1.000000

Matrix 2207:
1.000000 4.000000 1.000000 0.474948
0.250000 1.000000 0.142857 0.125000
1.000000 7.000000 1.000000 1.655720
2.105494 8.000000 0.603967 1.000000

Matrix 2208:
1.000000 0.200000 0.125000 0.610666
5.000000 1.000000 1.675110 3.000000
8.000000 0.596976 1.000000 8.000000
1.637557 0.333333 0.125000 1.000000

Matrix 2209:
1.000000 7.000000 4.000000 2.000000
0.142857 1.000000 1.599731 0.200000
0.250000 0.625105 1.000000 0.200000
0.500000 5.000000 5.000000 1.000000

Matrix 2210:
1.000000 0.125000 0.111111 0.111111
8.000000 1.000000 0.532100 1.633397
9.000000 1.879347 1.000000 1.000000
9.000000 0.612221 1.000000 1.000000

Matrix 2211:
1.000000 4.000000 3.000003 0.595546
0.250000 1.000000 0.684642 0.333333
0.333333 1.460618 1.000000 0.125000
1.679131 3.000000 8.000000 1.000000

Matrix 2212:
1.000000 0.333333 0.111273 0.250000
3.000000 1.000000 0.142857 1.000000
8.986878 7.000000 1.000000 9.000000
4.000000 1.000000 0.111111 1.000000

Matrix 2213:
1.000000 0.333333 1.000000 0.142857
3.000000 1.000000 0.618661 0.142857
1.000000 1.616394 1.000000 0.166667
7.000000 7.000000 6.000000 1.000000

Matrix 2214:
1.000000 0.125000 0.250000 2.431636
8.000000 1.000000 2.000000 8.942946
4.000000 0.500000 1.000000 9.000000
0.411246 0.111820 0.111111 1.000000

Matrix 2215:
1.000000 1.502677 6.000000 3.000000
0.665479 1.000000 9.000000 1.000000
0.166667 0.111111 1.000000 0.111111
0.333333 1.000000 9.000000 1.000000

Matrix 2216:
1.000000 2.000000 1.000000 2.000000
0.500000 1.000000 1.000000 0.698843
1.000000 1.000000 1.000000 1.000000
0.500000 1.430938 1.000000 1.000000

Matrix 2217:
1.000000 0.333333 0.333333 0.142857
3.000000 1.000000 1.000000 0.598671
3.000000 1.000000 1.000000 1.647584
7.000000 1.670367 0.606949 1.000000

Matrix 2218:
1.000000 8.000000 5.999988 7.000000
0.125000 1.000000 0.440073 1.611544
0.166667 2.272351 1.000000 1.000000
0.142857 0.620523 1.000000 1.000000

Matrix 2219:
1.000000 0.267148 0.592023 0.111111
3.743247 1.000000 5.143348 1.000000
1.689123 0.194426 1.000000 0.115064
9.000000 1.000000 8.690835 1.000000

Matrix 2220:
1.000000 0.250000 1.507487 0.500000
4.000000 1.000000 1.984872 1.000000
0.663355 0.503811 1.000000 0.704637
2.000000 1.000000 1.419170 1.000000

Matrix 2221:
1.000000 3.000003 1.996865 0.652292
0.333333 1.000000 0.488220 0.500000
0.500785 2.048259 1.000000 1.000000
1.533056 2.000000 1.000000 1.000000

Matrix 2222:
1.000000 0.654248 0.251170 3.000000
1.528472 1.000000 1.223936 2.328869
3.981375 0.817036 1.000000 6.000000
0.333333 0.429393 0.166667 1.000000

Matrix 2223:
1.000000 0.116625 0.333333 0.200000
8.574477 1.000000 0.631471 2.000000
3.000000 1.583604 1.000000 1.655712
5.000000 0.500000 0.603970 1.000000

Matrix 2224:
1.000000 1.000000 0.500000 1.043571
1.000000 1.000000 0.500000 0.593906
2.000000 2.000000 1.000000 0.500000
0.958248 1.683769 2.000000 1.000000

Matrix 2225:
1.000000 0.607000 2.000000 1.825652
1.647447 1.000000 1.493945 2.194387
0.500000 0.669369 1.000000 0.577651
0.547750 0.455708 1.731149 1.000000

Matrix 2226:
1.000000 0.684184 8.000000 8.000000
1.461596 1.000000 3.000000 5.000000
0.125000 0.333333 1.000000 1.000000
0.125000 0.200000 1.000000 1.000000

Matrix 2227:
1.000000 1.669816 0.886997 4.000000
0.598868 1.000000 1.769534 4.000000
1.127400 0.565121 1.000000 3.000000
0.250000 0.250000 0.333333 1.000000

Matrix 2228:
1.000000 1.000000 6.000000 1.361502
1.000000 1.000000 8.000000 0.500000
0.166667 0.125000 1.000000 0.142857
0.734483 2.000000 7.000000 1.000000

Matrix 2229:
1.000000 0.125000 0.618710 0.250000
8.000000 1.000000 7.000000 4.000000
1.616265 0.142857 1.000000 0.500000
4.000000 0.250000 2.000000 1.000000

Matrix 2230:
1.000000 0.744556 1.000000 0.192964
1.343082 1.000000 0.518208 0.142857
1.000000 1.929727 1.000000 0.208069
5.182320 7.000000 4.806108 1.000000

Matrix 2231:
1.000000 1.936940 1.000000 0.645361
0.516278 1.000000 1.240543 1.000000
1.000000 0.806099 1.000000 1.000000
1.549521 1.000000 1.000000 1.000000

Matrix 2232:
1.000000 0.699555 7.000000 5.000000
1.429481 1.000000 9.000000 5.000000
0.142857 0.111111 1.000000 0.333333
0.200000 0.200000 3.000000 1.000000

Matrix 2233:
1.000000 1.525561 3.000000 0.125000
0.655497 1.000000 1.652814 0.125000
0.333333 0.605029 1.000000 0.111111
8.000000 8.000000 9.000000 1.000000

Matrix 2234:
1.000000 3.000000 2.000000 1.000000
0.333333 1.000000 1.344847 0.500000
0.500000 0.743579 1.000000 0.500000
1.000000 2.000000 2.000000 1.000000

Matrix 2235:
1.000000 3.000000 1.000000 2.000000
0.333333 1.000000 0.250000 0.200000
1.000000 4.000000 1.000000 0.632112
0.500000 5.000000 1.581999 1.000000

Matrix 2236:
1.000000 6.000000 1.638205 9.000000
0.166667 1.000000 0.333333 6.000000
0.610424 3.000000 1.000000 7.000000
0.111111 0.166667 0.142857 1.000000

Matrix 2237:
1.000000 0.111111 0.142857 0.452288
9.000000 1.000000 1.613059 9.000000
7.000000 0.619940 1.000000 9.000000
2.210982 0.111111 0.111111 1.000000

Matrix 2238:
1.000000 0.200000 1.000000 1.642533
5.000000 1.000000 2.686391 4.000000
1.000000 0.372247 1.000000 2.121778
0.608816 0.250000 0.471303 1.000000

Matrix 2239:
1.000000 3.000000 1.544528 2.000000
0.333333 1.000000 0.200000 0.200000
0.647447 5.000000 1.000000 1.000000
0.500000 5.000000 1.000000 1.000000

Matrix 2240:
1.000000 0.333333 0.250000 0.664800
3.000000 1.000000 0.333333 3.000000
4.000000 3.000000 1.000000 5.000000
1.504212 0.333333 0.200000 1.000000

Matrix 2241:
1.000000 0.142857 0.166667 0.250000
7.000000 1.000000 0.250000 0.637741
6.000000 4.000000 1.000000 3.000000
4.000000 1.568034 0.333333 1.000000

Matrix 2242:
1.000000 1.034746 3.000003 0.586681
0.966421 1.000000 4.896418 3.000000
0.333333 0.204231 1.000000 0.333333
1.704504 0.333333 3.000000 1.000000

Matrix 2243:
1.000000 3.000003 3.000000 9.000000
0.333333 1.000000 1.000000 1.902742
0.333333 1.000000 1.000000 0.740322
0.111111 0.525557 1.350764 1.000000

Matrix 2244:
1.000000 0.442550 0.681927 1.608778
2.259633 1.000000 0.500000 1.000000
1.466433 2.000000 1.000000 2.000000
0.621590 1.000000 0.500000 1.000000

Matrix 2245:
1.000000 0.333333 0.333333 1.556467
3.000000 1.000000 0.200000 2.000000
3.000000 5.000000 1.000000 5.000000
0.642481 0.500000 0.200000 1.000000

Matrix 2246:
1.000000 0.142857 0.500000 0.333333
7.000000 1.000000 1.000000 0.642446
2.000000 1.000000 1.000000 1.000000
3.000000 1.556550 1.000000 1.000000

Matrix 2247:
1.000000 0.392296 0.200000 1.481758
2.549099 1.000000 0.500000 2.000000
5.000000 2.000000 1.000000 2.000000
0.674874 0.500000 0.500000 1.000000

Matrix 2248:
1.000000 0.268139 0.500000 2.000000
3.729414 1.000000 0.627914 9.000000
2.000000 1.592574 1.000000 5.000000
0.500000 0.111111 0.200000 1.000000

Matrix 2249:
1.000000 0.250000 0.505459 0.142857
4.000000 1.000000 1.000000 0.200000
1.978398 1.000000 1.000000 0.142857
7.000000 5.000000 7.000000 1.000000

Matrix 2250:
1.000000 0.701472 0.250000 0.125000
1.425573 1.000000 0.333333 0.111111
4.000000 3.000000 1.000000 0.200000
8.000000 9.000000 5.000000 1.000000

Matrix 2251:
1.000000 1.771591 1.647957 7.000000
0.564464 1.000000 1.958452 9.000000
0.606812 0.510607 1.000000 6.000000
0.142857 0.111111 0.166667 1.000000

Matrix 2252:
1.000000 1.669838 1.390026 1.673202
0.598860 1.000000 1.251442 1.537617
0.719411 0.799078 1.000000 0.669524
0.597656 0.650357 1.493599 1.000000

Matrix 2253:
1.000000 0.111111 0.200000 0.611420
9.000000 1.000000 0.673451 4.000000
5.000000 1.484890 1.000000 4.000000
1.635537 0.250000 0.250000 1.000000

Matrix 2254:
1.000000 0.168220 0.166667 0.555318
5.944613 1.000000 4.670137 5.000000
6.000000 0.214126 1.000000 2.119084
1.800770 0.200000 0.471902 1.000000

Matrix 2255:
1.000000 0.500000 0.250000 0.125000
2.000000 1.000000 0.111111 0.166667
4.000000 9.000000 1.000000 1.338042
8.000000 6.000000 0.747361 1.000000

Matrix 2256:
1.000000 0.586579 0.333333 1.456202
1.704800 1.000000 1.000000 1.000000
3.000000 1.000000 1.000000 1.000000
0.686718 1.000000 1.000000 1.000000

Matrix 2257:
1.000000 1.744095 2.000000 0.462990
0.573363 1.000000 1.549582 0.142857
0.500000 0.645335 1.000000 0.500000
2.159876 7.000000 2.000000 1.000000

Matrix 2258:
1.000000 0.333333 0.254100 2.000000
3.000000 1.000000 0.320554 6.000000
3.935459 3.119602 1.000000 6.595220
0.500000 0.166667 0.151625 1.000000

Matrix 2259:
1.000000 0.250000 0.166667 0.744363
4.000000 1.000000 0.200000 4.000000
6.000000 5.000000 1.000000 8.000000
1.343430 0.250000 0.125000 1.000000

Matrix 2260:
1.000000 0.333333 1.594876 0.250000
3.000000 1.000000 3.000003 1.770651
0.627008 0.333333 1.000000 0.187638
4.000000 0.564764 5.329403 1.000000

Matrix 2261:
1.000000 0.142857 0.592208 1.766728
7.000000 1.000000 7.000000 5.000000
1.688596 0.142857 1.000000 2.000000
0.566018 0.200000 0.500000 1.000000

Matrix 2262:
1.000000 1.755810 4.077997 3.000000
0.569538 1.000000 5.999988 3.000000
0.245218 0.166667 1.000000 1.514125
0.333333 0.333333 0.660447 1.000000

Matrix 2263:
1.000000 0.250000 0.166667 0.200000
4.000000 1.000000 0.166667 0.250000
6.000000 6.000000 1.000000 1.672124
5.000000 4.000000 0.598042 1.000000

Matrix 2264:
1.000000 4.000000 1.511437 0.579198
0.250000 1.000000 1.000000 0.250000
0.661622 1.000000 1.000000 0.939293
1.726526 4.000000 1.064630 1.000000

Matrix 2265:
1.000000 0.731182 9.000000 7.000000
1.367648 1.000000 4.000000 4.000000
0.111111 0.250000 1.000000 0.603366
0.142857 0.250000 1.657368 1.000000

Matrix 2266:
1.000000 0.250000 0.166667 0.111111
4.000000 1.000000 1.000000 0.333333
6.000000 1.000000 1.000000 1.561685
9.000000 3.000000 0.640334 1.000000

Matrix 2267:
1.000000 1.464556 0.343754 0.486429
0.682801 1.000000 1.000000 0.500000
2.909061 1.000000 1.000000 0.500000
2.055798 2.000000 2.000000 1.000000

Matrix 2268:
1.000000 0.500000 0.250000 0.200000
2.000000 1.000000 0.615018 1.000000
4.000000 1.625968 1.000000 0.557846
5.000000 1.000000 1.792610 1.000000

Matrix 2269:
1.000000 0.787860 1.805724 1.000000
1.269262 1.000000 3.000003 0.863910
0.553795 0.333333 1.000000 1.000000
1.000000 1.157529 1.000000 1.000000

Matrix 2270:
1.000000 0.640466 1.208199 0.125000
1.561364 1.000000 0.616486 0.111111
0.827679 1.622096 1.000000 0.133036
8.000000 9.000000 7.516743 1.000000

Matrix 2271:
1.000000 5.000000 3.000003 1.203129
0.200000 1.000000 1.774552 0.250000
0.333333 0.563522 1.000000 0.333333
0.831166 4.000000 3.000000 1.000000

Matrix 2272:
1.000000 1.000000 1.375399 0.666828
1.000000 1.000000 1.000000 1.000000
0.727062 1.000000 1.000000 1.736528
1.499637 1.000000 0.575862 1.000000

Matrix 2273:
1.000000 1.796309 1.762288 4.000000
0.556697 1.000000 2.000000 1.895280
0.567444 0.500000 1.000000 0.500000
0.250000 0.527627 2.000000 1.000000

Matrix 2274:
1.000000 1.000000 5.999988 0.483437
1.000000 1.000000 1.723265 0.426329
0.166667 0.580294 1.000000 0.333333
2.068523 2.345609 3.000000 1.000000

Matrix 2275:
1.000000 6.000000 0.333333 8.000000
0.166667 1.000000 0.166667 1.362258
3.000000 6.000000 1.000000 7.219996
0.125000 0.734075 0.138504 1.000000

Matrix 2276:
1.000000 0.125000 0.200000 0.142857
8.000000 1.000000 4.000000 3.000000
5.000000 0.250000 1.000000 0.620813
7.000000 0.333333 1.610791 1.000000

Matrix 2277:
1.000000 1.818429 0.142857 0.250000
0.549925 1.000000 0.250000 0.142857
7.000000 4.000000 1.000000 1.363088
4.000000 7.000000 0.733628 1.000000

Matrix 2278:
1.000000 4.042785 4.000000 6.000000
0.247354 1.000000 1.000000 1.751428
0.250000 1.000000 1.000000 0.636904
0.166667 0.570963 1.570096 1.000000

Matrix 2279:
1.000000 1.028102 1.000000 0.313019
0.972666 1.000000 2.110323 0.794204
1.000000 0.473861 1.000000 0.111111
3.194691 1.259123 9.000000 1.000000

Matrix 2280:
1.000000 2.000000 2.242429 6.000000
0.500000 1.000000 1.000000 0.993781
0.445945 1.000000 1.000000 2.410190
0.166667 1.006257 0.414905 1.000000

Matrix 2281:
1.000000 2.000000 0.537890 1.000000
0.500000 1.000000 0.166667 1.000000
1.859115 6.000000 1.000000 6.000000
1.000000 1.000000 0.166667 1.000000

Matrix 2282:
1.000000 0.500000 5.000000 2.000000
2.000000 1.000000 8.219261 6.000000
0.200000 0.121665 1.000000 0.142857
0.500000 0.166667 7.000000 1.000000

Matrix 2283:
1.000000 3.000000 0.825277 0.250000
0.333333 1.000000 0.500000 0.142857
1.211715 2.000000 1.000000 0.111111
4.000000 7.000000 9.000000 1.000000

Matrix 2284:
1.000000 0.111111 0.500000 0.111111
9.000000 1.000000 8.000000 1.656056
2.000000 0.125000 1.000000 0.142857
9.000000 0.603844 7.000000 1.000000

Matrix 2285:
1.000000 0.290571 0.577148 1.000000
3.441494 1.000000 0.610613 1.981440
1.732657 1.637700 1.000000 5.000000
1.000000 0.504683 0.200000 1.000000

Matrix 2286:
1.000000 1.932589 0.540875 5.000000
0.517440 1.000000 0.736981 5.000000
1.848856 1.356887 1.000000 4.000000
0.200000 0.200000 0.250000 1.000000

Matrix 2287:
1.000000 2.000000 0.200000 1.620484
0.500000 1.000000 0.166667 0.367638
5.000000 6.000000 1.000000 2.000000
0.617099 2.720066 0.500000 1.000000

Matrix 2288:
1.000000 1.000000 2.261121 1.000000
1.000000 1.000000 0.445119 0.438440
0.442259 2.246589 1.000000 1.000000
1.000000 2.280815 1.000000 1.000000

Matrix 2289:
1.000000 0.333333 1.000000 0.500000
3.000000 1.000000 1.000000 1.352499
1.000000 1.000000 1.000000 0.500000
2.000000 0.739372 2.000000 1.000000

Matrix 2290:
1.000000 2.761478 3.758739 4.148083
0.362125 1.000000 2.466212 2.473048
0.266047 0.405480 1.000000 0.500000
0.241075 0.404359 2.000000 1.000000

Matrix 2291:
1.000000 1.038164 0.500000 3.000000
0.963239 1.000000 1.545471 7.000000
2.000000 0.647052 1.000000 5.000000
0.333333 0.142857 0.200000 1.000000

Matrix 2292:
1.000000 1.283438 0.629166 0.500284
0.779157 1.000000 1.719720 1.000000
1.589405 0.581490 1.000000 0.582524
1.998866 1.000000 1.716667 1.000000

Matrix 2293:
1.000000 1.023082 1.331144 0.491520
0.977439 1.000000 1.000000 0.333333
0.751233 1.000000 1.000000 0.949691
2.034506 3.000000 1.052974 1.000000

Matrix 2294:
1.000000 3.000003 5.999988 5.473266
0.333333 1.000000 1.582963 6.000000
0.166667 0.631727 1.000000 1.765566
0.182706 0.166667 0.566391 1.000000

Matrix 2295:
1.000000 1.000000 8.000000 8.000000
1.000000 1.000000 4.000000 2.000000
0.125000 0.250000 1.000000 1.661560
0.125000 0.500000 0.601844 1.000000

Matrix 2296:
1.000000 0.813986 1.616227 0.200000
1.228523 1.000000 1.000000 0.177669
0.618725 1.000000 1.000000 0.166667
5.000000 5.628453 6.000000 1.000000

Matrix 2297:
1.000000 2.420507 0.379030 1.599042
0.413137 1.000000 0.500000 0.464981
2.638314 2.000000 1.000000 1.772917
0.625374 2.150624 0.564042 1.000000

Matrix 2298:
1.000000 4.000000 6.000000 6.000000
0.250000 1.000000 0.535640 1.000000
0.166667 1.866926 1.000000 0.680106
0.166667 1.000000 1.470359 1.000000

Matrix 2299:
1.000000 0.500000 0.641029 0.250000
2.000000 1.000000 4.000000 1.000000
1.559993 0.250000 1.000000 0.111111
4.000000 1.000000 9.000000 1.000000

Matrix 2300:
1.000000 2.000000 2.000000 2.000000
0.500000 1.000000 3.000000 5.000000
0.500000 0.333333 1.000000 1.604090
0.500000 0.200000 0.623406 1.000000

Matrix 2301:
1.000000 7.000007 7.000007 0.500000
0.142857 1.000000 0.500000 0.191257
0.142857 2.000000 1.000000 0.200000
2.000000 5.228558 5.000000 1.000000

Matrix 2302:
1.000000 9.000000 1.000000 7.000000
0.111111 1.000000 0.125000 1.505236
1.000000 8.000000 1.000000 4.000000
0.142857 0.664348 0.250000 1.000000

Matrix 2303:
1.000000 5.000000 1.535331 9.000000
0.200000 1.000000 0.333333 0.629075
0.651325 3.000000 1.000000 8.000000
0.111111 1.589636 0.125000 1.000000

Matrix 2304:
1.000000 1.607299 8.000000 7.000000
0.622162 1.000000 9.000000 9.000000
0.125000 0.111111 1.000000 3.000000
0.142857 0.111111 0.333333 1.000000

Matrix 2305:
1.000000 1.000000 0.619047 9.000000
1.000000 1.000000 1.000000 7.000000
1.615386 1.000000 1.000000 7.000000
0.111111 0.142857 0.142857 1.000000

Matrix 2306:
1.000000 3.000000 1.812635 1.000000
0.333333 1.000000 1.000000 0.333333
0.551683 1.000000 1.000000 1.571607
1.000000 3.000000 0.636291 1.000000

Matrix 2307:
1.000000 0.250000 1.692250 0.111111
4.000000 1.000000 7.000000 0.593673
0.590929 0.142857 1.000000 0.166667
9.000000 1.684430 6.000000 1.000000

Matrix 2308:
1.000000 1.000000 0.250000 0.500000
1.000000 1.000000 0.142857 1.603992
4.000000 7.000000 1.000000 6.000000
2.000000 0.623444 0.166667 1.000000

Matrix 2309:
1.000000 1.000000 0.361716 7.000000
1.000000 1.000000 0.250000 4.000000
2.764603 4.000000 1.000000 6.481300
0.142857 0.250000 0.154290 1.000000

Matrix 2310:
1.000000 1.512330 1.000000 0.582963
0.661231 1.000000 1.000000 0.873423
1.000000 1.000000 1.000000 0.333333
1.715373 1.144920 3.000000 1.000000

Matrix 2311:
1.000000 0.546878 1.635004 0.333333
1.828561 1.000000 1.000000 0.250000
0.611619 1.000000 1.000000 0.546207
3.000000 4.000000 1.830807 1.000000

Matrix 2312:
1.000000 8.000000 1.339468 5.000000
0.125000 1.000000 0.200000 1.000000
0.746565 5.000000 1.000000 8.000000
0.200000 1.000000 0.125000 1.000000

Matrix 2313:
1.000000 1.000000 1.558741 0.250000
1.000000 1.000000 1.000000 0.200000
0.641543 1.000000 1.000000 0.142857
4.000000 5.000000 7.000000 1.000000

Matrix 2314:
1.000000 2.012949 2.436684 4.000000
0.496784 1.000000 4.000000 1.629631
0.410394 0.250000 1.000000 0.500000
0.250000 0.613636 2.000000 1.000000

Matrix 2315:
1.000000 0.200000 0.621991 0.126128
5.000000 1.000000 2.000000 0.111111
1.607740 0.500000 1.000000 0.111111
7.928446 9.000000 9.000000 1.000000

Matrix 2316:
1.000000 2.115416 2.000000 0.500000
0.472720 1.000000 1.664491 0.166667
0.500000 0.600784 1.000000 0.166667
2.000000 6.000000 6.000000 1.000000

Matrix 2317:
1.000000 9.000000 7.000000 1.000000
0.111111 1.000000 0.623328 0.333333
0.142857 1.604291 1.000000 0.500000
1.000000 3.000000 2.000000 1.000000

Matrix 2318:
1.000000 0.858054 0.250000 0.536060
1.165428 1.000000 1.000000 1.000000
4.000000 1.000000 1.000000 2.142432
1.865463 1.000000 0.466759 1.000000

Matrix 2319:
1.000000 0.250000 0.333333 0.125000
4.000000 1.000000 1.000000 1.564892
3.000000 1.000000 1.000000 0.500000
8.000000 0.639022 2.000000 1.000000

Matrix 2320:
1.000000 8.000000 6.000000 8.000000
0.125000 1.000000 1.626609 1.000000
0.166667 0.614776 1.000000 1.488131
0.125000 1.000000 0.671984 1.000000

Matrix 2321:
1.000000 1.000000 4.000000 1.516530
1.000000 1.000000 7.000000 0.801744
0.250000 0.142857 1.000000 0.250000
0.659400 1.247281 4.000000 1.000000

Matrix 2322:
1.000000 3.243880 4.000000 6.000000
0.308273 1.000000 0.691133 1.000000
0.250000 1.446898 1.000000 0.535582
0.166667 1.000000 1.867127 1.000000

Matrix 2323:
1.000000 5.000000 7.387440 5.000000
0.200000 1.000000 4.000000 0.500000
0.135365 0.250000 1.000000 0.500000
0.200000 2.000000 2.000000 1.000000

Matrix 2324:
1.000000 0.787004 5.000000 6.000000
1.270641 1.000000 2.484982 1.776688
0.200000 0.402417 1.000000 1.000000
0.166667 0.562845 1.000000 1.000000

Matrix 2325:
1.000000 3.000000 0.623778 5.000000
0.333333 1.000000 0.500000 2.000000
1.603135 2.000000 1.000000 4.000000
0.200000 0.500000 0.250000 1.000000

Matrix 2326:
1.000000 1.698413 0.250000 3.000000
0.588785 1.000000 0.200000 2.000000
4.000000 5.000000 1.000000 6.000000
0.333333 0.500000 0.166667 1.000000

Matrix 2327:
1.000000 4.000000 0.656088 2.637249
0.250000 1.000000 0.414907 1.387634
1.524187 2.410177 1.000000 1.899248
0.379183 0.720651 0.526524 1.000000

Matrix 2328:
1.000000 4.000000 1.337651 0.895688
0.250000 1.000000 0.262134 0.955136
0.747579 3.814847 1.000000 1.337944
1.116461 1.046971 0.747415 1.000000

Matrix 2329:
1.000000 3.000003 0.500000 0.475498
0.333333 1.000000 0.111111 0.142857
2.000000 9.000000 1.000000 1.611903
2.103059 7.000000 0.620385 1.000000

Matrix 2330:
1.000000 0.829122 2.000000 4.000000
1.206095 1.000000 1.202861 2.132120
0.500000 0.831351 1.000000 0.736357
0.250000 0.469017 1.358038 1.000000

Matrix 2331:
1.000000 2.000000 0.250000 1.094158
0.500000 1.000000 0.166667 0.142857
4.000000 6.000000 1.000000 1.000000
0.913944 7.000000 1.000000 1.000000

Matrix 2332:
1.000000 5.000000 0.642279 9.000000
0.200000 1.000000 0.111111 1.000000
1.556957 9.000000 1.000000 7.000000
0.111111 1.000000 0.142857 1.000000

Matrix 2333:
1.000000 0.500000 1.000000 1.000000
2.000000 1.000000 1.000000 0.618045
1.000000 1.000000 1.000000 1.000000
1.000000 1.618006 1.000000 1.000000

Matrix 2334:
1.000000 6.000000 0.546707 1.000000
0.166667 1.000000 0.333333 0.250000
1.829133 3.000000 1.000000 1.882625
1.000000 4.000000 0.531173 1.000000

Matrix 2335:
1.000000 1.489853 1.168629 0.500000
0.671207 1.000000 0.863956 0.361700
0.855703 1.157466 1.000000 1.505826
2.000000 2.764720 0.664087 1.000000

Matrix 2336:
1.000000 1.602923 3.000000 9.000000
0.623860 1.000000 5.000000 8.000000
0.333333 0.200000 1.000000 3.000000
0.111111 0.125000 0.333333 1.000000

Matrix 2337:
1.000000 1.650278 1.000000 8.000000
0.605959 1.000000 1.000000 5.000000
1.000000 1.000000 1.000000 9.000000
0.125000 0.200000 0.111111 1.000000

Matrix 2338:
1.000000 1.000000 0.603844 1.530984
1.000000 1.000000 1.000000 1.000000
1.656056 1.000000 1.000000 2.000000
0.653175 1.000000 0.500000 1.000000

Matrix 2339:
1.000000 0.500000 0.523479 3.000000
2.000000 1.000000 1.740737 6.000000
1.910295 0.574469 1.000000 6.000000
0.333333 0.166667 0.166667 1.000000

Matrix 2340:
1.000000 0.125000 1.000000 0.686189
8.000000 1.000000 6.000000 2.000000
1.000000 0.166667 1.000000 1.416640
1.457324 0.500000 0.705896 1.000000

Matrix 2341:
1.000000 0.500000 9.000000 7.000000
2.000000 1.000000 6.000000 4.000000
0.111111 0.166667 1.000000 0.623596
0.142857 0.250000 1.603601 1.000000

Matrix 2342:
1.000000 1.054766 2.000000 0.500000
0.948077 1.000000 6.000000 1.859286
0.500000 0.166667 1.000000 0.166667
2.000000 0.537841 6.000000 1.000000

Matrix 2343:
1.000000 5.000000 1.391762 0.588893
0.200000 1.000000 0.142857 0.200000
0.718513 7.000000 1.000000 2.000000
1.698101 5.000000 0.500000 1.000000

Matrix 2344:
1.000000 0.125000 0.500000 0.634881
8.000000 1.000000 8.000000 8.000000
2.000000 0.125000 1.000000 1.640196
1.575099 0.125000 0.609683 1.000000

Matrix 2345:
1.000000 1.000000 1.000000 0.832472
1.000000 1.000000 2.705030 1.683953
1.000000 0.369682 1.000000 0.500000
1.201242 0.593841 2.000000 1.000000

Matrix 2346:
1.000000 1.811594 0.507840 0.154567
0.552000 1.000000 0.752323 0.111111
1.969123 1.329216 1.000000 0.166667
6.469682 9.000000 6.000000 1.000000

Matrix 2347:
1.000000 3.174718 6.000000 3.000000
0.314989 1.000000 2.000000 1.697348
0.166667 0.500000 1.000000 0.564460
0.333333 0.589154 1.771604 1.000000

Matrix 2348:
1.000000 2.311435 3.000000 0.333333
0.432632 1.000000 2.000000 0.125000
0.333333 0.500000 1.000000 0.185346
3.000000 8.000000 5.395322 1.000000

Matrix 2349:
1.000000 9.000009 1.206632 1.717527
0.111111 1.000000 0.289199 0.111111
0.828753 3.457821 1.000000 0.333333
0.582233 9.000000 3.000000 1.000000

Matrix 2350:
1.000000 0.111111 0.125000 0.250000
9.000000 1.000000 1.502035 6.000000
8.000000 0.665764 1.000000 4.000000
4.000000 0.166667 0.250000 1.000000

Matrix 2351:
1.000000 0.469532 0.500000 5.000000
2.129780 1.000000 0.553685 7.000000
2.000000 1.806083 1.000000 9.000000
0.200000 0.142857 0.111111 1.000000

Matrix 2352:
1.000000 1.000000 1.123473 0.250000
1.000000 1.000000 0.553959 0.333333
0.890097 1.805186 1.000000 1.000000
4.000000 3.000000 1.000000 1.000000

Matrix 2353:
1.000000 0.731711 2.000000 1.000000
1.366660 1.000000 5.999988 0.601089
0.500000 0.166667 1.000000 0.186461
1.000000 1.663647 5.363054 1.000000

Matrix 2354:
1.000000 0.333333 1.000000 1.000000
3.000000 1.000000 7.000000 4.000000
1.000000 0.142857 1.000000 1.617645
1.000000 0.250000 0.618183 1.000000

Matrix 2355:
1.000000 5.000000 2.000000 5.000000
0.200000 1.000000 1.000000 0.613563
0.500000 1.000000 1.000000 1.601371
0.200000 1.629823 0.624465 1.000000

Matrix 2356:
1.000000 0.333333 1.000000 0.333333
3.000000 1.000000 6.000000 3.000000
1.000000 0.166667 1.000000 1.203215
3.000000 0.333333 0.831107 1.000000

Matrix 2357:
1.000000 6.000000 2.000000 5.000000
0.166667 1.000000 1.661108 1.000000
0.500000 0.602008 1.000000 1.863491
0.200000 1.000000 0.536627 1.000000

Matrix 2358:
1.000000 5.000000 8.000000 7.000000
0.200000 1.000000 1.115315 1.000000
0.125000 0.896608 1.000000 0.488039
0.142857 1.000000 2.049018 1.000000

Matrix 2359:
1.000000 1.000000 1.000000 0.250000
1.000000 1.000000 0.868849 0.607915
1.000000 1.150948 1.000000 0.166667
4.000000 1.644968 6.000000 1.000000

Matrix 2360:
1.000000 7.000007 9.000009 5.000000
0.142857 1.000000 0.546616 0.311074
0.111111 1.829436 1.000000 0.333333
0.200000 3.214670 3.000000 1.000000

Matrix 2361:
1.000000 1.649706 1.000000 0.125000
0.606169 1.000000 1.556969 0.142857
1.000000 0.642274 1.000000 0.186285
8.000000 7.000000 5.368105 1.000000

Matrix 2362:
1.000000 7.000007 0.380041 1.000000
0.142857 1.000000 0.154249 0.166667
2.631296 6.483006 1.000000 1.912509
1.000000 6.000000 0.522873 1.000000

Matrix 2363:
1.000000 1.842369 1.000000 2.000000
0.542779 1.000000 0.250000 0.333333
1.000000 4.000000 1.000000 2.367898
0.500000 3.000000 0.422315 1.000000

Matrix 2364:
1.000000 0.142857 0.333333 1.441711
7.000000 1.000000 7.000000 7.000000
3.000000 0.142857 1.000000 4.000000
0.693620 0.142857 0.250000 1.000000

Matrix 2365:
1.000000 5.999988 8.219956 1.000000
0.166667 1.000000 1.446352 0.590586
0.121655 0.691395 1.000000 0.196024
1.000000 1.693233 5.101408 1.000000

Matrix 2366:
1.000000 1.000000 1.576612 0.500000
1.000000 1.000000 0.577025 1.000000
0.634271 1.733026 1.000000 0.601397
2.000000 1.000000 1.662794 1.000000

Matrix 2367:
1.000000 1.669727 3.000000 1.000000
0.598900 1.000000 3.000000 1.000000
0.333333 0.333333 1.000000 0.142857
1.000000 1.000000 7.000000 1.000000

Matrix 2368:
1.000000 1.000000 1.000000 0.598234
1.000000 1.000000 4.000000 1.526324
1.000000 0.250000 1.000000 0.333333
1.671585 0.655169 3.000000 1.000000

Matrix 2369:
1.000000 0.398960 0.141370 0.111111
2.506520 1.000000 0.333333 0.200000
7.073643 3.000000 1.000000 1.932034
9.000000 5.000000 0.517589 1.000000

Matrix 2370:
1.000000 3.000003 1.692746 5.000000
0.333333 1.000000 0.166667 0.519520
0.590756 6.000000 1.000000 2.270197
0.200000 1.924855 0.440490 1.000000

Matrix 2371:
1.000000 1.000000 1.981457 1.000000
1.000000 1.000000 0.554822 1.000000
0.504679 1.802379 1.000000 0.736640
1.000000 1.000000 1.357515 1.000000

Matrix 2372:
1.000000 0.500000 2.000000 1.768922
2.000000 1.000000 4.000000 0.901824
0.500000 0.250000 1.000000 0.500000
0.565316 1.108864 2.000000 1.000000

Matrix 2373:
1.000000 8.000000 1.000000 8.188787
0.125000 1.000000 0.166667 2.000000
1.000000 6.000000 1.000000 6.000000
0.122118 0.500000 0.166667 1.000000

Matrix 2374:
1.000000 0.250000 0.250000 0.500000
4.000000 1.000000 0.333333 0.819850
4.000000 3.000000 1.000000 6.000000
2.000000 1.219735 0.166667 1.000000

Matrix 2375:
1.000000 7.000007 1.934298 9.000000
0.142857 1.000000 0.198212 2.077786
0.516983 5.045098 1.000000 8.000000
0.111111 0.481281 0.125000 1.000000

Matrix 2376:
1.000000 0.638514 0.333333 1.631560
1.566137 1.000000 0.333333 1.000000
3.000000 3.000000 1.000000 8.000000
0.612910 1.000000 0.125000 1.000000

Matrix 2377:
1.000000 3.427012 5.000000 0.616337
0.291799 1.000000 1.661063 0.250000
0.200000 0.602024 1.000000 0.333333
1.622488 4.000000 3.000000 1.000000

Matrix 2378:
1.000000 6.000000 6.000000 9.000000
0.166667 1.000000 1.000000 1.000000
0.166667 1.000000 1.000000 0.658254
0.111111 1.000000 1.519171 1.000000

Matrix 2379:
1.000000 1.937329 3.000000 8.000000
0.516174 1.000000 1.539835 6.000000
0.333333 0.649420 1.000000 7.000000
0.125000 0.166667 0.142857 1.000000

Matrix 2380:
1.000000 3.535494 0.545287 2.000000
0.282846 1.000000 0.333333 0.575334
1.833896 3.000000 1.000000 5.000000
0.500000 1.738120 0.200000 1.000000

Matrix 2381:
1.000000 2.000000 4.000000 9.000000
0.500000 1.000000 1.000000 1.775460
0.250000 1.000000 1.000000 0.667671
0.111111 0.563234 1.497744 1.000000

Matrix 2382:
1.000000 0.659613 3.000000 1.653628
1.516041 1.000000 1.000000 1.000000
0.333333 1.000000 1.000000 0.747591
0.604731 1.000000 1.337631 1.000000

Matrix 2383:
1.000000 1.492672 9.000009 7.000000
0.669940 1.000000 5.000000 5.000000
0.111111 0.200000 1.000000 1.665466
0.142857 0.200000 0.600432 1.000000

Matrix 2384:
1.000000 2.000000 9.000009 9.000000
0.500000 1.000000 1.826143 1.534595
0.111111 0.547602 1.000000 2.169703
0.111111 0.651638 0.460892 1.000000

Matrix 2385:
1.000000 6.000000 9.000000 0.599021
0.166667 1.000000 4.000000 0.125000
0.111111 0.250000 1.000000 0.142857
1.669391 8.000000 7.000000 1.000000

Matrix 2386:
1.000000 0.727759 8.000000 1.701813
1.374080 1.000000 4.000000 0.500000
0.125000 0.250000 1.000000 0.125000
0.587609 2.000000 8.000000 1.000000

Matrix 2387:
1.000000 0.333333 0.333333 0.333333
3.000000 1.000000 2.001984 0.530035
3.000000 0.499504 1.000000 1.347383
3.000000 1.886667 0.742180 1.000000

Matrix 2388:
1.000000 0.125000 1.000000 0.111111
8.000000 1.000000 5.000000 1.000000
1.000000 0.200000 1.000000 0.501306
9.000000 1.000000 1.994791 1.000000

Matrix 2389:
1.000000 0.565379 0.142857 3.000000
1.768726 1.000000 0.333333 4.000000
7.000000 3.000000 1.000000 8.000000
0.333333 0.250000 0.125000 1.000000

Matrix 2390:
1.000000 0.903725 0.111111 0.828331
1.106531 1.000000 0.166667 1.628955
9.000000 6.000000 1.000000 4.000000
1.207247 0.613890 0.250000 1.000000

Matrix 2391:
1.000000 1.000000 9.000000 2.000000
1.000000 1.000000 8.984314 2.000000
0.111111 0.111305 1.000000 0.200000
0.500000 0.500000 5.000000 1.000000

Matrix 2392:
1.000000 1.000000 4.000000 1.651223
1.000000 1.000000 3.000003 0.652447
0.250000 0.333333 1.000000 0.333333
0.605612 1.532692 3.000000 1.000000

Matrix 2393:
1.000000 1.397435 2.000000 0.378438
0.715597 1.000000 1.928876 0.500000
0.500000 0.518437 1.000000 0.500000
2.642440 2.000000 2.000000 1.000000

Matrix 2394:
1.000000 0.125000 0.686583 1.000000
8.000000 1.000000 7.000007 8.000000
1.456487 0.142857 1.000000 0.626965
1.000000 0.125000 1.594987 1.000000

Matrix 2395:
1.000000 9.000000 9.000000 5.000000
0.111111 1.000000 3.000000 1.440389
0.111111 0.333333 1.000000 0.333333
0.200000 0.694257 3.000000 1.000000

Matrix 2396:
1.000000 2.000000 8.000000 1.995187
0.500000 1.000000 2.000000 2.000000
0.125000 0.500000 1.000000 0.500000
0.501206 0.500000 2.000000 1.000000

Matrix 2397:
1.000000 4.000000 2.087922 9.000000
0.250000 1.000000 0.285199 0.600315
0.478945 3.506319 1.000000 2.000000
0.111111 1.665793 0.500000 1.000000

Matrix 2398:
1.000000 5.000000 7.000000 0.604656
0.200000 1.000000 0.500000 0.125000
0.142857 2.000000 1.000000 0.250000
1.653833 8.000000 4.000000 1.000000

Matrix 2399:
1.000000 5.999988 4.000000 7.000000
0.166667 1.000000 0.668773 0.584260
0.250000 1.495275 1.000000 1.984257
0.142857 1.711568 0.503967 1.000000

Matrix 2400:
1.000000 1.000000 3.000003 1.838613
1.000000 1.000000 2.470609 0.416433
0.333333 0.404759 1.000000 0.166667
0.543888 2.401346 6.000000 1.000000

Matrix 2401:
1.000000 5.000000 3.319808 8.000000
0.200000 1.000000 1.000000 0.554084
0.301222 1.000000 1.000000 1.363284
0.125000 1.804782 0.733523 1.000000

Matrix 2402:
1.000000 0.756348 0.718122 1.000000
1.322143 1.000000 1.821431 1.729135
1.392522 0.549019 1.000000 0.333333
1.000000 0.578324 3.000000 1.000000

Matrix 2403:
1.000000 0.168956 0.500000 0.473772
5.918697 1.000000 3.000000 9.000000
2.000000 0.333333 1.000000 2.000000
2.110718 0.111111 0.500000 1.000000

Matrix 2404:
1.000000 0.333333 0.511423 1.746858
3.000000 1.000000 1.508444 2.000000
1.955330 0.662935 1.000000 2.201298
0.572456 0.500000 0.454277 1.000000

Matrix 2405:
1.000000 9.000000 0.333333 8.000000
0.111111 1.000000 0.125000 1.434955
3.000000 8.000000 1.000000 6.000000
0.125000 0.696886 0.166667 1.000000

Matrix 2406:
1.000000 1.289565 0.200000 2.112211
0.775456 1.000000 0.280655 0.568591
5.000000 3.563088 1.000000 9.000000
0.473438 1.758733 0.111111 1.000000

Matrix 2407:
1.000000 6.000000 1.000000 0.827889
0.166667 1.000000 0.125000 0.500000
1.000000 8.000000 1.000000 3.000000
1.207891 2.000000 0.333333 1.000000

Matrix 2408:
1.000000 0.602301 0.500000 1.566884
1.660299 1.000000 1.000000 1.000000
2.000000 1.000000 1.000000 1.000000
0.638209 1.000000 1.000000 1.000000

Matrix 2409:
1.000000 0.691868 5.000000 1.069067
1.445363 1.000000 2.000000 0.776753
0.200000 0.500000 1.000000 0.333333
0.935395 1.287410 3.000000 1.000000

Matrix 2410:
1.000000 0.125000 0.251247 0.200000
8.000000 1.000000 1.000000 1.630362
3.980145 1.000000 1.000000 0.605624
5.000000 0.613361 1.651189 1.000000

Matrix 2411:
1.000000 1.670451 1.000000 0.783590
0.598641 1.000000 0.888653 1.427745
1.000000 1.125299 1.000000 2.000000
1.276178 0.700405 0.500000 1.000000

Matrix 2412:
1.000000 1.002578 0.250000 1.000000
0.997429 1.000000 0.166667 0.318680
4.000000 6.000000 1.000000 7.000000
1.000000 3.137940 0.142857 1.000000

Matrix 2413:
1.000000 3.000003 0.589010 1.468697
0.333333 1.000000 0.500000 0.364114
1.697765 2.000000 1.000000 1.000000
0.680875 2.746395 1.000000 1.000000

Matrix 2414:
1.000000 0.553474 1.862922 3.749058
1.806769 1.000000 3.000003 2.000000
0.536791 0.333333 1.000000 2.330487
0.266734 0.500000 0.429095 1.000000

Matrix 2415:
1.000000 0.333333 1.000000 3.000000
3.000000 1.000000 6.000000 5.000000
1.000000 0.166667 1.000000 0.609576
0.333333 0.200000 1.640486 1.000000

Matrix 2416:
1.000000 2.000000 5.999988 1.762607
0.500000 1.000000 1.798696 0.669542
0.166667 0.555958 1.000000 1.000000
0.567341 1.493559 1.000000 1.000000

Matrix 2417:
1.000000 1.760591 1.816376 1.513072
0.567991 1.000000 0.579000 1.324272
0.550547 1.727116 1.000000 0.500000
0.660907 0.755132 2.000000 1.000000

Matrix 2418:
1.000000 0.200000 0.111111 2.000000
5.000000 1.000000 1.557729 6.000000
9.000000 0.641960 1.000000 8.000000
0.500000 0.166667 0.125000 1.000000

Matrix 2419:
1.000000 1.999417 0.333333 1.000000
0.500146 1.000000 0.125000 0.166667
3.000000 8.000000 1.000000 1.000000
1.000000 6.000000 1.000000 1.000000

Matrix 2420:
1.000000 1.710097 0.142857 0.609209
0.584762 1.000000 0.111111 1.081831
7.000000 9.000000 1.000000 9.000000
1.641473 0.924359 0.111111 1.000000

Matrix 2421:
1.000000 0.114284 0.869496 1.568133
8.750124 1.000000 5.000000 7.000000
1.150092 0.200000 1.000000 0.500000
0.637701 0.142857 2.000000 1.000000

Matrix 2422:
1.000000 1.000000 1.000000 0.617790
1.000000 1.000000 1.000000 2.000000
1.000000 1.000000 1.000000 2.000000
1.618672 0.500000 0.500000 1.000000

Matrix 2423:
1.000000 3.000000 0.200000 5.000000
0.333333 1.000000 0.112812 0.500000
5.000000 8.864279 1.000000 6.000000
0.200000 2.000000 0.166667 1.000000

Matrix 2424:
1.000000 0.608386 4.000000 3.000000
1.643693 1.000000 3.000000 3.000000
0.250000 0.333333 1.000000 1.000000
0.333333 0.333333 1.000000 1.000000

Matrix 2425:
1.000000 0.111111 1.009686 1.000000
9.000000 1.000000 3.000000 9.000000
0.990407 0.333333 1.000000 3.000000
1.000000 0.111111 0.333333 1.000000

Matrix 2426:
1.000000 0.250000 0.653518 0.250000
4.000000 1.000000 4.000000 0.699537
1.530180 0.250000 1.000000 0.125000
4.000000 1.429517 8.000000 1.000000

Matrix 2427:
1.000000 1.000000 1.152136 3.000000
1.000000 1.000000 1.000000 0.661946
0.867953 1.000000 1.000000 0.893570
0.333333 1.510698 1.119107 1.000000

Matrix 2428:
1.000000 2.000000 0.546942 1.000000
0.500000 1.000000 0.500000 0.897881
1.828347 2.000000 1.000000 0.500000
1.000000 1.113733 2.000000 1.000000

Matrix 2429:
1.000000 0.617217 1.000000 5.000000
1.620177 1.000000 0.500000 7.000000
1.000000 2.000000 1.000000 8.000000
0.200000 0.142857 0.125000 1.000000

Matrix 2430:
1.000000 0.481004 8.000000 5.953008
2.078984 1.000000 9.000000 7.000000
0.125000 0.111111 1.000000 0.550130
0.167982 0.142857 1.817754 1.000000

Matrix 2431:
1.000000 1.446042 8.000000 9.000000
0.691543 1.000000 9.000000 5.000000
0.125000 0.111111 1.000000 0.333333
0.111111 0.200000 3.000000 1.000000

Matrix 2432:
1.000000 0.500000 0.640895 1.046992
2.000000 1.000000 1.892828 0.886725
1.560319 0.528310 1.000000 0.500000
0.955118 1.127745 2.000000 1.000000

Matrix 2433:
1.000000 0.200000 0.662241 0.200000
5.000000 1.000000 1.663213 0.422087
1.510025 0.601246 1.000000 0.333333
5.000000 2.369182 3.000000 1.000000

Matrix 2434:
1.000000 2.450888 4.000000 9.000000
0.408015 1.000000 1.000000 6.000000
0.250000 1.000000 1.000000 5.000000
0.111111 0.166667 0.200000 1.000000

Matrix 2435:
1.000000 0.250000 0.500000 0.662426
4.000000 1.000000 4.000000 7.000000
2.000000 0.250000 1.000000 1.000000
1.509604 0.142857 1.000000 1.000000

Matrix 2436:
1.000000 2.000000 5.000000 2.000000
0.500000 1.000000 6.000000 0.688951
0.200000 0.166667 1.000000 0.111111
0.500000 1.451482 9.000000 1.000000

Matrix 2437:
1.000000 4.000000 5.999988 2.151583
0.250000 1.000000 2.389460 0.328613
0.166667 0.418505 1.000000 0.166667
0.464774 3.043096 6.000000 1.000000

Matrix 2438:
1.000000 1.265753 1.907582 0.674571
0.790044 1.000000 1.000000 1.929970
0.524224 1.000000 1.000000 0.557465
1.482424 0.518143 1.793835 1.000000

Matrix 2439:
1.000000 4.000000 0.560695 8.000000
0.250000 1.000000 0.111111 1.608338
1.783500 9.000000 1.000000 4.000000
0.125000 0.621760 0.250000 1.000000

Matrix 2440:
1.000000 4.836011 2.000000 3.000000
0.206782 1.000000 1.000000 1.589710
0.500000 1.000000 1.000000 0.611074
0.333333 0.629046 1.636462 1.000000

Matrix 2441:
1.000000 0.200000 0.250000 0.166667
5.000000 1.000000 0.620929 1.000000
4.000000 1.610491 1.000000 0.500000
6.000000 1.000000 2.000000 1.000000

Matrix 2442:
1.000000 5.000000 3.000000 1.717765
0.200000 1.000000 0.250000 0.125000
0.333333 4.000000 1.000000 0.514393
0.582152 8.000000 1.944038 1.000000

Matrix 2443:
1.000000 1.000000 0.111111 0.125000
1.000000 1.000000 0.200000 0.221246
9.000000 5.000000 1.000000 0.333333
8.000000 4.519850 3.000000 1.000000

Matrix 2444:
1.000000 1.406385 9.000000 0.472771
0.711043 1.000000 5.000000 1.245034
0.111111 0.200000 1.000000 0.125000
2.115188 0.803191 8.000000 1.000000

Matrix 2445:
1.000000 1.656766 3.000000 3.000000
0.603585 1.000000 3.000000 3.000000
0.333333 0.333333 1.000000 0.500000
0.333333 0.333333 2.000000 1.000000

Matrix 2446:
1.000000 5.000000 6.000000 3.000000
0.200000 1.000000 0.697424 1.000000
0.166667 1.433849 1.000000 1.000000
0.333333 1.000000 1.000000 1.000000

Matrix 2447:
1.000000 4.000000 7.000000 1.429113
0.250000 1.000000 2.000000 0.111111
0.142857 0.500000 1.000000 0.142857
0.699735 9.000000 7.000000 1.000000

Matrix 2448:
1.000000 0.173505 0.586690 0.166667
5.763539 1.000000 1.351254 0.808733
1.704477 0.740053 1.000000 1.046832
6.000000 1.236502 0.955263 1.000000

Matrix 2449:
1.000000 1.725424 0.741034 9.000000
0.579568 1.000000 1.000000 4.000000
1.349465 1.000000 1.000000 5.000000
0.111111 0.250000 0.200000 1.000000

Matrix 2450:
1.000000 5.000000 5.000000 0.835957
0.200000 1.000000 0.697723 0.537808
0.200000 1.433234 1.000000 0.200000
1.196233 1.859400 5.000000 1.000000

Matrix 2451:
1.000000 1.460129 0.483551 1.000000
0.684871 1.000000 1.000000 0.598809
2.068033 1.000000 1.000000 0.540079
1.000000 1.669983 1.851581 1.000000

Matrix 2452:
1.000000 1.498842 0.620089 0.166667
0.667182 1.000000 2.000000 0.250000
1.612671 0.500000 1.000000 0.259038
6.000000 4.000000 3.860441 1.000000

Matrix 2453:
1.000000 2.000000 0.617677 1.000000
0.500000 1.000000 1.000000 1.000000
1.618970 1.000000 1.000000 0.561739
1.000000 1.000000 1.780185 1.000000

Matrix 2454:
1.000000 4.000000 0.606021 0.250000
0.250000 1.000000 0.500000 0.111111
1.650109 2.000000 1.000000 0.333333
4.000000 9.000000 3.000000 1.000000

Matrix 2455:
1.000000 3.000003 0.575064 0.643546
0.333333 1.000000 0.592333 1.000000
1.738936 1.688240 1.000000 1.491261
1.553890 1.000000 0.670573 1.000000

Matrix 2456:
1.000000 1.619529 0.544137 0.250000
0.617464 1.000000 0.462114 0.557200
1.837772 2.163968 1.000000 1.000000
4.000000 1.794688 1.000000 1.000000

Matrix 2457:
1.000000 8.000000 2.735007 6.714140
0.125000 1.000000 0.333333 2.049875
0.365630 3.000000 1.000000 4.000000
0.148939 0.487835 0.250000 1.000000

Matrix 2458:
1.000000 8.000000 7.000000 0.566526
0.125000 1.000000 1.702866 0.142857
0.142857 0.587245 1.000000 0.182051
1.765144 7.000000 5.492961 1.000000

Matrix 2459:
1.000000 3.000000 0.659396 5.000000
0.333333 1.000000 0.250000 1.000000
1.516539 4.000000 1.000000 6.000000
0.200000 1.000000 0.166667 1.000000

Matrix 2460:
1.000000 1.159321 5.999988 3.367709
0.862574 1.000000 3.279109 0.824248
0.166667 0.304961 1.000000 0.925458
0.296938 1.213228 1.080546 1.000000

Matrix 2461:
1.000000 4.000000 1.671695 3.000000
0.250000 1.000000 0.500000 1.000000
0.598195 2.000000 1.000000 5.000000
0.333333 1.000000 0.200000 1.000000

Matrix 2462:
1.000000 0.333333 0.938582 2.000000
3.000000 1.000000 2.000000 2.000000
1.065437 0.500000 1.000000 0.717957
0.500000 0.500000 1.392841 1.000000

Matrix 2463:
1.000000 0.499240 1.917668 0.879719
2.003045 1.000000 3.000003 1.787150
0.521467 0.333333 1.000000 1.000000
1.136727 0.559550 1.000000 1.000000

Matrix 2464:
1.000000 1.622354 6.000000 3.000000
0.616388 1.000000 6.000000 7.000000
0.166667 0.166667 1.000000 1.000000
0.333333 0.142857 1.000000 1.000000

Matrix 2465:
1.000000 1.975383 0.200000 3.000000
0.506231 1.000000 0.142857 1.797214
5.000000 7.000000 1.000000 9.000000
0.333333 0.556417 0.111111 1.000000

Matrix 2466:
1.000000 0.500000 2.000000 1.311885
2.000000 1.000000 4.000000 0.609994
0.500000 0.250000 1.000000 0.250000
0.762262 1.639362 4.000000 1.000000

Matrix 2467:
1.000000 0.410603 1.000000 0.516166
2.435444 1.000000 3.000003 1.000000
1.000000 0.333333 1.000000 1.391624
1.937360 1.000000 0.718585 1.000000

Matrix 2468:
1.000000 7.000000 6.000000 0.610996
0.142857 1.000000 0.333333 0.125000
0.166667 3.000000 1.000000 0.142857
1.636672 8.000000 7.000000 1.000000

Matrix 2469:
1.000000 1.000000 3.000000 1.000000
1.000000 1.000000 5.000000 1.658796
0.333333 0.200000 1.000000 0.125000
1.000000 0.602847 8.000000 1.000000

Matrix 2470:
1.000000 1.000000 0.523639 1.863580
1.000000 1.000000 0.365342 1.699707
1.909713 2.737165 1.000000 2.000000
0.536602 0.588337 0.500000 1.000000

Matrix 2471:
1.000000 0.449623 0.932702 1.337647
2.224084 1.000000 2.732962 0.981561
1.072154 0.365903 1.000000 0.500000
0.747581 1.018785 2.000000 1.000000

Matrix 2472:
1.000000 1.000000 2.978457 1.000000
1.000000 1.000000 1.441305 0.652307
0.335744 0.693815 1.000000 0.858998
1.000000 1.533021 1.164147 1.000000

Matrix 2473:
1.000000 6.000000 1.367124 4.000000
0.166667 1.000000 0.111111 0.500000
0.731463 9.000000 1.000000 9.000000
0.250000 2.000000 0.111111 1.000000

Matrix 2474:
1.000000 2.113868 0.591407 0.434857
0.473066 1.000000 1.000000 0.166667
1.690883 1.000000 1.000000 0.250000
2.299605 6.000000 4.000000 1.000000

Matrix 2475:
1.000000 1.535384 7.000000 2.000000
0.651303 1.000000 8.000000 1.314050
0.142857 0.125000 1.000000 0.142857
0.500000 0.761006 7.000000 1.000000

Matrix 2476:
1.000000 1.000000 1.868854 1.380547
1.000000 1.000000 0.584363 0.500000
0.535087 1.711265 1.000000 1.000000
0.724351 2.000000 1.000000 1.000000

Matrix 2477:
1.000000 0.334129 0.503200 1.000000
2.992855 1.000000 1.526456 0.974725
1.987283 0.655112 1.000000 1.480659
1.000000 1.025930 0.675375 1.000000

Matrix 2478:
1.000000 6.000000 2.000000 0.570434
0.166667 1.000000 0.500000 0.125000
0.500000 2.000000 1.000000 0.958791
1.753052 8.000000 1.042981 1.000000

Matrix 2479:
1.000000 0.250000 0.810842 2.046112
4.000000 1.000000 2.885429 4.000000
1.233286 0.346569 1.000000 0.701148
0.488732 0.250000 1.426233 1.000000

Matrix 2480:
1.000000 0.504503 0.111111 0.166667
1.982148 1.000000 1.000000 0.500000
9.000000 1.000000 1.000000 1.000000
6.000000 2.000000 1.000000 1.000000

Matrix 2481:
1.000000 5.000000 6.000000 8.000000
0.200000 1.000000 1.353534 5.000000
0.166667 0.738807 1.000000 4.000000
0.125000 0.200000 0.250000 1.000000

Matrix 2482:
1.000000 1.258999 0.738178 2.000000
0.794282 1.000000 1.000000 3.743604
1.354687 1.000000 1.000000 1.000000
0.500000 0.267122 1.000000 1.000000

Matrix 2483:
1.000000 4.000000 6.000000 0.614487
0.250000 1.000000 0.448084 0.250000
0.166667 2.231723 1.000000 0.333333
1.627373 4.000000 3.000000 1.000000

Matrix 2484:
1.000000 1.000000 0.746734 1.991049
1.000000 1.000000 0.490699 6.000000
1.339165 2.037911 1.000000 8.000000
0.502248 0.166667 0.125000 1.000000

Matrix 2485:
1.000000 0.630934 1.000000 0.111111
1.584953 1.000000 0.879788 0.250000
1.000000 1.136638 1.000000 0.111111
9.000000 4.000000 9.000000 1.000000

Matrix 2486:
1.000000 1.000000 1.663200 1.000000
1.000000 1.000000 1.000000 1.343402
0.601251 1.000000 1.000000 0.622979
1.000000 0.744379 1.605192 1.000000

Matrix 2487:
1.000000 2.527481 1.184523 1.030248
0.395651 1.000000 1.422515 0.250000
0.844221 0.702980 1.000000 0.250000
0.970640 4.000000 4.000000 1.000000

Matrix 2488:
1.000000 0.876142 8.000000 4.000000
1.141367 1.000000 4.000000 0.890745
0.125000 0.250000 1.000000 0.333333
0.250000 1.122655 3.000000 1.000000

Matrix 2489:
1.000000 0.500000 0.640738 2.000000
2.000000 1.000000 3.000000 4.000000
1.560700 0.333333 1.000000 5.000000
0.500000 0.250000 0.200000 1.000000

Matrix 2490:
1.000000 0.806226 1.633553 1.523736
1.240347 1.000000 2.000000 0.927156
0.612163 0.500000 1.000000 2.000000
0.656282 1.078567 0.500000 1.000000

Matrix 2491:
1.000000 0.633892 1.000000 4.000000
1.577555 1.000000 0.500000 2.441928
1.000000 2.000000 1.000000 6.000000
0.250000 0.409513 0.166667 1.000000

Matrix 2492:
1.000000 0.142857 0.333333 0.250000
7.000000 1.000000 1.886649 0.500000
3.000000 0.530040 1.000000 0.333333
4.000000 2.000000 3.000000 1.000000

Matrix 2493:
1.000000 0.500000 1.718140 1.000000
2.000000 1.000000 1.000000 0.521869
0.582025 1.000000 1.000000 1.000000
1.000000 1.916189 1.000000 1.000000

Matrix 2494:
1.000000 1.569987 3.000003 0.703290
0.636948 1.000000 1.462800 0.788418
0.333333 0.683620 1.000000 0.333333
1.421888 1.268363 3.000000 1.000000

Matrix 2495:
1.000000 0.142857 6.000000 0.500000
7.000000 1.000000 9.000000 1.982849
0.166667 0.111111 1.000000 0.125000
2.000000 0.504325 8.000000 1.000000

Matrix 2496:
1.000000 2.000000 1.000000 1.231899
0.500000 1.000000 0.484622 0.166667
1.000000 2.063465 1.000000 0.500000
0.811755 6.000000 2.000000 1.000000

Matrix 2497:
1.000000 0.436302 1.072067 0.111111
2.291990 1.000000 1.000000 0.706236
0.932778 1.000000 1.000000 0.200000
9.000000 1.415958 5.000000 1.000000

Matrix 2498:
1.000000 1.953384 0.125000 0.250000
0.511932 1.000000 0.250000 0.125000
8.000000 4.000000 1.000000 1.220846
4.000000 8.000000 0.819104 1.000000

Matrix 2499:
1.000000 0.623023 7.000007 2.000000
1.605078 1.000000 5.999988 3.000000
0.142857 0.166667 1.000000 1.045676
0.500000 0.333333 0.956319 1.000000

Matrix 2500:
1.000000 1.723540 0.532688 0.734161
0.580201 1.000000 0.264087 0.111111
1.877273 3.786629 1.000000 0.559634
1.362098 9.000000 1.786882 1.000000

Matrix 2501:
1.000000 0.500000 0.616164 0.250000
2.000000 1.000000 1.000000 0.333333
1.622946 1.000000 1.000000 0.250000
4.000000 3.000000 4.000000 1.000000

Matrix 2502:
1.000000 4.000000 1.708900 1.000000
0.250000 1.000000 0.200000 0.437860
0.585172 5.000000 1.000000 1.667673
1.000000 2.283836 0.599638 1.000000

Matrix 2503:
1.000000 0.623450 3.007643 1.484464
1.603978 1.000000 1.121117 1.000000
0.332486 0.891968 1.000000 0.333333
0.673644 1.000000 3.000000 1.000000

Matrix 2504:
1.000000 0.333333 0.607909 0.125000
3.000000 1.000000 7.000007 1.204465
1.644983 0.142857 1.000000 0.166667
8.000000 0.830244 6.000000 1.000000

Matrix 2505:
1.000000 2.351715 0.200000 0.979428
0.425222 1.000000 0.142857 1.000000
5.000000 7.000000 1.000000 7.000000
1.021004 1.000000 0.142857 1.000000

Matrix 2506:
1.000000 9.000000 5.000000 1.638215
0.111111 1.000000 0.333333 0.142857
0.200000 3.000000 1.000000 0.333333
0.610421 7.000000 3.000000 1.000000

Matrix 2507:
1.000000 0.500000 1.000000 0.333333
2.000000 1.000000 1.003608 0.900713
1.000000 0.996405 1.000000 0.250000
3.000000 1.110232 4.000000 1.000000

Matrix 2508:
1.000000 0.604571 2.000000 1.000000
1.654066 1.000000 1.000000 0.654034
0.500000 1.000000 1.000000 0.333333
1.000000 1.528973 3.000000 1.000000

Matrix 2509:
1.000000 0.333333 0.250000 1.535703
3.000000 1.000000 0.551579 4.000000
4.000000 1.812976 1.000000 6.000000
0.651167 0.250000 0.166667 1.000000

Matrix 2510:
1.000000 0.166667 0.783098 0.250000
6.000000 1.000000 2.019713 1.000000
1.276979 0.495120 1.000000 1.207741
4.000000 1.000000 0.827992 1.000000

Matrix 2511:
1.000000 0.200000 0.250000 0.637983
5.000000 1.000000 1.357746 0.688354
4.000000 0.736515 1.000000 0.759386
1.567441 1.452740 1.316853 1.000000

Matrix 2512:
1.000000 0.166667 1.000000 2.000000
6.000000 1.000000 3.000000 8.398648
1.000000 0.333333 1.000000 4.000000
0.500000 0.119067 0.250000 1.000000

Matrix 2513:
1.000000 0.741050 0.116968 1.667298
1.349437 1.000000 0.111111 0.783927
8.549337 9.000000 1.000000 5.000000
0.599773 1.275629 0.200000 1.000000

Matrix 2514:
1.000000 0.543312 1.000000 0.500000
1.840562 1.000000 0.500000 0.702630
1.000000 2.000000 1.000000 0.500000
2.000000 1.423224 2.000000 1.000000

Matrix 2515:
1.000000 1.338884 0.200000 0.250000
0.746891 1.000000 0.166667 0.250000
5.000000 6.000000 1.000000 3.000000
4.000000 4.000000 0.333333 1.000000

Matrix 2516:
1.000000 0.333333 0.142857 0.142857
3.000000 1.000000 0.615154 0.250000
7.000000 1.625610 1.000000 0.250000
7.000000 4.000000 4.000000 1.000000

Matrix 2517:
1.000000 0.833548 0.677556 1.000000
1.199691 1.000000 1.452666 3.000000
1.475893 0.688390 1.000000 1.808797
1.000000 0.333333 0.552854 1.000000

Matrix 2518:
1.000000 0.333333 3.000000 1.000000
3.000000 1.000000 6.000000 0.990317
0.333333 0.166667 1.000000 0.500000
1.000000 1.009777 2.000000 1.000000

Matrix 2519:
1.000000 0.142857 0.111111 0.250000
7.000000 1.000000 0.500000 1.611356
9.000000 2.000000 1.000000 3.000000
4.000000 0.620595 0.333333 1.000000

Matrix 2520:
1.000000 4.000000 7.000000 2.000000
0.250000 1.000000 1.561564 1.000000
0.142857 0.640384 1.000000 1.000000
0.500000 1.000000 1.000000 1.000000

Matrix 2521:
1.000000 6.000000 5.000000 0.333333
0.166667 1.000000 0.742983 0.200000
0.200000 1.345926 1.000000 0.125000
3.000000 5.000000 8.000000 1.000000

Matrix 2522:
1.000000 0.500000 1.437993 0.749504
2.000000 1.000000 1.000000 1.718485
0.695413 1.000000 1.000000 2.000000
1.334216 0.581908 0.500000 1.000000

Matrix 2523:
1.000000 1.638929 5.000000 3.000000
0.610155 1.000000 3.000000 3.159579
0.200000 0.333333 1.000000 0.519505
0.333333 0.316498 1.924911 1.000000

Matrix 2524:
1.000000 0.579808 0.250000 1.091313
1.724707 1.000000 0.811453 1.000000
4.000000 1.232357 1.000000 0.793442
0.916328 1.000000 1.260332 1.000000

Matrix 2525:
1.000000 0.673704 0.200000 2.099292
1.484331 1.000000 0.200000 2.324400
5.000000 5.000000 1.000000 6.000000
0.476351 0.430218 0.166667 1.000000

Matrix 2526:
1.000000 0.333333 0.250000 5.000000
3.000000 1.000000 1.524027 5.296485
4.000000 0.656156 1.000000 9.000000
0.200000 0.188804 0.111111 1.000000

Matrix 2527:
1.000000 1.547298 7.000000 8.000000
0.646288 1.000000 9.000000 6.000000
0.142857 0.111111 1.000000 0.250000
0.125000 0.166667 4.000000 1.000000

Matrix 2528:
1.000000 7.000000 1.537213 8.000000
0.142857 1.000000 0.111111 0.638097
0.650528 9.000000 1.000000 6.000000
0.125000 1.567159 0.166667 1.000000

Matrix 2529:
1.000000 5.999988 9.000009 1.000000
0.166667 1.000000 0.546555 0.226427
0.111111 1.829643 1.000000 0.142857
1.000000 4.416429 7.000000 1.000000

Matrix 2530:
1.000000 0.282826 1.178373 3.412827
3.535740 1.000000 7.000000 9.000000
0.848627 0.142857 1.000000 1.000000
0.293012 0.111111 1.000000 1.000000

Matrix 2531:
1.000000 5.000000 8.000000 2.228633
0.200000 1.000000 0.333333 0.250000
0.125000 3.000000 1.000000 0.500000
0.448706 4.000000 2.000000 1.000000

Matrix 2532:
1.000000 1.678212 2.000000 0.333333
0.595872 1.000000 5.000000 0.333333
0.500000 0.200000 1.000000 0.125000
3.000000 3.000000 8.000000 1.000000

Matrix 2533:
1.000000 0.166667 1.713805 2.000000
6.000000 1.000000 3.000000 6.000000
0.583497 0.333333 1.000000 0.584822
0.500000 0.166667 1.709923 1.000000

Matrix 2534:
1.000000 1.000000 8.000000 1.575410
1.000000 1.000000 2.000000 0.608569
0.125000 0.500000 1.000000 0.250000
0.634756 1.643199 4.000000 1.000000

Matrix 2535:
1.000000 0.424482 4.000000 4.033467
2.355813 1.000000 5.999988 3.000000
0.250000 0.166667 1.000000 1.471634
0.247926 0.333333 0.679517 1.000000

Matrix 2536:
1.000000 7.000000 1.000000 3.000000
0.142857 1.000000 0.200000 1.604737
1.000000 5.000000 1.000000 4.000000
0.333333 0.623155 0.250000 1.000000

Matrix 2537:
1.000000 3.000000 0.620865 6.000000
0.333333 1.000000 0.500000 1.000000
1.610656 2.000000 1.000000 4.000000
0.166667 1.000000 0.250000 1.000000

Matrix 2538:
1.000000 1.556152 0.250000 0.500000
0.642611 1.000000 0.333333 1.812079
4.000000 3.000000 1.000000 3.000000
2.000000 0.551852 0.333333 1.000000

Matrix 2539:
1.000000 2.000000 0.333333 0.142857
0.500000 1.000000 0.524387 0.142857
3.000000 1.906987 1.000000 1.000000
7.000000 7.000000 1.000000 1.000000

Matrix 2540:
1.000000 8.000000 1.000000 0.610715
0.125000 1.000000 0.166667 0.200000
1.000000 6.000000 1.000000 0.521123
1.637425 5.000000 1.918932 1.000000

Matrix 2541:
1.000000 5.000000 7.000000 2.000000
0.200000 1.000000 1.560017 0.142857
0.142857 0.641019 1.000000 0.200000
0.500000 7.000000 5.000000 1.000000

Matrix 2542:
1.000000 4.000000 3.000003 5.234357
0.250000 1.000000 0.500000 1.774764
0.333333 2.000000 1.000000 0.954638
0.191045 0.563455 1.047518 1.000000

Matrix 2543:
1.000000 0.500000 0.680305 0.200000
2.000000 1.000000 1.689650 0.333333
1.469929 0.591838 1.000000 0.111111
5.000000 3.000000 9.000000 1.000000

Matrix 2544:
1.000000 0.125000 0.166667 0.250000
8.000000 1.000000 1.579940 7.000000
6.000000 0.632935 1.000000 6.000000
4.000000 0.142857 0.166667 1.000000

Matrix 2545:
1.000000 0.686174 1.000000 1.000000
1.457356 1.000000 0.319315 0.667368
1.000000 3.131707 1.000000 1.686086
1.000000 1.498423 0.593090 1.000000

Matrix 2546:
1.000000 3.000000 0.333333 0.500000
0.333333 1.000000 0.333333 0.200000
3.000000 3.000000 1.000000 0.617230
2.000000 5.000000 1.620143 1.000000

Matrix 2547:
1.000000 0.617606 0.500000 0.250000
1.619156 1.000000 0.250000 0.200000
2.000000 4.000000 1.000000 0.500000
4.000000 5.000000 2.000000 1.000000

Matrix 2548:
1.000000 3.000000 0.809989 7.000000
0.333333 1.000000 1.000000 4.000000
1.234585 1.000000 1.000000 7.000000
0.142857 0.250000 0.142857 1.000000

Matrix 2549:
1.000000 3.000000 4.000000 0.250000
0.333333 1.000000 1.000000 0.121268
0.250000 1.000000 1.000000 0.166667
4.000000 8.246212 6.000000 1.000000

Matrix 2550:
1.000000 1.676918 3.000003 2.143658
0.596332 1.000000 1.000000 2.000000
0.333333 1.000000 1.000000 0.608379
0.466492 0.500000 1.643712 1.000000

Matrix 2551:
1.000000 2.000000 0.333333 1.895834
0.500000 1.000000 0.333333 0.684213
3.000000 3.000000 1.000000 5.000000
0.527472 1.461533 0.200000 1.000000

Matrix 2552:
1.000000 5.000000 1.000000 7.000000
0.200000 1.000000 0.431638 0.579578
1.000000 2.316758 1.000000 4.000000
0.142857 1.725392 0.250000 1.000000

Matrix 2553:
1.000000 2.000000 7.000000 2.000000
0.500000 1.000000 9.000000 1.439712
0.142857 0.111111 1.000000 0.166667
0.500000 0.694583 6.000000 1.000000

Matrix 2554:
1.000000 0.333333 4.967436 2.113167
3.000000 1.000000 7.659386 6.000000
0.201311 0.130559 1.000000 0.250000
0.473223 0.166667 4.000000 1.000000

Matrix 2555:
1.000000 0.592299 0.333333 5.000000
1.688335 1.000000 0.632107 8.000000
3.000000 1.582011 1.000000 6.955769
0.200000 0.125000 0.143766 1.000000

Matrix 2556:
1.000000 1.000000 0.865974 1.288731
1.000000 1.000000 1.669135 0.585703
1.154769 0.599113 1.000000 0.371045
0.775957 1.707351 2.695088 1.000000

Matrix 2557:
1.000000 0.226195 0.430794 0.250000
4.420967 1.000000 5.156710 1.277033
2.321294 0.193922 1.000000 0.333333
4.000000 0.783065 3.000000 1.000000

Matrix 2558:
1.000000 2.003056 0.333333 5.000000
0.499237 1.000000 0.200000 2.000000
3.000000 5.000000 1.000000 5.000000
0.200000 0.500000 0.200000 1.000000

Matrix 2559:
1.000000 4.000000 1.000000 1.888660
0.250000 1.000000 1.000000 0.553509
1.000000 1.000000 1.000000 0.604111
0.529476 1.806655 1.655325 1.000000

Matrix 2560:
1.000000 3.000000 0.737772 2.000000
0.333333 1.000000 0.333333 0.500000
1.355433 3.000000 1.000000 1.000000
0.500000 2.000000 1.000000 1.000000

Matrix 2561:
1.000000 1.971473 1.000000 2.017918
0.507235 1.000000 1.000000 0.483221
1.000000 1.000000 1.000000 0.500000
0.495560 2.069448 2.000000 1.000000

Matrix 2562:
1.000000 2.109643 0.466621 1.022300
0.474014 1.000000 0.536505 0.522241
2.143068 1.863914 1.000000 0.500000
0.978186 1.914824 2.000000 1.000000

Matrix 2563:
1.000000 0.656496 0.200000 1.738994
1.523238 1.000000 0.333333 1.000000
5.000000 3.000000 1.000000 2.000000
0.575045 1.000000 0.500000 1.000000

Matrix 2564:
1.000000 0.333333 1.852881 1.652009
3.000000 1.000000 1.714774 3.000000
0.539700 0.583167 1.000000 0.687911
0.605324 0.333333 1.453676 1.000000

Matrix 2565:
1.000000 0.111111 0.210364 1.000000
9.000000 1.000000 0.500000 6.000000
4.753663 2.000000 1.000000 9.000000
1.000000 0.166667 0.111111 1.000000

Matrix 2566:
1.000000 0.166667 0.111111 1.000000
6.000000 1.000000 1.000000 1.815796
9.000000 1.000000 1.000000 8.000000
1.000000 0.550723 0.125000 1.000000

Matrix 2567:
1.000000 1.000000 0.733905 0.111111
1.000000 1.000000 1.519360 0.500000
1.362573 0.658172 1.000000 0.200000
9.000000 2.000000 5.000000 1.000000

Matrix 2568:
1.000000 5.000000 2.000000 0.500000
0.200000 1.000000 0.500000 0.125000
0.500000 2.000000 1.000000 1.032705
2.000000 8.000000 0.968331 1.000000

Matrix 2569:
1.000000 1.000000 1.602008 9.000000
1.000000 1.000000 1.000000 4.000000
0.624217 1.000000 1.000000 4.000000
0.111111 0.250000 0.250000 1.000000

Matrix 2570:
1.000000 5.000000 1.000000 0.500000
0.200000 1.000000 0.111111 0.122285
1.000000 9.000000 1.000000 1.000000
2.000000 8.177650 1.000000 1.000000

Matrix 2571:
1.000000 1.384379 1.000000 0.656227
0.722345 1.000000 0.414401 1.065142
1.000000 2.413124 1.000000 2.000000
1.523862 0.938842 0.500000 1.000000

Matrix 2572:
1.000000 8.000000 4.000000 5.000000
0.125000 1.000000 0.333333 0.640376
0.250000 3.000000 1.000000 4.000000
0.200000 1.561582 0.250000 1.000000

Matrix 2573:
1.000000 3.125452 5.000000 2.536720
0.319954 1.000000 0.500000 0.570475
0.200000 2.000000 1.000000 1.000000
0.394210 1.752926 1.000000 1.000000

Matrix 2574:
1.000000 0.985856 3.000000 0.500000
1.014347 1.000000 1.000000 0.125000
0.333333 1.000000 1.000000 0.166667
2.000000 8.000000 6.000000 1.000000

Matrix 2575:
1.000000 1.000000 0.436086 1.591088
1.000000 1.000000 0.333333 0.333333
2.293124 3.000000 1.000000 3.000000
0.628501 3.000000 0.333333 1.000000

Matrix 2576:
1.000000 0.299417 1.000000 0.655573
3.339823 1.000000 4.000000 9.000000
1.000000 0.250000 1.000000 2.301959
1.525384 0.111111 0.434413 1.000000

Matrix 2577:
1.000000 9.000000 1.638566 6.000000
0.111111 1.000000 0.250000 0.500000
0.610290 4.000000 1.000000 5.000000
0.166667 2.000000 0.200000 1.000000

Matrix 2578:
1.000000 1.000000 1.230132 0.316876
1.000000 1.000000 2.170355 0.791326
0.812921 0.460754 1.000000 0.965846
3.155805 1.263701 1.035362 1.000000

Matrix 2579:
1.000000 0.333333 0.250000 0.511636
3.000000 1.000000 0.470089 6.000000
4.000000 2.127259 1.000000 7.000000
1.954515 0.166667 0.142857 1.000000

Matrix 2580:
1.000000 1.738068 2.000000 1.142598
0.575352 1.000000 2.355814 2.000000
0.500000 0.424482 1.000000 1.000000
0.875198 0.500000 1.000000 1.000000

Matrix 2581:
1.000000 1.000000 0.200000 1.802165
1.000000 1.000000 0.166667 0.656808
5.000000 6.000000 1.000000 6.000000
0.554888 1.522516 0.166667 1.000000

Matrix 2582:
1.000000 1.621392 0.111111 1.000000
0.616754 1.000000 0.200000 1.500492
9.000000 5.000000 1.000000 8.000000
1.000000 0.666448 0.125000 1.000000

Matrix 2583:
1.000000 1.000000 0.250000 0.500000
1.000000 1.000000 0.333333 1.431364
4.000000 3.000000 1.000000 1.000000
2.000000 0.698634 1.000000 1.000000

Matrix 2584:
1.000000 0.200000 0.166667 1.517511
5.000000 1.000000 1.863787 5.000000
6.000000 0.536542 1.000000 3.000000
0.658974 0.200000 0.333333 1.000000

Matrix 2585:
1.000000 2.000000 0.111111 1.572291
0.500000 1.000000 0.125000 0.611580
9.000000 8.000000 1.000000 5.000000
0.636015 1.635109 0.200000 1.000000

Matrix 2586:
1.000000 5.000000 9.000000 1.932998
0.200000 1.000000 2.154215 0.125000
0.111111 0.464206 1.000000 0.200000
0.517331 8.000000 5.000000 1.000000

Matrix 2587:
1.000000 0.603242 3.935213 4.000000
1.657710 1.000000 8.000000 4.000000
0.254116 0.125000 1.000000 1.625967
0.250000 0.250000 0.615018 1.000000

Matrix 2588:
1.000000 0.250000 0.333333 0.561475
4.000000 1.000000 0.668046 4.000000
3.000000 1.496902 1.000000 7.000000
1.781022 0.250000 0.142857 1.000000

Matrix 2589:
1.000000 0.500000 1.000000 0.200000
2.000000 1.000000 1.638401 0.111111
1.000000 0.610351 1.000000 0.166667
5.000000 9.000000 6.000000 1.000000

Matrix 2590:
1.000000 6.000000 8.000000 2.128140
0.166667 1.000000 0.592310 0.333333
0.125000 1.688305 1.000000 0.250000
0.469894 3.000000 4.000000 1.000000

Matrix 2591:
1.000000 0.250000 0.333333 0.166667
4.000000 1.000000 2.211798 2.000000
3.000000 0.452121 1.000000 1.798256
6.000000 0.500000 0.556094 1.000000

Matrix 2592:
1.000000 1.192911 0.699936 1.636567
0.838285 1.000000 0.500000 0.480314
1.428703 2.000000 1.000000 1.000000
0.611035 2.081969 1.000000 1.000000

Matrix 2593:
1.000000 0.521884 3.000003 1.219081
1.916134 1.000000 7.000007 0.665064
0.333333 0.142857 1.000000 0.166667
0.820290 1.503615 6.000000 1.000000

Matrix 2594:
1.000000 0.547708 0.200000 0.250000
1.825790 1.000000 0.333333 0.333333
5.000000 3.000000 1.000000 0.656787
4.000000 3.000000 1.522563 1.000000

Matrix 2595:
1.000000 4.000000 2.000000 2.000000
0.250000 1.000000 0.403631 0.166667
0.500000 2.477507 1.000000 0.500000
0.500000 6.000000 2.000000 1.000000

Matrix 2596:
1.000000 1.000000 0.142857 0.125000
1.000000 1.000000 0.333333 0.142857
7.000000 3.000000 1.000000 0.598759
8.000000 7.000000 1.670120 1.000000

Matrix 2597:
1.000000 0.125000 0.522990 0.333333
8.000000 1.000000 5.999988 6.000000
1.912081 0.166667 1.000000 0.554045
3.000000 0.166667 1.804909 1.000000

Matrix 2598:
1.000000 1.357580 0.609672 0.746289
0.736605 1.000000 1.000000 2.000000
1.640226 1.000000 1.000000 1.835794
1.339963 0.500000 0.544723 1.000000

Matrix 2599:
1.000000 0.133081 0.125000 0.190758
7.514228 1.000000 1.873397 1.000000
8.000000 0.533790 1.000000 3.000000
5.242258 1.000000 0.333333 1.000000

Matrix 2600:
1.000000 3.000003 6.000000 4.000000
0.333333 1.000000 0.605213 1.792360
0.166667 1.652310 1.000000 3.000000
0.250000 0.557924 0.333333 1.000000

Matrix 2601:
1.000000 7.760685 9.000000 3.000000
0.128855 1.000000 0.489340 0.250000
0.111111 2.043570 1.000000 0.250000
0.333333 4.000000 4.000000 1.000000

Matrix 2602:
1.000000 1.000000 1.748195 1.000000
1.000000 1.000000 1.000000 0.541152
0.572018 1.000000 1.000000 1.000000
1.000000 1.847910 1.000000 1.000000

Matrix 2603:
1.000000 7.000000 5.000000 1.502429
0.142857 1.000000 2.000000 0.333333
0.200000 0.500000 1.000000 0.111111
0.665589 3.000000 9.000000 1.000000

Matrix 2604:
1.000000 1.000000 0.333333 1.491392
1.000000 1.000000 0.308399 0.639157
3.000000 3.242548 1.000000 1.000000
0.670514 1.564561 1.000000 1.000000

Matrix 2605:
1.000000 1.000000 0.654212 7.000000
1.000000 1.000000 1.567030 4.000000
1.528556 0.638150 1.000000 4.000000
0.142857 0.250000 0.250000 1.000000

Matrix 2606:
1.000000 0.111111 0.111111 0.149969
9.000000 1.000000 0.815087 0.582632
9.000000 1.226863 1.000000 0.333333
6.668063 1.716349 3.000000 1.000000

Matrix 2607:
1.000000 0.430338 6.000000 1.000000
2.323757 1.000000 7.000000 0.839033
0.166667 0.142857 1.000000 0.200000
1.000000 1.191848 5.000000 1.000000

Matrix 2608:
1.000000 0.200000 0.497190 0.142857
5.000000 1.000000 9.000000 1.522037
2.011303 0.111111 1.000000 0.142857
7.000000 0.657014 7.000000 1.000000

Matrix 2609:
1.000000 1.032993 0.702459 1.000000
0.968061 1.000000 2.000000 1.000000
1.423570 0.500000 1.000000 2.000000
1.000000 1.000000 0.500000 1.000000

Matrix 2610:
1.000000 0.742872 1.000000 8.000000
1.346127 1.000000 0.500000 5.000000
1.000000 2.000000 1.000000 6.000000
0.125000 0.200000 0.166667 1.000000

Matrix 2611:
1.000000 0.200000 0.234688 0.200000
5.000000 1.000000 1.000000 3.000000
4.260975 1.000000 1.000000 3.365008
5.000000 0.333333 0.297176 1.000000

Matrix 2612:
1.000000 1.000000 1.000000 1.974802
1.000000 1.000000 1.335530 0.438535
1.000000 0.748767 1.000000 1.000000
0.506380 2.280322 1.000000 1.000000

Matrix 2613:
1.000000 0.200000 1.614463 0.500000
5.000000 1.000000 9.000000 2.000000
0.619401 0.111111 1.000000 0.500000
2.000000 0.500000 2.000000 1.000000

Matrix 2614:
1.000000 0.385408 0.500000 0.392694
2.594652 1.000000 0.500000 0.461944
2.000000 2.000000 1.000000 1.643432
2.546511 2.164764 0.608483 1.000000

Matrix 2615:
1.000000 0.250000 0.200000 0.499408
4.000000 1.000000 1.520366 6.000000
5.000000 0.657736 1.000000 5.000000
2.002371 0.166667 0.200000 1.000000

Matrix 2616:
1.000000 1.184731 0.606355 0.827777
0.844073 1.000000 0.594932 2.000000
1.649200 1.680865 1.000000 0.743608
1.208055 0.500000 1.344795 1.000000

Matrix 2617:
1.000000 4.818098 3.000000 8.000000
0.207551 1.000000 0.315849 1.000000
0.333333 3.166075 1.000000 8.000000
0.125000 1.000000 0.125000 1.000000

Matrix 2618:
1.000000 0.250000 0.333333 0.125000
4.000000 1.000000 1.000000 0.444722
3.000000 1.000000 1.000000 1.599277
8.000000 2.248597 0.625283 1.000000

Matrix 2619:
1.000000 0.802862 1.486804 0.539895
1.245545 1.000000 0.597777 0.250550
0.672584 1.672865 1.000000 1.000000
1.852211 3.991213 1.000000 1.000000

Matrix 2620:
1.000000 6.000000 7.000000 6.000000
0.166667 1.000000 1.591864 0.500000
0.142857 0.628194 1.000000 0.500000
0.166667 2.000000 2.000000 1.000000

Matrix 2621:
1.000000 1.243883 1.000000 0.125000
0.803934 1.000000 1.587740 0.200000
1.000000 0.629826 1.000000 0.200000
8.000000 5.000000 5.000000 1.000000

Matrix 2622:
1.000000 5.000000 1.344934 4.000000
0.200000 1.000000 0.166667 3.000000
0.743531 6.000000 1.000000 7.000000
0.250000 0.333333 0.142857 1.000000

Matrix 2623:
1.000000 0.525417 0.370597 0.125000
1.903252 1.000000 2.000000 1.000000
2.698346 0.500000 1.000000 0.342531
8.000000 1.000000 2.919442 1.000000

Matrix 2624:
1.000000 2.085593 8.000000 7.000000
0.479480 1.000000 4.000000 3.000000
0.125000 0.250000 1.000000 1.646966
0.142857 0.333333 0.607177 1.000000

Matrix 2625:
1.000000 0.250000 0.142857 2.000000
4.000000 1.000000 0.500000 3.000000
7.000000 2.000000 1.000000 4.279799
0.500000 0.333333 0.233656 1.000000

Matrix 2626:
1.000000 0.623627 0.250000 0.166667
1.603522 1.000000 0.142857 0.250000
4.000000 7.000000 1.000000 1.000000
6.000000 4.000000 1.000000 1.000000

Matrix 2627:
1.000000 0.250000 0.469110 1.585359
4.000000 1.000000 4.000000 3.000000
2.131697 0.250000 1.000000 2.000000
0.630772 0.333333 0.500000 1.000000

Matrix 2628:
1.000000 8.000000 0.815320 9.000000
0.125000 1.000000 0.333333 0.683621
1.226512 3.000000 1.000000 4.000000
0.111111 1.462799 0.250000 1.000000

Matrix 2629:
1.000000 7.000000 3.000000 7.000000
0.142857 1.000000 0.611073 1.000000
0.333333 1.636467 1.000000 1.000000
0.142857 1.000000 1.000000 1.000000

Matrix 2630:
1.000000 1.640335 0.250000 1.000000
0.609632 1.000000 0.142857 1.613565
4.000000 7.000000 1.000000 3.000000
1.000000 0.619746 0.333333 1.000000

Matrix 2631:
1.000000 0.438395 0.940781 0.500000
2.281046 1.000000 2.000000 0.695624
1.062947 0.500000 1.000000 1.053160
2.000000 1.437558 0.949524 1.000000

Matrix 2632:
1.000000 0.200000 0.115064 0.500000
5.000000 1.000000 1.000000 5.000000
8.690823 1.000000 1.000000 9.000000
2.000000 0.200000 0.111111 1.000000

Matrix 2633:
1.000000 0.333333 0.142797 0.729112
3.000000 1.000000 1.209676 8.000000
7.002965 0.826667 1.000000 7.000000
1.371531 0.125000 0.142857 1.000000

Matrix 2634:
1.000000 9.000009 2.123771 0.998800
0.111111 1.000000 0.111111 0.200000
0.470860 9.000000 1.000000 1.484613
1.001201 5.000000 0.673576 1.000000

Matrix 2635:
1.000000 0.333333 0.250000 0.739967
3.000000 1.000000 1.000000 9.000000
4.000000 1.000000 1.000000 8.000000
1.351412 0.111111 0.125000 1.000000

Matrix 2636:
1.000000 8.000000 0.666454 7.000000
0.125000 1.000000 0.333333 3.000000
1.500479 3.000000 1.000000 7.000000
0.142857 0.333333 0.142857 1.000000

Matrix 2637:
1.000000 7.000000 2.000000 0.500000
0.142857 1.000000 0.250000 0.142857
0.500000 4.000000 1.000000 1.009888
2.000000 7.000000 0.990209 1.000000

Matrix 2638:
1.000000 0.116348 0.166667 0.111111
8.594926 1.000000 3.000000 1.000000
6.000000 0.333333 1.000000 1.000000
9.000000 1.000000 1.000000 1.000000

Matrix 2639:
1.000000 0.125000 0.250000 0.608543
8.000000 1.000000 0.627310 3.000000
4.000000 1.594107 1.000000 4.000000
1.643268 0.333333 0.250000 1.000000

Matrix 2640:
1.000000 1.000000 1.336473 7.000000
1.000000 1.000000 0.333333 3.000000
0.748238 3.000000 1.000000 9.000000
0.142857 0.333333 0.111111 1.000000

Matrix 2641:
1.000000 0.142857 0.675551 0.166667
7.000000 1.000000 7.000000 1.000000
1.480274 0.142857 1.000000 0.333333
6.000000 1.000000 3.000000 1.000000

Matrix 2642:
1.000000 0.564621 0.523232 1.000000
1.771098 1.000000 0.500000 4.000000
1.911200 2.000000 1.000000 5.000000
1.000000 0.250000 0.200000 1.000000

Matrix 2643:
1.000000 7.000000 8.000000 0.609419
0.142857 1.000000 1.741869 0.166667
0.125000 0.574096 1.000000 0.200000
1.640908 6.000000 5.000000 1.000000

Matrix 2644:
1.000000 0.125000 0.250000 0.122745
8.000000 1.000000 3.000000 0.614939
4.000000 0.333333 1.000000 0.166667
8.146991 1.626176 6.000000 1.000000

Matrix 2645:
1.000000 0.111111 0.166667 0.250000
9.000000 1.000000 2.137192 0.626350
6.000000 0.467904 1.000000 1.000000
4.000000 1.596551 1.000000 1.000000

Matrix 2646:
1.000000 1.600087 0.500000 0.142857
0.624966 1.000000 1.000000 0.111111
2.000000 1.000000 1.000000 0.142857
7.000000 9.000000 7.000000 1.000000

Matrix 2647:
1.000000 1.000000 0.680441 0.519909
1.000000 1.000000 1.610867 1.752109
1.469636 0.620784 1.000000 0.376462
1.923415 0.570741 2.656314 1.000000

Matrix 2648:
1.000000 1.554301 0.589286 0.333333
0.643376 1.000000 1.000000 0.125000
1.696970 1.000000 1.000000 0.111111
3.000000 8.000000 9.000000 1.000000

Matrix 2649:
1.000000 2.204710 1.275332 0.936296
0.453574 1.000000 0.759426 1.625397
0.784109 1.316784 1.000000 1.620291
1.068039 0.615234 0.617173 1.000000

Matrix 2650:
1.000000 1.000000 1.000000 1.000000
1.000000 1.000000 1.658681 1.000000
1.000000 0.602889 1.000000 1.000000
1.000000 1.000000 1.000000 1.000000

Matrix 2651:
1.000000 0.500000 3.000000 6.000000
2.000000 1.000000 6.000000 8.072414
0.333333 0.166667 1.000000 3.000000
0.166667 0.123879 0.333333 1.000000

Matrix 2652:
1.000000 0.601692 0.125000 1.502224
1.661980 1.000000 0.166667 1.968478
8.000000 6.000000 1.000000 9.000000
0.665680 0.508007 0.111111 1.000000

Matrix 2653:
1.000000 1.607364 0.250000 0.142857
0.622137 1.000000 0.125000 0.111111
4.000000 8.000000 1.000000 0.500000
7.000000 9.000000 2.000000 1.000000

Matrix 2654:
1.000000 0.111111 2.000000 0.333333
9.000000 1.000000 8.000000 0.744756
0.500000 0.125000 1.000000 0.142857
3.000000 1.342722 7.000000 1.000000

Matrix 2655:
1.000000 0.631170 1.592230 1.000000
1.584360 1.000000 2.000000 1.400720
0.628050 0.500000 1.000000 1.863129
1.000000 0.713918 0.536732 1.000000

Matrix 2656:
1.000000 0.125000 1.000000 0.500498
8.000000 1.000000 7.000000 1.000000
1.000000 0.142857 1.000000 0.125000
1.998009 1.000000 8.000000 1.000000

Matrix 2657:
1.000000 0.329183 1.000000 0.500000
3.037822 1.000000 2.000000 0.705387
1.000000 0.500000 1.000000 1.000000
2.000000 1.417662 1.000000 1.000000

Matrix 2658:
1.000000 1.015462 0.567388 0.333333
0.984774 1.000000 2.250083 0.721474
1.762463 0.444428 1.000000 0.540603
3.000000 1.386051 1.849788 1.000000

Matrix 2659:
1.000000 0.624334 4.000000 5.000000
1.601706 1.000000 8.000000 5.000000
0.250000 0.125000 1.000000 1.000000
0.200000 0.200000 1.000000 1.000000

Matrix 2660:
1.000000 0.333333 0.200000 0.333333
3.000000 1.000000 1.000000 1.725020
5.000000 1.000000 1.000000 3.000000
3.000000 0.579703 0.333333 1.000000

Matrix 2661:
1.000000 5.000000 1.356760 5.000000
0.200000 1.000000 0.200000 0.569931
0.737050 5.000000 1.000000 4.000000
0.200000 1.754598 0.250000 1.000000

Matrix 2662:
1.000000 1.000000 0.125000 3.000000
1.000000 1.000000 0.166667 3.000000
8.000000 6.000000 1.000000 8.048143
0.333333 0.333333 0.124252 1.000000

Matrix 2663:
1.000000 0.575194 0.333333 3.731801
1.738544 1.000000 0.347976 6.000000
3.000000 2.873761 1.000000 4.000000
0.267967 0.166667 0.250000 1.000000

Matrix 2664:
1.000000 0.622880 1.000000 3.000000
1.605445 1.000000 0.562076 4.000000
1.000000 1.779120 1.000000 7.000000
0.333333 0.250000 0.142857 1.000000

Matrix 2665:
1.000000 3.000000 0.333333 0.250000
0.333333 1.000000 0.333333 0.111111
3.000000 3.000000 1.000000 0.496872
4.000000 9.000000 2.012591 1.000000

Matrix 2666:
1.000000 1.000000 0.433949 0.500000
1.000000 1.000000 0.521833 1.000000
2.304421 1.916322 1.000000 0.589041
2.000000 1.000000 1.697674 1.000000

Matrix 2667:
1.000000 5.999988 5.999988 8.000000
0.166667 1.000000 1.503874 1.000000
0.166667 0.664949 1.000000 1.782575
0.125000 1.000000 0.560986 1.000000

Matrix 2668:
1.000000 0.500000 0.262517 0.166667
2.000000 1.000000 1.049829 0.742042
3.809275 0.952536 1.000000 1.821338
6.000000 1.347633 0.549047 1.000000

Matrix 2669:
1.000000 1.000000 1.000000 2.350062
1.000000 1.000000 1.641835 7.000000
1.000000 0.609074 1.000000 4.000000
0.425521 0.142857 0.250000 1.000000

Matrix 2670:
1.000000 0.826692 3.673695 0.789851
1.209640 1.000000 2.000000 1.219990
0.272206 0.500000 1.000000 0.200000
1.266061 0.819679 5.000000 1.000000

Matrix 2671:
1.000000 6.000000 8.000000 1.000000
0.166667 1.000000 0.621776 0.125000
0.125000 1.608295 1.000000 0.200000
1.000000 8.000000 5.000000 1.000000

Matrix 2672:
1.000000 0.701210 0.166667 1.886692
1.426107 1.000000 0.166667 0.500000
6.000000 6.000000 1.000000 6.000000
0.530028 2.000000 0.166667 1.000000

Matrix 2673:
1.000000 0.125000 0.166667 0.500000
8.000000 1.000000 1.578506 4.000000
6.000000 0.633510 1.000000 6.000000
2.000000 0.250000 0.166667 1.000000

Matrix 2674:
1.000000 0.125000 0.166667 3.000000
8.000000 1.000000 1.000000 8.531253
6.000000 1.000000 1.000000 6.000000
0.333333 0.117216 0.166667 1.000000

Matrix 2675:
1.000000 0.113156 0.166667 0.250000
8.837372 1.000000 5.000000 5.000000
6.000000 0.200000 1.000000 1.000000
4.000000 0.200000 1.000000 1.000000

Matrix 2676:
1.000000 1.977028 0.125000 2.305283
0.505810 1.000000 0.166667 3.000000
8.000000 6.000000 1.000000 8.966358
0.433786 0.333333 0.111528 1.000000

Matrix 2677:
1.000000 0.642701 3.000000 9.000000
1.555934 1.000000 7.000000 4.000000
0.333333 0.142857 1.000000 2.000000
0.111111 0.250000 0.500000 1.000000

Matrix 2678:
1.000000 4.000000 0.500000 1.000000
0.250000 1.000000 0.142857 0.166667
2.000000 7.000000 1.000000 0.608566
1.000000 6.000000 1.643207 1.000000

Matrix 2679:
1.000000 1.618728 0.250000 0.500000
0.617769 1.000000 0.200000 1.670041
4.000000 5.000000 1.000000 3.000000
2.000000 0.598788 0.333333 1.000000

Matrix 2680:
1.000000 0.183228 1.663400 1.000000
5.457667 1.000000 3.000000 6.000000
0.601178 0.333333 1.000000 1.574916
1.000000 0.166667 0.634955 1.000000

Matrix 2681:
1.000000 7.000000 2.000000 1.434432
0.142857 1.000000 0.111111 0.111111
0.500000 9.000000 1.000000 0.699685
0.697140 9.000000 1.429214 1.000000

Matrix 2682:
1.000000 0.200000 0.200000 0.250000
5.000000 1.000000 1.643123 0.500000
5.000000 0.608597 1.000000 0.250000
4.000000 2.000000 4.000000 1.000000

Matrix 2683:
1.000000 0.250000 0.250000 0.166667
4.000000 1.000000 0.651623 0.166667
4.000000 1.534629 1.000000 0.250000
6.000000 6.000000 4.000000 1.000000

Matrix 2684:
1.000000 1.000000 2.000000 0.657136
1.000000 1.000000 6.000000 2.000000
0.500000 0.166667 1.000000 0.166667
1.521756 0.500000 6.000000 1.000000

Matrix 2685:
1.000000 0.166667 1.698995 0.333333
6.000000 1.000000 4.000000 1.726263
0.588583 0.250000 1.000000 0.125000
3.000000 0.579286 8.000000 1.000000

Matrix 2686:
1.000000 0.500000 0.832055 0.500000
2.000000 1.000000 7.000000 2.000000
1.201844 0.142857 1.000000 0.333333
2.000000 0.500000 3.000000 1.000000

Matrix 2687:
1.000000 1.203328 1.000000 0.500000
0.831029 1.000000 1.680782 0.500000
1.000000 0.594961 1.000000 1.000000
2.000000 2.000000 1.000000 1.000000

Matrix 2688:
1.000000 1.312192 1.847061 1.000000
0.762083 1.000000 0.488839 1.511755
0.541401 2.045663 1.000000 0.753939
1.000000 0.661483 1.326368 1.000000

Matrix 2689:
1.000000 1.000000 1.204627 0.530488
1.000000 1.000000 0.631351 1.000000
0.830132 1.583905 1.000000 2.000000
1.885058 1.000000 0.500000 1.000000

Matrix 2690:
1.000000 0.111111 0.142857 0.250000
9.000000 1.000000 0.755510 1.969710
7.000000 1.323609 1.000000 1.000000
4.000000 0.507689 1.000000 1.000000

Matrix 2691:
1.000000 0.538177 1.273544 1.338160
1.858126 1.000000 1.000000 1.000000
0.785210 1.000000 1.000000 2.000000
0.747295 1.000000 0.500000 1.000000

Matrix 2692:
1.000000 1.000000 1.000000 2.000000
1.000000 1.000000 1.347240 1.000000
1.000000 0.742258 1.000000 2.000000
0.500000 1.000000 0.500000 1.000000

Matrix 2693:
1.000000 0.250000 1.684846 0.142857
4.000000 1.000000 7.000000 0.500000
0.593526 0.142857 1.000000 0.111111
7.000000 2.000000 9.000000 1.000000

Matrix 2694:
1.000000 0.333333 1.541745 1.618135
3.000000 1.000000 2.000000 4.000000
0.648616 0.500000 1.000000 0.430335
0.617995 0.250000 2.323772 1.000000

Matrix 2695:
1.000000 0.333333 0.111111 0.500000
3.000000 1.000000 0.512829 1.000000
9.000000 1.949967 1.000000 7.000000
2.000000 1.000000 0.142857 1.000000

Matrix 2696:
1.000000 0.652268 0.200000 1.000000
1.533112 1.000000 0.200000 0.652877
5.000000 5.000000 1.000000 4.000000
1.000000 1.531681 0.250000 1.000000

Matrix 2697:
1.000000 6.000000 8.000000 7.000000
0.166667 1.000000 3.000000 1.612614
0.125000 0.333333 1.000000 0.500000
0.142857 0.620111 2.000000 1.000000

Matrix 2698:
1.000000 0.340530 4.000000 0.200000
2.936595 1.000000 7.000000 0.250000
0.250000 0.142857 1.000000 0.121856
5.000000 4.000000 8.206424 1.000000

Matrix 2699:
1.000000 1.934421 0.500000 0.932578
0.516950 1.000000 0.142857 1.649115
2.000000 7.000000 1.000000 4.000000
1.072296 0.606386 0.250000 1.000000

Matrix 2700:
1.000000 0.601509 0.125000 0.250000
1.662486 1.000000 0.125000 0.333333
8.000000 8.000000 1.000000 1.000000
4.000000 3.000000 1.000000 1.000000

Matrix 2701:
1.000000 5.000000 0.500000 4.000000
0.200000 1.000000 0.115849 0.333333
2.000000 8.631928 1.000000 4.000000
0.250000 3.000000 0.250000 1.000000

Matrix 2702:
1.000000 1.000000 1.000000 0.637606
1.000000 1.000000 1.000000 1.826750
1.000000 1.000000 1.000000 2.049919
1.568367 0.547420 0.487824 1.000000

Matrix 2703:
1.000000 0.605758 0.111111 0.333333
1.650826 1.000000 0.166667 0.200000
9.000000 6.000000 1.000000 6.000000
3.000000 5.000000 0.166667 1.000000

Matrix 2704:
1.000000 0.574277 8.000000 5.000000
1.741319 1.000000 5.000000 3.000000
0.125000 0.200000 1.000000 1.506261
0.200000 0.333333 0.663896 1.000000

Matrix 2705:
1.000000 5.000000 1.231500 0.684676
0.200000 1.000000 0.333333 0.333333
0.812018 3.000000 1.000000 1.445855
1.460545 3.000000 0.691632 1.000000

Matrix 2706:
1.000000 0.111111 0.166667 1.565965
9.000000 1.000000 0.500000 9.000000
6.000000 2.000000 1.000000 7.000000
0.638584 0.111111 0.142857 1.000000

Matrix 2707:
1.000000 0.200000 0.200000 0.500000
5.000000 1.000000 0.500000 1.506124
5.000000 2.000000 1.000000 0.951531
2.000000 0.663956 1.050938 1.000000

Matrix 2708:
1.000000 1.000000 1.583740 5.000000
1.000000 1.000000 1.000000 7.000000
0.631417 1.000000 1.000000 2.000000
0.200000 0.142857 0.500000 1.000000

Matrix 2709:
1.000000 1.597979 3.180256 3.000000
0.625791 1.000000 5.000000 5.000000
0.314440 0.200000 1.000000 1.623675
0.333333 0.200000 0.615887 1.000000

Matrix 2710:
1.000000 1.114031 0.817481 1.000000
0.897641 1.000000 1.000000 2.000000
1.223270 1.000000 1.000000 0.544050
1.000000 0.500000 1.838065 1.000000

Matrix 2711:
1.000000 0.587072 5.000000 2.000000
1.703368 1.000000 7.000000 1.983517
0.200000 0.142857 1.000000 0.543653
0.500000 0.504155 1.839409 1.000000

Matrix 2712:
1.000000 1.717888 0.688947 0.500000
0.582110 1.000000 0.250000 0.899878
1.451491 4.000000 1.000000 0.815247
2.000000 1.111262 1.226622 1.000000

Matrix 2713:
1.000000 1.393923 0.111111 0.111111
0.717400 1.000000 0.125000 0.125000
9.000000 8.000000 1.000000 0.646073
9.000000 8.000000 1.547813 1.000000

Matrix 2714:
1.000000 0.111111 1.535472 1.000000
9.000000 1.000000 8.000000 8.000000
0.651266 0.125000 1.000000 1.722176
1.000000 0.125000 0.580661 1.000000

Matrix 2715:
1.000000 5.000000 7.000007 1.082813
0.200000 1.000000 0.564053 0.166667
0.142857 1.772882 1.000000 0.200000
0.923521 6.000000 5.000000 1.000000

Matrix 2716:
1.000000 3.000003 1.000000 1.445220
0.333333 1.000000 0.142857 0.125000
1.000000 7.000000 1.000000 0.478419
0.691936 8.000000 2.090218 1.000000

Matrix 2717:
1.000000 0.166667 1.000000 0.634618
6.000000 1.000000 9.000000 6.000000
1.000000 0.111111 1.000000 0.500000
1.575751 0.166667 2.000000 1.000000

Matrix 2718:
1.000000 0.166667 1.000000 2.000000
6.000000 1.000000 8.000000 8.000000
1.000000 0.125000 1.000000 0.655107
0.500000 0.125000 1.526468 1.000000

Matrix 2719:
1.000000 0.111111 2.000000 1.382057
9.000000 1.000000 8.000000 4.000000
0.500000 0.125000 1.000000 0.250000
0.723559 0.250000 4.000000 1.000000

Matrix 2720:
1.000000 0.642190 2.000000 9.000000
1.557172 1.000000 4.000000 8.000000
0.500000 0.250000 1.000000 9.000000
0.111111 0.125000 0.111111 1.000000

Matrix 2721:
1.000000 2.000000 1.000000 0.500000
0.500000 1.000000 0.142857 0.125000
1.000000 7.000000 1.000000 1.513583
2.000000 8.000000 0.660684 1.000000

Matrix 2722:
1.000000 0.879122 1.526165 5.000000
1.137498 1.000000 0.530335 1.626236
0.655237 1.885602 1.000000 4.000000
0.200000 0.614917 0.250000 1.000000

Matrix 2723:
1.000000 0.732107 2.000000 0.516462
1.365921 1.000000 0.551290 0.333333
0.500000 1.813926 1.000000 0.500000
1.936252 3.000000 2.000000 1.000000

Matrix 2724:
1.000000 0.651305 1.441739 6.129939
1.535379 1.000000 0.464936 8.000000
0.693607 2.150835 1.000000 9.000000
0.163134 0.125000 0.111111 1.000000

Matrix 2725:
1.000000 9.000000 5.000000 0.695494
0.111111 1.000000 0.250000 0.166667
0.200000 4.000000 1.000000 0.125000
1.437826 6.000000 8.000000 1.000000

Matrix 2726:
1.000000 0.250000 1.000000 0.225892
4.000000 1.000000 1.706840 2.051082
1.000000 0.585878 1.000000 0.583413
4.426900 0.487548 1.714051 1.000000

Matrix 2727:
1.000000 0.125000 0.200000 1.428237
8.000000 1.000000 1.530422 5.000000
5.000000 0.653415 1.000000 7.575940
0.700164 0.200000 0.131997 1.000000

Matrix 2728:
1.000000 9.000000 0.622469 8.000000
0.111111 1.000000 0.250000 1.000000
1.606505 4.000000 1.000000 3.000000
0.125000 1.000000 0.333333 1.000000

Matrix 2729:
1.000000 2.141953 1.000000 0.333333
0.466864 1.000000 1.698650 0.166667
1.000000 0.588703 1.000000 0.200000
3.000000 6.000000 5.000000 1.000000

Matrix 2730:
1.000000 0.357802 0.561624 0.250000
2.794843 1.000000 2.000000 0.257717
1.780552 0.500000 1.000000 0.142857
4.000000 3.880219 7.000000 1.000000

Matrix 2731:
1.000000 2.275524 1.000000 2.041235
0.439459 1.000000 0.608140 1.135913
1.000000 1.644358 1.000000 0.500000
0.489900 0.880349 2.000000 1.000000

Matrix 2732:
1.000000 0.500000 0.166667 0.162482
2.000000 1.000000 0.250000 0.125000
6.000000 4.000000 1.000000 0.333333
6.154526 8.000000 3.000000 1.000000

Matrix 2733:
1.000000 0.642648 1.000000 0.597660
1.556061 1.000000 2.000000 0.635012
1.000000 0.500000 1.000000 1.000000
1.673191 1.574772 1.000000 1.000000

Matrix 2734:
1.000000 7.000000 9.000000 7.000000
0.142857 1.000000 1.000000 1.654365
0.111111 1.000000 1.000000 0.500000
0.142857 0.604462 2.000000 1.000000

Matrix 2735:
1.000000 0.125000 0.250000 0.166667
8.000000 1.000000 0.500000 0.597104
4.000000 2.000000 1.000000 2.000000
6.000000 1.674750 0.500000 1.000000

Matrix 2736:
1.000000 1.749049 7.000007 0.784190
0.571739 1.000000 4.000000 1.489189
0.142857 0.250000 1.000000 0.170933
1.275202 0.671506 5.850229 1.000000

Matrix 2737:
1.000000 4.000000 3.000003 1.469024
0.250000 1.000000 0.427277 0.166667
0.333333 2.340401 1.000000 0.508136
0.680724 6.000000 1.967976 1.000000

Matrix 2738:
1.000000 1.026823 0.333333 1.623245
0.973877 1.000000 0.111111 0.553412
3.000000 9.000000 1.000000 4.000000
0.616050 1.806971 0.250000 1.000000

Matrix 2739:
1.000000 3.636303 0.200000 2.964345
0.275005 1.000000 0.215563 0.500000
5.000000 4.639007 1.000000 7.000000
0.337343 2.000000 0.142857 1.000000

Matrix 2740:
1.000000 1.498196 1.000000 8.000000
0.667469 1.000000 1.421731 6.000000
1.000000 0.703368 1.000000 7.000000
0.125000 0.166667 0.142857 1.000000

Matrix 2741:
1.000000 6.000000 0.333333 5.000000
0.166667 1.000000 0.111111 0.652707
3.000000 9.000000 1.000000 9.000000
0.200000 1.532081 0.111111 1.000000

Matrix 2742:
1.000000 1.348388 0.200000 0.125000
0.741626 1.000000 0.500000 0.111111
5.000000 2.000000 1.000000 0.500000
8.000000 9.000000 2.000000 1.000000

Matrix 2743:
1.000000 0.111111 0.166667 1.000000
9.000000 1.000000 1.647780 6.000000
6.000000 0.606877 1.000000 5.000000
1.000000 0.166667 0.200000 1.000000

Matrix 2744:
1.000000 0.500000 0.830407 2.000000
2.000000 1.000000 3.000003 2.498662
1.204228 0.333333 1.000000 0.658375
0.500000 0.400214 1.518891 1.000000

Matrix 2745:
1.000000 0.142857 0.125000 1.662652
7.000000 1.000000 2.010521 5.000000
8.000000 0.497384 1.000000 6.000000
0.601449 0.200000 0.166667 1.000000

Matrix 2746:
1.000000 0.142857 1.000000 0.143737
7.000000 1.000000 5.999988 1.000000
1.000000 0.166667 1.000000 0.111111
6.957168 1.000000 9.000000 1.000000

Matrix 2747:
1.000000 0.929454 1.028620 0.460722
1.075901 1.000000 0.500000 0.512125
0.972177 2.000000 1.000000 1.722403
2.170505 1.952648 0.580584 1.000000

Matrix 2748:
1.000000 4.000000 9.000009 4.000000
0.250000 1.000000 1.861557 0.559424
0.111111 0.537185 1.000000 1.002888
0.250000 1.787554 0.997121 1.000000

Matrix 2749:
1.000000 0.166667 0.166667 0.200000
6.000000 1.000000 0.333333 1.000000
6.000000 3.000000 1.000000 0.749794
5.000000 1.000000 1.333699 1.000000

Matrix 2750:
1.000000 0.333333 0.250000 4.000000
3.000000 1.000000 1.640595 9.000000
4.000000 0.609535 1.000000 6.000000
0.250000 0.111111 0.166667 1.000000

Matrix 2751:
1.000000 8.000000 4.000000 3.533767
0.125000 1.000000 0.333333 1.000000
0.250000 3.000000 1.000000 4.000000
0.282984 1.000000 0.250000 1.000000

Matrix 2752:
1.000000 2.304951 5.999988 6.000000
0.433849 1.000000 5.000000 2.000000
0.166667 0.200000 1.000000 1.049740
0.166667 0.500000 0.952616 1.000000

Matrix 2753:
1.000000 1.000000 7.000000 1.950940
1.000000 1.000000 8.000000 0.598086
0.142857 0.125000 1.000000 0.333333
0.512573 1.672001 3.000000 1.000000

Matrix 2754:
1.000000 0.694026 9.000000 3.000000
1.440869 1.000000 7.000000 3.000000
0.111111 0.142857 1.000000 0.200000
0.333333 0.333333 5.000000 1.000000

Matrix 2755:
1.000000 7.000000 0.333333 1.602725
0.142857 1.000000 0.125000 0.200000
3.000000 8.000000 1.000000 1.000000
0.623937 5.000000 1.000000 1.000000

Matrix 2756:
1.000000 1.882397 2.843403 3.000000
0.531238 1.000000 4.000000 4.000000
0.351691 0.250000 1.000000 1.781906
0.333333 0.250000 0.561197 1.000000

Matrix 2757:
1.000000 8.000000 8.000000 3.000000
0.125000 1.000000 1.000000 1.000000
0.125000 1.000000 1.000000 0.601447
0.333333 1.000000 1.662656 1.000000

Matrix 2758:
1.000000 0.166667 0.250000 0.112376
6.000000 1.000000 5.000000 0.500000
4.000000 0.200000 1.000000 0.111111
8.898728 2.000000 9.000000 1.000000

Matrix 2759:
1.000000 0.200000 1.682155 0.142857
5.000000 1.000000 9.000000 0.333333
0.594475 0.111111 1.000000 0.161101
7.000000 3.000000 6.207277 1.000000

Matrix 2760:
1.000000 5.000000 9.000000 3.000000
0.200000 1.000000 1.000000 1.000606
0.111111 1.000000 1.000000 0.333333
0.333333 0.999394 3.000000 1.000000

Matrix 2761:
1.000000 0.250000 1.651061 1.000000
4.000000 1.000000 9.000000 9.000000
0.605671 0.111111 1.000000 2.000000
1.000000 0.111111 0.500000 1.000000

Matrix 2762:
1.000000 0.200000 0.333333 0.598575
5.000000 1.000000 5.999988 4.000000
3.000000 0.166667 1.000000 1.817103
1.670634 0.250000 0.550327 1.000000

Matrix 2763:
1.000000 1.000000 5.999988 0.572149
1.000000 1.000000 4.000000 0.142857
0.166667 0.250000 1.000000 0.140098
1.747797 7.000000 7.137862 1.000000

Matrix 2764:
1.000000 0.500000 0.200000 1.902095
2.000000 1.000000 0.500000 4.000000
5.000000 2.000000 1.000000 9.000000
0.525736 0.250000 0.111111 1.000000

Matrix 2765:
1.000000 0.333333 0.250000 0.250000
3.000000 1.000000 1.000000 1.562633
4.000000 1.000000 1.000000 0.500000
4.000000 0.639946 2.000000 1.000000

Matrix 2766:
1.000000 0.500000 0.142857 0.111111
2.000000 1.000000 0.500000 0.250000
7.000000 2.000000 1.000000 1.738728
9.000000 4.000000 0.575133 1.000000

Matrix 2767:
1.000000 1.000000 9.000000 1.606921
1.000000 1.000000 2.000000 0.598872
0.111111 0.500000 1.000000 0.333333
0.622308 1.669806 3.000000 1.000000

Matrix 2768:
1.000000 1.000000 0.897598 1.011086
1.000000 1.000000 1.000000 3.000000
1.114085 1.000000 1.000000 1.000000
0.989035 0.333333 1.000000 1.000000

Matrix 2769:
1.000000 2.000000 7.026591 5.000000
0.500000 1.000000 5.000000 8.000000
0.142317 0.200000 1.000000 1.000000
0.200000 0.125000 1.000000 1.000000

Matrix 2770:
1.000000 0.560329 4.000000 0.500000
1.784666 1.000000 5.000000 0.737462
0.250000 0.200000 1.000000 0.125000
2.000000 1.356002 8.000000 1.000000

Matrix 2771:
1.000000 1.000000 0.672972 2.047091
1.000000 1.000000 0.250000 0.593355
1.485947 4.000000 1.000000 1.362388
0.488498 1.685331 0.734005 1.000000

Matrix 2772:
1.000000 1.000000 5.000000 6.000000
1.000000 1.000000 7.000000 1.947854
0.200000 0.142857 1.000000 1.000000
0.166667 0.513385 1.000000 1.000000

Matrix 2773:
1.000000 0.500000 1.629764 0.658441
2.000000 1.000000 1.170494 3.000000
0.613586 0.854340 1.000000 1.000000
1.518739 0.333333 1.000000 1.000000

Matrix 2774:
1.000000 0.200000 1.000000 0.528490
5.000000 1.000000 9.000000 3.000000
1.000000 0.111111 1.000000 1.545409
1.892185 0.333333 0.647078 1.000000

Matrix 2775:
1.000000 0.578803 1.484523 0.383012
1.727704 1.000000 9.000009 2.340089
0.673617 0.111111 1.000000 0.142857
2.610882 0.427334 7.000000 1.000000

Matrix 2776:
1.000000 0.333333 1.000000 0.624904
3.000000 1.000000 4.000000 6.000000
1.000000 0.250000 1.000000 2.214279
1.600247 0.166667 0.451614 1.000000

Matrix 2777:
1.000000 0.500000 2.000000 2.119230
2.000000 1.000000 4.000000 5.000000
0.500000 0.250000 1.000000 0.652629
0.471870 0.200000 1.532263 1.000000

Matrix 2778:
1.000000 4.000000 1.622290 4.000000
0.250000 1.000000 1.075713 0.642846
0.616413 0.929616 1.000000 1.693026
0.250000 1.555582 0.590658 1.000000

Matrix 2779:
1.000000 1.824873 1.000000 5.000000
0.547983 1.000000 1.535731 2.000000
1.000000 0.651156 1.000000 2.757227
0.200000 0.500000 0.362683 1.000000

Matrix 2780:
1.000000 2.000000 1.255698 0.385256
0.500000 1.000000 0.500000 0.250000
0.796370 2.000000 1.000000 1.356108
2.595674 4.000000 0.737405 1.000000

Matrix 2781:
1.000000 2.000000 1.000000 1.000000
0.500000 1.000000 1.494733 1.000000
1.000000 0.669016 1.000000 0.533081
1.000000 1.000000 1.875888 1.000000

Matrix 2782:
1.000000 1.000000 1.396693 1.000000
1.000000 1.000000 1.000000 1.000000
0.715977 1.000000 1.000000 1.576674
1.000000 1.000000 0.634246 1.000000

Matrix 2783:
1.000000 0.111111 1.000000 0.623663
9.000000 1.000000 3.000000 8.000000
1.000000 0.333333 1.000000 2.000000
1.603430 0.125000 0.500000 1.000000

Matrix 2784:
1.000000 3.000003 5.431851 1.436539
0.333333 1.000000 1.905020 0.200000
0.184099 0.524929 1.000000 0.111111
0.696117 5.000000 9.000000 1.000000

Matrix 2785:
1.000000 1.000000 4.000000 1.000000
1.000000 1.000000 4.000000 0.641229
0.250000 0.250000 1.000000 0.142857
1.000000 1.559504 7.000000 1.000000

Matrix 2786:
1.000000 0.680640 0.490819 0.250000
1.469205 1.000000 0.832545 0.500514
2.037411 1.201137 1.000000 1.667785
4.000000 1.997946 0.599598 1.000000

Matrix 2787:
1.000000 0.142857 0.166667 1.743281
7.000000 1.000000 1.384671 6.000000
6.000000 0.722193 1.000000 9.000000
0.573631 0.166667 0.111111 1.000000

Matrix 2788:
1.000000 0.524618 0.111111 0.670514
1.906150 1.000000 0.500000 0.626946
9.000000 2.000000 1.000000 5.000000
1.491392 1.595033 0.200000 1.000000

Matrix 2789:
1.000000 1.000000 0.125000 0.200000
1.000000 1.000000 0.333333 0.111111
8.000000 3.000000 1.000000 1.615320
5.000000 9.000000 0.619072 1.000000

Matrix 2790:
1.000000 0.166667 0.166667 0.118310
6.000000 1.000000 0.472775 0.200000
6.000000 2.115172 1.000000 0.250000
8.452379 5.000000 4.000000 1.000000

Matrix 2791:
1.000000 0.717682 4.000000 1.331134
1.393374 1.000000 3.000003 1.000000
0.250000 0.333333 1.000000 0.142857
0.751239 1.000000 7.000000 1.000000

Matrix 2792:
1.000000 1.000000 1.962934 1.000000
1.000000 1.000000 6.000000 1.000000
0.509442 0.166667 1.000000 0.200000
1.000000 1.000000 5.000000 1.000000

Matrix 2793:
1.000000 0.125000 0.166667 0.524088
8.000000 1.000000 0.486807 7.000000
6.000000 2.054202 1.000000 9.000000
1.908077 0.142857 0.111111 1.000000

Matrix 2794:
1.000000 9.000000 1.000000 2.000000
0.111111 1.000000 0.250000 0.166667
1.000000 4.000000 1.000000 0.740638
0.500000 6.000000 1.350186 1.000000

Matrix 2795:
1.000000 3.000003 8.000000 1.884213
0.333333 1.000000 2.926728 1.807632
0.125000 0.341679 1.000000 1.000000
0.530726 0.553210 1.000000 1.000000

Matrix 2796:
1.000000 0.826031 0.200000 2.229003
1.210608 1.000000 0.200000 0.824318
5.000000 5.000000 1.000000 3.000000
0.448631 1.213125 0.333333 1.000000

Matrix 2797:
1.000000 5.999988 3.063553 0.453485
0.166667 1.000000 1.000000 0.142857
0.326418 1.000000 1.000000 0.440691
2.205144 7.000000 2.269164 1.000000

Matrix 2798:
1.000000 1.000000 1.000000 0.111111
1.000000 1.000000 2.000000 0.142857
1.000000 0.500000 1.000000 0.120243
9.000000 7.000000 8.316477 1.000000

Matrix 2799:
1.000000 0.333333 0.166667 0.665362
3.000000 1.000000 2.000000 6.000000
6.000000 0.500000 1.000000 5.000000
1.502942 0.166667 0.200000 1.000000

Matrix 2800:
1.000000 0.111111 0.200000 0.500000
9.000000 1.000000 0.630256 5.000000
5.000000 1.586657 1.000000 3.000000
2.000000 0.200000 0.333333 1.000000

Matrix 2801:
1.000000 0.572596 2.836443 2.181631
1.746433 1.000000 2.242265 1.513552
0.352554 0.445978 1.000000 1.612295
0.458373 0.660698 0.620234 1.000000

Matrix 2802:
1.000000 0.760274 1.000000 0.981287
1.315316 1.000000 2.182871 7.000000
1.000000 0.458112 1.000000 2.457877
1.019069 0.142857 0.406855 1.000000

Matrix 2803:
1.000000 0.864749 1.148339 1.259517
1.156405 1.000000 1.000000 0.600796
0.870823 1.000000 1.000000 1.000000
0.793955 1.664459 1.000000 1.000000

Matrix 2804:
1.000000 8.000000 5.999988 8.000000
0.125000 1.000000 0.682641 1.773411
0.166667 1.464899 1.000000 0.517225
0.125000 0.563885 1.933395 1.000000

Matrix 2805:
1.000000 1.000000 3.000000 1.000000
1.000000 1.000000 9.000000 0.660022
0.333333 0.111111 1.000000 0.111111
1.000000 1.515100 9.000000 1.000000

Matrix 2806:
1.000000 0.245870 0.166667 0.417252
4.067188 1.000000 3.000000 3.000000
6.000000 0.333333 1.000000 1.000000
2.396635 0.333333 1.000000 1.000000

Matrix 2807:
1.000000 0.500000 0.249744 2.000033
2.000000 1.000000 0.548361 8.000000
4.004099 1.823617 1.000000 6.000000
0.499992 0.125000 0.166667 1.000000

Matrix 2808:
1.000000 1.516292 0.803103 1.590649
0.659504 1.000000 1.975132 1.000000
1.245171 0.506295 1.000000 0.547825
0.628674 1.000000 1.825401 1.000000

Matrix 2809:
1.000000 1.424670 1.756864 1.000000
0.701917 1.000000 1.000000 2.422118
0.569196 1.000000 1.000000 1.670287
1.000000 0.412862 0.598699 1.000000

Matrix 2810:
1.000000 1.661990 7.940872 2.480348
0.601688 1.000000 5.000000 2.000000
0.125931 0.200000 1.000000 0.200000
0.403169 0.500000 5.000000 1.000000

Matrix 2811:
1.000000 0.200000 1.067917 0.333333
5.000000 1.000000 1.426983 1.743059
0.936402 0.700779 1.000000 0.394938
3.000000 0.573704 2.532044 1.000000

Matrix 2812:
1.000000 3.352403 0.965599 2.000000
0.298294 1.000000 1.000000 0.874935
1.035627 1.000000 1.000000 2.433748
0.500000 1.142942 0.410889 1.000000

Matrix 2813:
1.000000 2.000000 3.931350 3.788818
0.500000 1.000000 1.455670 0.661693
0.254366 0.686969 1.000000 1.685465
0.263935 1.511275 0.593308 1.000000

Matrix 2814:
1.000000 0.250000 1.093473 0.814795
4.000000 1.000000 1.778884 0.979217
0.914517 0.562150 1.000000 1.000000
1.227302 1.021224 1.000000 1.000000

Matrix 2815:
1.000000 9.000009 9.000009 1.000000
0.111111 1.000000 1.923791 0.166667
0.111111 0.519807 1.000000 0.302181
1.000000 6.000000 3.309277 1.000000

Matrix 2816:
1.000000 0.608342 1.000000 1.000000
1.643812 1.000000 0.511831 1.000000
1.000000 1.953768 1.000000 2.000000
1.000000 1.000000 0.500000 1.000000

Matrix 2817:
1.000000 0.500000 1.441766 0.200000
2.000000 1.000000 2.000000 1.000000
0.693594 0.500000 1.000000 0.166667
5.000000 1.000000 6.000000 1.000000

Matrix 2818:
1.000000 0.634467 1.000000 0.166667
1.576125 1.000000 0.639149 0.125000
1.000000 1.564580 1.000000 0.200000
6.000000 8.000000 5.000000 1.000000

Matrix 2819:
1.000000 0.200000 0.762625 0.333333
5.000000 1.000000 8.000000 0.621065
1.311260 0.125000 1.000000 0.125000
3.000000 1.610138 8.000000 1.000000

Matrix 2820:
1.000000 0.166667 0.125000 0.166667
6.000000 1.000000 1.564851 4.000000
8.000000 0.639039 1.000000 2.000000
6.000000 0.250000 0.500000 1.000000

Matrix 2821:
1.000000 0.500000 4.000000 0.500000
2.000000 1.000000 4.000000 1.437969
0.250000 0.250000 1.000000 0.125000
2.000000 0.695425 8.000000 1.000000

Matrix 2822:
1.000000 0.617499 0.333333 3.000000
1.619435 1.000000 0.333333 4.000000
3.000000 3.000000 1.000000 9.000000
0.333333 0.250000 0.111111 1.000000

Matrix 2823:
1.000000 0.333333 0.250000 4.000000
3.000000 1.000000 3.000000 8.777205
4.000000 0.333333 1.000000 5.000000
0.250000 0.113931 0.200000 1.000000

Matrix 2824:
1.000000 2.000000 2.154783 0.482935
0.500000 1.000000 0.549706 0.250000
0.464084 1.819155 1.000000 0.333333
2.070673 4.000000 3.000000 1.000000

Matrix 2825:
1.000000 0.598780 1.000000 0.333333
1.670062 1.000000 0.486867 0.500000
1.000000 2.053950 1.000000 1.515331
3.000000 2.000000 0.659922 1.000000

Matrix 2826:
1.000000 0.125000 1.844482 0.639292
8.000000 1.000000 7.000007 5.000000
0.542158 0.142857 1.000000 1.371530
1.564230 0.200000 0.729113 1.000000

Matrix 2827:
1.000000 0.545316 6.000000 4.000000
1.833798 1.000000 6.000000 8.000000
0.166667 0.166667 1.000000 1.735070
0.250000 0.125000 0.576346 1.000000

Matrix 2828:
1.000000 1.075695 1.000000 0.142857
0.929632 1.000000 4.000000 0.500000
1.000000 0.250000 1.000000 0.125000
7.000000 2.000000 8.000000 1.000000

Matrix 2829:
1.000000 7.000000 1.689785 5.000000
0.142857 1.000000 0.142857 1.625665
0.591791 7.000000 1.000000 9.000000
0.200000 0.615133 0.111111 1.000000

Matrix 2830:
1.000000 0.500000 1.000000 0.500000
2.000000 1.000000 0.525979 1.261510
1.000000 1.901217 1.000000 1.747473
2.000000 0.792701 0.572255 1.000000

Matrix 2831:
1.000000 0.111111 0.608460 0.125000
9.000000 1.000000 7.000000 2.000000
1.643494 0.142857 1.000000 0.166667
8.000000 0.500000 6.000000 1.000000

Matrix 2832:
1.000000 8.000000 7.000000 1.996914
0.125000 1.000000 1.884927 0.142857
0.142857 0.530525 1.000000 0.111111
0.500773 7.000000 9.000000 1.000000

Matrix 2833:
1.000000 1.643225 1.000000 7.000000
0.608559 1.000000 1.000000 5.000000
1.000000 1.000000 1.000000 9.000000
0.142857 0.200000 0.111111 1.000000

Matrix 2834:
1.000000 0.142857 0.142857 1.000000
7.000000 1.000000 1.363741 6.000000
7.000000 0.733277 1.000000 9.000000
1.000000 0.166667 0.111111 1.000000

Matrix 2835:
1.000000 0.125000 4.000000 0.581574
8.000000 1.000000 9.000000 4.000000
0.250000 0.111111 1.000000 0.166667
1.719472 0.250000 6.000000 1.000000

Matrix 2836:
1.000000 1.000000 0.126623 0.333333
1.000000 1.000000 0.111111 1.000000
7.897468 9.000000 1.000000 5.000000
3.000000 1.000000 0.200000 1.000000

Matrix 2837:
1.000000 1.000000 1.798688 2.000000
1.000000 1.000000 1.691936 0.683823
0.555961 0.591039 1.000000 2.000000
0.500000 1.462366 0.500000 1.000000

Matrix 2838:
1.000000 0.166667 0.111111 0.111111
6.000000 1.000000 0.642722 1.000000
9.000000 1.555883 1.000000 1.000000
9.000000 1.000000 1.000000 1.000000

Matrix 2839:
1.000000 0.536405 9.000000 6.091560
1.864264 1.000000 3.799538 4.000000
0.111111 0.263190 1.000000 0.458201
0.164162 0.250000 2.182450 1.000000

Matrix 2840:
1.000000 0.815845 2.144779 1.000000
1.225724 1.000000 0.566362 0.674822
0.466249 1.765655 1.000000 1.000000
1.000000 1.481873 1.000000 1.000000

Matrix 2841:
1.000000 1.531681 6.000000 0.830777
0.652878 1.000000 5.000000 3.000000
0.166667 0.200000 1.000000 0.333333
1.203693 0.333333 3.000000 1.000000

Matrix 2842:
1.000000 6.000000 1.555279 1.000000
0.166667 1.000000 0.200000 0.142857
0.642971 5.000000 1.000000 1.700981
1.000000 7.000000 0.587896 1.000000

Matrix 2843:
1.000000 3.000003 1.000000 1.482037
0.333333 1.000000 0.250000 0.500000
1.000000 4.000000 1.000000 0.549343
0.674747 2.000000 1.820356 1.000000

Matrix 2844:
1.000000 0.500000 2.000000 0.200000
2.000000 1.000000 3.000000 1.344679
0.500000 0.333333 1.000000 0.333333
5.000000 0.743672 3.000000 1.000000

Matrix 2845:
1.000000 4.000000 1.594207 1.728855
0.250000 1.000000 0.166667 0.125000
0.627271 6.000000 1.000000 1.000000
0.578418 8.000000 1.000000 1.000000

Matrix 2846:
1.000000 2.053465 0.659423 2.015057
0.486982 1.000000 1.000000 0.557839
1.516478 1.000000 1.000000 2.000000
0.496264 1.792633 0.500000 1.000000

Matrix 2847:
1.000000 0.334182 0.250000 0.137769
2.992383 1.000000 1.770450 0.352623
4.000000 0.564828 1.000000 0.333333
7.258527 2.835890 3.000000 1.000000

Matrix 2848:
1.000000 7.000007 9.000009 9.000000
0.142857 1.000000 3.422775 2.000000
0.111111 0.292161 1.000000 1.492458
0.111111 0.500000 0.670036 1.000000

Matrix 2849:
1.000000 0.200000 0.593803 0.236986
5.000000 1.000000 5.000000 0.382249
1.684061 0.200000 1.000000 0.111111
4.219659 2.616099 9.000000 1.000000

Matrix 2850:
1.000000 5.000000 3.000000 8.750227
0.200000 1.000000 1.000000 7.000000
0.333333 1.000000 1.000000 7.000000
0.114283 0.142857 0.142857 1.000000

Matrix 2851:
1.000000 4.000000 8.000000 7.000000
0.250000 1.000000 4.000000 1.000000
0.125000 0.250000 1.000000 1.338844
0.142857 1.000000 0.746913 1.000000

Matrix 2852:
1.000000 0.114871 0.527783 0.111111
8.705390 1.000000 9.000000 2.523212
1.894717 0.111111 1.000000 0.142857
9.000000 0.396320 7.000000 1.000000

Matrix 2853:
1.000000 0.250000 0.111111 1.657215
4.000000 1.000000 0.500000 6.000000
9.000000 2.000000 1.000000 5.592004
0.603422 0.166667 0.178827 1.000000

Matrix 2854:
1.000000 0.500000 0.529497 2.066349
2.000000 1.000000 1.000000 3.000000
1.888583 1.000000 1.000000 2.117774
0.483945 0.333333 0.472194 1.000000

Matrix 2855:
1.000000 5.000000 1.000000 1.589580
0.200000 1.000000 0.500000 0.166667
1.000000 2.000000 1.000000 0.452710
0.629097 6.000000 2.208921 1.000000

Matrix 2856:
1.000000 4.000000 6.000000 1.340135
0.250000 1.000000 4.000000 0.250000
0.166667 0.250000 1.000000 0.200000
0.746193 4.000000 5.000000 1.000000

Matrix 2857:
1.000000 3.000000 6.000000 1.848536
0.333333 1.000000 1.574268 0.333333
0.166667 0.635216 1.000000 0.333333
0.540969 3.000000 3.000000 1.000000

Matrix 2858:
1.000000 1.797070 8.000000 2.000000
0.556461 1.000000 5.000000 1.000000
0.125000 0.200000 1.000000 0.111111
0.500000 1.000000 9.000000 1.000000

Matrix 2859:
1.000000 0.250000 0.934525 1.914062
4.000000 1.000000 5.000000 5.000000
1.070063 0.200000 1.000000 1.000000
0.522449 0.200000 1.000000 1.000000

Matrix 2860:
1.000000 1.607476 0.250000 0.166667
0.622093 1.000000 0.200000 0.333333
4.000000 5.000000 1.000000 3.000000
6.000000 3.000000 0.333333 1.000000

Matrix 2861:
1.000000 0.250000 0.111111 1.000000
4.000000 1.000000 0.500000 4.000000
9.000000 2.000000 1.000000 4.622065
1.000000 0.250000 0.216354 1.000000

Matrix 2862:
1.000000 2.000000 0.333333 1.668494
0.500000 1.000000 0.400621 0.530921
3.000000 2.496128 1.000000 3.688415
0.599343 1.883520 0.271119 1.000000

Matrix 2863:
1.000000 0.383279 0.153807 0.250000
2.609063 1.000000 1.656840 0.780216
6.501648 0.603558 1.000000 1.000000
4.000000 1.281696 1.000000 1.000000

Matrix 2864:
1.000000 8.000000 1.000000 7.000000
0.125000 1.000000 0.250000 3.000000
1.000000 4.000000 1.000000 8.970077
0.142857 0.333333 0.111482 1.000000

Matrix 2865:
1.000000 1.286867 2.221013 5.000000
0.777081 1.000000 0.708544 2.000000
0.450245 1.411345 1.000000 1.000000
0.200000 0.500000 1.000000 1.000000

Matrix 2866:
1.000000 0.389995 1.217073 0.111111
2.564137 1.000000 1.000000 0.125000
0.821643 1.000000 1.000000 0.166667
9.000000 8.000000 6.000000 1.000000

Matrix 2867:
1.000000 1.506603 0.142857 0.500000
0.663745 1.000000 0.200000 0.200000
7.000000 5.000000 1.000000 5.000000
2.000000 5.000000 0.200000 1.000000

Matrix 2868:
1.000000 0.142857 0.142857 0.697746
7.000000 1.000000 3.000000 6.000000
7.000000 0.333333 1.000000 5.000000
1.433186 0.166667 0.200000 1.000000

Matrix 2869:
1.000000 1.566285 2.000000 1.000000
0.638453 1.000000 1.000000 3.000000
0.500000 1.000000 1.000000 1.000000
1.000000 0.333333 1.000000 1.000000

Matrix 2870:
1.000000 0.419368 0.500000 1.257821
2.384541 1.000000 1.000000 2.277866
2.000000 1.000000 1.000000 0.883341
0.795025 0.439007 1.132066 1.000000

Matrix 2871:
1.000000 0.500000 0.466795 0.200000
2.000000 1.000000 0.804669 1.538492
2.142266 1.242747 1.000000 0.500000
5.000000 0.649987 2.000000 1.000000

Matrix 2872:
1.000000 1.153417 1.050824 3.000000
0.866989 1.000000 1.788645 1.000000
0.951634 0.559082 1.000000 2.000000
0.333333 1.000000 0.500000 1.000000

Matrix 2873:
1.000000 0.333333 0.250000 0.500000
3.000000 1.000000 0.500000 1.577162
4.000000 2.000000 1.000000 1.000000
2.000000 0.634050 1.000000 1.000000

Matrix 2874:
1.000000 0.640587 1.000000 3.000000
1.561069 1.000000 0.685375 1.617179
1.000000 1.459055 1.000000 1.000000
0.333333 0.618361 1.000000 1.000000

Matrix 2875:
1.000000 0.621798 6.000000 5.000000
1.608239 1.000000 3.182233 3.000000
0.166667 0.314245 1.000000 0.500000
0.200000 0.333333 2.000000 1.000000

Matrix 2876:
1.000000 0.200000 9.000000 1.000000
5.000000 1.000000 8.378773 2.000000
0.111111 0.119349 1.000000 0.125000
1.000000 0.500000 8.000000 1.000000

Matrix 2877:
1.000000 4.000000 3.000000 2.000000
0.250000 1.000000 0.500000 0.500000
0.333333 2.000000 1.000000 0.697216
0.500000 2.000000 1.434276 1.000000

Matrix 2878:
1.000000 2.323575 1.018944 2.319105
0.430371 1.000000 0.790306 2.000000
0.981409 1.265333 1.000000 1.072821
0.431201 0.500000 0.932122 1.000000

Matrix 2879:
1.000000 9.000000 6.000000 9.000000
0.111111 1.000000 1.000000 0.597023
0.166667 1.000000 1.000000 1.000000
0.111111 1.674977 1.000000 1.000000

Matrix 2880:
1.000000 0.250000 1.553589 0.518670
4.000000 1.000000 5.000000 7.000000
0.643671 0.200000 1.000000 1.000000
1.928008 0.142857 1.000000 1.000000

Matrix 2881:
1.000000 0.118595 1.000000 0.250000
8.432070 1.000000 5.000000 5.000000
1.000000 0.200000 1.000000 0.500000
4.000000 0.200000 2.000000 1.000000

Matrix 2882:
1.000000 0.500000 1.000000 0.250000
2.000000 1.000000 1.000000 1.219691
1.000000 1.000000 1.000000 0.589357
4.000000 0.819880 1.696766 1.000000

Matrix 2883:
1.000000 1.354835 0.687539 4.000000
0.738097 1.000000 0.500000 1.550932
1.454463 2.000000 1.000000 1.894542
0.250000 0.644774 0.527832 1.000000

Matrix 2884:
1.000000 7.000000 1.000000 0.500000
0.142857 1.000000 0.250000 0.200000
1.000000 4.000000 1.000000 1.438070
2.000000 5.000000 0.695377 1.000000

Matrix 2885:
1.000000 5.000000 1.581727 0.582018
0.200000 1.000000 0.111111 0.166667
0.632220 9.000000 1.000000 1.000000
1.718160 6.000000 1.000000 1.000000

Matrix 2886:
1.000000 0.598954 0.166667 0.250000
1.669579 1.000000 0.166667 0.142857
6.000000 6.000000 1.000000 2.000000
4.000000 7.000000 0.500000 1.000000

Matrix 2887:
1.000000 3.000003 0.592634 7.000000
0.333333 1.000000 0.142857 1.775585
1.687381 7.000000 1.000000 5.000000
0.142857 0.563195 0.200000 1.000000

Matrix 2888:
1.000000 1.000000 3.000003 0.545519
1.000000 1.000000 8.063196 1.593979
0.333333 0.124020 1.000000 0.200000
1.833117 0.627361 5.000000 1.000000

Matrix 2889:
1.000000 7.000000 8.000000 0.664897
0.142857 1.000000 4.000000 0.125000
0.125000 0.250000 1.000000 0.125000
1.503993 8.000000 8.000000 1.000000

Matrix 2890:
1.000000 0.820877 1.000000 1.000000
1.218210 1.000000 0.613382 2.000000
1.000000 1.630307 1.000000 0.747156
1.000000 0.500000 1.338409 1.000000

Matrix 2891:
1.000000 2.000000 0.653161 4.000000
0.500000 1.000000 1.000000 2.207010
1.531016 1.000000 1.000000 1.601150
0.250000 0.453102 0.624551 1.000000

Matrix 2892:
1.000000 0.250000 0.739315 0.333333
4.000000 1.000000 1.000000 1.911570
1.352603 1.000000 1.000000 0.547154
3.000000 0.523130 1.827639 1.000000

Matrix 2893:
1.000000 0.142857 0.125000 0.125000
7.000000 1.000000 0.250000 0.500000
8.000000 4.000000 1.000000 0.621577
8.000000 2.000000 1.608810 1.000000

Matrix 2894:
1.000000 1.811129 0.851020 8.000000
0.552142 1.000000 1.223497 3.111921
1.175060 0.817329 1.000000 3.000000
0.125000 0.321345 0.333333 1.000000

Matrix 2895:
1.000000 0.200000 0.166667 0.500000
5.000000 1.000000 0.622525 5.000000
6.000000 1.606361 1.000000 3.000000
2.000000 0.200000 0.333333 1.000000

Matrix 2896:
1.000000 0.500000 1.101330 0.500000
2.000000 1.000000 0.500000 1.000000
0.907993 2.000000 1.000000 1.665031
2.000000 1.000000 0.600589 1.000000

Matrix 2897:
1.000000 0.592362 0.333333 0.151452
1.688157 1.000000 0.125000 0.166667
3.000000 8.000000 1.000000 1.009282
6.602759 6.000000 0.990803 1.000000

Matrix 2898:
1.000000 3.000000 4.000000 1.804593
0.333333 1.000000 0.439685 0.200000
0.250000 2.274355 1.000000 0.250000
0.554142 5.000000 4.000000 1.000000

Matrix 2899:
1.000000 1.564709 4.000000 7.000000
0.639096 1.000000 8.000000 4.000000
0.250000 0.125000 1.000000 0.634368
0.142857 0.250000 1.576372 1.000000

Matrix 2900:
1.000000 0.500000 1.350988 0.500000
2.000000 1.000000 1.748894 2.499768
0.740199 0.571790 1.000000 1.336955
2.000000 0.400037 0.747969 1.000000

Matrix 2901:
1.000000 0.311923 0.333333 0.701914
3.205916 1.000000 1.000000 0.550934
3.000000 1.000000 1.000000 0.500000
1.424676 1.815101 2.000000 1.000000

Matrix 2902:
1.000000 6.000000 5.000000 3.000000
0.166667 1.000000 0.579005 0.200000
0.200000 1.727100 1.000000 0.500000
0.333333 5.000000 2.000000 1.000000

Matrix 2903:
1.000000 9.000000 9.000000 7.000000
0.111111 1.000000 0.698833 2.000000
0.111111 1.430957 1.000000 1.000000
0.142857 0.500000 1.000000 1.000000

Matrix 2904:
1.000000 7.000007 7.867611 8.000000
0.142857 1.000000 1.875616 0.596315
0.127103 0.533158 1.000000 0.250000
0.125000 1.676967 4.000000 1.000000

Matrix 2905:
1.000000 0.125000 0.200000 1.448074
8.000000 1.000000 1.000000 9.000000
5.000000 1.000000 1.000000 5.000000
0.690572 0.111111 0.200000 1.000000

Matrix 2906:
1.000000 1.063483 0.640021 0.142857
0.940306 1.000000 1.340998 0.200000
1.562448 0.745713 1.000000 0.500000
7.000000 5.000000 2.000000 1.000000

Matrix 2907:
1.000000 1.611229 0.111111 1.000000
0.620644 1.000000 0.200000 0.333333
9.000000 5.000000 1.000000 8.000000
1.000000 3.000000 0.125000 1.000000

Matrix 2908:
1.000000 1.000000 0.111111 1.000000
1.000000 1.000000 0.142857 0.608536
9.000000 7.000000 1.000000 8.000000
1.000000 1.643288 0.125000 1.000000

Matrix 2909:
1.000000 0.333333 0.509441 0.620488
3.000000 1.000000 1.000000 4.000000
1.962935 1.000000 1.000000 3.000000
1.611635 0.250000 0.333333 1.000000

Matrix 2910:
1.000000 0.812997 1.000000 2.000000
1.230018 1.000000 0.250000 2.000000
1.000000 4.000000 1.000000 2.855533
0.500000 0.500000 0.350197 1.000000

Matrix 2911:
1.000000 4.000000 0.530813 6.000000
0.250000 1.000000 0.512249 1.000000
1.883904 1.952176 1.000000 6.000000
0.166667 1.000000 0.166667 1.000000

Matrix 2912:
1.000000 1.739285 7.000000 0.574467
0.574949 1.000000 4.000000 0.723900
0.142857 0.250000 1.000000 0.142857
1.740743 1.381406 7.000000 1.000000

Matrix 2913:
1.000000 0.666557 0.333333 4.000000
1.500247 1.000000 0.333333 3.000000
3.000000 3.000000 1.000000 4.000000
0.250000 0.333333 0.250000 1.000000

Matrix 2914:
1.000000 2.241699 0.250000 5.000000
0.446090 1.000000 0.200000 5.000000
4.000000 5.000000 1.000000 7.180292
0.200000 0.200000 0.139270 1.000000

Matrix 2915:
1.000000 0.166667 0.620807 0.200000
6.000000 1.000000 9.000000 2.000000
1.610806 0.111111 1.000000 0.142857
5.000000 0.500000 7.000000 1.000000

Matrix 2916:
1.000000 1.630360 5.650878 6.000000
0.613361 1.000000 8.000000 4.408563
0.176964 0.125000 1.000000 0.333333
0.166667 0.226831 3.000000 1.000000

Matrix 2917:
1.000000 0.806809 0.250000 1.028014
1.239450 1.000000 0.250000 0.580543
4.000000 4.000000 1.000000 7.000000
0.972749 1.722526 0.142857 1.000000

Matrix 2918:
1.000000 0.639318 0.166667 0.250000
1.564166 1.000000 0.142857 0.142857
6.000000 7.000000 1.000000 2.000000
4.000000 7.000000 0.500000 1.000000

Matrix 2919:
1.000000 0.531912 0.200000 1.000000
1.880009 1.000000 0.125000 0.825862
5.000000 8.000000 1.000000 9.000000
1.000000 1.210856 0.111111 1.000000

Matrix 2920:
1.000000 7.000000 6.000000 8.000000
0.142857 1.000000 1.000000 1.000000
0.166667 1.000000 1.000000 1.443078
0.125000 1.000000 0.692963 1.000000

Matrix 2921:
1.000000 1.709922 0.649173 1.629487
0.584822 1.000000 1.000000 1.443904
1.540420 1.000000 1.000000 1.000000
0.613690 0.692567 1.000000 1.000000

Matrix 2922:
1.000000 0.562828 7.000007 5.000000
1.776742 1.000000 8.454778 9.000000
0.142857 0.118276 1.000000 0.599550
0.200000 0.111111 1.667918 1.000000

Matrix 2923:
1.000000 0.523533 0.333333 3.272421
1.910101 1.000000 0.306041 3.000000
3.000000 3.267532 1.000000 9.000000
0.305584 0.333333 0.111111 1.000000

Matrix 2924:
1.000000 1.629791 0.538248 0.675439
0.613576 1.000000 0.500000 1.000000
1.857880 2.000000 1.000000 1.000000
1.480519 1.000000 1.000000 1.000000

Matrix 2925:
1.000000 0.125000 2.000000 0.200000
8.000000 1.000000 7.000000 1.502289
0.500000 0.142857 1.000000 0.125000
5.000000 0.665651 8.000000 1.000000

Matrix 2926:
1.000000 8.274296 1.000000 3.000000
0.120856 1.000000 0.125000 0.166667
1.000000 8.000000 1.000000 1.000000
0.333333 6.000000 1.000000 1.000000

Matrix 2927:
1.000000 0.893607 0.250000 2.000000
1.119060 1.000000 0.250000 0.967691
4.000000 4.000000 1.000000 6.000000
0.500000 1.033387 0.166667 1.000000

Matrix 2928:
1.000000 0.125000 2.002136 0.500000
8.000000 1.000000 8.000000 3.000000
0.499467 0.125000 1.000000 0.125000
2.000000 0.333333 8.000000 1.000000

Matrix 2929:
1.000000 0.748718 0.333333 2.000000
1.335617 1.000000 0.500000 0.831459
3.000000 2.000000 1.000000 5.000000
0.500000 1.202705 0.200000 1.000000

Matrix 2930:
1.000000 8.000000 0.687139 8.000000
0.125000 1.000000 0.250000 0.504950
1.455309 4.000000 1.000000 3.000000
0.125000 1.980395 0.333333 1.000000

Matrix 2931:
1.000000 1.532010 0.200000 0.200000
0.652737 1.000000 0.166667 0.250000
5.000000 6.000000 1.000000 2.000000
5.000000 4.000000 0.500000 1.000000

Matrix 2932:
1.000000 1.000000 1.000000 0.500000
1.000000 1.000000 1.358171 1.000000
1.000000 0.736284 1.000000 1.656217
2.000000 1.000000 0.603786 1.000000

Matrix 2933:
1.000000 1.506148 2.000000 0.585010
0.663945 1.000000 0.487833 1.000000
0.500000 2.049883 1.000000 0.500000
1.709374 1.000000 2.000000 1.000000

Matrix 2934:
1.000000 8.000000 1.000000 0.333333
0.125000 1.000000 0.111882 0.142857
1.000000 8.937964 1.000000 1.444756
3.000000 7.000000 0.692159 1.000000

Matrix 2935:
1.000000 1.000000 1.430144 9.000000
1.000000 1.000000 1.000000 3.000000
0.699230 1.000000 1.000000 6.000000
0.111111 0.333333 0.166667 1.000000

Matrix 2936:
1.000000 0.516100 5.000000 3.017169
1.937609 1.000000 6.000000 8.000000
0.200000 0.166667 1.000000 0.386613
0.331436 0.125000 2.586567 1.000000

Matrix 2937:
1.000000 6.000000 6.000000 4.000000
0.166667 1.000000 1.000000 1.656627
0.166667 1.000000 1.000000 0.500000
0.250000 0.603636 2.000000 1.000000

Matrix 2938:
1.000000 7.000000 8.000000 0.666479
0.142857 1.000000 3.000000 0.166667
0.125000 0.333333 1.000000 0.200000
1.500422 6.000000 5.000000 1.000000

Matrix 2939:
1.000000 0.688303 9.000000 3.000000
1.452850 1.000000 7.000000 2.000000
0.111111 0.142857 1.000000 0.166667
0.333333 0.500000 6.000000 1.000000

Matrix 2940:
1.000000 2.000000 1.000000 5.000000
0.500000 1.000000 0.333333 1.935606
1.000000 3.000000 1.000000 1.650973
0.200000 0.516634 0.605703 1.000000

Matrix 2941:
1.000000 0.200000 1.339719 0.125000
5.000000 1.000000 4.000000 0.200000
0.746425 0.250000 1.000000 0.166667
8.000000 5.000000 6.000000 1.000000

Matrix 2942:
1.000000 3.000000 3.000000 6.000000
0.333333 1.000000 0.691821 5.000000
0.333333 1.445460 1.000000 4.000000
0.166667 0.200000 0.250000 1.000000

Matrix 2943:
1.000000 1.424868 2.014386 0.697846
0.701819 1.000000 2.000000 1.000000
0.496429 0.500000 1.000000 1.000000
1.432980 1.000000 1.000000 1.000000

Matrix 2944:
1.000000 0.729738 0.707256 0.500000
1.370355 1.000000 1.000000 0.444047
1.413916 1.000000 1.000000 1.521857
2.000000 2.252013 0.657092 1.000000

Matrix 2945:
1.000000 1.494858 2.000000 0.592283
0.668960 1.000000 1.000000 0.514245
0.500000 1.000000 1.000000 1.000000
1.688383 1.944598 1.000000 1.000000

Matrix 2946:
1.000000 9.000009 4.000000 5.000000
0.111111 1.000000 1.387277 0.500000
0.250000 0.720837 1.000000 1.767747
0.200000 2.000000 0.565692 1.000000

Matrix 2947:
1.000000 1.000000 0.303198 0.453361
1.000000 1.000000 0.636134 1.505809
3.298178 1.571997 1.000000 1.000000
2.205749 0.664095 1.000000 1.000000

Matrix 2948:
1.000000 1.710643 0.434889 9.000000
0.584576 1.000000 0.690282 2.000000
2.299437 1.448684 1.000000 9.000000
0.111111 0.500000 0.111111 1.000000

Matrix 2949:
1.000000 0.636980 9.000000 9.000000
1.569908 1.000000 9.000000 7.000000
0.111111 0.111111 1.000000 0.250000
0.111111 0.142857 4.000000 1.000000

Matrix 2950:
1.000000 2.000000 1.617172 5.000000
0.500000 1.000000 0.250000 1.930375
0.618363 4.000000 1.000000 3.000000
0.200000 0.518034 0.333333 1.000000

Matrix 2951:
1.000000 0.579631 0.250000 0.407667
1.725235 1.000000 0.111111 0.333333
4.000000 9.000000 1.000000 1.600516
2.452985 3.000000 0.624799 1.000000

Matrix 2952:
1.000000 0.681764 0.500000 0.200000
1.466783 1.000000 0.500000 0.250000
2.000000 2.000000 1.000000 1.749032
5.000000 4.000000 0.571745 1.000000

Matrix 2953:
1.000000 5.000000 0.615899 6.000000
0.200000 1.000000 0.142857 1.672401
1.623643 7.000000 1.000000 3.000000
0.166667 0.597943 0.333333 1.000000

Matrix 2954:
1.000000 0.250000 0.333333 0.619317
4.000000 1.000000 1.000000 9.000000
3.000000 1.000000 1.000000 8.000000
1.614683 0.111111 0.125000 1.000000

Matrix 2955:
1.000000 5.000000 9.000000 1.821729
0.200000 1.000000 0.674632 0.250000
0.111111 1.482290 1.000000 0.200000
0.548929 4.000000 5.000000 1.000000

Matrix 2956:
1.000000 0.333333 0.940178 2.017263
3.000000 1.000000 9.000009 5.000000
1.063629 0.111111 1.000000 0.621989
0.495721 0.200000 1.607744 1.000000

Matrix 2957:
1.000000 1.036902 0.611461 5.000000
0.964411 1.000000 2.545011 9.000000
1.635429 0.392926 1.000000 8.000000
0.200000 0.111111 0.125000 1.000000

Matrix 2958:
1.000000 3.191465 1.000000 5.000000
0.313336 1.000000 0.125000 0.500000
1.000000 8.000000 1.000000 9.000000
0.200000 2.000000 0.111111 1.000000

Matrix 2959:
1.000000 1.610592 1.000000 5.000000
0.620890 1.000000 1.000000 2.000000
1.000000 1.000000 1.000000 9.000000
0.200000 0.500000 0.111111 1.000000

Matrix 2960:
1.000000 9.000009 0.500000 1.568140
0.111111 1.000000 0.139969 0.125000
2.000000 7.144423 1.000000 0.618673
0.637698 8.000000 1.616364 1.000000

Matrix 2961:
1.000000 6.000000 8.469644 8.000000
0.166667 1.000000 4.000000 3.000000
0.118069 0.250000 1.000000 1.000000
0.125000 0.333333 1.000000 1.000000

Matrix 2962:
1.000000 1.000000 2.523635 3.000000
1.000000 1.000000 0.640728 1.000000
0.396254 1.560725 1.000000 1.972027
0.333333 1.000000 0.507092 1.000000

Matrix 2963:
1.000000 0.200000 0.142857 0.250000
5.000000 1.000000 2.000000 0.827556
7.000000 0.500000 1.000000 1.848905
4.000000 1.208378 0.540861 1.000000

Matrix 2964:
1.000000 1.881110 0.250000 6.000000
0.531601 1.000000 0.142857 3.000000
4.000000 7.000000 1.000000 7.000000
0.166667 0.333333 0.142857 1.000000

Matrix 2965:
1.000000 0.200000 0.554821 0.142857
5.000000 1.000000 8.000000 1.635675
1.802383 0.125000 1.000000 0.142857
7.000000 0.611369 7.000000 1.000000

Matrix 2966:
1.000000 3.000000 1.004718 2.000000
0.333333 1.000000 0.125000 1.000000
0.995304 8.000000 1.000000 6.000000
0.500000 1.000000 0.166667 1.000000

Matrix 2967:
1.000000 3.000000 0.142857 0.200000
0.333333 1.000000 0.166667 0.250000
7.000000 6.000000 1.000000 1.676234
5.000000 4.000000 0.596575 1.000000

Matrix 2968:
1.000000 1.543453 0.737979 0.500000
0.647898 1.000000 1.067721 0.500000
1.355053 0.936574 1.000000 1.609541
2.000000 2.000000 0.621295 1.000000

Matrix 2969:
1.000000 0.500000 0.142857 0.142857
2.000000 1.000000 0.250000 0.166667
7.000000 4.000000 1.000000 1.600091
7.000000 6.000000 0.624964 1.000000

Matrix 2970:
1.000000 4.000000 6.000000 1.204117
0.250000 1.000000 6.000000 0.250000
0.166667 0.166667 1.000000 0.111111
0.830484 4.000000 9.000000 1.000000

Matrix 2971:
1.000000 0.200000 0.151586 0.111111
5.000000 1.000000 0.166667 0.250000
6.596901 6.000000 1.000000 1.000000
9.000000 4.000000 1.000000 1.000000

Matrix 2972:
1.000000 0.537742 0.250000 0.510460
1.859628 1.000000 1.382475 0.500000
4.000000 0.723340 1.000000 1.694740
1.959017 2.000000 0.590061 1.000000

Matrix 2973:
1.000000 4.000000 2.000000 3.000000
0.250000 1.000000 0.166667 0.333333
0.500000 6.000000 1.000000 1.732890
0.333333 3.000000 0.577071 1.000000

Matrix 2974:
1.000000 1.000000 0.250000 0.200000
1.000000 1.000000 0.111111 0.166667
4.000000 9.000000 1.000000 1.659172
5.000000 6.000000 0.602710 1.000000

Matrix 2975:
1.000000 5.000000 4.638308 6.000000
0.200000 1.000000 1.000000 0.518145
0.215596 1.000000 1.000000 1.895575
0.166667 1.929962 0.527544 1.000000

Matrix 2976:
1.000000 1.609125 1.000000 4.000000
0.621456 1.000000 1.700547 4.000000
1.000000 0.588046 1.000000 4.000000
0.250000 0.250000 0.250000 1.000000

Matrix 2977:
1.000000 1.000000 0.526974 0.166667
1.000000 1.000000 1.645864 0.125000
1.897627 0.607584 1.000000 0.250000
6.000000 8.000000 4.000000 1.000000

Matrix 2978:
1.000000 3.000000 7.000000 9.000000
0.333333 1.000000 0.619101 5.000000
0.142857 1.615245 1.000000 2.000000
0.111111 0.200000 0.500000 1.000000

Matrix 2979:
1.000000 1.162875 0.333333 0.410228
0.859938 1.000000 0.644124 1.269106
3.000000 1.552496 1.000000 0.768624
2.437670 0.787956 1.301027 1.000000

Matrix 2980:
1.000000 9.000000 0.500000 4.000000
0.111111 1.000000 0.111111 1.532737
2.000000 9.000000 1.000000 8.000000
0.250000 0.652428 0.125000 1.000000

Matrix 2981:
1.000000 0.477933 1.528166 2.000000
2.092342 1.000000 2.000000 4.000000
0.654379 0.500000 1.000000 6.000000
0.500000 0.250000 0.166667 1.000000

Matrix 2982:
1.000000 6.000000 0.473633 2.000000
0.166667 1.000000 0.166667 1.602743
2.111341 6.000000 1.000000 4.000000
0.500000 0.623930 0.250000 1.000000

Matrix 2983:
1.000000 0.200000 0.250000 0.142857
5.000000 1.000000 1.462401 0.500000
4.000000 0.683807 1.000000 0.500000
7.000000 2.000000 2.000000 1.000000

Matrix 2984:
1.000000 1.312761 1.477765 0.653338
0.761753 1.000000 1.000000 2.000000
0.676697 1.000000 1.000000 1.000000
1.530602 0.500000 1.000000 1.000000

Matrix 2985:
1.000000 7.000000 1.000000 7.000000
0.142857 1.000000 0.111111 0.659913
1.000000 9.000000 1.000000 4.000000
0.142857 1.515351 0.250000 1.000000

Matrix 2986:
1.000000 2.000000 3.000000 9.000000
0.500000 1.000000 0.698826 6.000000
0.333333 1.430972 1.000000 3.000000
0.111111 0.166667 0.333333 1.000000

Matrix 2987:
1.000000 0.626214 0.959986 1.000000
1.596899 1.000000 0.500000 2.000000
1.041682 2.000000 1.000000 2.581595
1.000000 0.500000 0.387357 1.000000

Matrix 2988:
1.000000 1.842838 0.419029 0.500000
0.542641 1.000000 0.250000 0.333333
2.386467 4.000000 1.000000 0.578875
2.000000 3.000000 1.727490 1.000000

Matrix 2989:
1.000000 8.000000 1.000000 0.622690
0.125000 1.000000 0.138605 0.166667
1.000000 7.214729 1.000000 2.000000
1.605936 6.000000 0.500000 1.000000

Matrix 2990:
1.000000 2.000000 0.500000 0.610214
0.500000 1.000000 0.142857 0.500000
2.000000 7.000000 1.000000 7.000000
1.638770 2.000000 0.142857 1.000000

Matrix 2991:
1.000000 0.610165 1.000000 0.142857
1.638902 1.000000 1.000000 0.250000
1.000000 1.000000 1.000000 0.111111
7.000000 4.000000 9.000000 1.000000

Matrix 2992:
1.000000 0.250000 0.630216 1.453347
4.000000 1.000000 4.000000 9.000000
1.586759 0.250000 1.000000 1.000000
0.688067 0.111111 1.000000 1.000000

Matrix 2993:
1.000000 0.250000 0.166667 0.684453
4.000000 1.000000 0.617499 2.000000
6.000000 1.619435 1.000000 0.887317
1.461020 0.500000 1.126993 1.000000

Matrix 2994:
1.000000 8.000000 1.000000 1.000000
0.125000 1.000000 0.500000 0.200000
1.000000 2.000000 1.000000 1.515255
1.000000 5.000000 0.659955 1.000000

Matrix 2995:
1.000000 3.000000 0.595471 7.000000
0.333333 1.000000 0.142857 5.000000
1.679344 7.000000 1.000000 7.250668
0.142857 0.200000 0.137918 1.000000

Matrix 2996:
1.000000 0.742621 2.344385 3.782218
1.346582 1.000000 1.000000 3.000000
0.426551 1.000000 1.000000 1.000000
0.264395 0.333333 1.000000 1.000000

Matrix 2997:
1.000000 0.481285 1.452596 2.000000
2.077771 1.000000 2.000000 2.000000
0.688423 0.500000 1.000000 1.749333
0.500000 0.500000 0.571646 1.000000

Matrix 2998:
1.000000 0.522039 0.125000 4.000000
1.915564 1.000000 0.399534 8.281985
8.000000 2.502915 1.000000 8.515418
0.250000 0.120744 0.117434 1.000000

Matrix 2999:
1.000000 3.000000 1.000000 7.000000
0.333333 1.000000 0.500000 0.641304
1.000000 2.000000 1.000000 3.000000
0.142857 1.559323 0.333333 1.000000

Matrix 3000:
1.000000 9.000000 1.000000 1.519120
0.111111 1.000000 0.125000 0.125000
1.000000 8.000000 1.000000 0.333333
0.658276 8.000000 3.000000 1.000000

Matrix 3001:
1.000000 1.931515 9.000000 1.000000
0.517728 1.000000 7.000000 1.919125
0.111111 0.142857 1.000000 0.166667
1.000000 0.521071 6.000000 1.000000

Matrix 3002:
1.000000 0.158994 0.142857 0.142857
6.289548 1.000000 1.804632 4.000000
7.000000 0.554130 1.000000 2.000000
7.000000 0.250000 0.500000 1.000000

Matrix 3003:
1.000000 1.748961 0.601662 1.000000
0.571768 1.000000 1.000000 0.661412
1.662063 1.000000 1.000000 3.000000
1.000000 1.511917 0.333333 1.000000

Matrix 3004:
1.000000 8.000000 2.000000 0.667456
0.125000 1.000000 0.125000 0.142857
0.500000 8.000000 1.000000 1.623130
1.498227 7.000000 0.616093 1.000000

Matrix 3005:
1.000000 1.000000 0.432217 1.174249
1.000000 1.000000 0.917030 0.600465
2.313653 1.090477 1.000000 2.000000
0.851608 1.665376 0.500000 1.000000

Matrix 3006:
1.000000 1.738490 8.000000 0.491080
0.575212 1.000000 6.000000 0.500000
0.125000 0.166667 1.000000 0.146922
2.036330 2.000000 6.806349 1.000000

Matrix 3007:
1.000000 1.242176 0.169344 0.617357
0.805039 1.000000 0.166667 1.631922
5.905157 6.000000 1.000000 5.000000
1.619807 0.612774 0.200000 1.000000

Matrix 3008:
1.000000 5.000000 7.000000 0.540921
0.200000 1.000000 1.729445 0.142857
0.142857 0.578220 1.000000 0.200000
1.848698 7.000000 5.000000 1.000000

Matrix 3009:
1.000000 4.000000 0.980194 1.372413
0.250000 1.000000 0.200000 0.142857
1.020206 5.000000 1.000000 0.333333
0.728643 7.000000 3.000000 1.000000

Matrix 3010:
1.000000 0.186689 0.111111 1.728846
5.356497 1.000000 1.730701 9.000000
9.000000 0.577800 1.000000 9.000000
0.578421 0.111111 0.111111 1.000000

Matrix 3011:
1.000000 0.500000 1.000000 9.000000
2.000000 1.000000 0.818709 8.000000
1.000000 1.221436 1.000000 6.000000
0.111111 0.125000 0.166667 1.000000

Matrix 3012:
1.000000 2.000000 3.000000 8.000000
0.500000 1.000000 1.604864 6.000000
0.333333 0.623106 1.000000 6.000000
0.125000 0.166667 0.166667 1.000000

Matrix 3013:
1.000000 1.000000 4.000000 0.333468
1.000000 1.000000 6.000000 0.200000
0.250000 0.166667 1.000000 0.142857
2.998789 5.000000 7.000000 1.000000

Matrix 3014:
1.000000 0.323246 0.500000 1.775163
3.093615 1.000000 5.999988 6.219238
2.000000 0.166667 1.000000 2.000000
0.563329 0.160791 0.500000 1.000000

Matrix 3015:
1.000000 4.000000 0.511925 4.000000
0.250000 1.000000 0.166667 1.543679
1.953411 6.000000 1.000000 6.000000
0.250000 0.647803 0.166667 1.000000

Matrix 3016:
1.000000 7.000000 3.000000 0.500000
0.142857 1.000000 1.204877 0.125000
0.333333 0.829960 1.000000 0.333333
2.000000 8.000000 3.000000 1.000000

Matrix 3017:
1.000000 3.363824 9.000009 4.000000
0.297281 1.000000 4.000000 1.679625
0.111111 0.250000 1.000000 0.519711
0.250000 0.595371 1.924146 1.000000

Matrix 3018:
1.000000 5.000000 4.000000 9.000000
0.200000 1.000000 1.479091 0.686200
0.250000 0.676091 1.000000 1.589409
0.111111 1.457302 0.629165 1.000000

Matrix 3019:
1.000000 1.000000 1.505346 1.513803
1.000000 1.000000 2.174440 0.500000
0.664299 0.459888 1.000000 0.200000
0.660588 2.000000 5.000000 1.000000

Matrix 3020:
1.000000 1.000000 0.166667 0.333333
1.000000 1.000000 0.125000 0.989595
6.000000 8.000000 1.000000 3.000000
3.000000 1.010515 0.333333 1.000000

Matrix 3021:
1.000000 2.020961 7.633388 2.159743
0.494814 1.000000 1.000000 0.500000
0.131003 1.000000 1.000000 0.330596
0.463018 2.000000 3.024841 1.000000

Matrix 3022:
1.000000 0.298383 0.594601 0.576678
3.351396 1.000000 6.000000 4.000000
1.681801 0.166667 1.000000 1.000000
1.734071 0.250000 1.000000 1.000000

Matrix 3023:
1.000000 1.000000 0.560744 0.200000
1.000000 1.000000 0.552540 1.000000
1.783345 1.809824 1.000000 0.680429
5.000000 1.000000 1.469660 1.000000

Matrix 3024:
1.000000 5.000000 0.641541 9.000000
0.200000 1.000000 0.125000 1.000000
1.558746 8.000000 1.000000 7.000000
0.111111 1.000000 0.142857 1.000000

Matrix 3025:
1.000000 0.142857 0.250000 0.606474
7.000000 1.000000 1.898596 4.000000
4.000000 0.526705 1.000000 6.000000
1.648876 0.250000 0.166667 1.000000

Matrix 3026:
1.000000 4.000000 2.063700 1.255390
0.250000 1.000000 1.485111 0.200000
0.484567 0.673351 1.000000 0.333333
0.796565 5.000000 3.000000 1.000000

Matrix 3027:
1.000000 1.000000 0.500000 3.000000
1.000000 1.000000 0.333333 0.961538
2.000000 3.000000 1.000000 9.000000
0.333333 1.040000 0.111111 1.000000

Matrix 3028:
1.000000 1.000000 2.362457 3.000000
1.000000 1.000000 0.642456 2.868284
0.423288 1.556526 1.000000 5.000000
0.333333 0.348641 0.200000 1.000000

Matrix 3029:
1.000000 1.000000 2.000000 2.146792
1.000000 1.000000 4.000000 0.706174
0.500000 0.250000 1.000000 0.250000
0.465811 1.416082 4.000000 1.000000

Matrix 3030:
1.000000 1.773417 0.582873 1.000000
0.563883 1.000000 0.265392 1.511814
1.715639 3.768007 1.000000 6.000000
1.000000 0.661457 0.166667 1.000000

Matrix 3031:
1.000000 2.000000 0.250000 0.500000
0.500000 1.000000 0.117970 0.111111
4.000000 8.476696 1.000000 2.000000
2.000000 9.000000 0.500000 1.000000

Matrix 3032:
1.000000 1.208127 0.750959 4.000000
0.827728 1.000000 1.526571 8.000000
1.331630 0.655063 1.000000 5.000000
0.250000 0.125000 0.200000 1.000000

Matrix 3033:
1.000000 4.000000 0.612825 3.000000
0.250000 1.000000 0.500000 1.360325
1.631788 2.000000 1.000000 1.592422
0.333333 0.735119 0.627974 1.000000

Matrix 3034:
1.000000 0.776359 0.142857 2.000000
1.288064 1.000000 0.142857 0.747806
7.000000 7.000000 1.000000 4.000000
0.500000 1.337245 0.250000 1.000000

Matrix 3035:
1.000000 1.692439 1.425179 5.000000
0.590863 1.000000 1.000000 1.650835
0.701666 1.000000 1.000000 1.000000
0.200000 0.605754 1.000000 1.000000

Matrix 3036:
1.000000 0.292320 2.911322 3.788205
3.420909 1.000000 5.999988 8.856376
0.343487 0.166667 1.000000 2.000000
0.263977 0.112913 0.500000 1.000000

Matrix 3037:
1.000000 6.000000 4.000000 7.000000
0.166667 1.000000 0.142857 0.639850
0.250000 7.000000 1.000000 3.000000
0.142857 1.562867 0.333333 1.000000

Matrix 3038:
1.000000 6.750810 9.000009 8.000000
0.148130 1.000000 0.620288 1.551090
0.111111 1.612154 1.000000 1.000000
0.125000 0.644708 1.000000 1.000000

Matrix 3039:
1.000000 0.111111 0.250000 0.166667
9.000000 1.000000 1.000000 0.663251
4.000000 1.000000 1.000000 1.000000
6.000000 1.507725 1.000000 1.000000

Matrix 3040:
1.000000 1.922611 1.880171 1.000000
0.520126 1.000000 1.000000 2.000000
0.531866 1.000000 1.000000 1.000000
1.000000 0.500000 1.000000 1.000000

Matrix 3041:
1.000000 0.111111 0.111111 0.166667
9.000000 1.000000 1.000000 1.000000
9.000000 1.000000 1.000000 0.640764
6.000000 1.000000 1.560636 1.000000

Matrix 3042:
1.000000 0.333333 2.354805 0.111111
3.000000 1.000000 4.536915 0.379481
0.424664 0.220414 1.000000 0.222719
9.000000 2.635176 4.489971 1.000000

Matrix 3043:
1.000000 6.000000 1.000000 9.000000
0.166667 1.000000 0.250000 1.000000
1.000000 4.000000 1.000000 1.999601
0.111111 1.000000 0.500100 1.000000

Matrix 3044:
1.000000 0.200000 1.225646 2.000000
5.000000 1.000000 5.999988 3.000000
0.815896 0.166667 1.000000 1.508281
0.500000 0.333333 0.663006 1.000000

Matrix 3045:
1.000000 0.587374 1.000000 0.333333
1.702492 1.000000 0.583265 0.500000
1.000000 1.714487 1.000000 1.000000
3.000000 2.000000 1.000000 1.000000

Matrix 3046:
1.000000 0.125000 0.125000 0.125000
8.000000 1.000000 1.809398 0.500000
8.000000 0.552670 1.000000 1.328613
8.000000 2.000000 0.752665 1.000000

Matrix 3047:
1.000000 3.000000 7.000000 4.000000
0.333333 1.000000 1.000000 1.338390
0.142857 1.000000 1.000000 0.333333
0.250000 0.747166 3.000000 1.000000

Matrix 3048:
1.000000 1.672134 0.250000 0.125000
0.598038 1.000000 0.125000 0.166667
4.000000 8.000000 1.000000 0.566891
8.000000 6.000000 1.764009 1.000000

Matrix 3049:
1.000000 7.000000 6.000000 0.500000
0.142857 1.000000 1.645287 0.200000
0.166667 0.607797 1.000000 0.142857
2.000000 5.000000 7.000000 1.000000

Matrix 3050:
1.000000 1.500007 4.000000 1.000000
0.666663 1.000000 9.000000 1.000000
0.250000 0.111111 1.000000 0.250000
1.000000 1.000000 4.000000 1.000000

Matrix 3051:
1.000000 6.000000 0.735666 9.000000
0.166667 1.000000 0.250000 1.000000
1.359312 4.000000 1.000000 9.000000
0.111111 1.000000 0.111111 1.000000

Matrix 3052:
1.000000 0.200000 8.000000 3.000000
5.000000 1.000000 7.954312 7.000000
0.125000 0.125718 1.000000 0.671296
0.333333 0.142857 1.489655 1.000000

Matrix 3053:
1.000000 0.586501 9.000009 1.526819
1.705027 1.000000 3.000003 1.000000
0.111111 0.333333 1.000000 0.166667
0.654956 1.000000 6.000000 1.000000

Matrix 3054:
1.000000 0.189521 0.333333 0.526007
5.276464 1.000000 1.891323 8.000000
3.000000 0.528730 1.000000 6.000000
1.901115 0.125000 0.166667 1.000000

Matrix 3055:
1.000000 1.000000 1.000000 8.000000
1.000000 1.000000 0.624832 7.000000
1.000000 1.600429 1.000000 5.000000
0.125000 0.142857 0.200000 1.000000

Matrix 3056:
1.000000 3.000000 0.697217 9.000000
0.333333 1.000000 1.000000 4.000000
1.434273 1.000000 1.000000 4.000000
0.111111 0.250000 0.250000 1.000000

Matrix 3057:
1.000000 1.074084 0.819504 0.500000
0.931026 1.000000 0.493974 1.624092
1.220250 2.024400 1.000000 1.988522
2.000000 0.615729 0.502886 1.000000

Matrix 3058:
1.000000 1.886561 2.584780 1.480247
0.530065 1.000000 1.103945 1.000000
0.386880 0.905842 1.000000 2.305761
0.675563 1.000000 0.433696 1.000000

Matrix 3059:
1.000000 0.656015 2.000000 4.000000
1.524356 1.000000 1.366650 4.000000
0.500000 0.731716 1.000000 0.997893
0.250000 0.250000 1.002112 1.000000

Matrix 3060:
1.000000 1.580102 0.709639 0.115391
0.632870 1.000000 1.479387 0.111111
1.409167 0.675956 1.000000 0.250000
8.666214 9.000000 4.000000 1.000000

Matrix 3061:
1.000000 0.142857 0.166667 0.619156
7.000000 1.000000 1.000000 9.000000
6.000000 1.000000 1.000000 6.000000
1.615101 0.111111 0.166667 1.000000

Matrix 3062:
1.000000 1.000000 0.850601 6.000000
1.000000 1.000000 1.673047 3.196400
1.175639 0.597712 1.000000 9.000000
0.166667 0.312852 0.111111 1.000000

Matrix 3063:
1.000000 0.125000 1.333562 0.200000
8.000000 1.000000 8.000000 4.000000
0.749871 0.125000 1.000000 0.333333
5.000000 0.250000 3.000000 1.000000

Matrix 3064:
1.000000 7.000000 0.602324 2.000000
0.142857 1.000000 0.200000 0.250000
1.660236 5.000000 1.000000 0.736454
0.500000 4.000000 1.357859 1.000000

Matrix 3065:
1.000000 0.142857 0.200000 0.125000
7.000000 1.000000 1.000000 1.657817
5.000000 1.000000 1.000000 0.585558
8.000000 0.603203 1.707773 1.000000

Matrix 3066:
1.000000 4.000000 3.000000 0.500000
0.250000 1.000000 1.429240 0.111111
0.333333 0.699673 1.000000 0.111111
2.000000 9.000000 9.000000 1.000000

Matrix 3067:
1.000000 0.166667 0.500000 0.142857
6.000000 1.000000 1.000000 1.441669
2.000000 1.000000 1.000000 1.000000
7.000000 0.693641 1.000000 1.000000

Matrix 3068:
1.000000 1.036945 0.553743 0.111111
0.964371 1.000000 0.250000 0.125000
1.805893 4.000000 1.000000 0.692014
9.000000 8.000000 1.445058 1.000000

Matrix 3069:
1.000000 0.166667 0.173298 0.333333
6.000000 1.000000 0.799523 2.080591
5.770414 1.250746 1.000000 0.559524
3.000000 0.480633 1.787235 1.000000

Matrix 3070:
1.000000 4.000000 6.000000 0.391799
0.250000 1.000000 0.620093 0.111111
0.166667 1.612661 1.000000 0.111111
2.552332 9.000000 9.000000 1.000000

Matrix 3071:
1.000000 2.000000 0.567849 0.182880
0.500000 1.000000 1.000000 0.142857
1.761033 1.000000 1.000000 0.111111
5.468073 7.000000 9.000000 1.000000

Matrix 3072:
1.000000 1.992674 1.000000 6.612822
0.501838 1.000000 1.449094 9.000000
1.000000 0.690086 1.000000 7.000000
0.151221 0.111111 0.142857 1.000000

Matrix 3073:
1.000000 0.687669 1.047203 1.280863
1.454188 1.000000 2.000000 0.500000
0.954925 0.500000 1.000000 0.448224
0.780724 2.000000 2.231027 1.000000

Matrix 3074:
1.000000 0.111111 0.166667 0.250000
9.000000 1.000000 1.582035 1.703526
6.000000 0.632097 1.000000 1.512183
4.000000 0.587018 0.661296 1.000000

Matrix 3075:
1.000000 0.659984 1.000000 0.200000
1.515189 1.000000 0.534579 0.166667
1.000000 1.870631 1.000000 0.142857
5.000000 6.000000 7.000000 1.000000

Matrix 3076:
1.000000 0.250000 0.333333 0.111111
4.000000 1.000000 2.296082 1.000000
3.000000 0.435524 1.000000 0.250000
9.000000 1.000000 4.000000 1.000000

Matrix 3077:
1.000000 5.999988 0.669142 0.500000
0.166667 1.000000 0.111111 0.157270
1.494452 9.000000 1.000000 0.483397
2.000000 6.358499 2.068694 1.000000

Matrix 3078:
1.000000 0.219856 0.166667 0.763528
4.548424 1.000000 0.635704 1.943621
6.000000 1.573059 1.000000 1.065593
1.309710 0.514504 0.938445 1.000000

Matrix 3079:
1.000000 5.999988 5.000000 3.000000
0.166667 1.000000 1.775029 0.429733
0.200000 0.563371 1.000000 0.503299
0.333333 2.327026 1.986891 1.000000

Matrix 3080:
1.000000 0.166667 2.145540 0.508284
6.000000 1.000000 7.000007 3.035031
0.466083 0.142857 1.000000 0.333333
1.967402 0.329486 3.000000 1.000000

Matrix 3081:
1.000000 9.000000 0.741156 4.000000
0.111111 1.000000 0.250000 0.333333
1.349244 4.000000 1.000000 2.000000
0.250000 3.000000 0.500000 1.000000

Matrix 3082:
1.000000 0.111111 0.250000 0.470037
9.000000 1.000000 8.000000 8.000000
4.000000 0.125000 1.000000 1.000000
2.127494 0.125000 1.000000 1.000000

Matrix 3083:
1.000000 7.000000 0.620315 1.908099
0.142857 1.000000 0.125000 0.125000
1.612084 8.000000 1.000000 1.000000
0.524082 8.000000 1.000000 1.000000

Matrix 3084:
1.000000 1.559551 0.166667 0.200000
0.641210 1.000000 0.125000 0.125000
6.000000 8.000000 1.000000 3.000000
5.000000 8.000000 0.333333 1.000000

Matrix 3085:
1.000000 0.166667 1.429125 0.166667
6.000000 1.000000 6.000000 3.000000
0.699729 0.166667 1.000000 0.200000
6.000000 0.333333 5.000000 1.000000

Matrix 3086:
1.000000 0.659475 3.000000 0.333333
1.516359 1.000000 1.000000 0.500000
0.333333 1.000000 1.000000 0.166667
3.000000 2.000000 6.000000 1.000000

Matrix 3087:
1.000000 1.881843 0.250000 1.000000
0.531394 1.000000 0.330116 0.457402
4.000000 3.029238 1.000000 2.074066
1.000000 2.186262 0.482145 1.000000

Matrix 3088:
1.000000 0.819044 3.042109 2.972317
1.220936 1.000000 1.000000 6.218924
0.328719 1.000000 1.000000 2.000000
0.336438 0.160800 0.500000 1.000000

Matrix 3089:
1.000000 3.000000 5.000000 8.000000
0.333333 1.000000 0.744544 1.000000
0.200000 1.343104 1.000000 1.000000
0.125000 1.000000 1.000000 1.000000

Matrix 3090:
1.000000 1.000000 1.235905 1.000000
1.000000 1.000000 1.604438 0.499809
0.809123 0.623271 1.000000 1.000000
1.000000 2.000762 1.000000 1.000000

Matrix 3091:
1.000000 8.000000 5.000000 3.000000
0.125000 1.000000 0.333333 0.142857
0.200000 3.000000 1.000000 1.637252
0.333333 7.000000 0.610779 1.000000

Matrix 3092:
1.000000 4.000000 9.000000 0.648193
0.250000 1.000000 1.000000 0.125000
0.111111 1.000000 1.000000 0.250000
1.542750 8.000000 4.000000 1.000000

Matrix 3093:
1.000000 1.514483 1.000000 0.500000
0.660291 1.000000 1.960683 0.307977
1.000000 0.510026 1.000000 0.166667
2.000000 3.246999 6.000000 1.000000

Matrix 3094:
1.000000 1.557053 7.000000 2.000000
0.642239 1.000000 7.000000 4.000000
0.142857 0.142857 1.000000 0.166667
0.500000 0.250000 6.000000 1.000000

Matrix 3095:
1.000000 0.624378 0.200000 3.000000
1.601594 1.000000 0.142857 5.000000
5.000000 7.000000 1.000000 9.000000
0.333333 0.200000 0.111111 1.000000

Matrix 3096:
1.000000 9.000009 5.999988 0.560345
0.111111 1.000000 0.461914 0.161078
0.166667 2.164906 1.000000 0.125000
1.784615 6.208162 8.000000 1.000000

Matrix 3097:
1.000000 0.718240 6.000000 9.000000
1.392291 1.000000 5.000000 5.250013
0.166667 0.200000 1.000000 4.000000
0.111111 0.190476 0.250000 1.000000

Matrix 3098:
1.000000 1.000000 6.000000 9.000000
1.000000 1.000000 7.000000 8.992294
0.166667 0.142857 1.000000 4.000000
0.111111 0.111206 0.250000 1.000000

Matrix 3099:
1.000000 1.000000 0.142857 0.689467
1.000000 1.000000 0.250000 2.000000
7.000000 4.000000 1.000000 7.000000
1.450396 0.500000 0.142857 1.000000

Matrix 3100:
1.000000 2.003238 0.200000 1.342985
0.499192 1.000000 0.142857 1.000000
5.000000 7.000000 1.000000 1.968655
0.744610 1.000000 0.507961 1.000000

Matrix 3101:
1.000000 5.726274 1.218192 2.000000
0.174634 1.000000 0.166667 0.111111
0.820889 6.000000 1.000000 0.641644
0.500000 9.000000 1.558496 1.000000

Matrix 3102:
1.000000 0.125000 0.151589 0.125000
8.000000 1.000000 2.268453 0.731325
6.596763 0.440829 1.000000 1.395671
8.000000 1.367381 0.716501 1.000000

Matrix 3103:
1.000000 0.228846 0.125000 0.180549
4.369760 1.000000 0.333333 0.333333
8.000000 3.000000 1.000000 0.505470
5.538661 3.000000 1.978358 1.000000

Matrix 3104:
1.000000 2.000000 1.000000 1.483647
0.500000 1.000000 1.000000 0.333333
1.000000 1.000000 1.000000 0.728793
0.674015 3.000000 1.372131 1.000000

Matrix 3105:
1.000000 1.184598 1.969437 0.500000
0.844168 1.000000 0.890435 0.142857
0.507759 1.123047 1.000000 0.357167
2.000000 7.000000 2.799814 1.000000

Matrix 3106:
1.000000 9.000009 0.804101 1.871238
0.111111 1.000000 0.246968 0.333333
1.243624 4.049103 1.000000 0.600018
0.534406 3.000000 1.666616 1.000000

Matrix 3107:
1.000000 1.000000 1.000000 6.000000
1.000000 1.000000 1.348965 4.000000
1.000000 0.741309 1.000000 9.000000
0.166667 0.250000 0.111111 1.000000

Matrix 3108:
1.000000 0.250000 1.000000 0.194056
4.000000 1.000000 5.000000 0.292307
1.000000 0.200000 1.000000 0.142857
5.153139 3.421057 7.000000 1.000000

Matrix 3109:
1.000000 0.125000 2.000000 0.500000
8.000000 1.000000 9.000000 4.000000
0.500000 0.111111 1.000000 1.002237
2.000000 0.250000 0.997768 1.000000

Matrix 3110:
1.000000 1.000000 1.000000 2.000000
1.000000 1.000000 1.225226 1.000000
1.000000 0.816176 1.000000 2.000000
0.500000 1.000000 0.500000 1.000000

Matrix 3111:
1.000000 0.693355 7.000007 2.033851
1.442263 1.000000 3.329078 1.000000
0.142857 0.300383 1.000000 0.250000
0.491678 1.000000 4.000000 1.000000

Matrix 3112:
1.000000 5.000000 0.333333 2.000000
0.200000 1.000000 0.125000 1.652518
3.000000 8.000000 1.000000 4.000000
0.500000 0.605137 0.250000 1.000000

Matrix 3113:
1.000000 1.000000 1.554895 1.960479
1.000000 1.000000 0.780172 6.000000
0.643130 1.281768 1.000000 4.000000
0.510079 0.166667 0.250000 1.000000

Matrix 3114:
1.000000 0.111111 0.872023 0.579314
9.000000 1.000000 9.000009 6.000000
1.146759 0.111111 1.000000 1.623539
1.726178 0.166667 0.615938 1.000000

Matrix 3115:
1.000000 6.000000 8.000000 4.000000
0.166667 1.000000 0.600020 0.200000
0.125000 1.666611 1.000000 0.200000
0.250000 5.000000 5.000000 1.000000

Matrix 3116:
1.000000 1.000000 4.000000 0.398060
1.000000 1.000000 5.330883 1.842949
0.250000 0.187586 1.000000 0.166667
2.512186 0.542609 6.000000 1.000000

Matrix 3117:
1.000000 0.111111 0.507384 0.200000
9.000000 1.000000 2.000000 4.000000
1.970892 0.500000 1.000000 1.000000
5.000000 0.250000 1.000000 1.000000

Matrix 3118:
1.000000 5.999988 1.695963 7.000000
0.166667 1.000000 0.333333 1.000000
0.589636 3.000000 1.000000 1.127011
0.142857 1.000000 0.887303 1.000000

Matrix 3119:
1.000000 0.903207 7.000007 2.000000
1.107166 1.000000 3.000003 2.003419
0.142857 0.333333 1.000000 0.200000
0.500000 0.499147 5.000000 1.000000

Matrix 3120:
1.000000 0.709448 2.546542 0.529792
1.409546 1.000000 5.000000 4.000000
0.392689 0.200000 1.000000 0.333333
1.887532 0.250000 3.000000 1.000000

Matrix 3121:
1.000000 1.230714 0.166667 0.500000
0.812537 1.000000 0.333333 1.406432
6.000000 3.000000 1.000000 4.000000
2.000000 0.711019 0.250000 1.000000

Matrix 3122:
1.000000 2.024459 0.200000 1.000000
0.493959 1.000000 0.114325 0.333333
5.000000 8.746960 1.000000 8.000000
1.000000 3.000000 0.125000 1.000000

Matrix 3123:
1.000000 0.522551 0.254404 0.453676
1.913689 1.000000 0.498024 2.000000
3.930749 2.007935 1.000000 3.317039
2.204219 0.500000 0.301474 1.000000

Matrix 3124:
1.000000 1.342675 0.200000 0.166667
0.744782 1.000000 0.250000 0.500000
5.000000 4.000000 1.000000 1.000000
6.000000 2.000000 1.000000 1.000000

Matrix 3125:
1.000000 1.327377 0.125000 1.000000
0.753365 1.000000 0.333333 1.648662
8.000000 3.000000 1.000000 8.000000
1.000000 0.606553 0.125000 1.000000

Matrix 3126:
1.000000 1.508089 5.000000 7.000000
0.663091 1.000000 8.000000 6.000000
0.200000 0.125000 1.000000 0.581448
0.142857 0.166667 1.719845 1.000000

Matrix 3127:
1.000000 9.000000 4.000000 8.000000
0.111111 1.000000 0.527522 1.000000
0.250000 1.895655 1.000000 0.613636
0.125000 1.000000 1.629631 1.000000

Matrix 3128:
1.000000 0.125000 0.553591 0.125000
8.000000 1.000000 7.000000 0.607742
1.806386 0.142857 1.000000 0.142857
8.000000 1.645434 7.000000 1.000000

Matrix 3129:
1.000000 3.000003 0.697656 0.166667
0.333333 1.000000 1.085559 0.111111
1.433372 0.921184 1.000000 0.200000
6.000000 9.000000 5.000000 1.000000

Matrix 3130:
1.000000 1.000000 0.595186 0.111111
1.000000 1.000000 0.500000 0.125000
1.680146 2.000000 1.000000 0.125000
9.000000 8.000000 8.000000 1.000000

Matrix 3131:
1.000000 0.166667 1.000000 0.508108
6.000000 1.000000 4.000000 9.000000
1.000000 0.250000 1.000000 1.885356
1.968085 0.111111 0.530404 1.000000

Matrix 3132:
1.000000 0.500000 0.111111 0.250000
2.000000 1.000000 0.333333 0.693095
9.000000 3.000000 1.000000 5.000000
4.000000 1.442804 0.200000 1.000000

Matrix 3133:
1.000000 0.212113 0.939221 0.166667
4.714460 1.000000 9.000000 2.483864
1.064712 0.111111 1.000000 0.608783
6.000000 0.402599 1.642620 1.000000

Matrix 3134:
1.000000 2.000000 2.000000 0.500000
0.500000 1.000000 1.000000 0.333333
0.500000 1.000000 1.000000 1.033342
2.000000 3.000000 0.967734 1.000000

Matrix 3135:
1.000000 0.166667 3.000000 3.000000
6.000000 1.000000 6.000000 8.000000
0.333333 0.166667 1.000000 1.585613
0.333333 0.125000 0.630671 1.000000

Matrix 3136:
1.000000 1.000000 5.000000 6.000000
1.000000 1.000000 1.949684 3.310527
0.200000 0.512904 1.000000 0.736532
0.166667 0.302067 1.357714 1.000000

Matrix 3137:
1.000000 0.394427 0.260378 0.111111
2.535322 1.000000 0.269658 0.473664
3.840577 3.708394 1.000000 1.592951
9.000000 2.111199 0.627766 1.000000

Matrix 3138:
1.000000 4.000000 3.000000 8.000000
0.250000 1.000000 1.597000 9.000000
0.333333 0.626174 1.000000 6.000000
0.125000 0.111111 0.166667 1.000000

Matrix 3139:
1.000000 1.660158 1.000000 0.333333
0.602352 1.000000 1.651167 0.200000
1.000000 0.605632 1.000000 0.111111
3.000000 5.000000 9.000000 1.000000

Matrix 3140:
1.000000 5.000000 0.142857 1.639208
0.200000 1.000000 0.142857 0.333333
7.000000 7.000000 1.000000 7.000000
0.610051 3.000000 0.142857 1.000000

Matrix 3141:
1.000000 0.751674 0.200000 3.000000
1.330363 1.000000 0.500000 1.869213
5.000000 2.000000 1.000000 9.000000
0.333333 0.534984 0.111111 1.000000

Matrix 3142:
1.000000 6.215541 2.000000 9.000000
0.160887 1.000000 0.142857 0.531023
0.500000 7.000000 1.000000 7.082625
0.111111 1.883158 0.141191 1.000000

Matrix 3143:
1.000000 0.166667 0.111111 0.250000
6.000000 1.000000 0.500000 0.500000
9.000000 2.000000 1.000000 0.623938
4.000000 2.000000 1.602724 1.000000

Matrix 3144:
1.000000 1.434869 0.689040 0.250000
0.696928 1.000000 1.000000 0.500000
1.451294 1.000000 1.000000 0.166667
4.000000 2.000000 6.000000 1.000000

Matrix 3145:
1.000000 8.553794 4.631196 1.865466
0.116907 1.000000 2.112443 0.166667
0.215927 0.473386 1.000000 0.195476
0.536059 6.000000 5.115728 1.000000

Matrix 3146:
1.000000 0.333333 0.125000 0.142857
3.000000 1.000000 0.125000 0.125000
8.000000 8.000000 1.000000 1.455564
7.000000 8.000000 0.687019 1.000000

Matrix 3147:
1.000000 2.156478 9.000009 6.195775
0.463719 1.000000 8.000000 5.000000
0.111111 0.125000 1.000000 1.622737
0.161400 0.200000 0.616243 1.000000

Matrix 3148:
1.000000 4.000000 1.432843 7.000000
0.250000 1.000000 0.125000 1.000000
0.697913 8.000000 1.000000 8.000000
0.142857 1.000000 0.125000 1.000000

Matrix 3149:
1.000000 8.000000 0.438797 4.551777
0.125000 1.000000 0.164352 0.732222
2.278960 6.084505 1.000000 5.728595
0.219694 1.365705 0.174563 1.000000

Matrix 3150:
1.000000 0.200000 0.619586 0.333333
5.000000 1.000000 1.974646 0.613641
1.613980 0.506420 1.000000 0.142857
3.000000 1.629617 7.000000 1.000000

Matrix 3151:
1.000000 0.527931 1.232233 0.935282
1.894187 1.000000 0.635270 1.677478
0.811535 1.574135 1.000000 1.847276
1.069196 0.596133 0.541338 1.000000

Matrix 3152:
1.000000 5.000000 7.000007 8.000000
0.200000 1.000000 0.631096 1.399640
0.142857 1.584546 1.000000 0.650189
0.125000 0.714469 1.538015 1.000000

Matrix 3153:
1.000000 0.824681 0.544903 0.275861
1.212589 1.000000 0.235436 0.297797
1.835188 4.247434 1.000000 2.354937
3.625011 3.357990 0.424640 1.000000

Matrix 3154:
1.000000 1.000000 5.000000 0.500000
1.000000 1.000000 3.000000 1.341067
0.200000 0.333333 1.000000 0.333333
2.000000 0.745675 3.000000 1.000000

Matrix 3155:
1.000000 8.000000 0.661830 6.000000
0.125000 1.000000 0.250000 2.559338
1.510962 4.000000 1.000000 4.551583
0.166667 0.390726 0.219704 1.000000

Matrix 3156:
1.000000 6.000000 0.250000 2.000000
0.166667 1.000000 0.125000 1.641991
4.000000 8.000000 1.000000 9.000000
0.500000 0.609017 0.111111 1.000000

Matrix 3157:
1.000000 0.662740 0.333333 0.500000
1.508887 1.000000 1.941676 1.730515
3.000000 0.515019 1.000000 1.785418
2.000000 0.577863 0.560093 1.000000

Matrix 3158:
1.000000 1.167474 1.000000 3.000000
0.856550 1.000000 0.500000 3.000000
1.000000 2.000000 1.000000 1.622894
0.333333 0.333333 0.616183 1.000000

Matrix 3159:
1.000000 1.000000 1.652046 7.265868
1.000000 1.000000 0.500000 6.000000
0.605310 2.000000 1.000000 4.385083
0.137630 0.166667 0.228046 1.000000

Matrix 3160:
1.000000 0.333333 2.594206 0.682283
3.000000 1.000000 4.943268 3.000000
0.385474 0.202295 1.000000 0.200000
1.465667 0.333333 5.000000 1.000000

Matrix 3161:
1.000000 8.000000 1.640862 1.000000
0.125000 1.000000 0.250000 0.250000
0.609436 4.000000 1.000000 1.000000
1.000000 4.000000 1.000000 1.000000

Matrix 3162:
1.000000 2.509046 5.000000 2.074193
0.398558 1.000000 2.200618 0.500000
0.200000 0.454418 1.000000 0.142857
0.482115 2.000000 7.000000 1.000000

Matrix 3163:
1.000000 7.000007 4.000000 5.010172
0.142857 1.000000 0.417414 1.866290
0.250000 2.395704 1.000000 3.000000
0.199594 0.535822 0.333333 1.000000

Matrix 3164:
1.000000 7.000000 1.000000 0.698616
0.142857 1.000000 0.142857 0.111111
1.000000 7.000000 1.000000 1.000000
1.431403 9.000000 1.000000 1.000000

Matrix 3165:
1.000000 1.795267 1.000000 0.967336
0.557020 1.000000 1.000000 1.358343
1.000000 1.000000 1.000000 0.451171
1.033767 0.736191 2.216453 1.000000

Matrix 3166:
1.000000 8.000000 8.675787 5.000000
0.125000 1.000000 0.901148 0.268761
0.115263 1.109696 1.000000 0.425439
0.200000 3.720773 2.350511 1.000000

Matrix 3167:
1.000000 3.870019 3.000003 0.849696
0.258397 1.000000 1.688360 0.333333
0.333333 0.592291 1.000000 0.590822
1.176891 3.000000 1.692558 1.000000

Matrix 3168:
1.000000 1.000000 2.000000 0.200000
1.000000 1.000000 0.641967 0.166667
0.500000 1.557712 1.000000 0.142857
5.000000 6.000000 7.000000 1.000000

Matrix 3169:
1.000000 1.000000 3.000000 0.568703
1.000000 1.000000 5.000000 1.000000
0.333333 0.200000 1.000000 0.654661
1.758388 1.000000 1.527508 1.000000

Matrix 3170:
1.000000 1.477379 1.424443 0.500000
0.676874 1.000000 3.000000 0.572829
0.702029 0.333333 1.000000 0.125000
2.000000 1.745722 8.000000 1.000000

Matrix 3171:
1.000000 0.111111 0.616315 0.250000
9.000000 1.000000 9.000000 0.668599
1.622546 0.111111 1.000000 0.166667
4.000000 1.495665 6.000000 1.000000

Matrix 3172:
1.000000 1.608781 1.000000 1.000000
0.621589 1.000000 1.000000 1.617254
1.000000 1.000000 1.000000 3.000000
1.000000 0.618332 0.333333 1.000000

Matrix 3173:
1.000000 0.550482 1.000000 6.000000
1.816590 1.000000 0.811020 3.000000
1.000000 1.233016 1.000000 3.000000
0.166667 0.333333 0.333333 1.000000

Matrix 3174:
1.000000 0.250000 0.242836 0.500000
4.000000 1.000000 0.333333 2.000000
4.118009 3.000000 1.000000 2.014928
2.000000 0.500000 0.496296 1.000000

Matrix 3175:
1.000000 4.000000 0.142857 1.597345
0.250000 1.000000 0.111111 0.333333
7.000000 9.000000 1.000000 7.000000
0.626039 3.000000 0.142857 1.000000

Matrix 3176:
1.000000 0.200000 0.396776 0.200000
5.000000 1.000000 3.142773 0.578907
2.520316 0.318190 1.000000 0.111111
5.000000 1.727393 9.000000 1.000000

Matrix 3177:
1.000000 0.333333 0.614963 0.333333
3.000000 1.000000 3.000000 1.000000
1.626113 0.333333 1.000000 0.333333
3.000000 1.000000 3.000000 1.000000

Matrix 3178:
1.000000 1.706997 1.000000 0.166667
0.585824 1.000000 1.807950 0.250000
1.000000 0.553113 1.000000 0.125000
6.000000 4.000000 8.000000 1.000000

Matrix 3179:
1.000000 0.200000 0.333333 0.200000
5.000000 1.000000 6.000000 3.000000
3.000000 0.166667 1.000000 0.549213
5.000000 0.333333 1.820788 1.000000

Matrix 3180:
1.000000 2.000000 0.166667 0.500000
0.500000 1.000000 0.111111 0.250000
6.000000 9.000000 1.000000 0.637716
2.000000 4.000000 1.568096 1.000000

Matrix 3181:
1.000000 1.873361 1.334805 1.000000
0.533800 1.000000 1.000000 1.000000
0.749173 1.000000 1.000000 0.522395
1.000000 1.000000 1.914261 1.000000

Matrix 3182:
1.000000 8.000000 8.000000 4.000000
0.125000 1.000000 0.634347 0.125000
0.125000 1.576424 1.000000 0.250000
0.250000 8.000000 4.000000 1.000000

Matrix 3183:
1.000000 1.000000 0.250000 0.333333
1.000000 1.000000 0.500000 0.500000
4.000000 2.000000 1.000000 0.742469
3.000000 2.000000 1.346858 1.000000

Matrix 3184:
1.000000 1.000000 2.903437 6.000000
1.000000 1.000000 9.000009 4.000000
0.344419 0.111111 1.000000 0.430360
0.166667 0.250000 2.323638 1.000000

Matrix 3185:
1.000000 1.833665 4.000000 2.927497
0.545356 1.000000 7.000007 1.742853
0.250000 0.142857 1.000000 0.250000
0.341589 0.573772 4.000000 1.000000

Matrix 3186:
1.000000 0.896412 0.166667 1.000000
1.115559 1.000000 0.250000 0.699614
6.000000 4.000000 1.000000 5.000000
1.000000 1.429359 0.200000 1.000000

Matrix 3187:
1.000000 3.000003 7.000000 4.000000
0.333333 1.000000 1.588988 1.000000
0.142857 0.629332 1.000000 1.586340
0.250000 1.000000 0.630382 1.000000

Matrix 3188:
1.000000 7.000000 1.000000 5.000000
0.142857 1.000000 0.200000 1.335416
1.000000 5.000000 1.000000 7.000000
0.200000 0.748830 0.142857 1.000000

Matrix 3189:
1.000000 0.607052 0.250000 0.142857
1.647305 1.000000 0.125000 0.142857
4.000000 8.000000 1.000000 0.500000
7.000000 7.000000 2.000000 1.000000

Matrix 3190:
1.000000 1.000000 2.000000 7.000000
1.000000 1.000000 4.000000 7.000000
0.500000 0.250000 1.000000 0.680748
0.142857 0.142857 1.468972 1.000000

Matrix 3191:
1.000000 0.678368 0.333333 1.000000
1.474127 1.000000 0.700605 1.000000
3.000000 1.427338 1.000000 0.586387
1.000000 1.000000 1.705357 1.000000

Matrix 3192:
1.000000 4.000000 4.000000 1.610328
0.250000 1.000000 1.000000 0.166667
0.250000 1.000000 1.000000 0.333333
0.620991 6.000000 3.000000 1.000000

Matrix 3193:
1.000000 0.171662 0.515021 0.200000
5.825413 1.000000 4.000000 1.842067
1.941670 0.250000 1.000000 0.333333
5.000000 0.542868 3.000000 1.000000

Matrix 3194:
1.000000 0.221488 0.250000 0.333333
4.514908 1.000000 3.137638 1.692304
4.000000 0.318711 1.000000 1.676983
3.000000 0.590910 0.596309 1.000000

Matrix 3195:
1.000000 1.000000 1.288488 1.231768
1.000000 1.000000 0.471782 2.035869
0.776104 2.119623 1.000000 3.000000
0.811841 0.491191 0.333333 1.000000

Matrix 3196:
1.000000 9.000000 8.000000 7.921975
0.111111 1.000000 0.638215 3.000000
0.125000 1.566869 1.000000 1.000000
0.126231 0.333333 1.000000 1.000000

Matrix 3197:
1.000000 0.111111 1.643633 0.250000
9.000000 1.000000 9.000000 2.000000
0.608408 0.111111 1.000000 0.111111
4.000000 0.500000 9.000000 1.000000

Matrix 3198:
1.000000 1.000000 2.000000 0.500000
1.000000 1.000000 2.000000 1.531611
0.500000 0.500000 1.000000 0.500000
2.000000 0.652907 2.000000 1.000000

Matrix 3199:
1.000000 0.662689 1.000000 0.250000
1.509004 1.000000 0.333333 0.166667
1.000000 3.000000 1.000000 0.200000
4.000000 6.000000 5.000000 1.000000

Matrix 3200:
1.000000 0.333333 1.000000 0.605227
3.000000 1.000000 4.000000 5.000000
1.000000 0.250000 1.000000 2.000000
1.652273 0.200000 0.500000 1.000000

Matrix 3201:
1.000000 1.000000 0.250000 1.620633
1.000000 1.000000 0.333333 0.639778
4.000000 3.000000 1.000000 2.000000
0.617043 1.563043 0.500000 1.000000

Matrix 3202:
1.000000 3.000000 1.433615 0.500000
0.333333 1.000000 0.166667 0.333333
0.697537 6.000000 1.000000 0.500000
2.000000 3.000000 2.000000 1.000000

Matrix 3203:
1.000000 0.388639 1.286698 2.000000
2.573080 1.000000 1.000000 7.000000
0.777183 1.000000 1.000000 5.000000
0.500000 0.142857 0.200000 1.000000

Matrix 3204:
1.000000 2.000000 0.200000 2.000000
0.500000 1.000000 0.333333 1.538055
5.000000 3.000000 1.000000 6.000000
0.500000 0.650172 0.166667 1.000000

Matrix 3205:
1.000000 9.000000 4.000000 7.000000
0.111111 1.000000 0.528675 0.500000
0.250000 1.891521 1.000000 0.712384
0.142857 2.000000 1.403738 1.000000

Matrix 3206:
1.000000 7.000000 4.000000 0.500000
0.142857 1.000000 2.133603 0.142857
0.250000 0.468691 1.000000 0.111263
2.000000 7.000000 8.987709 1.000000

Matrix 3207:
1.000000 0.500000 0.646040 1.998553
2.000000 1.000000 2.484738 3.000000
1.547893 0.402457 1.000000 0.952019
0.500362 0.333333 1.050399 1.000000

Matrix 3208:
1.000000 9.000009 3.218386 0.440688
0.111111 1.000000 0.525854 0.200000
0.310715 1.901667 1.000000 0.250000
2.269178 5.000000 4.000000 1.000000

Matrix 3209:
1.000000 5.000000 6.000000 9.000000
0.200000 1.000000 1.511101 0.500000
0.166667 0.661769 1.000000 0.333333
0.111111 2.000000 3.000000 1.000000

Matrix 3210:
1.000000 6.000000 1.717526 1.000000
0.166667 1.000000 0.200000 0.333333
0.582233 5.000000 1.000000 1.686048
1.000000 3.000000 0.593103 1.000000

Matrix 3211:
1.000000 5.000000 1.666604 2.000000
0.200000 1.000000 0.142857 1.000000
0.600023 7.000000 1.000000 5.000000
0.500000 1.000000 0.200000 1.000000

Matrix 3212:
1.000000 9.000009 0.557860 1.476627
0.111111 1.000000 0.142857 0.111111
1.792564 7.000000 1.000000 1.000000
0.677219 9.000000 1.000000 1.000000

Matrix 3213:
1.000000 0.113278 1.135080 0.178528
8.827820 1.000000 7.114131 1.801268
0.880995 0.140565 1.000000 0.125000
5.601357 0.555165 8.000000 1.000000

Matrix 3214:
1.000000 1.815617 0.589464 1.532256
0.550777 1.000000 1.000000 0.485222
1.696455 1.000000 1.000000 1.638723
0.652632 2.060910 0.610231 1.000000

Matrix 3215:
1.000000 9.000000 8.000000 2.000000
0.111111 1.000000 1.638911 0.125000
0.125000 0.610161 1.000000 0.166667
0.500000 8.000000 6.000000 1.000000

Matrix 3216:
1.000000 2.000000 6.000000 1.662882
0.500000 1.000000 1.000000 0.445724
0.166667 1.000000 1.000000 0.250000
0.601365 2.243539 4.000000 1.000000

Matrix 3217:
1.000000 5.000000 5.000000 6.000000
0.200000 1.000000 1.510477 3.000000
0.200000 0.662042 1.000000 2.000000
0.166667 0.333333 0.500000 1.000000

Matrix 3218:
1.000000 0.111111 0.111111 0.200000
9.000000 1.000000 1.641820 1.000000
9.000000 0.609080 1.000000 3.000000
5.000000 1.000000 0.333333 1.000000

Matrix 3219:
1.000000 1.653591 1.000000 0.524169
0.604745 1.000000 0.333333 0.333333
1.000000 3.000000 1.000000 1.703765
1.907781 3.000000 0.586935 1.000000

Matrix 3220:
1.000000 1.844623 0.523695 0.500000
0.542116 1.000000 0.321711 1.000000
1.909507 3.108376 1.000000 0.735143
2.000000 1.000000 1.360279 1.000000

Matrix 3221:
1.000000 3.000000 7.000000 1.709713
0.333333 1.000000 9.000000 1.000000
0.142857 0.111111 1.000000 0.142857
0.584893 1.000000 7.000000 1.000000

Matrix 3222:
1.000000 1.000000 0.749363 3.000000
1.000000 1.000000 1.687554 5.000000
1.334466 0.592574 1.000000 4.000000
0.333333 0.200000 0.250000 1.000000

Matrix 3223:
1.000000 1.391903 1.000000 0.142857
0.718441 1.000000 1.430735 0.500000
1.000000 0.698941 1.000000 0.142857
7.000000 2.000000 7.000000 1.000000

Matrix 3224:
1.000000 9.000000 3.000000 3.000000
0.111111 1.000000 0.250000 0.500000
0.333333 4.000000 1.000000 1.531742
0.333333 2.000000 0.652851 1.000000

Matrix 3225:
1.000000 0.333333 0.333333 1.646402
3.000000 1.000000 4.000000 5.000000
3.000000 0.250000 1.000000 5.000000
0.607385 0.200000 0.200000 1.000000

Matrix 3226:
1.000000 0.561869 1.433908 2.000000
1.779773 1.000000 1.000000 1.611542
0.697395 1.000000 1.000000 4.000000
0.500000 0.620524 0.250000 1.000000

Matrix 3227:
1.000000 1.801209 0.333333 1.181389
0.555183 1.000000 0.598699 1.667413
3.000000 1.670287 1.000000 1.276650
0.846462 0.599731 0.783300 1.000000

Matrix 3228:
1.000000 1.600538 5.000000 5.000000
0.624790 1.000000 8.000000 9.000000
0.200000 0.125000 1.000000 0.500000
0.200000 0.111111 2.000000 1.000000

Matrix 3229:
1.000000 0.111111 1.365112 0.333333
9.000000 1.000000 6.000000 3.000000
0.732541 0.166667 1.000000 0.250000
3.000000 0.333333 4.000000 1.000000

Matrix 3230:
1.000000 1.000619 0.333333 0.111111
0.999381 1.000000 1.000000 0.333333
3.000000 1.000000 1.000000 0.142857
9.000000 3.000000 7.000000 1.000000

Matrix 3231:
1.000000 1.000000 0.142857 0.699459
1.000000 1.000000 0.333333 1.606348
7.000000 3.000000 1.000000 3.000000
1.429676 0.622530 0.333333 1.000000

Matrix 3232:
1.000000 1.000000 1.430810 0.166667
1.000000 1.000000 0.606175 0.111111
0.698905 1.649689 1.000000 0.433955
6.000000 9.000000 2.304385 1.000000

Matrix 3233:
1.000000 0.125000 0.166667 1.560852
8.000000 1.000000 1.970893 7.000000
6.000000 0.507384 1.000000 5.000000
0.640676 0.142857 0.200000 1.000000

Matrix 3234:
1.000000 2.000000 0.575643 0.642405
0.500000 1.000000 0.333333 1.000000
1.737189 3.000000 1.000000 0.787013
1.556650 1.000000 1.270626 1.000000

Matrix 3235:
1.000000 4.000000 1.600464 1.000000
0.250000 1.000000 0.111111 0.166667
0.624819 9.000000 1.000000 2.000000
1.000000 6.000000 0.500000 1.000000

Matrix 3236:
1.000000 0.500000 0.518331 0.200000
2.000000 1.000000 1.562283 0.142857
1.929268 0.640089 1.000000 0.333333
5.000000 7.000000 3.000000 1.000000

Matrix 3237:
1.000000 0.627699 1.000000 0.500000
1.593120 1.000000 1.000000 0.646923
1.000000 1.000000 1.000000 1.532662
2.000000 1.545778 0.652459 1.000000

Matrix 3238:
1.000000 1.006448 3.000000 5.000000
0.993593 1.000000 5.000000 9.000000
0.333333 0.200000 1.000000 4.000000
0.200000 0.111111 0.250000 1.000000

Matrix 3239:
1.000000 4.000000 8.000000 8.000000
0.250000 1.000000 1.819575 0.886754
0.125000 0.549579 1.000000 2.000000
0.125000 1.127708 0.500000 1.000000

Matrix 3240:
1.000000 0.111111 0.200000 1.000000
9.000000 1.000000 1.000000 5.000000
5.000000 1.000000 1.000000 1.917632
1.000000 0.200000 0.521476 1.000000

Matrix 3241:
1.000000 0.580083 8.000000 1.000000
1.723891 1.000000 4.129070 0.541513
0.125000 0.242185 1.000000 0.125000
1.000000 1.846678 8.000000 1.000000

Matrix 3242:
1.000000 0.126958 0.166667 0.333333
7.876600 1.000000 3.960679 8.000000
6.000000 0.252482 1.000000 1.000000
3.000000 0.125000 1.000000 1.000000

Matrix 3243:
1.000000 0.166667 0.200000 1.583500
6.000000 1.000000 1.706790 7.000000
5.000000 0.585895 1.000000 3.000000
0.631512 0.142857 0.333333 1.000000

Matrix 3244:
1.000000 5.000000 5.000000 1.505544
0.200000 1.000000 1.996882 0.166667
0.200000 0.500781 1.000000 0.125000
0.664212 6.000000 8.000000 1.000000

Matrix 3245:
1.000000 0.562920 5.999988 5.000000
1.776450 1.000000 3.529788 4.000000
0.166667 0.283303 1.000000 0.523312
0.200000 0.250000 1.910906 1.000000

Matrix 3246:
1.000000 0.297501 4.000000 1.700396
3.361338 1.000000 4.290307 8.000000
0.250000 0.233084 1.000000 1.000000
0.588098 0.125000 1.000000 1.000000

Matrix 3247:
1.000000 1.436150 1.849286 3.210113
0.696306 1.000000 4.804196 6.000000
0.540749 0.208151 1.000000 0.649968
0.311515 0.166667 1.538538 1.000000

Matrix 3248:
1.000000 0.166667 0.665452 0.249453
6.000000 1.000000 7.000007 2.240837
1.502738 0.142857 1.000000 0.166667
4.008775 0.446262 6.000000 1.000000

Matrix 3249:
1.000000 0.642664 3.000000 5.000000
1.556022 1.000000 6.000000 6.000000
0.333333 0.166667 1.000000 5.000000
0.200000 0.166667 0.200000 1.000000

Matrix 3250:
1.000000 0.601786 0.462207 0.148217
1.661720 1.000000 1.000000 0.111111
2.163535 1.000000 1.000000 0.142857
6.746874 9.000000 7.000000 1.000000

Matrix 3251:
1.000000 0.333333 0.250000 0.142857
3.000000 1.000000 1.624183 1.672597
4.000000 0.615694 1.000000 1.000000
7.000000 0.597873 1.000000 1.000000

Matrix 3252:
1.000000 6.000000 4.000000 1.000000
0.166667 1.000000 1.651502 0.250000
0.250000 0.605509 1.000000 0.200000
1.000000 4.000000 5.000000 1.000000

Matrix 3253:
1.000000 0.683863 0.250000 1.000000
1.462282 1.000000 0.465079 0.352684
4.000000 2.150172 1.000000 1.000000
1.000000 2.835402 1.000000 1.000000

Matrix 3254:
1.000000 0.333333 0.662439 0.142857
3.000000 1.000000 6.000000 0.599326
1.509572 0.166667 1.000000 0.111111
7.000000 1.668540 9.000000 1.000000

Matrix 3255:
1.000000 0.478300 1.723056 0.200000
2.090739 1.000000 4.000000 0.533081
0.580364 0.250000 1.000000 0.142857
5.000000 1.875889 7.000000 1.000000

Matrix 3256:
1.000000 0.528504 2.000000 1.953669
1.892133 1.000000 4.000000 1.917570
0.500000 0.250000 1.000000 1.000000
0.511857 0.521493 1.000000 1.000000

Matrix 3257:
1.000000 0.111111 1.504900 1.000000
9.000000 1.000000 3.000000 8.000000
0.664496 0.333333 1.000000 1.000000
1.000000 0.125000 1.000000 1.000000

Matrix 3258:
1.000000 1.000000 0.250000 1.671274
1.000000 1.000000 0.142857 1.583146
4.000000 7.000000 1.000000 3.000000
0.598346 0.631654 0.333333 1.000000

Matrix 3259:
1.000000 1.000000 1.000000 0.250000
1.000000 1.000000 1.741537 0.657997
1.000000 0.574206 1.000000 1.000000
4.000000 1.519765 1.000000 1.000000

Matrix 3260:
1.000000 3.000000 2.000000 1.582628
0.333333 1.000000 0.500000 0.333333
0.500000 2.000000 1.000000 0.200000
0.631860 3.000000 5.000000 1.000000

Matrix 3261:
1.000000 0.142857 0.646254 0.250000
7.000000 1.000000 9.000009 0.602423
1.547378 0.111111 1.000000 0.151615
4.000000 1.659963 6.595651 1.000000

Matrix 3262:
1.000000 1.000000 1.940787 8.000000
1.000000 1.000000 0.603287 6.000000
0.515255 1.657587 1.000000 7.000000
0.125000 0.166667 0.142857 1.000000

Matrix 3263:
1.000000 5.238549 3.000003 4.000000
0.190893 1.000000 0.566687 0.676048
0.333333 1.764641 1.000000 0.501758
0.250000 1.479185 1.992993 1.000000

Matrix 3264:
1.000000 8.476402 8.698735 3.606034
0.117975 1.000000 1.710241 0.125000
0.114959 0.584713 1.000000 0.111111
0.277313 8.000000 9.000000 1.000000

Matrix 3265:
1.000000 0.543932 0.333333 0.569341
1.838465 1.000000 0.644123 1.000000
3.000000 1.552499 1.000000 0.500000
1.756417 1.000000 2.000000 1.000000

Matrix 3266:
1.000000 2.000000 0.125000 0.333333
0.500000 1.000000 0.111111 0.166667
8.000000 9.000000 1.000000 0.732212
3.000000 6.000000 1.365724 1.000000

Matrix 3267:
1.000000 5.000000 4.000000 3.000000
0.200000 1.000000 1.483125 1.000000
0.250000 0.674252 1.000000 2.614970
0.333333 1.000000 0.382414 1.000000

Matrix 3268:
1.000000 1.852779 4.000000 0.961172
0.539730 1.000000 1.000000 1.509150
0.250000 1.000000 1.000000 1.000000
1.040396 0.662625 1.000000 1.000000

Matrix 3269:
1.000000 3.000000 1.000000 6.000000
0.333333 1.000000 1.339006 6.000000
1.000000 0.746823 1.000000 8.000000
0.166667 0.166667 0.125000 1.000000

Matrix 3270:
1.000000 1.692076 0.111111 0.500000
0.590990 1.000000 0.121227 0.250000
9.000000 8.248973 1.000000 4.000000
2.000000 4.000000 0.250000 1.000000

Matrix 3271:
1.000000 1.343979 6.000000 3.000000
0.744059 1.000000 4.000000 3.001556
0.166667 0.250000 1.000000 1.548972
0.333333 0.333160 0.645590 1.000000

Matrix 3272:
1.000000 1.000000 3.000000 0.534931
1.000000 1.000000 5.000000 1.362383
0.333333 0.200000 1.000000 0.125000
1.869399 0.734008 8.000000 1.000000

Matrix 3273:
1.000000 1.540243 0.327781 1.000000
0.649248 1.000000 0.200000 1.632073
3.050817 5.000000 1.000000 3.000000
1.000000 0.612718 0.333333 1.000000

Matrix 3274:
1.000000 1.004959 0.583387 0.359236
0.995065 1.000000 1.000000 2.000000
1.714128 1.000000 1.000000 1.000000
2.783683 0.500000 1.000000 1.000000

Matrix 3275:
1.000000 0.624974 0.333333 0.500000
1.600068 1.000000 0.125000 1.000000
3.000000 8.000000 1.000000 3.000000
2.000000 1.000000 0.333333 1.000000

Matrix 3276:
1.000000 2.827708 3.000000 0.640601
0.353643 1.000000 1.517716 0.333333
0.333333 0.658885 1.000000 0.250000
1.561033 3.000000 4.000000 1.000000

Matrix 3277:
1.000000 2.000000 0.125000 0.166667
0.500000 1.000000 0.111111 0.112219
8.000000 9.000000 1.000000 0.333333
6.000000 8.911116 3.000000 1.000000

Matrix 3278:
1.000000 1.000000 3.000000 1.000000
1.000000 1.000000 0.980681 1.000000
0.333333 1.019700 1.000000 0.534039
1.000000 1.000000 1.872521 1.000000

Matrix 3279:
1.000000 0.166667 0.524451 0.116728
6.000000 1.000000 1.354489 0.200000
1.906757 0.738286 1.000000 0.113706
8.566944 5.000000 8.794590 1.000000

Matrix 3280:
1.000000 0.500000 0.166667 0.250000
2.000000 1.000000 0.125000 0.142857
6.000000 8.000000 1.000000 1.511882
4.000000 7.000000 0.661427 1.000000

Matrix 3281:
1.000000 1.436074 2.000000 2.000000
0.696343 1.000000 5.000000 3.352396
0.500000 0.200000 1.000000 1.520749
0.500000 0.298294 0.657571 1.000000

Matrix 3282:
1.000000 1.760400 1.400805 4.000000
0.568053 1.000000 3.517010 3.000000
0.713875 0.284332 1.000000 1.000000
0.250000 0.333333 1.000000 1.000000

Matrix 3283:
1.000000 0.500000 0.500000 7.000000
2.000000 1.000000 0.795451 7.000000
2.000000 1.257148 1.000000 7.954831
0.142857 0.142857 0.125710 1.000000

Matrix 3284:
1.000000 0.619446 2.268663 0.742723
1.614345 1.000000 2.428657 1.000000
0.440788 0.411750 1.000000 1.295746
1.346396 1.000000 0.771756 1.000000

Matrix 3285:
1.000000 2.529886 2.110404 7.363536
0.395275 1.000000 0.333333 7.000000
0.473843 3.000000 1.000000 8.000000
0.135804 0.142857 0.125000 1.000000

Matrix 3286:
1.000000 1.695222 0.630058 0.200000
0.589893 1.000000 0.500000 0.500000
1.587155 2.000000 1.000000 0.590868
5.000000 2.000000 1.692424 1.000000

Matrix 3287:
1.000000 1.777699 0.333333 0.799407
0.562525 1.000000 0.111111 1.000000
3.000000 9.000000 1.000000 3.000000
1.250927 1.000000 0.333333 1.000000

Matrix 3288:
1.000000 0.333333 1.000000 1.000000
3.000000 1.000000 3.000000 2.000000
1.000000 0.333333 1.000000 0.637287
1.000000 0.500000 1.569152 1.000000

Matrix 3289:
1.000000 2.000000 1.000000 3.000000
0.500000 1.000000 1.079058 1.773394
1.000000 0.926734 1.000000 5.000000
0.333333 0.563890 0.200000 1.000000

Matrix 3290:
1.000000 4.000000 8.000000 5.644213
0.250000 1.000000 1.948033 0.607488
0.125000 0.513338 1.000000 0.250000
0.177173 1.646122 4.000000 1.000000

Matrix 3291:
1.000000 0.614899 1.435797 0.490903
1.626285 1.000000 1.629692 2.448935
0.696477 0.613613 1.000000 1.000000
2.037061 0.408341 1.000000 1.000000

Matrix 3292:
1.000000 1.541636 0.111111 0.166667
0.648661 1.000000 0.111111 0.125000
9.000000 9.000000 1.000000 0.613387
6.000000 8.000000 1.630291 1.000000

Matrix 3293:
1.000000 7.000000 4.000000 1.815606
0.142857 1.000000 0.595600 0.166667
0.250000 1.678979 1.000000 0.142857
0.550780 6.000000 7.000000 1.000000

Matrix 3294:
1.000000 2.192633 5.999988 0.527848
0.456073 1.000000 2.000000 0.705636
0.166667 0.500000 1.000000 0.111111
1.894485 1.417160 9.000000 1.000000

Matrix 3295:
1.000000 5.000000 3.000000 6.000000
0.200000 1.000000 1.000000 2.000000
0.333333 1.000000 1.000000 1.972067
0.166667 0.500000 0.507082 1.000000

Matrix 3296:
1.000000 0.685559 0.142857 0.544521
1.458664 1.000000 0.236830 0.200000
7.000000 4.222434 1.000000 1.588663
1.836477 5.000000 0.629460 1.000000

Matrix 3297:
1.000000 1.877993 1.000000 1.000000
0.532483 1.000000 1.448638 0.200000
1.000000 0.690304 1.000000 0.500000
1.000000 5.000000 2.000000 1.000000

Matrix 3298:
1.000000 0.111111 0.661767 0.200000
9.000000 1.000000 8.000000 7.000000
1.511105 0.125000 1.000000 0.250000
5.000000 0.142857 4.000000 1.000000

Matrix 3299:
1.000000 0.250000 0.409897 0.333333
4.000000 1.000000 1.885203 0.510873
2.439637 0.530447 1.000000 0.200000
3.000000 1.957432 5.000000 1.000000

Matrix 3300:
1.000000 0.125000 0.200000 0.166667
8.000000 1.000000 0.500000 0.609041
5.000000 2.000000 1.000000 1.000000
6.000000 1.641926 1.000000 1.000000

Matrix 3301:
1.000000 0.250000 0.166667 0.125000
4.000000 1.000000 0.500000 0.200000
6.000000 2.000000 1.000000 1.603095
8.000000 5.000000 0.623794 1.000000

Matrix 3302:
1.000000 0.644570 0.413455 1.763840
1.551423 1.000000 0.333333 2.000000
2.418643 3.000000 1.000000 9.000000
0.566945 0.500000 0.111111 1.000000

Matrix 3303:
1.000000 0.125000 2.000000 0.664042
8.000000 1.000000 5.000000 7.000000
0.500000 0.200000 1.000000 1.000000
1.505928 0.142857 1.000000 1.000000

Matrix 3304:
1.000000 0.606260 4.000000 3.000000
1.649456 1.000000 4.000000 7.000000
0.250000 0.250000 1.000000 2.000000
0.333333 0.142857 0.500000 1.000000

Matrix 3305:
1.000000 1.265056 1.684210 2.000000
0.790479 1.000000 0.671551 2.000000
0.593750 1.489090 1.000000 2.000000
0.500000 0.500000 0.500000 1.000000

Matrix 3306:
1.000000 2.820773 0.434529 0.566903
0.354513 1.000000 0.250000 0.500000
2.301341 4.000000 1.000000 2.843317
1.763970 2.000000 0.351702 1.000000

Matrix 3307:
1.000000 5.000000 1.883833 3.000000
0.200000 1.000000 0.142857 1.563057
0.530833 7.000000 1.000000 6.000000
0.333333 0.639772 0.166667 1.000000

Matrix 3308:
1.000000 0.297772 0.692280 1.029093
3.358273 1.000000 1.345406 0.914141
1.444502 0.743270 1.000000 1.326670
0.971730 1.093923 0.753767 1.000000

Matrix 3309:
1.000000 0.635370 1.000000 0.579587
1.573886 1.000000 0.587182 1.200987
1.000000 1.703048 1.000000 0.606802
1.725365 0.832648 1.647984 1.000000

Matrix 3310:
1.000000 0.598604 0.125000 0.125000
1.670555 1.000000 0.111800 0.142857
8.000000 8.944569 1.000000 1.509114
8.000000 7.000000 0.662641 1.000000

Matrix 3311:
1.000000 9.000000 3.000000 6.292071
0.111111 1.000000 0.250000 2.029412
0.333333 4.000000 1.000000 7.000000
0.158930 0.492753 0.142857 1.000000

Matrix 3312:
1.000000 1.000000 6.000000 0.500000
1.000000 1.000000 4.000000 0.471243
0.166667 0.250000 1.000000 0.111111
2.000000 2.122049 9.000000 1.000000

Matrix 3313:
1.000000 1.614135 0.333333 1.000000
0.619527 1.000000 0.200000 0.920489
3.000000 5.000000 1.000000 6.000000
1.000000 1.086380 0.166667 1.000000

Matrix 3314:
1.000000 1.112291 1.440738 1.000000
0.899045 1.000000 0.643434 1.869804
0.694089 1.554161 1.000000 0.989718
1.000000 0.534815 1.010389 1.000000

Matrix 3315:
1.000000 8.895320 0.743734 8.000000
0.112419 1.000000 0.200000 0.604145
1.344567 5.000000 1.000000 7.000000
0.125000 1.655232 0.142857 1.000000

Matrix 3316:
1.000000 0.111111 0.111111 0.111111
9.000000 1.000000 2.000000 3.000000
9.000000 0.500000 1.000000 0.675993
9.000000 0.333333 1.479305 1.000000

Matrix 3317:
1.000000 0.631109 1.333791 0.385015
1.584511 1.000000 1.782471 0.401693
0.749743 0.561019 1.000000 0.765254
2.597299 2.489465 1.306756 1.000000

Matrix 3318:
1.000000 4.000000 1.000000 0.333333
0.250000 1.000000 1.334110 0.111111
1.000000 0.749563 1.000000 0.166667
3.000000 9.000000 6.000000 1.000000

Matrix 3319:
1.000000 0.200000 2.000000 0.500000
5.000000 1.000000 7.000000 1.000000
0.500000 0.142857 1.000000 0.505355
2.000000 1.000000 1.978806 1.000000

Matrix 3320:
1.000000 2.347319 1.551091 2.000000
0.426018 1.000000 0.957351 1.288625
0.644707 1.044549 1.000000 0.440288
0.500000 0.776021 2.271239 1.000000

Matrix 3321:
1.000000 0.403157 1.000000 1.621293
2.480424 1.000000 2.000000 1.000000
1.000000 0.500000 1.000000 1.000000
0.616792 1.000000 1.000000 1.000000

Matrix 3322:
1.000000 5.000000 1.003662 3.000000
0.200000 1.000000 0.142857 1.000000
0.996351 7.000000 1.000000 8.000000
0.333333 1.000000 0.125000 1.000000

Matrix 3323:
1.000000 0.125000 0.142857 0.142857
8.000000 1.000000 0.333333 0.333333
7.000000 3.000000 1.000000 0.686451
7.000000 3.000000 1.456769 1.000000

Matrix 3324:
1.000000 1.347444 1.000000 1.000000
0.742146 1.000000 0.599405 2.000000
1.000000 1.668321 1.000000 0.995237
1.000000 0.500000 1.004786 1.000000

Matrix 3325:
1.000000 1.000000 1.563029 2.000000
1.000000 1.000000 2.000000 1.000000
0.639783 0.500000 1.000000 1.429910
0.500000 1.000000 0.699345 1.000000

Matrix 3326:
1.000000 1.452037 7.000000 2.000000
0.688688 1.000000 9.000000 5.000000
0.142857 0.111111 1.000000 1.000000
0.500000 0.200000 1.000000 1.000000

Matrix 3327:
1.000000 9.000000 8.107191 6.000000
0.111111 1.000000 1.000000 0.500000
0.123347 1.000000 1.000000 0.272857
0.166667 2.000000 3.664928 1.000000

Matrix 3328:
1.000000 7.000000 2.000000 7.000000
0.142857 1.000000 0.200000 1.000000
0.500000 5.000000 1.000000 1.900938
0.142857 1.000000 0.526056 1.000000

Matrix 3329:
1.000000 4.000000 2.116278 5.000000
0.250000 1.000000 0.500000 0.709845
0.472528 2.000000 1.000000 2.393943
0.200000 1.408758 0.417721 1.000000

Matrix 3330:
1.000000 6.000000 1.640416 5.000000
0.166667 1.000000 0.166667 3.000000
0.609602 6.000000 1.000000 8.000000
0.200000 0.333333 0.125000 1.000000

Matrix 3331:
1.000000 0.498664 1.000000 0.510972
2.005359 1.000000 0.627182 2.000000
1.000000 1.594433 1.000000 1.000000
1.957056 0.500000 1.000000 1.000000

Matrix 3332:
1.000000 5.739079 5.000000 1.898561
0.174244 1.000000 1.771508 0.250000
0.200000 0.564491 1.000000 0.166667
0.526715 4.000000 6.000000 1.000000

Matrix 3333:
1.000000 0.612242 1.000000 0.166667
1.633341 1.000000 0.333333 0.111111
1.000000 3.000000 1.000000 0.250000
6.000000 9.000000 4.000000 1.000000

Matrix 3334:
1.000000 9.000000 1.000000 0.994173
0.111111 1.000000 0.142857 0.200000
1.000000 7.000000 1.000000 3.000000
1.005861 5.000000 0.333333 1.000000

Matrix 3335:
1.000000 1.000000 0.405266 0.620917
1.000000 1.000000 0.500000 1.227831
2.467514 2.000000 1.000000 1.000000
1.610521 0.814445 1.000000 1.000000

Matrix 3336:
1.000000 0.521669 0.224731 0.142857
1.916926 1.000000 0.200000 0.166667
4.449757 5.000000 1.000000 1.000000
7.000000 6.000000 1.000000 1.000000

Matrix 3337:
1.000000 0.449185 3.000000 1.465362
2.226254 1.000000 3.000000 1.000000
0.333333 0.333333 1.000000 0.500000
0.682425 1.000000 2.000000 1.000000

Matrix 3338:
1.000000 0.111111 0.636033 1.434809
9.000000 1.000000 9.000009 6.000000
1.572245 0.111111 1.000000 0.786912
0.696957 0.166667 1.270790 1.000000

Matrix 3339:
1.000000 1.000000 1.000000 5.000000
1.000000 1.000000 0.475388 4.539507
1.000000 2.103543 1.000000 1.941721
0.200000 0.220288 0.515007 1.000000

Matrix 3340:
1.000000 0.504144 0.166667 0.219727
1.983558 1.000000 0.250000 0.200000
6.000000 4.000000 1.000000 0.439027
4.551103 5.000000 2.277762 1.000000

Matrix 3341:
1.000000 0.817662 0.526987 0.333333
1.223000 1.000000 2.000000 1.706327
1.897580 0.500000 1.000000 0.562582
3.000000 0.586054 1.777518 1.000000

Matrix 3342:
1.000000 0.170663 0.333333 0.632895
5.859490 1.000000 5.000000 9.000000
3.000000 0.200000 1.000000 2.000000
1.580042 0.111111 0.500000 1.000000

Matrix 3343:
1.000000 0.166667 1.000000 1.561910
6.000000 1.000000 9.000000 9.000000
1.000000 0.111111 1.000000 1.000000
0.640242 0.111111 1.000000 1.000000

Matrix 3344:
1.000000 0.250000 1.587098 0.623420
4.000000 1.000000 6.000000 2.000000
0.630081 0.166667 1.000000 0.500000
1.604055 0.500000 2.000000 1.000000

Matrix 3345:
1.000000 0.250000 0.333333 6.000000
4.000000 1.000000 0.650888 9.000000
3.000000 1.536362 1.000000 9.000000
0.166667 0.111111 0.111111 1.000000

Matrix 3346:
1.000000 1.000000 1.828657 0.142857
1.000000 1.000000 0.478401 0.111111
0.546849 2.090295 1.000000 0.125000
7.000000 9.000000 8.000000 1.000000

Matrix 3347:
1.000000 4.000000 1.000000 8.000000
0.250000 1.000000 0.333333 0.744704
1.000000 3.000000 1.000000 3.000000
0.125000 1.342815 0.333333 1.000000

Matrix 3348:
1.000000 0.619879 2.000000 4.000000
1.613219 1.000000 3.000000 7.000000
0.500000 0.333333 1.000000 4.000000
0.250000 0.142857 0.250000 1.000000

Matrix 3349:
1.000000 2.000000 1.000000 5.000000
0.500000 1.000000 0.624129 8.000000
1.000000 1.602233 1.000000 6.000000
0.200000 0.125000 0.166667 1.000000

Matrix 3350:
1.000000 0.200000 0.250000 4.000000
5.000000 1.000000 0.334015 6.000000
4.000000 2.993878 1.000000 8.369706
0.250000 0.166667 0.119479 1.000000

Matrix 3351:
1.000000 1.170958 0.333333 1.526216
0.854002 1.000000 0.418051 0.755938
3.000000 2.392050 1.000000 2.398695
0.655215 1.322860 0.416893 1.000000

Matrix 3352:
1.000000 5.555245 6.000000 1.000000
0.180010 1.000000 0.250000 0.142857
0.166667 4.000000 1.000000 0.250000
1.000000 7.000000 4.000000 1.000000

Matrix 3353:
1.000000 0.417824 1.618464 0.250000
2.393354 1.000000 3.000000 1.000000
0.617870 0.333333 1.000000 0.681278
4.000000 1.000000 1.467830 1.000000

Matrix 3354:
1.000000 0.986628 0.567576 0.942661
1.013553 1.000000 1.000000 2.555743
1.761880 1.000000 1.000000 1.955174
1.060827 0.391276 0.511463 1.000000

Matrix 3355:
1.000000 1.199322 1.293526 1.598704
0.833804 1.000000 1.250564 0.500000
0.773081 0.799639 1.000000 1.343671
0.625507 2.000000 0.744230 1.000000

Matrix 3356:
1.000000 0.112083 0.166667 0.250000
8.921977 1.000000 5.000000 6.000000
6.000000 0.200000 1.000000 1.000000
4.000000 0.166667 1.000000 1.000000

Matrix 3357:
1.000000 0.500000 0.166667 0.136531
2.000000 1.000000 0.142857 0.166667
6.000000 7.000000 1.000000 0.588671
7.324347 6.000000 1.698742 1.000000

Matrix 3358:
1.000000 6.000000 8.000000 8.984646
0.166667 1.000000 3.000000 7.000000
0.125000 0.333333 1.000000 1.000000
0.111301 0.142857 1.000000 1.000000

Matrix 3359:
1.000000 0.500000 1.000000 7.000000
2.000000 1.000000 0.608631 9.000000
1.000000 1.643032 1.000000 9.000000
0.142857 0.111111 0.111111 1.000000

Matrix 3360:
1.000000 0.630346 1.000000 0.852770
1.586430 1.000000 0.514511 0.280660
1.000000 1.943594 1.000000 0.549270
1.172649 3.563031 1.820597 1.000000

Matrix 3361:
1.000000 0.250000 1.000000 0.524044
4.000000 1.000000 3.000000 2.000000
1.000000 0.333333 1.000000 1.237810
1.908238 0.500000 0.807878 1.000000

Matrix 3362:
1.000000 1.645462 5.000000 7.000000
0.607732 1.000000 2.088565 8.000000
0.200000 0.478798 1.000000 5.000000
0.142857 0.125000 0.200000 1.000000

Matrix 3363:
1.000000 1.445204 0.200000 1.000000
0.691944 1.000000 0.473971 1.512547
5.000000 2.109834 1.000000 2.000000
1.000000 0.661136 0.500000 1.000000

Matrix 3364:
1.000000 9.000009 2.013826 0.638825
0.111111 1.000000 0.142857 0.166667
0.496567 7.000000 1.000000 0.584962
1.565374 6.000000 1.709511 1.000000

Matrix 3365:
1.000000 7.000007 5.000000 0.533749
0.142857 1.000000 0.565819 0.142857
0.200000 1.767350 1.000000 0.161220
1.873539 7.000000 6.202718 1.000000

Matrix 3366:
1.000000 4.000000 1.000000 0.250000
0.250000 1.000000 0.250000 0.115873
1.000000 4.000000 1.000000 0.200000
4.000000 8.630141 5.000000 1.000000

Matrix 3367:
1.000000 9.000009 8.000000 0.595342
0.111111 1.000000 1.671191 0.142857
0.125000 0.598376 1.000000 0.125000
1.679707 7.000000 8.000000 1.000000

Matrix 3368:
1.000000 8.000000 0.357064 2.000000
0.125000 1.000000 0.116582 0.333333
2.800620 8.577669 1.000000 3.000000
0.500000 3.000000 0.333333 1.000000

Matrix 3369:
1.000000 0.166667 0.166667 0.200000
6.000000 1.000000 0.333333 0.632538
6.000000 3.000000 1.000000 3.000000
5.000000 1.580932 0.333333 1.000000

Matrix 3370:
1.000000 0.200000 5.000000 0.166667
5.000000 1.000000 9.000000 1.527514
0.200000 0.111111 1.000000 0.125000
6.000000 0.654658 8.000000 1.000000

Matrix 3371:
1.000000 2.000000 2.000000 8.000000
0.500000 1.000000 1.054992 0.958744
0.500000 0.947874 1.000000 3.000000
0.125000 1.043031 0.333333 1.000000

Matrix 3372:
1.000000 2.000000 1.000000 2.650662
0.500000 1.000000 0.365252 5.000000
1.000000 2.737832 1.000000 5.000000
0.377264 0.200000 0.200000 1.000000

Matrix 3373:
1.000000 0.250000 0.200000 4.000000
4.000000 1.000000 1.916348 5.419180
5.000000 0.521826 1.000000 9.000000
0.250000 0.184530 0.111111 1.000000

Matrix 3374:
1.000000 6.032415 5.663687 2.093502
0.165771 1.000000 0.250000 0.142857
0.176563 4.000000 1.000000 1.000000
0.477669 7.000000 1.000000 1.000000

Matrix 3375:
1.000000 0.200000 0.250000 0.448682
5.000000 1.000000 4.000000 2.000000
4.000000 0.250000 1.000000 2.000000
2.228752 0.500000 0.500000 1.000000

Matrix 3376:
1.000000 0.166667 1.516714 0.142857
6.000000 1.000000 5.000000 1.000000
0.659320 0.200000 1.000000 0.111111
7.000000 1.000000 9.000000 1.000000

Matrix 3377:
1.000000 3.169160 1.000000 6.000000
0.315541 1.000000 0.796003 4.000000
1.000000 1.256277 1.000000 8.000000
0.166667 0.250000 0.125000 1.000000

Matrix 3378:
1.000000 2.000000 0.250000 0.333333
0.500000 1.000000 0.166667 0.142857
4.000000 6.000000 1.000000 1.506023
3.000000 7.000000 0.664001 1.000000

Matrix 3379:
1.000000 1.000000 0.125000 0.125000
1.000000 1.000000 0.250000 0.585570
8.000000 4.000000 1.000000 1.000000
8.000000 1.707739 1.000000 1.000000

Matrix 3380:
1.000000 3.000000 0.142857 0.125000
0.333333 1.000000 0.125000 0.200000
7.000000 8.000000 1.000000 0.688448
8.000000 5.000000 1.452542 1.000000

Matrix 3381:
1.000000 2.479558 1.208615 0.573210
0.403298 1.000000 1.000000 0.200000
0.827393 1.000000 1.000000 1.000000
1.744563 5.000000 1.000000 1.000000

Matrix 3382:
1.000000 1.472692 0.125000 0.595213
0.679029 1.000000 0.166667 0.500000
8.000000 6.000000 1.000000 4.000000
1.680071 2.000000 0.250000 1.000000

Matrix 3383:
1.000000 1.000000 0.250000 1.686948
1.000000 1.000000 0.142857 0.709776
4.000000 7.000000 1.000000 3.000000
0.592786 1.408895 0.333333 1.000000

Matrix 3384:
1.000000 0.200000 0.531938 0.125000
5.000000 1.000000 7.000000 0.424860
1.879920 0.142857 1.000000 0.125000
8.000000 2.353716 8.000000 1.000000

Matrix 3385:
1.000000 7.000000 4.000000 8.000000
0.142857 1.000000 1.000000 0.500000
0.250000 1.000000 1.000000 1.610615
0.125000 2.000000 0.620881 1.000000

Matrix 3386:
1.000000 0.142857 1.741277 0.200000
7.000000 1.000000 5.000000 0.606961
0.574291 0.200000 1.000000 0.333333
5.000000 1.647553 3.000000 1.000000

Matrix 3387:
1.000000 2.304642 3.000003 1.818618
0.433907 1.000000 1.494854 0.500000
0.333333 0.668961 1.000000 1.320558
0.549868 2.000000 0.757256 1.000000

Matrix 3388:
1.000000 0.947605 1.604710 3.000000
1.055292 1.000000 1.000000 0.824083
0.623166 1.000000 1.000000 3.000000
0.333333 1.213470 0.333333 1.000000

Matrix 3389:
1.000000 1.527891 0.500000 0.333333
0.654497 1.000000 0.250000 0.555658
2.000000 4.000000 1.000000 1.015931
3.000000 1.799667 0.984319 1.000000

Matrix 3390:
1.000000 3.000003 2.731088 0.250000
0.333333 1.000000 0.664986 0.250000
0.366154 1.503791 1.000000 0.125000
4.000000 4.000000 8.000000 1.000000

Matrix 3391:
1.000000 1.529834 0.166667 0.250000
0.653666 1.000000 0.200000 0.200000
6.000000 5.000000 1.000000 3.000000
4.000000 5.000000 0.333333 1.000000

Matrix 3392:
1.000000 0.333333 0.593600 1.000000
3.000000 1.000000 2.000000 7.000000
1.684636 0.500000 1.000000 1.000000
1.000000 0.142857 1.000000 1.000000

Matrix 3393:
1.000000 0.200000 0.660361 1.327616
5.000000 1.000000 6.000000 3.000000
1.514322 0.166667 1.000000 0.500000
0.753230 0.333333 2.000000 1.000000

Matrix 3394:
1.000000 1.000000 0.506785 1.000000
1.000000 1.000000 0.487898 1.000000
1.973224 2.049608 1.000000 0.500906
1.000000 1.000000 1.996383 1.000000

Matrix 3395:
1.000000 0.111111 0.250000 0.166667
9.000000 1.000000 8.000000 1.999989
4.000000 0.125000 1.000000 0.333333
6.000000 0.500003 3.000000 1.000000

Matrix 3396:
1.000000 1.375666 4.000000 0.501061
0.726920 1.000000 9.000000 1.000000
0.250000 0.111111 1.000000 0.166667
1.995763 1.000000 6.000000 1.000000

Matrix 3397:
1.000000 0.142857 0.250000 1.205737
7.000000 1.000000 0.616055 9.000000
4.000000 1.623232 1.000000 5.000000
0.829368 0.111111 0.200000 1.000000

Matrix 3398:
1.000000 0.166667 5.000000 0.623710
6.000000 1.000000 9.000000 6.000000
0.200000 0.111111 1.000000 0.200000
1.603310 0.166667 5.000000 1.000000

Matrix 3399:
1.000000 2.000000 5.172038 6.000000
0.500000 1.000000 4.000000 2.505876
0.193347 0.250000 1.000000 0.333333
0.166667 0.399062 3.000000 1.000000

Matrix 3400:
1.000000 0.125000 1.532709 0.166667
8.000000 1.000000 5.000000 1.631142
0.652440 0.200000 1.000000 0.142857
6.000000 0.613068 7.000000 1.000000

Matrix 3401:
1.000000 0.494921 4.000000 2.441087
2.020524 1.000000 4.000000 1.976094
0.250000 0.250000 1.000000 1.000000
0.409653 0.506049 1.000000 1.000000

Matrix 3402:
1.000000 0.333333 1.962169 8.000000
3.000000 1.000000 7.000000 6.772711
0.509640 0.142857 1.000000 3.000000
0.125000 0.147651 0.333333 1.000000

Matrix 3403:
1.000000 2.000000 0.647261 1.000000
0.500000 1.000000 1.000000 1.929910
1.544972 1.000000 1.000000 2.000000
1.000000 0.518159 0.500000 1.000000

Matrix 3404:
1.000000 0.250000 1.000000 0.166667
4.000000 1.000000 3.000000 1.602061
1.000000 0.333333 1.000000 0.142857
6.000000 0.624196 7.000000 1.000000

Matrix 3405:
1.000000 1.989454 0.166667 0.333333
0.502650 1.000000 0.111111 0.125000
6.000000 9.000000 1.000000 1.000000
3.000000 8.000000 1.000000 1.000000

Matrix 3406:
1.000000 0.125000 1.000000 1.732619
8.000000 1.000000 4.000000 6.000000
1.000000 0.250000 1.000000 4.000000
0.577161 0.166667 0.250000 1.000000

Matrix 3407:
1.000000 2.530087 0.554092 2.785755
0.395243 1.000000 0.333333 3.000000
1.804754 3.000000 1.000000 4.000000
0.358969 0.333333 0.250000 1.000000

Matrix 3408:
1.000000 0.643098 0.534617 1.438405
1.554972 1.000000 1.915378 0.857579
1.870497 0.522090 1.000000 1.653780
0.695215 1.166073 0.604675 1.000000

Matrix 3409:
1.000000 0.250000 0.125000 2.001060
4.000000 1.000000 0.592755 4.000000
8.000000 1.687037 1.000000 7.000000
0.499735 0.250000 0.142857 1.000000

Matrix 3410:
1.000000 0.250000 1.368245 0.509024
4.000000 1.000000 1.537425 3.000000
0.730863 0.650438 1.000000 1.000000
1.964545 0.333333 1.000000 1.000000

Matrix 3411:
1.000000 2.696227 9.000009 4.000000
0.370889 1.000000 2.798037 2.000000
0.111111 0.357393 1.000000 1.387567
0.250000 0.500000 0.720686 1.000000

Matrix 3412:
1.000000 1.172693 1.000000 2.096741
0.852738 1.000000 0.500000 0.456492
1.000000 2.000000 1.000000 0.575500
0.476931 2.190618 1.737621 1.000000

Matrix 3413:
1.000000 8.637430 4.000000 8.000000
0.115775 1.000000 0.125000 0.250000
0.250000 8.000000 1.000000 2.000000
0.125000 4.000000 0.500000 1.000000

Matrix 3414:
1.000000 2.330524 3.000003 2.235547
0.429088 1.000000 4.000000 4.000000
0.333333 0.250000 1.000000 1.386951
0.447318 0.250000 0.721006 1.000000

Matrix 3415:
1.000000 5.000000 4.000000 0.250000
0.200000 1.000000 0.250000 0.120355
0.250000 4.000000 1.000000 0.166667
4.000000 8.308757 6.000000 1.000000

Matrix 3416:
1.000000 0.333333 0.450488 5.000000
3.000000 1.000000 1.639534 6.000000
2.219814 0.609930 1.000000 8.000000
0.200000 0.166667 0.125000 1.000000

Matrix 3417:
1.000000 5.000000 9.000000 9.000000
0.200000 1.000000 0.744254 2.000000
0.111111 1.343627 1.000000 0.591224
0.111111 0.500000 1.691407 1.000000

Matrix 3418:
1.000000 0.200000 4.000000 0.142857
5.000000 1.000000 5.000000 0.679102
0.250000 0.200000 1.000000 0.113771
7.000000 1.472533 8.789607 1.000000

Matrix 3419:
1.000000 0.333333 0.132672 0.250000
3.000000 1.000000 0.500000 0.564499
7.537399 2.000000 1.000000 4.000000
4.000000 1.771484 0.250000 1.000000

Matrix 3420:
1.000000 1.000000 7.000000 1.620355
1.000000 1.000000 5.000000 1.000000
0.142857 0.200000 1.000000 0.166667
0.617149 1.000000 6.000000 1.000000

Matrix 3421:
1.000000 0.166667 0.250000 0.250000
6.000000 1.000000 1.000000 0.747923
4.000000 1.000000 1.000000 1.000000
4.000000 1.337037 1.000000 1.000000

Matrix 3422:
1.000000 1.000000 0.166667 0.638408
1.000000 1.000000 0.166667 1.503099
6.000000 6.000000 1.000000 8.000000
1.566397 0.665292 0.125000 1.000000

Matrix 3423:
1.000000 0.591224 2.000000 0.180365
1.691405 1.000000 1.000000 0.125000
0.500000 1.000000 1.000000 0.111111
5.544303 8.000000 9.000000 1.000000

Matrix 3424:
1.000000 0.633164 1.000000 2.000000
1.579370 1.000000 1.000000 2.000000
1.000000 1.000000 1.000000 4.000000
0.500000 0.500000 0.250000 1.000000

Matrix 3425:
1.000000 2.000000 1.792972 2.204484
0.500000 1.000000 3.000003 1.653615
0.557733 0.333333 1.000000 0.472535
0.453621 0.604736 2.116244 1.000000

Matrix 3426:
1.000000 5.999988 1.688456 1.000000
0.166667 1.000000 0.500000 0.333333
0.592257 2.000000 1.000000 1.656318
1.000000 3.000000 0.603749 1.000000

Matrix 3427:
1.000000 0.615194 0.250000 1.988385
1.625505 1.000000 0.125000 3.000000
4.000000 8.000000 1.000000 8.000000
0.502921 0.333333 0.125000 1.000000

Matrix 3428:
1.000000 0.166667 0.333333 0.333333
6.000000 1.000000 0.599891 1.000000
3.000000 1.666968 1.000000 0.652038
3.000000 1.000000 1.533653 1.000000

Matrix 3429:
1.000000 1.848138 0.250000 0.250000
0.541085 1.000000 0.576288 0.250000
4.000000 1.735243 1.000000 1.000000
4.000000 4.000000 1.000000 1.000000

Matrix 3430:
1.000000 0.564875 1.619046 6.000000
1.770303 1.000000 1.000000 8.000000
0.617648 1.000000 1.000000 5.000000
0.166667 0.125000 0.200000 1.000000

Matrix 3431:
1.000000 0.926281 2.000000 2.000000
1.079586 1.000000 3.000000 1.274212
0.500000 0.333333 1.000000 2.093712
0.500000 0.784799 0.477621 1.000000

Matrix 3432:
1.000000 0.594831 0.333333 0.308418
1.681150 1.000000 0.200000 0.200000
3.000000 5.000000 1.000000 1.718823
3.242349 5.000000 0.581794 1.000000

Matrix 3433:
1.000000 1.661854 3.000000 1.000000
0.601737 1.000000 5.000000 3.000000
0.333333 0.200000 1.000000 0.333333
1.000000 0.333333 3.000000 1.000000

Matrix 3434:
1.000000 0.333333 0.665901 0.250000
3.000000 1.000000 3.000000 1.000000
1.501724 0.333333 1.000000 0.200000
4.000000 1.000000 5.000000 1.000000

Matrix 3435:
1.000000 0.575277 0.476611 0.763219
1.738293 1.000000 0.500000 0.333333
2.098148 2.000000 1.000000 0.738828
1.310240 3.000000 1.353496 1.000000

Matrix 3436:
1.000000 0.166667 1.397953 0.628676
6.000000 1.000000 7.000007 4.000000
0.715332 0.142857 1.000000 2.000000
1.590644 0.250000 0.500000 1.000000

Matrix 3437:
1.000000 5.000000 3.000000 4.000000
0.200000 1.000000 0.638208 1.000000
0.333333 1.566888 1.000000 0.500000
0.250000 1.000000 2.000000 1.000000

Matrix 3438:
1.000000 1.000000 3.000000 4.000000
1.000000 1.000000 8.000000 4.000000
0.333333 0.125000 1.000000 0.661028
0.250000 0.250000 1.512796 1.000000

Matrix 3439:
1.000000 1.844217 0.333333 0.333333
0.542235 1.000000 0.852557 0.364071
3.000000 1.172942 1.000000 1.000000
3.000000 2.746717 1.000000 1.000000

Matrix 3440:
1.000000 9.000000 1.000000 2.000000
0.111111 1.000000 0.200000 0.142857
1.000000 5.000000 1.000000 0.620980
0.500000 7.000000 1.610359 1.000000

Matrix 3441:
1.000000 5.000000 0.500000 1.657990
0.200000 1.000000 0.333333 0.250000
2.000000 3.000000 1.000000 1.000000
0.603140 4.000000 1.000000 1.000000

Matrix 3442:
1.000000 2.000000 1.356583 4.000000
0.500000 1.000000 2.528129 2.098762
0.737146 0.395549 1.000000 1.000000
0.250000 0.476471 1.000000 1.000000

Matrix 3443:
1.000000 7.000007 1.838211 0.721597
0.142857 1.000000 0.333333 0.333333
0.544007 3.000000 1.000000 1.524972
1.385815 3.000000 0.655750 1.000000

Matrix 3444:
1.000000 0.500000 0.500000 0.200000
2.000000 1.000000 0.537833 0.142857
2.000000 1.859315 1.000000 0.500000
5.000000 7.000000 2.000000 1.000000

Matrix 3445:
1.000000 0.111111 2.345364 0.125000
9.000000 1.000000 8.000000 0.574422
0.426373 0.125000 1.000000 0.166667
8.000000 1.740880 6.000000 1.000000

Matrix 3446:
1.000000 0.802150 1.000000 1.836879
1.246649 1.000000 1.403615 5.000000
1.000000 0.712446 1.000000 0.921171
0.544402 0.200000 1.085575 1.000000

Matrix 3447:
1.000000 0.200000 0.250000 0.642484
5.000000 1.000000 1.000000 2.000000
4.000000 1.000000 1.000000 5.000000
1.556460 0.500000 0.200000 1.000000

Matrix 3448:
1.000000 0.125000 1.000000 0.166667
8.000000 1.000000 8.000000 1.607830
1.000000 0.125000 1.000000 0.111111
6.000000 0.621956 9.000000 1.000000

Matrix 3449:
1.000000 0.830199 1.732137 1.000000
1.204531 1.000000 1.000000 0.250000
0.577322 1.000000 1.000000 0.250000
1.000000 4.000000 4.000000 1.000000

Matrix 3450:
1.000000 8.000000 0.545373 9.000000
0.125000 1.000000 0.200000 1.654207
1.833606 5.000000 1.000000 8.000000
0.111111 0.604519 0.125000 1.000000

Matrix 3451:
1.000000 1.000000 0.142857 1.770532
1.000000 1.000000 0.142857 0.497041
7.000000 7.000000 1.000000 6.000000
0.564802 2.011907 0.166667 1.000000

Matrix 3452:
1.000000 1.352497 0.548170 1.000000
0.739373 1.000000 1.000000 1.960181
1.824251 1.000000 1.000000 1.437755
1.000000 0.510157 0.695529 1.000000

Matrix 3453:
1.000000 0.111111 0.333333 0.125000
9.000000 1.000000 1.698521 0.577083
3.000000 0.588747 1.000000 1.096756
8.000000 1.732853 0.911780 1.000000

Matrix 3454:
1.000000 1.559975 0.500000 8.000000
0.641036 1.000000 0.333333 6.000000
2.000000 3.000000 1.000000 9.000000
0.125000 0.166667 0.111111 1.000000

Matrix 3455:
1.000000 4.000000 7.000000 1.000000
0.250000 1.000000 1.000000 0.500993
0.142857 1.000000 1.000000 0.142857
1.000000 1.996034 7.000000 1.000000

Matrix 3456:
1.000000 0.624469 0.250000 0.500000
1.601360 1.000000 0.125000 1.000000
4.000000 8.000000 1.000000 8.000000
2.000000 1.000000 0.125000 1.000000

Matrix 3457:
1.000000 0.601969 0.586604 0.720596
1.661214 1.000000 1.849961 0.333153
1.704728 0.540552 1.000000 0.457341
1.387740 3.001625 2.186550 1.000000

Matrix 3458:
1.000000 2.000000 0.166667 0.125000
0.500000 1.000000 0.125000 0.111111
6.000000 8.000000 1.000000 0.623132
8.000000 9.000000 1.604797 1.000000

Matrix 3459:
1.000000 7.000007 1.774648 0.738789
0.142857 1.000000 0.333333 0.250000
0.563492 3.000000 1.000000 0.500000
1.353566 4.000000 2.000000 1.000000

Matrix 3460:
1.000000 3.000000 0.500000 1.563941
0.333333 1.000000 0.125000 0.111111
2.000000 8.000000 1.000000 2.000000
0.639410 9.000000 0.500000 1.000000

Matrix 3461:
1.000000 0.500000 1.645749 1.000000
2.000000 1.000000 1.000000 0.806812
0.607626 1.000000 1.000000 1.000000
1.000000 1.239446 1.000000 1.000000

Matrix 3462:
1.000000 0.385931 1.552863 6.000000
2.591133 1.000000 3.000003 5.538263
0.643972 0.333333 1.000000 4.000000
0.166667 0.180562 0.250000 1.000000

Matrix 3463:
1.000000 0.219929 0.500000 0.142857
4.546915 1.000000 6.000000 2.000000
2.000000 0.166667 1.000000 0.200000
7.000000 0.500000 5.000000 1.000000

Matrix 3464:
1.000000 1.391546 0.145230 0.536857
0.718625 1.000000 0.333333 1.000000
6.885639 3.000000 1.000000 6.000000
1.862694 1.000000 0.166667 1.000000

Matrix 3465:
1.000000 0.333333 2.000000 6.000000
3.000000 1.000000 3.000000 9.000000
0.500000 0.333333 1.000000 0.998060
0.166667 0.111111 1.001943 1.000000

Matrix 3466:
1.000000 1.230271 0.616246 0.399519
0.812829 1.000000 1.205218 0.342603
1.622729 0.829725 1.000000 1.000000
2.503011 2.918830 1.000000 1.000000

Matrix 3467:
1.000000 0.548411 2.000000 3.000000
1.823449 1.000000 2.064100 3.653082
0.500000 0.484473 1.000000 5.000000
0.333333 0.273741 0.200000 1.000000

Matrix 3468:
1.000000 6.000000 2.000000 1.514973
0.166667 1.000000 0.333333 0.111111
0.500000 3.000000 1.000000 0.166667
0.660078 9.000000 6.000000 1.000000

Matrix 3469:
1.000000 1.000000 0.331553 0.333333
1.000000 1.000000 1.139076 0.712104
3.016109 0.877905 1.000000 2.072094
3.000000 1.404290 0.482603 1.000000

Matrix 3470:
1.000000 6.000000 2.000000 3.000000
0.166667 1.000000 0.166667 0.505307
0.500000 6.000000 1.000000 3.000000
0.333333 1.978995 0.333333 1.000000

Matrix 3471:
1.000000 4.969341 1.000000 3.000000
0.201234 1.000000 0.111111 0.886995
1.000000 9.000000 1.000000 9.000000
0.333333 1.127402 0.111111 1.000000

Matrix 3472:
1.000000 8.000000 5.000000 8.000000
0.125000 1.000000 0.782394 1.000000
0.200000 1.278129 1.000000 0.515614
0.125000 1.000000 1.939436 1.000000

Matrix 3473:
1.000000 6.000000 0.500000 7.000000
0.166667 1.000000 0.200000 1.650615
2.000000 5.000000 1.000000 8.256714
0.142857 0.605835 0.121114 1.000000

Matrix 3474:
1.000000 6.660329 1.000000 0.579019
0.150143 1.000000 0.142857 0.166667
1.000000 7.000000 1.000000 1.606861
1.727059 6.000000 0.622332 1.000000

Matrix 3475:
1.000000 1.000000 1.230587 1.022738
1.000000 1.000000 0.500000 1.729461
0.812620 2.000000 1.000000 4.000000
0.977767 0.578215 0.250000 1.000000

Matrix 3476:
1.000000 0.333333 0.126175 0.250000
3.000000 1.000000 0.200000 2.000000
7.925473 5.000000 1.000000 8.000000
4.000000 0.500000 0.125000 1.000000

Matrix 3477:
1.000000 9.000000 1.641964 9.000000
0.111111 1.000000 0.125000 1.000000
0.609027 8.000000 1.000000 8.000000
0.111111 1.000000 0.125000 1.000000

Matrix 3478:
1.000000 0.333333 0.118188 0.251523
3.000000 1.000000 0.200000 1.731623
8.461107 5.000000 1.000000 5.000000
3.975777 0.577493 0.200000 1.000000

Matrix 3479:
1.000000 0.200000 0.500000 1.669078
5.000000 1.000000 1.878933 4.000000
2.000000 0.532217 1.000000 3.000000
0.599133 0.250000 0.333333 1.000000

Matrix 3480:
1.000000 0.919811 4.000000 0.500000
1.087180 1.000000 8.000000 1.908136
0.250000 0.125000 1.000000 0.166667
2.000000 0.524072 6.000000 1.000000

Matrix 3481:
1.000000 0.200000 0.111111 0.142857
5.000000 1.000000 0.142857 0.250000
9.000000 7.000000 1.000000 0.749591
7.000000 4.000000 1.334061 1.000000

Matrix 3482:
1.000000 0.564355 0.950086 2.000000
1.771936 1.000000 2.000000 4.000000
1.052536 0.500000 1.000000 0.511180
0.500000 0.250000 1.956259 1.000000

Matrix 3483:
1.000000 0.489830 0.166667 3.000000
2.041525 1.000000 1.000000 4.453233
6.000000 1.000000 1.000000 9.000000
0.333333 0.224556 0.111111 1.000000

Matrix 3484:
1.000000 0.672229 2.000000 1.348746
1.487589 1.000000 1.000000 1.000000
0.500000 1.000000 1.000000 0.582905
0.741430 1.000000 1.715544 1.000000

Matrix 3485:
1.000000 0.166667 0.111111 0.250000
6.000000 1.000000 1.345414 6.000000
9.000000 0.743266 1.000000 6.000000
4.000000 0.166667 0.166667 1.000000

Matrix 3486:
1.000000 0.200000 3.000000 3.000000
5.000000 1.000000 8.862619 6.000000
0.333333 0.112833 1.000000 0.333333
0.333333 0.166667 3.000000 1.000000

Matrix 3487:
1.000000 7.936412 3.000000 7.000000
0.126002 1.000000 0.111111 0.200000
0.333333 9.000000 1.000000 2.000000
0.142857 5.000000 0.500000 1.000000

Matrix 3488:
1.000000 1.823493 1.000000 2.871722
0.548398 1.000000 1.210947 1.087849
1.000000 0.825800 1.000000 4.000000
0.348223 0.919245 0.250000 1.000000

Matrix 3489:
1.000000 1.000000 0.111111 1.431744
1.000000 1.000000 0.111111 1.000000
9.000000 9.000000 1.000000 8.000000
0.698449 1.000000 0.125000 1.000000

Matrix 3490:
1.000000 0.500000 1.534502 1.040586
2.000000 1.000000 1.556172 2.401732
0.651677 0.642603 1.000000 0.563833
0.960997 0.416366 1.773576 1.000000

Matrix 3491:
1.000000 1.000000 5.662827 1.373049
1.000000 1.000000 5.074248 0.398501
0.176590 0.197074 1.000000 0.125000
0.728306 2.509407 8.000000 1.000000

Matrix 3492:
1.000000 2.642843 2.157507 8.885974
0.378380 1.000000 0.336630 6.000000
0.463498 2.970622 1.000000 5.629122
0.112537 0.166667 0.177648 1.000000

Matrix 3493:
1.000000 0.142857 0.111111 0.200000
7.000000 1.000000 1.000000 0.675486
9.000000 1.000000 1.000000 1.000000
5.000000 1.480415 1.000000 1.000000

Matrix 3494:
1.000000 9.000000 3.000000 5.000000
0.111111 1.000000 0.200000 1.216269
0.333333 5.000000 1.000000 2.000000
0.200000 0.822187 0.500000 1.000000

Matrix 3495:
1.000000 1.396095 0.498625 0.200000
0.716284 1.000000 1.000000 0.250000
2.005514 1.000000 1.000000 0.500000
5.000000 4.000000 2.000000 1.000000

Matrix 3496:
1.000000 0.511793 3.000003 1.862025
1.953916 1.000000 9.000009 1.711408
0.333333 0.111111 1.000000 0.166667
0.537050 0.584314 6.000000 1.000000

Matrix 3497:
1.000000 1.328151 7.000000 0.552615
0.752926 1.000000 6.000000 2.000000
0.142857 0.166667 1.000000 0.250000
1.809577 0.500000 4.000000 1.000000

Matrix 3498:
1.000000 5.999988 1.737901 0.740228
0.166667 1.000000 0.333333 0.200000
0.575407 3.000000 1.000000 1.000000
1.350936 5.000000 1.000000 1.000000

Matrix 3499:
1.000000 3.000000 1.901935 0.500000
0.333333 1.000000 0.584836 0.200000
0.525780 1.709882 1.000000 0.200000
2.000000 5.000000 5.000000 1.000000

Matrix 3500:
1.000000 0.333333 0.166667 0.500000
3.000000 1.000000 0.166667 0.624115
6.000000 6.000000 1.000000 5.000000
2.000000 1.602270 0.200000 1.000000

Matrix 3501:
1.000000 5.000000 9.000000 8.000000
0.200000 1.000000 7.000000 1.677511
0.111111 0.142857 1.000000 0.250000
0.125000 0.596121 4.000000 1.000000

Matrix 3502:
1.000000 1.564144 0.688873 0.500000
0.639327 1.000000 2.000000 0.500000
1.451647 0.500000 1.000000 0.604011
2.000000 2.000000 1.655598 1.000000

Matrix 3503:
1.000000 0.200000 0.166667 3.000000
5.000000 1.000000 0.747608 7.000000
6.000000 1.337599 1.000000 8.000000
0.333333 0.142857 0.125000 1.000000

Matrix 3504:
1.000000 7.000000 0.500000 0.333333
0.142857 1.000000 0.111111 0.111111
2.000000 9.000000 1.000000 0.610549
3.000000 9.000000 1.637871 1.000000

Matrix 3505:
1.000000 1.572227 7.000000 4.000000
0.636040 1.000000 3.000000 5.000000
0.142857 0.333333 1.000000 1.000000
0.250000 0.200000 1.000000 1.000000

Matrix 3506:
1.000000 2.222863 5.000000 1.000000
0.449870 1.000000 1.000000 1.461839
0.200000 1.000000 1.000000 0.500000
1.000000 0.684070 2.000000 1.000000

Matrix 3507:
1.000000 1.000000 0.695942 1.000000
1.000000 1.000000 3.000000 1.000000
1.436902 0.333333 1.000000 0.500000
1.000000 1.000000 2.000000 1.000000

Matrix 3508:
1.000000 0.797948 2.000000 0.250000
1.253215 1.000000 0.654247 0.142857
0.500000 1.528474 1.000000 0.125000
4.000000 7.000000 8.000000 1.000000

Matrix 3509:
1.000000 1.000000 0.200000 0.111111
1.000000 1.000000 0.404158 0.200000
5.000000 2.474283 1.000000 1.585131
9.000000 5.000000 0.630863 1.000000

Matrix 3510:
1.000000 0.333333 0.111111 0.166667
3.000000 1.000000 1.233681 0.614084
9.000000 0.810583 1.000000 0.783268
6.000000 1.628441 1.276702 1.000000

Matrix 3511:
1.000000 0.549501 7.000000 4.000000
1.819832 1.000000 6.000000 2.363725
0.142857 0.166667 1.000000 0.881552
0.250000 0.423061 1.134363 1.000000

Matrix 3512:
1.000000 0.142857 0.614149 0.166667
7.000000 1.000000 5.999988 0.695842
1.628269 0.166667 1.000000 0.142857
6.000000 1.437109 7.000000 1.000000

Matrix 3513:
1.000000 0.200000 4.000000 0.166667
5.000000 1.000000 9.000000 1.000000
0.250000 0.111111 1.000000 0.113802
6.000000 1.000000 8.787212 1.000000

Matrix 3514:
1.000000 1.000000 0.832204 0.250000
1.000000 1.000000 1.825476 0.288848
1.201629 0.547802 1.000000 0.111111
4.000000 3.462030 9.000000 1.000000

Matrix 3515:
1.000000 1.645812 0.200000 0.500000
0.607603 1.000000 0.166667 1.000000
5.000000 6.000000 1.000000 6.000000
2.000000 1.000000 0.166667 1.000000

Matrix 3516:
1.000000 0.500000 1.033123 1.000000
2.000000 1.000000 0.627711 2.405169
0.967939 1.593090 1.000000 1.461752
1.000000 0.415771 0.684111 1.000000

Matrix 3517:
1.000000 1.637385 0.125000 0.142857
0.610730 1.000000 0.142857 0.111111
8.000000 7.000000 1.000000 0.500000
7.000000 9.000000 2.000000 1.000000

Matrix 3518:
1.000000 1.000000 1.000000 0.500000
1.000000 1.000000 3.000000 2.000000
1.000000 0.333333 1.000000 0.571953
2.000000 0.500000 1.748395 1.000000

Matrix 3519:
1.000000 0.325707 0.250000 0.250000
3.070245 1.000000 0.592564 0.500000
4.000000 1.687582 1.000000 0.333333
4.000000 2.000000 3.000000 1.000000

Matrix 3520:
1.000000 5.000000 1.681888 0.611048
0.200000 1.000000 0.142857 0.333333
0.594570 7.000000 1.000000 0.712505
1.636533 3.000000 1.403498 1.000000

Matrix 3521:
1.000000 4.000000 1.101238 2.000000
0.250000 1.000000 1.249717 0.570231
0.908069 0.800181 1.000000 0.555608
0.500000 1.753674 1.799831 1.000000

Matrix 3522:
1.000000 8.000000 2.710906 0.636299
0.125000 1.000000 0.573493 0.188445
0.368880 1.743701 1.000000 0.500000
1.571589 5.306596 2.000000 1.000000

Matrix 3523:
1.000000 1.784332 0.333333 0.200000
0.560434 1.000000 0.663105 0.333333
3.000000 1.508056 1.000000 0.452460
5.000000 3.000000 2.210140 1.000000

Matrix 3524:
1.000000 6.000000 0.684553 1.572367
0.166667 1.000000 0.250000 0.125000
1.460808 4.000000 1.000000 2.000000
0.635984 8.000000 0.500000 1.000000

Matrix 3525:
1.000000 5.000000 1.775632 2.997071
0.200000 1.000000 0.563260 1.856156
0.563180 1.775380 1.000000 1.000000
0.333659 0.538748 1.000000 1.000000

Matrix 3526:
1.000000 2.000000 2.000000 0.950506
0.500000 1.000000 1.000000 1.691034
0.500000 1.000000 1.000000 1.735109
1.052072 0.591354 0.576333 1.000000

Matrix 3527:
1.000000 1.515481 1.000000 1.000000
0.659857 1.000000 2.000000 1.000000
1.000000 0.500000 1.000000 2.000000
1.000000 1.000000 0.500000 1.000000

Matrix 3528:
1.000000 0.200000 0.200000 0.142857
5.000000 1.000000 0.627265 0.200000
5.000000 1.594222 1.000000 0.333333
7.000000 5.000000 3.000000 1.000000

Matrix 3529:
1.000000 0.500000 0.627865 9.000000
2.000000 1.000000 1.632392 5.000000
1.592699 0.612598 1.000000 8.000000
0.111111 0.200000 0.125000 1.000000

Matrix 3530:
1.000000 1.251645 0.408159 0.941515
0.798948 1.000000 1.000000 2.000000
2.450028 1.000000 1.000000 4.000000
1.062118 0.500000 0.250000 1.000000

Matrix 3531:
1.000000 1.192276 1.000000 1.185291
0.838732 1.000000 0.500000 1.000000
1.000000 2.000000 1.000000 0.459140
0.843675 1.000000 2.177983 1.000000

Matrix 3532:
1.000000 1.000000 2.493231 1.483088
1.000000 1.000000 2.000000 0.941320
0.401086 0.500000 1.000000 1.000000
0.674269 1.062338 1.000000 1.000000

Matrix 3533:
1.000000 0.200000 1.603258 1.000000
5.000000 1.000000 9.000000 5.000000
0.623730 0.111111 1.000000 1.750889
1.000000 0.200000 0.571138 1.000000

Matrix 3534:
1.000000 9.000000 1.000000 7.000000
0.111111 1.000000 0.333333 0.609548
1.000000 3.000000 1.000000 6.000000
0.142857 1.640561 0.166667 1.000000

Matrix 3535:
1.000000 1.921633 1.000000 0.111111
0.520391 1.000000 1.563278 0.200000
1.000000 0.639682 1.000000 0.142857
9.000000 5.000000 7.000000 1.000000

Matrix 3536:
1.000000 2.321273 1.620023 0.500000
0.430798 1.000000 2.034548 0.598662
0.617275 0.491510 1.000000 0.200000
2.000000 1.670392 5.000000 1.000000

Matrix 3537:
1.000000 1.000000 0.543905 1.000000
1.000000 1.000000 0.250000 0.533433
1.838557 4.000000 1.000000 1.491377
1.000000 1.874650 0.670521 1.000000

Matrix 3538:
1.000000 0.496866 0.500000 1.000000
2.012616 1.000000 1.000000 2.000000
2.000000 1.000000 1.000000 6.000000
1.000000 0.500000 0.166667 1.000000

Matrix 3539:
1.000000 0.616528 7.000000 5.000000
1.621988 1.000000 6.000000 9.000000
0.142857 0.166667 1.000000 1.674305
0.200000 0.111111 0.597263 1.000000

Matrix 3540:
1.000000 8.000000 0.674237 1.364344
0.125000 1.000000 0.333333 0.116339
1.483157 3.000000 1.000000 1.000000
0.732953 8.595604 1.000000 1.000000

Matrix 3541:
1.000000 9.000000 1.601090 9.000000
0.111111 1.000000 0.142857 3.000000
0.624575 7.000000 1.000000 5.000000
0.111111 0.333333 0.200000 1.000000

Matrix 3542:
1.000000 9.000009 7.000007 1.013236
0.111111 1.000000 1.812910 0.333333
0.142857 0.551599 1.000000 0.250000
0.986937 3.000000 4.000000 1.000000

Matrix 3543:
1.000000 2.000000 0.333333 2.302612
0.500000 1.000000 0.142857 0.507485
3.000000 7.000000 1.000000 5.000000
0.434289 1.970501 0.200000 1.000000

Matrix 3544:
1.000000 0.125000 1.771059 0.200000
8.000000 1.000000 4.000000 1.741122
0.564634 0.250000 1.000000 0.142857
5.000000 0.574342 7.000000 1.000000

Matrix 3545:
1.000000 1.000000 0.550564 1.597002
1.000000 1.000000 1.000000 0.724191
1.816318 1.000000 1.000000 2.000000
0.626173 1.380851 0.500000 1.000000

Matrix 3546:
1.000000 0.166667 0.135832 0.125000
6.000000 1.000000 0.500000 0.546097
7.362034 2.000000 1.000000 3.000000
8.000000 1.831176 0.333333 1.000000

Matrix 3547:
1.000000 0.250000 0.154078 0.111111
4.000000 1.000000 0.200000 0.200000
6.490202 5.000000 1.000000 2.000000
9.000000 5.000000 0.500000 1.000000

Matrix 3548:
1.000000 1.513068 0.561258 0.211780
0.660909 1.000000 1.225988 0.250000
1.781712 0.815669 1.000000 0.500000
4.721887 4.000000 2.000000 1.000000

Matrix 3549:
1.000000 0.500000 0.122860 0.250000
2.000000 1.000000 0.111111 0.250000
8.139328 9.000000 1.000000 6.000000
4.000000 4.000000 0.166667 1.000000

Matrix 3550:
1.000000 0.661903 0.500000 0.166667
1.510795 1.000000 0.250000 0.166667
2.000000 4.000000 1.000000 0.250000
6.000000 6.000000 4.000000 1.000000

Matrix 3551:
1.000000 8.000000 9.000000 9.000000
0.125000 1.000000 4.000000 3.000000
0.111111 0.250000 1.000000 0.618585
0.111111 0.333333 1.616594 1.000000

Matrix 3552:
1.000000 0.200000 0.166667 0.333333
5.000000 1.000000 0.661465 3.000000
6.000000 1.511796 1.000000 1.000000
3.000000 0.333333 1.000000 1.000000

Matrix 3553:
1.000000 0.333333 0.500000 4.000000
3.000000 1.000000 1.567945 4.000000
2.000000 0.637777 1.000000 7.000000
0.250000 0.250000 0.142857 1.000000

Matrix 3554:
1.000000 0.402690 1.685560 2.000000
2.483301 1.000000 8.000000 7.806842
0.593275 0.125000 1.000000 4.000000
0.500000 0.128093 0.250000 1.000000

Matrix 3555:
1.000000 0.699153 0.200000 0.250000
1.430302 1.000000 0.111111 0.500000
5.000000 9.000000 1.000000 6.000000
4.000000 2.000000 0.166667 1.000000

Matrix 3556:
1.000000 0.886793 0.333333 2.353186
1.127659 1.000000 1.719628 6.000000
3.000000 0.581521 1.000000 4.000000
0.424956 0.166667 0.250000 1.000000

Matrix 3557:
1.000000 1.747663 1.823057 8.000000
0.572193 1.000000 3.446332 5.960943
0.548529 0.290164 1.000000 1.000000
0.125000 0.167759 1.000000 1.000000

Matrix 3558:
1.000000 3.000003 4.000000 1.825226
0.333333 1.000000 0.584609 0.250000
0.250000 1.710544 1.000000 0.354490
0.547877 4.000000 2.820951 1.000000

Matrix 3559:
1.000000 0.634491 8.000000 0.771547
1.576066 1.000000 3.000003 0.500000
0.125000 0.333333 1.000000 0.125000
1.296098 2.000000 8.000000 1.000000

Matrix 3560:
1.000000 1.504013 0.642434 0.111111
0.664888 1.000000 0.500000 0.141707
1.556581 2.000000 1.000000 0.142857
9.000000 7.056819 7.000000 1.000000

Matrix 3561:
1.000000 1.392810 0.499221 1.000000
0.717973 1.000000 0.500000 1.418562
2.003121 2.000000 1.000000 1.000000
1.000000 0.704939 1.000000 1.000000

Matrix 3562:
1.000000 0.142857 0.111111 0.433120
7.000000 1.000000 4.000000 4.000000
9.000000 0.250000 1.000000 3.000000
2.308829 0.250000 0.333333 1.000000

Matrix 3563:
1.000000 0.142857 0.166667 3.324619
7.000000 1.000000 0.500000 7.000000
6.000000 2.000000 1.000000 7.893012
0.300786 0.142857 0.126694 1.000000

Matrix 3564:
1.000000 7.000000 0.599917 1.000000
0.142857 1.000000 0.333333 0.111111
1.666897 3.000000 1.000000 0.510569
1.000000 9.000000 1.958598 1.000000

Matrix 3565:
1.000000 1.000000 1.000000 0.142857
1.000000 1.000000 0.624044 0.250000
1.000000 1.602450 1.000000 0.111111
7.000000 4.000000 9.000000 1.000000

Matrix 3566:
1.000000 0.691786 7.000000 8.000000
1.445533 1.000000 8.000000 7.000000
0.142857 0.125000 1.000000 1.440597
0.125000 0.142857 0.694157 1.000000

Matrix 3567:
1.000000 1.000000 2.000000 0.607211
1.000000 1.000000 9.000000 1.000000
0.500000 0.111111 1.000000 0.333333
1.646874 1.000000 3.000000 1.000000

Matrix 3568:
1.000000 6.000000 1.000000 1.436514
0.166667 1.000000 0.111111 0.166667
1.000000 9.000000 1.000000 0.500000
0.696130 6.000000 2.000000 1.000000

Matrix 3569:
1.000000 4.000000 4.000000 7.000000
0.250000 1.000000 0.740420 5.000000
0.250000 1.350584 1.000000 4.000000
0.142857 0.200000 0.250000 1.000000

Matrix 3570:
1.000000 0.333333 1.000000 4.000000
3.000000 1.000000 1.164900 8.000000
1.000000 0.858443 1.000000 1.814969
0.250000 0.125000 0.550974 1.000000

Matrix 3571:
1.000000 0.111111 0.111111 1.543211
9.000000 1.000000 1.629241 4.080752
9.000000 0.613783 1.000000 7.000000
0.647999 0.245053 0.142857 1.000000

Matrix 3572:
1.000000 0.500000 0.333333 0.125000
2.000000 1.000000 0.500000 0.953418
3.000000 2.000000 1.000000 0.456464
8.000000 1.048858 2.190752 1.000000

Matrix 3573:
1.000000 1.750885 0.536009 5.000000
0.571140 1.000000 0.250000 5.000000
1.865641 4.000000 1.000000 5.000000
0.200000 0.200000 0.200000 1.000000

Matrix 3574:
1.000000 7.000007 1.254504 1.288250
0.142857 1.000000 0.200000 0.500000
0.797128 5.000000 1.000000 2.716497
0.776247 2.000000 0.368121 1.000000

Matrix 3575:
1.000000 1.000000 0.500000 3.000000
1.000000 1.000000 0.534863 1.680961
2.000000 1.869638 1.000000 6.556406
0.333333 0.594898 0.152523 1.000000

Matrix 3576:
1.000000 2.436241 0.592278 1.641274
0.410468 1.000000 0.597422 2.000000
1.688396 1.673858 1.000000 1.905946
0.609283 0.500000 0.524674 1.000000

Matrix 3577:
1.000000 0.125000 0.166667 0.200000
8.000000 1.000000 0.497251 0.500000
6.000000 2.011056 1.000000 0.639580
5.000000 2.000000 1.563526 1.000000

Matrix 3578:
1.000000 0.142857 0.575217 0.200000
7.000000 1.000000 6.000000 0.599711
1.738475 0.166667 1.000000 0.125000
5.000000 1.667470 8.000000 1.000000

Matrix 3579:
1.000000 0.166667 0.166667 0.200000
6.000000 1.000000 0.685054 2.000000
6.000000 1.459738 1.000000 1.000000
5.000000 0.500000 1.000000 1.000000

Matrix 3580:
1.000000 0.500000 0.812607 6.000000
2.000000 1.000000 0.989242 7.000000
1.230608 1.010875 1.000000 3.348341
0.166667 0.142857 0.298655 1.000000

Matrix 3581:
1.000000 2.000000 5.000000 0.301387
0.500000 1.000000 0.957209 0.153420
0.200000 1.044704 1.000000 0.125000
3.317990 6.518052 8.000000 1.000000

Matrix 3582:
1.000000 1.883996 1.791658 0.590985
0.530787 1.000000 1.000000 1.056202
0.558142 1.000000 1.000000 0.309092
1.692091 0.946789 3.235282 1.000000

Matrix 3583:
1.000000 0.333333 1.571429 0.200000
3.000000 1.000000 1.313775 0.677042
0.636363 0.761165 1.000000 0.125000
5.000000 1.477014 8.000000 1.000000

Matrix 3584:
1.000000 9.000009 6.153328 9.000000
0.111111 1.000000 0.612551 2.000000
0.162514 1.632518 1.000000 0.605073
0.111111 0.500000 1.652694 1.000000

Matrix 3585:
1.000000 0.509016 1.000000 0.333333
1.964573 1.000000 3.000000 1.000000
1.000000 0.333333 1.000000 0.125000
3.000000 1.000000 8.000000 1.000000

Matrix 3586:
1.000000 0.500000 2.005315 0.142857
2.000000 1.000000 7.000000 0.250000
0.498675 0.142857 1.000000 0.125000
7.000000 4.000000 8.000000 1.000000

Matrix 3587:
1.000000 2.000000 1.285684 5.000000
0.500000 1.000000 1.000000 1.250184
0.777796 1.000000 1.000000 6.000000
0.200000 0.799882 0.166667 1.000000

Matrix 3588:
1.000000 4.000000 1.806109 7.217119
0.250000 1.000000 0.200000 4.000000
0.553676 5.000000 1.000000 8.000000
0.138559 0.250000 0.125000 1.000000

Matrix 3589:
1.000000 2.000000 4.000000 7.000000
0.500000 1.000000 1.000000 1.943094
0.250000 1.000000 1.000000 4.000000
0.142857 0.514643 0.250000 1.000000

Matrix 3590:
1.000000 3.000000 3.000000 7.577684
0.333333 1.000000 1.712583 9.000000
0.333333 0.583913 1.000000 9.000000
0.131966 0.111111 0.111111 1.000000

Matrix 3591:
1.000000 0.142857 0.500000 0.176931
7.000000 1.000000 2.000000 0.491221
2.000000 0.500000 1.000000 0.166667
5.651934 2.035745 6.000000 1.000000

Matrix 3592:
1.000000 0.514152 0.500000 1.407154
1.944952 1.000000 1.732935 9.000000
2.000000 0.577056 1.000000 6.000000
0.710654 0.111111 0.166667 1.000000

Matrix 3593:
1.000000 0.250000 0.333333 1.222903
4.000000 1.000000 0.500000 3.000000
3.000000 2.000000 1.000000 3.000000
0.817727 0.333333 0.333333 1.000000

Matrix 3594:
1.000000 1.385907 0.317583 0.111111
0.721549 1.000000 0.697225 0.200000
3.148782 1.434257 1.000000 0.200000
9.000000 5.000000 5.000000 1.000000

Matrix 3595:
1.000000 2.000000 1.012088 1.000000
0.500000 1.000000 0.250000 1.000000
0.988056 4.000000 1.000000 4.000000
1.000000 1.000000 0.250000 1.000000

Matrix 3596:
1.000000 1.576309 0.500000 2.227594
0.634394 1.000000 1.000000 4.000000
2.000000 1.000000 1.000000 5.000000
0.448915 0.250000 0.200000 1.000000

Matrix 3597:
1.000000 2.000000 8.000000 4.000000
0.500000 1.000000 1.000000 1.000000
0.125000 1.000000 1.000000 0.605970
0.250000 1.000000 1.650247 1.000000

Matrix 3598:
1.000000 2.521709 1.000000 1.000000
0.396556 1.000000 1.531934 0.307451
1.000000 0.652770 1.000000 0.333333
1.000000 3.252555 3.000000 1.000000

Matrix 3599:
1.000000 2.000000 0.624074 7.000000
0.500000 1.000000 1.000000 8.000000
1.602373 1.000000 1.000000 8.000000
0.142857 0.125000 0.125000 1.000000

Matrix 3600:
1.000000 0.724245 0.433145 0.426241
1.380748 1.000000 0.500000 1.670159
2.308694 2.000000 1.000000 1.000000
2.346093 0.598745 1.000000 1.000000

Matrix 3601:
1.000000 5.000000 5.775074 3.000000
0.200000 1.000000 0.558705 1.514915
0.173158 1.789854 1.000000 0.606244
0.333333 0.660103 1.649501 1.000000

Matrix 3602:
1.000000 1.636740 0.487605 0.500000
0.610970 1.000000 1.000000 0.333333
2.050841 1.000000 1.000000 0.275370
2.000000 3.000000 3.631479 1.000000

Matrix 3603:
1.000000 4.000000 0.500000 0.446248
0.250000 1.000000 0.142857 0.200000
2.000000 7.000000 1.000000 0.500000
2.240904 5.000000 2.000000 1.000000

Matrix 3604:
1.000000 1.000000 7.000000 1.000000
1.000000 1.000000 4.000000 0.697838
0.142857 0.250000 1.000000 0.200000
1.000000 1.432996 5.000000 1.000000

Matrix 3605:
1.000000 1.729611 1.886588 0.336317
0.578165 1.000000 1.521620 0.312606
0.530057 0.657194 1.000000 0.475927
2.973383 3.198915 2.101164 1.000000

Matrix 3606:
1.000000 1.563409 9.000000 6.000000
0.639628 1.000000 5.000000 6.000000
0.111111 0.200000 1.000000 1.000000
0.166667 0.166667 1.000000 1.000000

Matrix 3607:
1.000000 5.000000 1.581396 7.000000
0.200000 1.000000 0.166667 2.000000
0.632353 6.000000 1.000000 4.000000
0.142857 0.500000 0.250000 1.000000

Matrix 3608:
1.000000 0.333333 3.000000 1.834107
3.000000 1.000000 2.000000 4.000000
0.333333 0.500000 1.000000 0.570175
0.545224 0.250000 1.753848 1.000000

Matrix 3609:
1.000000 0.610740 6.000000 2.000000
1.637357 1.000000 6.000000 3.000000
0.166667 0.166667 1.000000 0.111111
0.500000 0.333333 9.000000 1.000000

Matrix 3610:
1.000000 1.000000 3.000000 1.000000
1.000000 1.000000 4.000000 1.563471
0.333333 0.250000 1.000000 0.142857
1.000000 0.639603 7.000000 1.000000

Matrix 3611:
1.000000 0.692991 0.200000 0.500000
1.443021 1.000000 0.166667 0.142857
5.000000 6.000000 1.000000 1.000000
2.000000 7.000000 1.000000 1.000000

Matrix 3612:
1.000000 0.200000 1.557812 0.909501
5.000000 1.000000 3.000003 8.000000
0.641926 0.333333 1.000000 3.000000
1.099504 0.125000 0.333333 1.000000

Matrix 3613:
1.000000 1.716974 1.000000 5.057849
0.582420 1.000000 2.000000 6.000000
1.000000 0.500000 1.000000 8.000000
0.197713 0.166667 0.125000 1.000000

Matrix 3614:
1.000000 0.547396 1.000000 9.000000
1.826830 1.000000 0.568633 5.000000
1.000000 1.758603 1.000000 8.000000
0.111111 0.200000 0.125000 1.000000

Matrix 3615:
1.000000 0.397078 2.156839 1.000000
2.518400 1.000000 3.000003 1.572046
0.463642 0.333333 1.000000 0.250000
1.000000 0.636114 4.000000 1.000000

Matrix 3616:
1.000000 3.000000 0.333333 1.000000
0.333333 1.000000 0.114137 0.166667
3.000000 8.761390 1.000000 3.000000
1.000000 6.000000 0.333333 1.000000

Matrix 3617:
1.000000 0.250000 0.691711 0.500000
4.000000 1.000000 4.000000 2.000000
1.445691 0.250000 1.000000 0.200000
2.000000 0.500000 5.000000 1.000000

Matrix 3618:
1.000000 0.659658 5.000000 8.000000
1.515936 1.000000 3.000000 3.000000
0.200000 0.333333 1.000000 2.000000
0.125000 0.333333 0.500000 1.000000

Matrix 3619:
1.000000 0.200000 0.142857 0.638608
5.000000 1.000000 0.200000 3.000000
7.000000 5.000000 1.000000 6.000000
1.565906 0.333333 0.166667 1.000000

Matrix 3620:
1.000000 0.333333 0.200000 0.818065
3.000000 1.000000 0.333333 4.000000
5.000000 3.000000 1.000000 7.000000
1.222397 0.250000 0.142857 1.000000

Matrix 3621:
1.000000 0.111111 0.250000 0.250000
9.000000 1.000000 0.681934 1.718931
4.000000 1.466417 1.000000 2.000000
4.000000 0.581757 0.500000 1.000000

Matrix 3622:
1.000000 4.000000 3.000000 6.000000
0.250000 1.000000 1.000000 2.000000
0.333333 1.000000 1.000000 1.994448
0.166667 0.500000 0.501392 1.000000

Matrix 3623:
1.000000 1.691754 0.606326 0.791366
0.591103 1.000000 0.588282 1.232151
1.649277 1.699866 1.000000 1.000000
1.263638 0.811589 1.000000 1.000000

Matrix 3624:
1.000000 3.000003 0.744825 7.000000
0.333333 1.000000 0.111111 1.838142
1.342597 9.000000 1.000000 4.000000
0.142857 0.544027 0.250000 1.000000

Matrix 3625:
1.000000 1.550122 0.413484 1.000000
0.645111 1.000000 1.000000 1.549507
2.418473 1.000000 1.000000 2.000000
1.000000 0.645367 0.500000 1.000000

Matrix 3626:
1.000000 3.000000 8.000000 0.640354
0.333333 1.000000 4.000000 0.333333
0.125000 0.250000 1.000000 0.166667
1.561636 3.000000 6.000000 1.000000

Matrix 3627:
1.000000 1.000000 3.000000 0.333333
1.000000 1.000000 0.697160 0.250000
0.333333 1.434392 1.000000 0.142857
3.000000 4.000000 7.000000 1.000000

Matrix 3628:
1.000000 1.000000 0.636400 2.088378
1.000000 1.000000 1.066393 1.306798
1.571339 0.937741 1.000000 4.636451
0.478841 0.765229 0.215682 1.000000

Matrix 3629:
1.000000 0.455390 1.494545 0.333333
2.195920 1.000000 2.000000 0.712777
0.669100 0.500000 1.000000 0.500000
3.000000 1.402963 2.000000 1.000000

Matrix 3630:
1.000000 0.500000 0.608393 0.200000
2.000000 1.000000 1.918404 0.200000
1.643673 0.521267 1.000000 0.111111
5.000000 5.000000 9.000000 1.000000

Matrix 3631:
1.000000 0.571172 0.468575 1.187888
1.750787 1.000000 1.000000 1.000000
2.134128 1.000000 1.000000 1.000000
0.841830 1.000000 1.000000 1.000000

Matrix 3632:
1.000000 5.000000 5.000000 6.000000
0.200000 1.000000 4.000000 5.000000
0.200000 0.250000 1.000000 1.642826
0.166667 0.200000 0.608707 1.000000

Matrix 3633:
1.000000 5.000000 5.000000 8.000000
0.200000 1.000000 1.726280 3.000000
0.200000 0.579280 1.000000 1.000000
0.125000 0.333333 1.000000 1.000000

Matrix 3634:
1.000000 1.000000 0.575524 3.000000
1.000000 1.000000 1.733988 7.000000
1.737548 0.576705 1.000000 7.000000
0.333333 0.142857 0.142857 1.000000

Matrix 3635:
1.000000 0.166667 0.142857 0.200000
6.000000 1.000000 1.558614 1.000000
7.000000 0.641596 1.000000 0.500000
5.000000 1.000000 2.000000 1.000000

Matrix 3636:
1.000000 0.111111 1.376116 0.111111
9.000000 1.000000 7.000000 0.502446
0.726683 0.142857 1.000000 0.250000
9.000000 1.990263 4.000000 1.000000

Matrix 3637:
1.000000 0.333333 0.501959 0.125000
3.000000 1.000000 0.883137 1.412154
1.992193 1.132327 1.000000 0.572145
8.000000 0.708138 1.747809 1.000000

Matrix 3638:
1.000000 0.635351 0.250000 0.200000
1.573932 1.000000 0.396634 0.200000
4.000000 2.521214 1.000000 0.333333
5.000000 5.000000 3.000000 1.000000

Matrix 3639:
1.000000 0.500000 0.546762 0.142857
2.000000 1.000000 1.612341 0.250000
1.828949 0.620216 1.000000 0.238218
7.000000 4.000000 4.197829 1.000000

Matrix 3640:
1.000000 5.000000 3.000000 3.000000
0.200000 1.000000 2.000000 0.622544
0.333333 0.500000 1.000000 1.000000
0.333333 1.606312 1.000000 1.000000

Matrix 3641:
1.000000 5.999988 5.999988 1.987712
0.166667 1.000000 0.704112 0.333333
0.166667 1.420228 1.000000 1.525704
0.503091 3.000000 0.655435 1.000000

Matrix 3642:
1.000000 0.333333 0.600693 0.500000
3.000000 1.000000 3.000000 0.632474
1.664745 0.333333 1.000000 0.500000
2.000000 1.581092 2.000000 1.000000

Matrix 3643:
1.000000 1.004282 9.000009 1.858944
0.995736 1.000000 5.000000 0.585627
0.111111 0.200000 1.000000 0.142857
0.537940 1.707571 7.000000 1.000000

Matrix 3644:
1.000000 0.204507 0.452438 0.125000
4.889807 1.000000 2.000000 0.765871
2.210245 0.500000 1.000000 1.058696
8.000000 1.305704 0.944558 1.000000

Matrix 3645:
1.000000 2.478281 0.333333 0.250000
0.403505 1.000000 0.111111 0.166667
3.000000 9.000000 1.000000 0.696272
4.000000 6.000000 1.436221 1.000000

Matrix 3646:
1.000000 0.456224 4.000000 0.333333
2.191907 1.000000 7.000000 0.555482
0.250000 0.142857 1.000000 0.142857
3.000000 1.800240 7.000000 1.000000

Matrix 3647:
1.000000 1.185055 0.683683 1.000000
0.843843 1.000000 1.000000 2.052387
1.462666 1.000000 1.000000 2.000000
1.000000 0.487238 0.500000 1.000000

Matrix 3648:
1.000000 0.968604 0.125000 0.111111
1.032413 1.000000 0.250000 0.571504
8.000000 4.000000 1.000000 1.000000
9.000000 1.749769 1.000000 1.000000

Matrix 3649:
1.000000 0.720337 0.621302 0.500000
1.388239 1.000000 1.824552 1.826748
1.609524 0.548080 1.000000 0.333333
2.000000 0.547421 3.000000 1.000000

Matrix 3650:
1.000000 0.580021 1.768920 5.816063
1.724076 1.000000 5.000000 8.245502
0.565317 0.200000 1.000000 4.000000
0.171938 0.121278 0.250000 1.000000

Matrix 3651:
1.000000 0.537133 0.142857 3.000000
1.861737 1.000000 0.484106 9.000000
7.000000 2.065664 1.000000 5.555036
0.333333 0.111111 0.180017 1.000000

Matrix 3652:
1.000000 3.000000 1.392882 5.000000
0.333333 1.000000 0.333333 0.698977
0.717936 3.000000 1.000000 5.000000
0.200000 1.430662 0.200000 1.000000

Matrix 3653:
1.000000 0.269427 0.333333 0.740982
3.711574 1.000000 1.009510 0.804607
3.000000 0.990580 1.000000 3.000000
1.349560 1.242842 0.333333 1.000000

Matrix 3654:
1.000000 7.000000 5.000000 9.000000
0.142857 1.000000 0.640874 5.000000
0.200000 1.560370 1.000000 3.000000
0.111111 0.200000 0.333333 1.000000

Matrix 3655:
1.000000 6.160588 2.128995 1.755783
0.162322 1.000000 0.111111 0.125000
0.469705 9.000000 1.000000 2.000000
0.569546 8.000000 0.500000 1.000000

Matrix 3656:
1.000000 0.300165 0.500000 1.915468
3.331507 1.000000 2.405341 4.000000
2.000000 0.415741 1.000000 4.000000
0.522066 0.250000 0.250000 1.000000

Matrix 3657:
1.000000 1.000000 8.000000 1.000000
1.000000 1.000000 8.000000 0.620174
0.125000 0.125000 1.000000 0.333333
1.000000 1.612450 3.000000 1.000000

Matrix 3658:
1.000000 1.519819 7.000000 0.250000
0.657973 1.000000 4.000000 0.200000
0.142857 0.250000 1.000000 0.125000
4.000000 5.000000 8.000000 1.000000

Matrix 3659:
1.000000 9.000000 4.000000 7.109583
0.111111 1.000000 0.500000 1.660151
0.250000 2.000000 1.000000 5.000000
0.140655 0.602355 0.200000 1.000000

Matrix 3660:
1.000000 3.253608 0.695627 1.544005
0.307351 1.000000 0.527045 0.583565
1.437553 1.897371 1.000000 0.559379
0.647666 1.713604 1.787695 1.000000

Matrix 3661:
1.000000 9.000000 2.000000 8.000000
0.111111 1.000000 0.333333 0.640267
0.500000 3.000000 1.000000 2.000000
0.125000 1.561850 0.500000 1.000000

Matrix 3662:
1.000000 0.200000 3.000000 1.338658
5.000000 1.000000 9.000000 4.000000
0.333333 0.111111 1.000000 0.142857
0.747017 0.250000 7.000000 1.000000

Matrix 3663:
1.000000 1.000000 0.589514 1.000000
1.000000 1.000000 0.466209 1.000000
1.696312 2.144962 1.000000 1.305123
1.000000 1.000000 0.766212 1.000000

Matrix 3664:
1.000000 1.578412 1.731951 0.166667
0.633548 1.000000 1.850036 0.125000
0.577383 0.540530 1.000000 0.142857
6.000000 8.000000 7.000000 1.000000

Matrix 3665:
1.000000 7.000000 8.000000 2.000000
0.142857 1.000000 1.612652 0.333333
0.125000 0.620097 1.000000 0.166667
0.500000 3.000000 6.000000 1.000000

Matrix 3666:
1.000000 7.000007 5.999988 3.228083
0.142857 1.000000 1.839013 0.603617
0.166667 0.543770 1.000000 1.000000
0.309781 1.656680 1.000000 1.000000

Matrix 3667:
1.000000 0.200000 4.000000 0.634678
5.000000 1.000000 7.000000 3.000000
0.250000 0.142857 1.000000 0.166667
1.575603 0.333333 6.000000 1.000000

Matrix 3668:
1.000000 1.980772 2.378554 1.802586
0.504854 1.000000 0.333333 0.333333
0.420423 3.000000 1.000000 0.676055
0.554759 3.000000 1.479170 1.000000

Matrix 3669:
1.000000 0.125000 0.536202 1.000000
8.000000 1.000000 1.000000 9.000000
1.864967 1.000000 1.000000 7.000000
1.000000 0.111111 0.142857 1.000000

Matrix 3670:
1.000000 0.111111 0.166667 0.142857
9.000000 1.000000 1.000000 0.702315
6.000000 1.000000 1.000000 2.083942
7.000000 1.423862 0.479860 1.000000

Matrix 3671:
1.000000 5.999988 1.000000 2.045036
0.166667 1.000000 0.408745 0.250000
1.000000 2.446514 1.000000 0.473083
0.488989 4.000000 2.113794 1.000000

Matrix 3672:
1.000000 5.000000 5.000000 6.000000
0.200000 1.000000 2.000000 1.883945
0.200000 0.500000 1.000000 0.574224
0.166667 0.530801 1.741482 1.000000

Matrix 3673:
1.000000 5.000000 8.296759 3.000000
0.200000 1.000000 2.948164 0.250000
0.120529 0.339194 1.000000 0.125000
0.333333 4.000000 8.000000 1.000000

Matrix 3674:
1.000000 0.111111 0.333333 1.719971
9.000000 1.000000 3.000000 4.558501
3.000000 0.333333 1.000000 2.000000
0.581405 0.219370 0.500000 1.000000

Matrix 3675:
1.000000 1.000000 0.250000 1.000000
1.000000 1.000000 0.500000 0.665401
4.000000 2.000000 1.000000 6.000000
1.000000 1.502853 0.166667 1.000000

Matrix 3676:
1.000000 5.000000 2.068960 1.000000
0.200000 1.000000 0.250000 0.234093
0.483335 4.000000 1.000000 0.500000
1.000000 4.271805 2.000000 1.000000

Matrix 3677:
1.000000 0.674418 0.552410 1.000000
1.482760 1.000000 1.000000 0.585133
1.810248 1.000000 1.000000 0.500000
1.000000 1.709014 2.000000 1.000000

Matrix 3678:
1.000000 3.000000 2.000000 0.200000
0.333333 1.000000 1.436321 0.111111
0.500000 0.696223 1.000000 0.250000
5.000000 9.000000 4.000000 1.000000

Matrix 3679:
1.000000 0.642495 0.250000 0.500000
1.556433 1.000000 0.250000 0.250000
4.000000 4.000000 1.000000 0.500000
2.000000 4.000000 2.000000 1.000000

Matrix 3680:
1.000000 9.000000 2.000000 5.000000
0.111111 1.000000 1.222257 1.000000
0.500000 0.818159 1.000000 2.000000
0.200000 1.000000 0.500000 1.000000

Matrix 3681:
1.000000 8.000000 0.250000 1.000000
0.125000 1.000000 0.115687 0.166667
4.000000 8.644024 1.000000 5.000000
1.000000 6.000000 0.200000 1.000000

Matrix 3682:
1.000000 1.998520 0.851158 0.500000
0.500370 1.000000 1.000000 0.142857
1.174870 1.000000 1.000000 0.125000
2.000000 7.000000 8.000000 1.000000

Matrix 3683:
1.000000 5.999988 6.000000 6.000000
0.166667 1.000000 0.539753 1.000000
0.166667 1.852698 1.000000 0.638907
0.166667 1.000000 1.565173 1.000000

Matrix 3684:
1.000000 0.654176 0.500000 5.000000
1.528641 1.000000 0.560628 5.000000
2.000000 1.783715 1.000000 5.268505
0.200000 0.200000 0.189807 1.000000

Matrix 3685:
1.000000 2.000000 0.250000 0.654812
0.500000 1.000000 0.207922 0.500000
4.000000 4.809487 1.000000 7.000000
1.527156 2.000000 0.142857 1.000000

Matrix 3686:
1.000000 0.200000 0.250000 5.000000
5.000000 1.000000 1.333588 8.000000
4.000000 0.749857 1.000000 9.000000
0.200000 0.125000 0.111111 1.000000

Matrix 3687:
1.000000 0.142857 0.166667 0.166667
7.000000 1.000000 0.747218 4.000000
6.000000 1.338298 1.000000 4.000000
6.000000 0.250000 0.250000 1.000000

Matrix 3688:
1.000000 1.621367 6.000000 3.000000
0.616763 1.000000 4.000000 2.000000
0.166667 0.250000 1.000000 2.000000
0.333333 0.500000 0.500000 1.000000

Matrix 3689:
1.000000 0.577741 1.000000 0.166667
1.730879 1.000000 0.602656 0.200000
1.000000 1.659323 1.000000 0.333333
6.000000 5.000000 3.000000 1.000000

Matrix 3690:
1.000000 3.000003 0.620257 0.333333
0.333333 1.000000 0.142857 0.250000
1.612235 7.000000 1.000000 0.576929
3.000000 4.000000 1.733317 1.000000

Matrix 3691:
1.000000 5.999988 7.000007 0.594755
0.166667 1.000000 0.554397 0.317429
0.142857 1.803761 1.000000 0.166667
1.681364 3.150306 6.000000 1.000000

Matrix 3692:
1.000000 1.000000 0.333333 0.333333
1.000000 1.000000 0.142857 0.333333
3.000000 7.000000 1.000000 1.575691
3.000000 3.000000 0.634642 1.000000

Matrix 3693:
1.000000 0.250000 1.432208 0.142857
4.000000 1.000000 6.000000 1.000000
0.698223 0.166667 1.000000 0.200000
7.000000 1.000000 5.000000 1.000000

Matrix 3694:
1.000000 2.661876 7.000007 5.157226
0.375675 1.000000 2.597083 4.000000
0.142857 0.385047 1.000000 3.000000
0.193903 0.250000 0.333333 1.000000

Matrix 3695:
1.000000 0.518424 0.528559 0.431926
1.928924 1.000000 1.000000 1.883773
1.891937 1.000000 1.000000 0.500000
2.315211 0.530849 2.000000 1.000000

Matrix 3696:
1.000000 1.000000 1.000000 7.000000
1.000000 1.000000 0.636601 7.000000
1.000000 1.570842 1.000000 9.000000
0.142857 0.142857 0.111111 1.000000

Matrix 3697:
1.000000 0.605250 7.000000 2.000000
1.652209 1.000000 6.000000 5.000000
0.142857 0.166667 1.000000 1.000000
0.500000 0.200000 1.000000 1.000000

Matrix 3698:
1.000000 4.000000 0.500000 0.166667
0.250000 1.000000 0.142857 0.111111
2.000000 7.000000 1.000000 1.336839
6.000000 9.000000 0.748033 1.000000

Matrix 3699:
1.000000 2.698244 1.828536 1.888665
0.370611 1.000000 0.643693 3.000000
0.546886 1.553536 1.000000 4.000000
0.529475 0.333333 0.250000 1.000000

Matrix 3700:
1.000000 0.578149 1.571145 5.000000
1.729658 1.000000 1.000000 6.000000
0.636478 1.000000 1.000000 4.000000
0.200000 0.166667 0.250000 1.000000

Matrix 3701:
1.000000 1.353247 0.500000 7.000000
0.738963 1.000000 1.000000 9.000000
2.000000 1.000000 1.000000 8.000000
0.142857 0.111111 0.125000 1.000000

Matrix 3702:
1.000000 0.125000 0.125000 0.500000
8.000000 1.000000 1.516614 1.000000
8.000000 0.659363 1.000000 2.000000
2.000000 1.000000 0.500000 1.000000

Matrix 3703:
1.000000 1.357488 2.006689 0.500000
0.736655 1.000000 4.000000 1.715879
0.498333 0.250000 1.000000 0.333333
2.000000 0.582792 3.000000 1.000000

Matrix 3704:
1.000000 0.111111 0.250000 0.333333
9.000000 1.000000 1.000000 0.663295
4.000000 1.000000 1.000000 1.569096
3.000000 1.507625 0.637310 1.000000

Matrix 3705:
1.000000 7.506284 7.000000 7.000000
0.133222 1.000000 0.333333 0.415270
0.142857 3.000000 1.000000 0.438581
0.142857 2.408073 2.280079 1.000000

Matrix 3706:
1.000000 8.000000 3.000000 8.227454
0.125000 1.000000 0.500000 1.768537
0.333333 2.000000 1.000000 5.000000
0.121544 0.565439 0.200000 1.000000

Matrix 3707:
1.000000 0.125000 0.166667 0.142857
8.000000 1.000000 2.000000 0.768757
6.000000 0.500000 1.000000 1.784520
7.000000 1.300802 0.560375 1.000000

Matrix 3708:
1.000000 8.000000 1.000000 6.000000
0.125000 1.000000 0.125000 1.571551
1.000000 8.000000 1.000000 8.000000
0.166667 0.636314 0.125000 1.000000

Matrix 3709:
1.000000 7.000000 1.000000 7.000000
0.142857 1.000000 0.111111 0.610348
1.000000 9.000000 1.000000 9.000000
0.142857 1.638409 0.111111 1.000000

Matrix 3710:
1.000000 7.000000 3.000000 0.250000
0.142857 1.000000 0.616190 0.111111
0.333333 1.622877 1.000000 0.125000
4.000000 9.000000 8.000000 1.000000

Matrix 3711:
1.000000 0.111111 0.806359 0.593901
9.000000 1.000000 5.000000 4.000000
1.240142 0.200000 1.000000 2.337074
1.683781 0.250000 0.427886 1.000000

Matrix 3712:
1.000000 1.084577 1.039817 0.500000
0.922018 1.000000 0.333333 0.333333
0.961707 3.000000 1.000000 1.240445
2.000000 3.000000 0.806162 1.000000

Matrix 3713:
1.000000 4.189996 8.000000 3.000000
0.238664 1.000000 0.618178 0.333333
0.125000 1.617657 1.000000 0.250000
0.333333 3.000000 4.000000 1.000000

Matrix 3714:
1.000000 5.000000 9.000000 0.500000
0.200000 1.000000 1.649568 0.111111
0.111111 0.606219 1.000000 0.125000
2.000000 9.000000 8.000000 1.000000

Matrix 3715:
1.000000 1.000000 0.851547 4.000000
1.000000 1.000000 0.250000 1.000000
1.174333 4.000000 1.000000 7.000000
0.250000 1.000000 0.142857 1.000000

Matrix 3716:
1.000000 1.000000 0.166667 0.111111
1.000000 1.000000 0.500000 0.319169
6.000000 2.000000 1.000000 0.333333
9.000000 3.133136 3.000000 1.000000

Matrix 3717:
1.000000 0.333333 0.500000 5.000000
3.000000 1.000000 0.693208 4.000000
2.000000 1.442568 1.000000 6.000000
0.200000 0.250000 0.166667 1.000000

Matrix 3718:
1.000000 5.000000 8.000000 8.000000
0.200000 1.000000 0.695920 1.000000
0.125000 1.436948 1.000000 1.000000
0.125000 1.000000 1.000000 1.000000

Matrix 3719:
1.000000 3.000003 1.000000 0.930008
0.333333 1.000000 0.500000 1.000000
1.000000 2.000000 1.000000 1.981436
1.075260 1.000000 0.504685 1.000000

Matrix 3720:
1.000000 3.000003 1.772191 3.000000
0.333333 1.000000 0.333333 0.571784
0.564273 3.000000 1.000000 1.635023
0.333333 1.748911 0.611612 1.000000

Matrix 3721:
1.000000 0.200000 5.000000 0.573995
5.000000 1.000000 9.000000 3.000000
0.200000 0.111111 1.000000 0.111111
1.742177 0.333333 9.000000 1.000000

Matrix 3722:
1.000000 5.000000 1.610294 1.000000
0.200000 1.000000 0.333333 0.125000
0.621005 3.000000 1.000000 1.030330
1.000000 8.000000 0.970563 1.000000

Matrix 3723:
1.000000 8.000000 5.000000 6.000000
0.125000 1.000000 1.450476 1.000000
0.200000 0.689429 1.000000 0.333333
0.166667 1.000000 3.000000 1.000000

Matrix 3724:
1.000000 0.144097 0.111111 0.111111
6.939784 1.000000 2.000000 1.972617
9.000000 0.500000 1.000000 1.000000
9.000000 0.506941 1.000000 1.000000

Matrix 3725:
1.000000 2.000000 1.000000 1.446735
0.500000 1.000000 0.333333 0.142857
1.000000 3.000000 1.000000 0.500000
0.691212 7.000000 2.000000 1.000000

Matrix 3726:
1.000000 0.166667 2.000000 1.466707
6.000000 1.000000 4.000000 5.000000
0.500000 0.250000 1.000000 0.500000
0.681800 0.200000 2.000000 1.000000

Matrix 3727:
1.000000 0.302612 4.000000 0.250000
3.304567 1.000000 8.000000 0.533646
0.250000 0.125000 1.000000 0.122191
4.000000 1.873901 8.183908 1.000000

Matrix 3728:
1.000000 2.000000 0.708700 9.000000
0.500000 1.000000 1.000000 9.000000
1.411034 1.000000 1.000000 7.158379
0.111111 0.111111 0.139696 1.000000

Matrix 3729:
1.000000 1.000000 2.000000 1.708176
1.000000 1.000000 0.616820 0.500000
0.500000 1.621219 1.000000 0.782218
0.585420 2.000000 1.278416 1.000000

Matrix 3730:
1.000000 0.200000 0.142857 2.609629
5.000000 1.000000 0.611447 7.692763
7.000000 1.635464 1.000000 8.057337
0.383196 0.129992 0.124110 1.000000

Matrix 3731:
1.000000 0.111111 0.200000 0.125000
9.000000 1.000000 5.000000 0.656643
5.000000 0.200000 1.000000 0.500000
8.000000 1.522897 2.000000 1.000000

Matrix 3732:
1.000000 2.000000 0.546723 2.000000
0.500000 1.000000 0.500000 2.247841
1.829081 2.000000 1.000000 1.346826
0.500000 0.444871 0.742486 1.000000

Matrix 3733:
1.000000 0.591508 0.166667 0.250000
1.690593 1.000000 0.500000 1.000000
6.000000 2.000000 1.000000 0.590826
4.000000 1.000000 1.692545 1.000000

Matrix 3734:
1.000000 4.000000 3.000003 3.000000
0.250000 1.000000 1.606396 0.487832
0.333333 0.622512 1.000000 1.362462
0.333333 2.049884 0.733965 1.000000

Matrix 3735:
1.000000 0.166667 0.200000 1.555588
6.000000 1.000000 3.000000 4.000000
5.000000 0.333333 1.000000 3.000000
0.642844 0.250000 0.333333 1.000000

Matrix 3736:
1.000000 0.200000 0.652460 0.508128
5.000000 1.000000 2.445311 0.920704
1.532660 0.408946 1.000000 0.500000
1.968010 1.086125 2.000000 1.000000

Matrix 3737:
1.000000 0.165088 0.200000 0.200000
6.057370 1.000000 1.452994 0.997672
5.000000 0.688234 1.000000 3.000000
5.000000 1.002333 0.333333 1.000000

Matrix 3738:
1.000000 0.657562 1.000000 0.200000
1.520770 1.000000 0.652636 0.200000
1.000000 1.532248 1.000000 0.200000
5.000000 5.000000 5.000000 1.000000

Matrix 3739:
1.000000 2.000000 0.651434 0.500000
0.500000 1.000000 1.416923 0.500000
1.535076 0.705755 1.000000 0.500699
2.000000 2.000000 1.997206 1.000000

Matrix 3740:
1.000000 0.620838 0.500000 0.166667
1.610727 1.000000 0.250000 0.166667
2.000000 4.000000 1.000000 0.333333
6.000000 6.000000 3.000000 1.000000

Matrix 3741:
1.000000 1.000000 0.200000 0.111111
1.000000 1.000000 0.250000 0.125000
5.000000 4.000000 1.000000 1.237213
9.000000 8.000000 0.808268 1.000000

Matrix 3742:
1.000000 3.000003 8.799604 4.000000
0.333333 1.000000 1.000000 0.614190
0.113641 1.000000 1.000000 1.546881
0.250000 1.628161 0.646462 1.000000

Matrix 3743:
1.000000 0.200000 0.166667 0.142857
5.000000 1.000000 0.250000 0.594032
6.000000 4.000000 1.000000 2.031099
7.000000 1.683412 0.492344 1.000000

Matrix 3744:
1.000000 0.111111 0.250000 0.747665
9.000000 1.000000 0.658909 6.000000
4.000000 1.517660 1.000000 8.000000
1.337498 0.166667 0.125000 1.000000

Matrix 3745:
1.000000 1.603095 0.733657 8.000000
0.623793 1.000000 1.269112 8.000000
1.363035 0.787953 1.000000 5.000000
0.125000 0.125000 0.200000 1.000000

Matrix 3746:
1.000000 1.754170 1.000000 0.166667
0.570070 1.000000 1.362344 0.250000
1.000000 0.734029 1.000000 0.111111
6.000000 4.000000 9.000000 1.000000

Matrix 3747:
1.000000 5.999988 1.622835 5.000000
0.166667 1.000000 0.250000 1.628160
0.616206 4.000000 1.000000 5.000000
0.200000 0.614190 0.200000 1.000000

Matrix 3748:
1.000000 0.250000 0.745767 2.000000
4.000000 1.000000 8.000000 3.000000
1.340902 0.125000 1.000000 1.000000
0.500000 0.333333 1.000000 1.000000

Matrix 3749:
1.000000 0.536814 0.125000 0.153349
1.862841 1.000000 0.250000 0.241784
8.000000 4.000000 1.000000 2.000000
6.521073 4.135926 0.500000 1.000000

Matrix 3750:
1.000000 0.694013 7.000000 9.000000
1.440896 1.000000 7.000000 7.000000
0.142857 0.142857 1.000000 1.000000
0.111111 0.142857 1.000000 1.000000

Matrix 3751:
1.000000 0.181618 1.705198 0.899874
5.506068 1.000000 5.999988 9.000000
0.586442 0.166667 1.000000 2.242114
1.111267 0.111111 0.446008 1.000000

Matrix 3752:
1.000000 0.584081 1.691244 0.597299
1.712092 1.000000 7.000007 2.000000
0.591281 0.142857 1.000000 0.250000
1.674205 0.500000 4.000000 1.000000

Matrix 3753:
1.000000 1.000000 0.166667 0.500000
1.000000 1.000000 0.200000 0.333333
6.000000 5.000000 1.000000 0.999365
2.000000 3.000000 1.000635 1.000000

Matrix 3754:
1.000000 0.569855 0.200000 0.770590
1.754833 1.000000 0.125000 1.000000
5.000000 8.000000 1.000000 9.000000
1.297707 1.000000 0.111111 1.000000

Matrix 3755:
1.000000 1.489061 1.933424 0.503571
0.671564 1.000000 1.328020 1.000000
0.517217 0.753001 1.000000 0.971566
1.985818 1.000000 1.029266 1.000000

Matrix 3756:
1.000000 5.999988 9.000009 9.000000
0.166667 1.000000 0.656535 1.730714
0.111111 1.523148 1.000000 1.395060
0.111111 0.577796 0.716815 1.000000

Matrix 3757:
1.000000 0.744220 3.000000 9.000000
1.343689 1.000000 1.000000 8.000000
0.333333 1.000000 1.000000 5.000000
0.111111 0.125000 0.200000 1.000000

Matrix 3758:
1.000000 0.200000 1.831760 0.814399
5.000000 1.000000 4.000000 2.000000
0.545923 0.250000 1.000000 1.000000
1.227899 0.500000 1.000000 1.000000

Matrix 3759:
1.000000 1.433967 1.000000 0.674879
0.697366 1.000000 1.759465 1.997145
1.000000 0.568354 1.000000 1.000000
1.481748 0.500715 1.000000 1.000000

Matrix 3760:
1.000000 2.257637 1.215036 0.760466
0.442941 1.000000 0.511400 0.500000
0.823021 1.955415 1.000000 1.985301
1.314984 2.000000 0.503702 1.000000

Matrix 3761:
1.000000 0.250000 0.142857 0.125000
4.000000 1.000000 0.636458 1.336838
7.000000 1.571197 1.000000 0.581128
8.000000 0.748034 1.720791 1.000000

Matrix 3762:
1.000000 1.893585 1.000000 1.497635
0.528099 1.000000 1.278939 0.365665
1.000000 0.781898 1.000000 0.333333
0.667719 2.734742 3.000000 1.000000

Matrix 3763:
1.000000 1.000000 0.113002 0.166667
1.000000 1.000000 0.111111 0.111111
8.849398 9.000000 1.000000 3.000000
6.000000 9.000000 0.333333 1.000000

Matrix 3764:
1.000000 0.200000 0.166667 0.125000
5.000000 1.000000 1.451957 0.554333
6.000000 0.688726 1.000000 1.000000
8.000000 1.803970 1.000000 1.000000

Matrix 3765:
1.000000 8.000000 5.000000 1.000000
0.125000 1.000000 1.228405 0.250000
0.200000 0.814064 1.000000 0.250000
1.000000 4.000000 4.000000 1.000000

Matrix 3766:
1.000000 4.089270 7.196979 1.628774
0.244542 1.000000 3.000003 0.125000
0.138947 0.333333 1.000000 0.125000
0.613959 8.000000 8.000000 1.000000

Matrix 3767:
1.000000 0.142857 0.142857 0.250000
7.000000 1.000000 1.000000 1.000000
7.000000 1.000000 1.000000 0.746778
4.000000 1.000000 1.339085 1.000000

Matrix 3768:
1.000000 3.436806 5.000000 3.000000
0.290968 1.000000 3.631489 2.000000
0.200000 0.275369 1.000000 1.708928
0.333333 0.500000 0.585162 1.000000

Matrix 3769:
1.000000 1.432046 0.166667 0.250000
0.698302 1.000000 0.200000 0.111111
6.000000 5.000000 1.000000 3.000000
4.000000 9.000000 0.333333 1.000000

Matrix 3770:
1.000000 1.511554 0.250000 0.125000
0.661571 1.000000 0.553920 0.136279
4.000000 1.805315 1.000000 1.000000
8.000000 7.337869 1.000000 1.000000

Matrix 3771:
1.000000 0.166667 0.500000 0.500000
6.000000 1.000000 6.000000 5.000000
2.000000 0.166667 1.000000 1.430944
2.000000 0.200000 0.698840 1.000000

Matrix 3772:
1.000000 0.142857 0.111111 0.500000
7.000000 1.000000 0.623237 7.000000
9.000000 1.604525 1.000000 7.000000
2.000000 0.142857 0.142857 1.000000

Matrix 3773:
1.000000 0.643884 0.528791 0.397973
1.553075 1.000000 0.333333 0.142857
1.891106 3.000000 1.000000 0.333333
2.512733 7.000000 3.000000 1.000000

Matrix 3774:
1.000000 1.000000 1.002331 5.000000
1.000000 1.000000 0.250000 2.000000
0.997675 4.000000 1.000000 7.000000
0.200000 0.500000 0.142857 1.000000

Matrix 3775:
1.000000 4.000000 0.200000 0.250000
0.250000 1.000000 0.111111 0.250000
5.000000 9.000000 1.000000 0.824799
4.000000 4.000000 1.212416 1.000000

Matrix 3776:
1.000000 1.005710 0.111111 0.111111
0.994323 1.000000 0.200000 0.200000
9.000000 5.000000 1.000000 2.000000
9.000000 5.000000 0.500000 1.000000

Matrix 3777:
1.000000 5.000000 4.000000 0.610433
0.200000 1.000000 0.333333 0.250000
0.250000 3.000000 1.000000 0.333333
1.638181 4.000000 3.000000 1.000000

Matrix 3778:
1.000000 0.381521 0.500000 0.125000
2.621088 1.000000 0.629051 0.500000
2.000000 1.589695 1.000000 0.283519
8.000000 2.000000 3.527100 1.000000

Matrix 3779:
1.000000 9.000000 6.000000 3.000000
0.111111 1.000000 1.204974 0.200000
0.166667 0.829894 1.000000 0.142857
0.333333 5.000000 7.000000 1.000000

Matrix 3780:
1.000000 9.000000 0.639358 6.000000
0.111111 1.000000 0.125000 0.333333
1.564070 8.000000 1.000000 3.000000
0.166667 3.000000 0.333333 1.000000

Matrix 3781:
1.000000 5.000000 5.000000 0.492980
0.200000 1.000000 0.748984 0.200000
0.200000 1.335141 1.000000 0.142857
2.028482 5.000000 7.000000 1.000000

Matrix 3782:
1.000000 3.000003 0.638669 4.000000
0.333333 1.000000 0.500000 1.981482
1.565755 2.000000 1.000000 1.891772
0.250000 0.504673 0.528605 1.000000

Matrix 3783:
1.000000 3.000003 7.000007 7.000000
0.333333 1.000000 2.103574 0.711170
0.142857 0.475381 1.000000 0.250000
0.142857 1.406135 4.000000 1.000000

Matrix 3784:
1.000000 4.000000 9.000000 4.000000
0.250000 1.000000 1.000000 0.746228
0.111111 1.000000 1.000000 1.000000
0.250000 1.340073 1.000000 1.000000

Matrix 3785:
1.000000 0.250000 0.370104 2.800196
4.000000 1.000000 3.030696 4.000000
2.701944 0.329957 1.000000 3.000000
0.357118 0.250000 0.333333 1.000000

Matrix 3786:
1.000000 0.544870 0.654032 1.365660
1.835300 1.000000 4.000000 4.000000
1.528978 0.250000 1.000000 0.657428
0.732247 0.250000 1.521078 1.000000

Matrix 3787:
1.000000 0.713673 0.250000 1.000000
1.401202 1.000000 0.125000 0.605057
4.000000 8.000000 1.000000 5.000000
1.000000 1.652736 0.200000 1.000000

Matrix 3788:
1.000000 0.634308 1.342334 0.500000
1.576521 1.000000 1.252924 0.333333
0.744971 0.798133 1.000000 1.000000
2.000000 3.000000 1.000000 1.000000

Matrix 3789:
1.000000 1.000000 0.333333 1.354603
1.000000 1.000000 0.166667 0.640047
3.000000 6.000000 1.000000 2.000000
0.738223 1.562386 0.500000 1.000000

Matrix 3790:
1.000000 0.500000 0.333333 1.000000
2.000000 1.000000 0.250000 1.574104
3.000000 4.000000 1.000000 2.000000
1.000000 0.635282 0.500000 1.000000

Matrix 3791:
1.000000 0.130559 0.333333 0.215148
7.659376 1.000000 2.041335 0.974685
3.000000 0.489876 1.000000 1.418300
4.647958 1.025972 0.705070 1.000000

Matrix 3792:
1.000000 0.500000 0.560024 0.250000
2.000000 1.000000 1.674638 0.333333
1.785637 0.597144 1.000000 1.000000
4.000000 3.000000 1.000000 1.000000

Matrix 3793:
1.000000 0.192758 0.166667 0.125000
5.187854 1.000000 1.930254 0.582710
6.000000 0.518066 1.000000 1.000000
8.000000 1.716121 1.000000 1.000000

Matrix 3794:
1.000000 0.277730 1.423424 1.000000
3.600619 1.000000 1.000000 2.400898
0.702531 1.000000 1.000000 1.000000
1.000000 0.416511 1.000000 1.000000

Matrix 3795:
1.000000 4.000000 1.967626 1.000000
0.250000 1.000000 0.166667 0.598373
0.508227 6.000000 1.000000 1.509429
1.000000 1.671198 0.662502 1.000000

Matrix 3796:
1.000000 1.000000 1.000000 1.648605
1.000000 1.000000 0.333333 0.568561
1.000000 3.000000 1.000000 1.000000
0.606573 1.758826 1.000000 1.000000

Matrix 3797:
1.000000 3.000000 8.311868 6.000000
0.333333 1.000000 8.000000 2.000000
0.120310 0.125000 1.000000 0.166667
0.166667 0.500000 6.000000 1.000000

Matrix 3798:
1.000000 4.000000 1.704260 1.000000
0.250000 1.000000 0.125000 0.500000
0.586765 8.000000 1.000000 2.169497
1.000000 2.000000 0.460936 1.000000

Matrix 3799:
1.000000 0.540699 0.125000 0.129114
1.849459 1.000000 0.142857 0.111111
8.000000 7.000000 1.000000 0.333333
7.745073 9.000000 3.000000 1.000000

Matrix 3800:
1.000000 8.000000 0.500000 1.000000
0.125000 1.000000 0.200000 0.166667
2.000000 5.000000 1.000000 0.826907
1.000000 6.000000 1.209326 1.000000

Matrix 3801:
1.000000 0.333333 1.501589 0.125000
3.000000 1.000000 5.000000 1.000000
0.665961 0.200000 1.000000 0.142857
8.000000 1.000000 7.000000 1.000000

Matrix 3802:
1.000000 6.000000 0.526724 2.000000
0.166667 1.000000 0.166667 0.333333
1.898526 6.000000 1.000000 7.000000
0.500000 3.000000 0.142857 1.000000

Matrix 3803:
1.000000 0.375274 0.200000 1.683053
2.664718 1.000000 0.623505 8.000000
5.000000 1.603836 1.000000 4.000000
0.594158 0.125000 0.250000 1.000000

Matrix 3804:
1.000000 1.655526 4.000000 0.934597
0.604038 1.000000 1.936942 1.398486
0.250000 0.516278 1.000000 0.846424
1.069980 0.715059 1.181442 1.000000

Matrix 3805:
1.000000 7.000000 1.641491 0.333333
0.142857 1.000000 0.333333 0.200000
0.609202 3.000000 1.000000 0.500000
3.000000 5.000000 2.000000 1.000000

Matrix 3806:
1.000000 3.000000 0.250000 8.000000
0.333333 1.000000 0.125000 3.097460
4.000000 8.000000 1.000000 8.808913
0.125000 0.322845 0.113521 1.000000

Matrix 3807:
1.000000 0.125000 0.588601 0.333333
8.000000 1.000000 9.000000 1.944138
1.698945 0.111111 1.000000 0.200000
3.000000 0.514367 5.000000 1.000000

Matrix 3808:
1.000000 2.000000 0.812447 1.207197
0.500000 1.000000 0.250000 1.405998
1.230849 4.000000 1.000000 7.000000
0.828365 0.711239 0.142857 1.000000

Matrix 3809:
1.000000 1.685657 1.816149 0.680771
0.593241 1.000000 2.000000 0.399227
0.550616 0.500000 1.000000 1.024899
1.468924 2.504838 0.975706 1.000000

Matrix 3810:
1.000000 0.594271 1.000000 0.111111
1.682733 1.000000 0.941492 0.333333
1.000000 1.062144 1.000000 0.111698
9.000000 3.000000 8.952744 1.000000

Matrix 3811:
1.000000 0.166667 0.111111 1.573921
6.000000 1.000000 0.333333 6.000000
9.000000 3.000000 1.000000 6.000000
0.635356 0.166667 0.166667 1.000000

Matrix 3812:
1.000000 0.523594 0.283025 0.824573
1.909876 1.000000 0.250000 5.000000
3.533252 4.000000 1.000000 8.000000
1.212749 0.200000 0.125000 1.000000

Matrix 3813:
1.000000 8.000000 1.000000 1.000000
0.125000 1.000000 0.142857 0.200000
1.000000 7.000000 1.000000 0.693274
1.000000 5.000000 1.442431 1.000000

Matrix 3814:
1.000000 0.516225 1.430747 2.000000
1.937141 1.000000 1.743264 7.000000
0.698935 0.573637 1.000000 4.000000
0.500000 0.142857 0.250000 1.000000

Matrix 3815:
1.000000 0.589358 0.250000 0.111111
1.696762 1.000000 0.142857 0.114615
4.000000 7.000000 1.000000 1.537239
9.000000 8.724883 0.650517 1.000000

Matrix 3816:
1.000000 2.000000 7.000000 7.000000
0.500000 1.000000 8.000000 9.000000
0.142857 0.125000 1.000000 0.817772
0.142857 0.111111 1.222834 1.000000

Matrix 3817:
1.000000 0.125000 0.630642 0.111111
8.000000 1.000000 9.000000 1.460348
1.585685 0.111111 1.000000 0.111111
9.000000 0.684768 9.000000 1.000000

Matrix 3818:
1.000000 0.333333 2.000000 0.736234
3.000000 1.000000 2.000000 4.000000
0.500000 0.500000 1.000000 1.000000
1.358264 0.250000 1.000000 1.000000

Matrix 3819:
1.000000 1.472385 1.637381 2.000000
0.679170 1.000000 0.473463 1.525047
0.610731 2.112096 1.000000 4.000000
0.500000 0.655717 0.250000 1.000000

Matrix 3820:
1.000000 1.000000 0.333333 0.690614
1.000000 1.000000 0.142857 1.000000
3.000000 7.000000 1.000000 5.000000
1.447986 1.000000 0.200000 1.000000

Matrix 3821:
1.000000 0.111111 1.644753 0.111111
9.000000 1.000000 9.000000 2.000000
0.607994 0.111111 1.000000 0.142857
9.000000 0.500000 7.000000 1.000000

Matrix 3822:
1.000000 4.000000 3.563664 4.000000
0.250000 1.000000 2.020926 0.551193
0.280610 0.494823 1.000000 0.333333
0.250000 1.814246 3.000000 1.000000

Matrix 3823:
1.000000 7.041457 2.000000 8.000000
0.142016 1.000000 0.142857 0.435792
0.500000 7.000000 1.000000 4.000000
0.125000 2.294675 0.250000 1.000000

Matrix 3824:
1.000000 0.500000 1.000000 0.142857
2.000000 1.000000 2.000000 1.504776
1.000000 0.500000 1.000000 0.333333
7.000000 0.664551 3.000000 1.000000

Matrix 3825:
1.000000 3.590964 0.200000 2.290641
0.278477 1.000000 0.138189 0.250000
5.000000 7.236483 1.000000 6.000000
0.436559 4.000000 0.166667 1.000000

Matrix 3826:
1.000000 1.000000 8.000000 0.500000
1.000000 1.000000 7.000000 1.525241
0.125000 0.142857 1.000000 0.250000
2.000000 0.655634 4.000000 1.000000

Matrix 3827:
1.000000 1.662181 0.333333 1.244498
0.601619 1.000000 0.166667 2.153917
3.000000 6.000000 1.000000 7.000000
0.803537 0.464270 0.142857 1.000000

Matrix 3828:
1.000000 0.333333 0.581927 0.200000
3.000000 1.000000 1.986581 1.500063
1.718429 0.503377 1.000000 0.250000
5.000000 0.666639 4.000000 1.000000

Matrix 3829:
1.000000 0.594214 3.000000 4.000000
1.682894 1.000000 1.852809 3.000000
0.333333 0.539721 1.000000 1.827033
0.250000 0.333333 0.547336 1.000000

Matrix 3830:
1.000000 2.230111 6.350842 5.000000
0.448408 1.000000 7.000000 6.000000
0.157459 0.142857 1.000000 1.622612
0.200000 0.166667 0.616290 1.000000

Matrix 3831:
1.000000 7.000007 1.745272 0.731627
0.142857 1.000000 0.125000 0.125000
0.572977 8.000000 1.000000 1.468977
1.366816 8.000000 0.680746 1.000000

Matrix 3832:
1.000000 0.333333 1.741839 0.500000
3.000000 1.000000 5.000000 0.726791
0.574106 0.200000 1.000000 0.333333
2.000000 1.375912 3.000000 1.000000

Matrix 3833:
1.000000 0.125000 0.333333 3.000000
8.000000 1.000000 1.000000 7.000000
3.000000 1.000000 1.000000 8.257879
0.333333 0.142857 0.121096 1.000000

Matrix 3834:
1.000000 0.834436 1.629520 1.000000
1.198414 1.000000 1.000000 0.564258
0.613678 1.000000 1.000000 1.000000
1.000000 1.772238 1.000000 1.000000

Matrix 3835:
1.000000 0.648373 0.333333 0.200000
1.542322 1.000000 0.125000 0.125000
3.000000 8.000000 1.000000 0.420364
5.000000 8.000000 2.378888 1.000000

Matrix 3836:
1.000000 0.200774 0.250000 0.310225
4.980725 1.000000 5.338896 4.000000
4.000000 0.187305 1.000000 0.794343
3.223472 0.250000 1.258902 1.000000

Matrix 3837:
1.000000 1.713229 4.000000 5.000000
0.583693 1.000000 7.000000 3.434750
0.250000 0.142857 1.000000 0.737175
0.200000 0.291142 1.356529 1.000000

Matrix 3838:
1.000000 1.000000 0.665744 6.000000
1.000000 1.000000 1.000000 2.000000
1.502079 1.000000 1.000000 5.000000
0.166667 0.500000 0.200000 1.000000

Matrix 3839:
1.000000 0.125000 0.333333 1.559950
8.000000 1.000000 2.000000 7.000000
3.000000 0.500000 1.000000 2.000000
0.641046 0.142857 0.500000 1.000000

Matrix 3840:
1.000000 0.333333 0.200000 0.142857
3.000000 1.000000 1.000000 1.515147
5.000000 1.000000 1.000000 0.500000
7.000000 0.660002 2.000000 1.000000

Matrix 3841:
1.000000 6.000000 9.000000 5.000000
0.166667 1.000000 1.000000 0.521918
0.111111 1.000000 1.000000 0.333333
0.200000 1.916011 3.000000 1.000000

Matrix 3842:
1.000000 0.140998 0.166667 0.125000
7.092275 1.000000 1.362524 0.601520
6.000000 0.733932 1.000000 1.000000
8.000000 1.662456 1.000000 1.000000

Matrix 3843:
1.000000 0.333333 0.546883 0.125000
3.000000 1.000000 4.000000 1.186989
1.828544 0.250000 1.000000 0.200000
8.000000 0.842468 5.000000 1.000000

Matrix 3844:
1.000000 1.000000 2.000000 2.000000
1.000000 1.000000 1.000000 0.592103
0.500000 1.000000 1.000000 1.446672
0.500000 1.688895 0.691242 1.000000

Matrix 3845:
1.000000 1.279701 4.000000 4.000000
0.781432 1.000000 4.000000 2.115491
0.250000 0.250000 1.000000 0.509456
0.250000 0.472703 1.962879 1.000000

Matrix 3846:
1.000000 1.543828 0.500000 0.500000
0.647741 1.000000 1.000000 0.500000
2.000000 1.000000 1.000000 1.481799
2.000000 2.000000 0.674856 1.000000

Matrix 3847:
1.000000 0.434736 0.200000 1.761028
2.300246 1.000000 0.576985 8.000000
5.000000 1.733148 1.000000 8.000000
0.567850 0.125000 0.125000 1.000000

Matrix 3848:
1.000000 1.825274 2.000000 3.000000
0.547863 1.000000 2.103635 7.000000
0.500000 0.475368 1.000000 1.711056
0.333333 0.142857 0.584434 1.000000

Matrix 3849:
1.000000 0.500000 0.142857 0.606971
2.000000 1.000000 0.333333 3.000000
7.000000 3.000000 1.000000 5.000000
1.647525 0.333333 0.200000 1.000000

Matrix 3850:
1.000000 2.115448 5.000000 8.000000
0.472713 1.000000 3.000000 3.000000
0.200000 0.333333 1.000000 4.000000
0.125000 0.333333 0.250000 1.000000

Matrix 3851:
1.000000 7.000000 1.513710 8.000000
0.142857 1.000000 0.111111 1.000000
0.660628 9.000000 1.000000 9.000000
0.125000 1.000000 0.111111 1.000000

Matrix 3852:
1.000000 0.836997 1.515435 2.049966
1.194747 1.000000 0.500000 0.633938
0.659877 2.000000 1.000000 1.000000
0.487813 1.577441 1.000000 1.000000

Matrix 3853:
1.000000 0.500000 0.597123 0.500000
2.000000 1.000000 3.000000 0.536540
1.674696 0.333333 1.000000 0.500000
2.000000 1.863794 2.000000 1.000000

Matrix 3854:
1.000000 0.811798 1.382051 0.333333
1.231834 1.000000 0.500613 0.125000
0.723562 1.997550 1.000000 0.200000
3.000000 8.000000 5.000000 1.000000

Matrix 3855:
1.000000 1.000000 1.644976 0.111111
1.000000 1.000000 0.440523 0.125000
0.607911 2.270028 1.000000 0.125000
9.000000 8.000000 8.000000 1.000000

Matrix 3856:
1.000000 0.792275 1.000000 0.333333
1.262189 1.000000 0.639709 0.250000
1.000000 1.563210 1.000000 0.250000
3.000000 4.000000 4.000000 1.000000

Matrix 3857:
1.000000 1.508541 1.000000 1.730321
0.662892 1.000000 0.500000 0.544323
1.000000 2.000000 1.000000 2.000000
0.577928 1.837144 0.500000 1.000000

Matrix 3858:
1.000000 8.000000 8.000000 1.624168
0.125000 1.000000 1.000000 0.111111
0.125000 1.000000 1.000000 0.142857
0.615700 9.000000 7.000000 1.000000

Matrix 3859:
1.000000 8.000000 1.685176 4.000000
0.125000 1.000000 0.125000 1.540041
0.593410 8.000000 1.000000 8.000000
0.250000 0.649334 0.125000 1.000000

Matrix 3860:
1.000000 0.513745 1.200652 1.000000
1.946490 1.000000 0.755677 2.401575
0.832881 1.323317 1.000000 3.000000
1.000000 0.416393 0.333333 1.000000

Matrix 3861:
1.000000 0.200000 0.274888 0.676887
5.000000 1.000000 0.544552 4.000000
3.637848 1.836372 1.000000 6.000000
1.477352 0.250000 0.166667 1.000000

Matrix 3862:
1.000000 1.000000 2.272455 3.000000
1.000000 1.000000 9.000009 2.471309
0.440053 0.111111 1.000000 0.454934
0.333333 0.404644 2.198121 1.000000

Matrix 3863:
1.000000 0.583971 6.000000 2.000000
1.712414 1.000000 5.000000 7.000000
0.166667 0.200000 1.000000 0.500000
0.500000 0.142857 2.000000 1.000000

Matrix 3864:
1.000000 1.011343 0.711606 0.166667
0.988784 1.000000 1.444380 0.500000
1.405271 0.692339 1.000000 0.200000
6.000000 2.000000 5.000000 1.000000

Matrix 3865:
1.000000 1.794278 8.000000 8.201563
0.557327 1.000000 2.000000 7.000000
0.125000 0.500000 1.000000 4.000000
0.121928 0.142857 0.250000 1.000000

Matrix 3866:
1.000000 1.000000 0.351805 1.294572
1.000000 1.000000 1.000000 0.851045
2.842482 1.000000 1.000000 1.707462
0.772456 1.175026 0.585665 1.000000

Matrix 3867:
1.000000 0.524115 0.166667 0.250000
1.907978 1.000000 0.499331 1.329559
6.000000 2.002678 1.000000 1.000000
4.000000 0.752129 1.000000 1.000000

Matrix 3868:
1.000000 7.000007 1.000000 9.000000
0.142857 1.000000 0.125000 1.000000
1.000000 8.000000 1.000000 3.968827
0.111111 1.000000 0.251964 1.000000

Matrix 3869:
1.000000 1.000000 1.000000 1.570474
1.000000 1.000000 1.569499 5.000000
1.000000 0.637146 1.000000 3.791164
0.636751 0.200000 0.263771 1.000000

Matrix 3870:
1.000000 3.000000 7.000000 4.000000
0.333333 1.000000 7.000000 0.664186
0.142857 0.142857 1.000000 0.125000
0.250000 1.505601 8.000000 1.000000

Matrix 3871:
1.000000 9.000000 1.737231 9.000000
0.111111 1.000000 0.142857 0.617726
0.575629 7.000000 1.000000 8.000000
0.111111 1.618840 0.125000 1.000000

Matrix 3872:
1.000000 2.000000 2.000000 6.000000
0.500000 1.000000 2.000000 2.700056
0.500000 0.500000 1.000000 0.613347
0.166667 0.370363 1.630399 1.000000

Matrix 3873:
1.000000 9.000009 8.273768 7.000000
0.111111 1.000000 2.685764 0.411795
0.120864 0.372334 1.000000 0.333333
0.142857 2.428394 3.000000 1.000000

Matrix 3874:
1.000000 0.166667 0.142857 0.200000
6.000000 1.000000 0.458830 1.000000
7.000000 2.179458 1.000000 0.655919
5.000000 1.000000 1.524578 1.000000

Matrix 3875:
1.000000 1.000000 7.000007 4.000000
1.000000 1.000000 1.792737 2.000000
0.142857 0.557806 1.000000 0.618940
0.250000 0.500000 1.615666 1.000000

Matrix 3876:
1.000000 0.166667 1.443580 0.166667
6.000000 1.000000 5.000000 0.500000
0.692722 0.200000 1.000000 0.200000
6.000000 2.000000 5.000000 1.000000

Matrix 3877:
1.000000 1.000000 1.000000 9.000000
1.000000 1.000000 1.370710 7.000000
1.000000 0.729549 1.000000 9.000000
0.111111 0.142857 0.111111 1.000000

Matrix 3878:
1.000000 5.000000 1.619457 3.446566
0.200000 1.000000 0.200000 0.500000
0.617491 5.000000 1.000000 5.000000
0.290144 2.000000 0.200000 1.000000

Matrix 3879:
1.000000 1.000000 1.000000 1.053267
1.000000 1.000000 0.333333 1.520499
1.000000 3.000000 1.000000 5.000000
0.949427 0.657679 0.200000 1.000000

Matrix 3880:
1.000000 0.111111 2.000000 0.142857
9.000000 1.000000 4.000000 0.607791
0.500000 0.250000 1.000000 0.200000
7.000000 1.645302 5.000000 1.000000

Matrix 3881:
1.000000 0.616683 1.462400 6.000000
1.621578 1.000000 2.000000 5.000000
0.683807 0.500000 1.000000 6.000000
0.166667 0.200000 0.166667 1.000000

Matrix 3882:
1.000000 1.000000 2.928516 0.333333
1.000000 1.000000 4.000000 0.640768
0.341470 0.250000 1.000000 0.198226
3.000000 1.560627 5.044755 1.000000

Matrix 3883:
1.000000 8.000000 5.999988 4.000000
0.125000 1.000000 1.604739 0.333333
0.166667 0.623154 1.000000 1.121068
0.250000 3.000000 0.892006 1.000000

Matrix 3884:
1.000000 0.142857 0.250000 1.746727
7.000000 1.000000 3.000000 7.135305
4.000000 0.333333 1.000000 4.000000
0.572499 0.140148 0.250000 1.000000

Matrix 3885:
1.000000 0.827260 1.000000 9.000000
1.208810 1.000000 1.000000 5.000000
1.000000 1.000000 1.000000 4.000000
0.111111 0.200000 0.250000 1.000000

Matrix 3886:
1.000000 0.166667 0.142857 1.579290
6.000000 1.000000 1.000000 5.000000
7.000000 1.000000 1.000000 5.000000
0.633196 0.200000 0.200000 1.000000

Matrix 3887:
1.000000 1.455063 7.000000 5.000000
0.687255 1.000000 5.000000 9.000000
0.142857 0.200000 1.000000 1.571365
0.200000 0.111111 0.636389 1.000000

Matrix 3888:
1.000000 0.377469 0.300724 0.333333
2.649222 1.000000 0.250000 0.250000
3.325305 4.000000 1.000000 0.618023
3.000000 4.000000 1.618063 1.000000

Matrix 3889:
1.000000 0.522176 0.578134 0.250000
1.915063 1.000000 1.760251 2.279099
1.729703 0.568101 1.000000 0.500000
4.000000 0.438770 2.000000 1.000000

Matrix 3890:
1.000000 0.456966 0.485022 1.000000
2.188348 1.000000 0.517174 0.795160
2.061761 1.933584 1.000000 0.609952
1.000000 1.257609 1.639474 1.000000

Matrix 3891:
1.000000 0.114131 0.142857 0.166667
8.761897 1.000000 4.000000 5.000000
7.000000 0.250000 1.000000 2.000000
6.000000 0.200000 0.500000 1.000000

Matrix 3892:
1.000000 6.000000 4.000000 2.000000
0.166667 1.000000 0.500000 1.506662
0.250000 2.000000 1.000000 1.000000
0.500000 0.663719 1.000000 1.000000

Matrix 3893:
1.000000 2.000000 2.000000 1.000000
0.500000 1.000000 1.000000 1.000000
0.500000 1.000000 1.000000 1.365614
1.000000 1.000000 0.732271 1.000000

Matrix 3894:
1.000000 0.483116 1.000000 1.721178
2.069897 1.000000 3.000003 1.647464
1.000000 0.333333 1.000000 2.000000
0.580998 0.606993 0.500000 1.000000

Matrix 3895:
1.000000 4.000000 8.000000 5.000000
0.250000 1.000000 1.000000 1.000000
0.125000 1.000000 1.000000 1.337486
0.200000 1.000000 0.747671 1.000000

Matrix 3896:
1.000000 5.000000 8.549292 3.000000
0.200000 1.000000 5.000000 1.000000
0.116969 0.200000 1.000000 0.125000
0.333333 1.000000 8.000000 1.000000

Matrix 3897:
1.000000 0.500000 8.000000 7.000000
2.000000 1.000000 9.000000 8.000000
0.125000 0.111111 1.000000 1.349183
0.142857 0.125000 0.741189 1.000000

Matrix 3898:
1.000000 2.000000 5.438813 7.000000
0.500000 1.000000 5.000000 6.320298
0.183864 0.200000 1.000000 0.648364
0.142857 0.158220 1.542343 1.000000

Matrix 3899:
1.000000 9.000000 0.501714 2.000000
0.111111 1.000000 0.125000 0.333333
1.993168 8.000000 1.000000 9.000000
0.500000 3.000000 0.111111 1.000000

Matrix 3900:
1.000000 0.500000 3.000000 0.142857
2.000000 1.000000 8.000000 0.607588
0.333333 0.125000 1.000000 0.200000
7.000000 1.645852 5.000000 1.000000

Matrix 3901:
1.000000 0.111111 0.333333 2.000000
9.000000 1.000000 1.645572 4.000000
3.000000 0.607691 1.000000 7.000000
0.500000 0.250000 0.142857 1.000000

Matrix 3902:
1.000000 0.450869 0.504005 0.142857
2.217940 1.000000 1.000000 0.584446
1.984105 1.000000 1.000000 1.000000
7.000000 1.711023 1.000000 1.000000

Matrix 3903:
1.000000 1.000000 1.200567 0.333333
1.000000 1.000000 0.713542 1.046950
0.832939 1.401460 1.000000 0.652798
3.000000 0.955155 1.531868 1.000000

Matrix 3904:
1.000000 5.000000 3.000003 0.723174
0.200000 1.000000 1.113469 0.548462
0.333333 0.898094 1.000000 0.166667
1.382792 1.823280 6.000000 1.000000

Matrix 3905:
1.000000 0.166667 2.000000 0.142857
6.000000 1.000000 8.196775 1.000000
0.500000 0.121999 1.000000 0.166667
7.000000 1.000000 6.000000 1.000000

Matrix 3906:
1.000000 0.120389 0.250000 0.489045
8.306392 1.000000 4.000000 6.000000
4.000000 0.250000 1.000000 3.000000
2.044803 0.166667 0.333333 1.000000

Matrix 3907:
1.000000 7.000000 4.000000 7.000000
0.142857 1.000000 0.663778 0.500000
0.250000 1.506529 1.000000 0.333333
0.142857 2.000000 3.000000 1.000000

Matrix 3908:
1.000000 2.000000 1.000000 4.000000
0.500000 1.000000 1.503530 2.000000
1.000000 0.665102 1.000000 1.000000
0.250000 0.500000 1.000000 1.000000

Matrix 3909:
1.000000 0.500000 1.578060 0.333333
2.000000 1.000000 5.000000 1.000000
0.633689 0.200000 1.000000 0.500000
3.000000 1.000000 2.000000 1.000000

Matrix 3910:
1.000000 3.000003 0.957562 3.000000
0.333333 1.000000 1.389654 3.179861
1.044318 0.719604 1.000000 1.734008
0.333333 0.314479 0.576699 1.000000

Matrix 3911:
1.000000 8.000000 4.000000 7.000000
0.125000 1.000000 0.351331 0.250000
0.250000 2.846321 1.000000 1.000000
0.142857 4.000000 1.000000 1.000000

Matrix 3912:
1.000000 0.142857 0.165427 0.744004
7.000000 1.000000 1.778803 9.000000
6.044947 0.562176 1.000000 9.000000
1.344080 0.111111 0.111111 1.000000

Matrix 3913:
1.000000 0.405234 1.594600 0.377928
2.467709 1.000000 1.000000 0.500000
0.627117 1.000000 1.000000 0.200000
2.646008 2.000000 5.000000 1.000000

Matrix 3914:
1.000000 2.000000 4.000000 1.248737
0.500000 1.000000 1.916730 0.250000
0.250000 0.521722 1.000000 0.166667
0.800809 4.000000 6.000000 1.000000

Matrix 3915:
1.000000 0.111111 0.427064 2.383261
9.000000 1.000000 3.103799 8.000000
2.341569 0.322186 1.000000 4.000000
0.419593 0.125000 0.250000 1.000000

Matrix 3916:
1.000000 6.000000 1.740849 0.597299
0.166667 1.000000 0.500000 0.333333
0.574432 2.000000 1.000000 1.000000
1.674203 3.000000 1.000000 1.000000

Matrix 3917:
1.000000 0.543877 1.667844 0.250000
1.838652 1.000000 1.000000 1.000000
0.599576 1.000000 1.000000 0.333333
4.000000 1.000000 3.000000 1.000000

Matrix 3918:
1.000000 0.614431 0.166667 0.166667
1.627523 1.000000 0.125000 0.166667
6.000000 8.000000 1.000000 0.576160
6.000000 6.000000 1.735630 1.000000

Matrix 3919:
1.000000 0.250000 0.128675 1.000000
4.000000 1.000000 0.463943 9.000000
7.771534 2.155437 1.000000 6.829379
1.000000 0.111111 0.146426 1.000000

Matrix 3920:
1.000000 0.250000 0.596425 1.812675
4.000000 1.000000 2.000000 9.000000
1.676655 0.500000 1.000000 1.000000
0.551671 0.111111 1.000000 1.000000

Matrix 3921:
1.000000 0.500000 0.500000 1.614073
2.000000 1.000000 3.000000 4.000000
2.000000 0.333333 1.000000 1.000000
0.619551 0.250000 1.000000 1.000000

Matrix 3922:
1.000000 0.142857 0.153640 0.421717
7.000000 1.000000 0.330717 1.000000
6.508721 3.023737 1.000000 6.000000
2.371260 1.000000 0.166667 1.000000

Matrix 3923:
1.000000 0.250000 2.000000 0.166667
4.000000 1.000000 6.000000 0.699601
0.500000 0.166667 1.000000 0.250000
6.000000 1.429385 4.000000 1.000000

Matrix 3924:
1.000000 1.499958 0.662133 1.000000
0.666685 1.000000 1.000000 1.000000
1.510270 1.000000 1.000000 1.000000
1.000000 1.000000 1.000000 1.000000

Matrix 3925:
1.000000 0.125000 0.200000 0.142857
8.000000 1.000000 5.000000 0.664617
5.000000 0.200000 1.000000 0.500000
7.000000 1.504627 2.000000 1.000000

Matrix 3926:
1.000000 1.704394 0.615410 5.000000
0.586719 1.000000 1.000000 1.880205
1.624932 1.000000 1.000000 3.000000
0.200000 0.531857 0.333333 1.000000

Matrix 3927:
1.000000 0.125000 1.000000 2.187753
8.000000 1.000000 5.984053 6.000000
1.000000 0.167111 1.000000 2.097465
0.457090 0.166667 0.476766 1.000000

Matrix 3928:
1.000000 0.498584 3.000000 2.106294
2.005680 1.000000 2.000000 5.000000
0.333333 0.500000 1.000000 0.533676
0.474768 0.200000 1.873798 1.000000

Matrix 3929:
1.000000 7.000000 0.747608 3.000000
0.142857 1.000000 0.333333 0.333333
1.337600 3.000000 1.000000 2.000000
0.333333 3.000000 0.500000 1.000000

Matrix 3930:
1.000000 2.000000 1.209353 1.000000
0.500000 1.000000 0.333333 1.000000
0.826889 3.000000 1.000000 1.000000
1.000000 1.000000 1.000000 1.000000

Matrix 3931:
1.000000 5.000000 1.219140 6.000000
0.200000 1.000000 0.166667 3.000000
0.820250 6.000000 1.000000 7.000000
0.166667 0.333333 0.142857 1.000000

Matrix 3932:
1.000000 0.441964 0.250000 0.193027
2.262626 1.000000 0.377730 0.250000
4.000000 2.647395 1.000000 0.330959
5.180627 4.000000 3.021527 1.000000

Matrix 3933:
1.000000 1.000000 0.333333 0.500000
1.000000 1.000000 0.422636 0.500000
3.000000 2.366104 1.000000 0.688525
2.000000 2.000000 1.452379 1.000000

Matrix 3934:
1.000000 0.823548 0.490053 0.500000
1.214259 1.000000 0.250000 0.533492
2.040596 4.000000 1.000000 1.807420
2.000000 1.874441 0.553275 1.000000

Matrix 3935:
1.000000 0.113010 0.250000 1.000000
8.848768 1.000000 5.000000 6.000000
4.000000 0.200000 1.000000 1.000000
1.000000 0.166667 1.000000 1.000000

Matrix 3936:
1.000000 3.000003 1.796297 6.000000
0.333333 1.000000 1.987078 1.809949
0.556701 0.503251 1.000000 0.943635
0.166667 0.552502 1.059732 1.000000

Matrix 3937:
1.000000 7.858204 3.000000 3.000000
0.127256 1.000000 0.333333 0.333333
0.333333 3.000000 1.000000 1.000000
0.333333 3.000000 1.000000 1.000000

Matrix 3938:
1.000000 2.000000 4.326359 4.000000
0.500000 1.000000 0.813419 1.867787
0.231141 1.229378 1.000000 0.500000
0.250000 0.535393 2.000000 1.000000

Matrix 3939:
1.000000 0.333333 0.570016 1.429623
3.000000 1.000000 0.667188 2.854824
1.754338 1.498827 1.000000 1.000000
0.699485 0.350284 1.000000 1.000000

Matrix 3940:
1.000000 0.500000 1.000000 0.250000
2.000000 1.000000 3.000000 1.429409
1.000000 0.333333 1.000000 0.500000
4.000000 0.699590 2.000000 1.000000

Matrix 3941:
1.000000 0.250000 0.849421 0.757766
4.000000 1.000000 5.000000 1.022789
1.177273 0.200000 1.000000 0.200000
1.319668 0.977719 5.000000 1.000000

Matrix 3942:
1.000000 3.135225 8.000000 8.000000
0.318956 1.000000 0.635538 1.653292
0.125000 1.573471 1.000000 1.000000
0.125000 0.604854 1.000000 1.000000

Matrix 3943:
1.000000 0.518983 0.250000 1.000000
1.926845 1.000000 2.000000 4.000000
4.000000 0.500000 1.000000 5.000000
1.000000 0.250000 0.200000 1.000000

Matrix 3944:
1.000000 1.912831 7.000000 9.000000
0.522785 1.000000 3.000000 1.429608
0.142857 0.333333 1.000000 2.000000
0.111111 0.699492 0.500000 1.000000

Matrix 3945:
1.000000 4.000000 4.000000 2.000000
0.250000 1.000000 0.457526 1.570032
0.250000 2.185667 1.000000 1.000000
0.500000 0.636930 1.000000 1.000000

Matrix 3946:
1.000000 2.000000 0.714298 1.537097
0.500000 1.000000 0.500000 0.500000
1.399976 2.000000 1.000000 0.695121
0.650577 2.000000 1.438599 1.000000

Matrix 3947:
1.000000 1.000000 2.144130 0.588043
1.000000 1.000000 0.555321 0.166667
0.466390 1.800759 1.000000 0.200000
1.700556 6.000000 5.000000 1.000000

Matrix 3948:
1.000000 0.513450 0.200000 0.129004
1.947610 1.000000 0.125000 0.200000
5.000000 8.000000 1.000000 0.582866
7.751681 5.000000 1.715661 1.000000

Matrix 3949:
1.000000 0.500000 1.368722 1.518006
2.000000 1.000000 2.000000 8.000000
0.730609 0.500000 1.000000 4.000000
0.658759 0.125000 0.250000 1.000000

Matrix 3950:
1.000000 5.000000 1.975726 2.000000
0.200000 1.000000 0.632451 1.274243
0.506143 1.581149 1.000000 1.000000
0.500000 0.784779 1.000000 1.000000

Matrix 3951:
1.000000 4.000000 1.000000 8.000000
0.250000 1.000000 0.111111 1.603026
1.000000 9.000000 1.000000 3.000000
0.125000 0.623820 0.333333 1.000000

Matrix 3952:
1.000000 1.000000 0.250000 0.111111
1.000000 1.000000 0.166667 0.199854
4.000000 6.000000 1.000000 0.500000
9.000000 5.003663 2.000000 1.000000

Matrix 3953:
1.000000 0.639298 9.000009 1.773194
1.564216 1.000000 3.952650 1.000000
0.111111 0.252995 1.000000 0.166667
0.563954 1.000000 6.000000 1.000000

Matrix 3954:
1.000000 5.000000 0.550738 8.000000
0.200000 1.000000 0.166667 1.464695
1.815746 6.000000 1.000000 6.000000
0.125000 0.682736 0.166667 1.000000

Matrix 3955:
1.000000 0.463413 1.732506 4.000000
2.157902 1.000000 8.000000 7.867999
0.577199 0.125000 1.000000 3.000000
0.250000 0.127097 0.333333 1.000000

Matrix 3956:
1.000000 1.379802 1.000000 0.542262
0.724742 1.000000 1.000000 1.000000
1.000000 1.000000 1.000000 0.500000
1.844128 1.000000 2.000000 1.000000

Matrix 3957:
1.000000 4.000000 9.000000 4.000000
0.250000 1.000000 6.000000 1.644027
0.111111 0.166667 1.000000 0.166667
0.250000 0.608263 6.000000 1.000000

Matrix 3958:
1.000000 0.387231 2.593742 0.500000
2.582435 1.000000 3.000003 1.054883
0.385543 0.333333 1.000000 0.111111
2.000000 0.947973 9.000000 1.000000

Matrix 3959:
1.000000 0.501885 7.000007 3.000000
1.992488 1.000000 4.196048 1.641289
0.142857 0.238319 1.000000 0.250000
0.333333 0.609277 4.000000 1.000000

Matrix 3960:
1.000000 1.841551 0.765374 1.000000
0.543021 1.000000 1.454134 0.500000
1.306551 0.687694 1.000000 1.000000
1.000000 2.000000 1.000000 1.000000

Matrix 3961:
1.000000 2.000000 1.000000 1.048072
0.500000 1.000000 1.696043 0.544126
1.000000 0.589608 1.000000 0.333333
0.954133 1.837811 3.000000 1.000000

Matrix 3962:
1.000000 0.500000 0.559179 0.500000
2.000000 1.000000 1.954436 0.651646
1.788338 0.511657 1.000000 1.476441
2.000000 1.534575 0.677305 1.000000

Matrix 3963:
1.000000 0.125000 0.125000 0.605987
8.000000 1.000000 0.542551 6.532900
8.000000 1.843145 1.000000 9.000000
1.650201 0.153071 0.111111 1.000000

Matrix 3964:
1.000000 1.000000 0.125000 0.200000
1.000000 1.000000 0.166667 0.500000
8.000000 6.000000 1.000000 0.660416
5.000000 2.000000 1.514198 1.000000

Matrix 3965:
1.000000 0.500000 0.577113 1.000000
2.000000 1.000000 3.000003 3.664493
1.732762 0.333333 1.000000 0.702587
1.000000 0.272889 1.423312 1.000000

Matrix 3966:
1.000000 0.500000 1.834336 0.500000
2.000000 1.000000 1.545500 2.000000
0.545156 0.647040 1.000000 0.280647
2.000000 0.500000 3.563200 1.000000

Matrix 3967:
1.000000 1.878872 4.000000 1.000000
0.532234 1.000000 1.826810 0.435816
0.250000 0.547402 1.000000 0.718126
1.000000 2.294547 1.392514 1.000000

Matrix 3968:
1.000000 0.142857 0.111111 0.500812
7.000000 1.000000 1.000000 1.000000
9.000000 1.000000 1.000000 3.000000
1.996756 1.000000 0.333333 1.000000

Matrix 3969:
1.000000 6.000000 3.000000 6.000000
0.166667 1.000000 0.458669 1.580576
0.333333 2.180220 1.000000 2.000000
0.166667 0.632681 0.500000 1.000000

Matrix 3970:
1.000000 1.534944 6.000000 1.000000
0.651490 1.000000 6.000000 2.024981
0.166667 0.166667 1.000000 0.506658
1.000000 0.493832 1.973718 1.000000

Matrix 3971:
1.000000 1.567616 5.547535 8.000000
0.637911 1.000000 9.000009 4.000000
0.180260 0.111111 1.000000 0.698183
0.125000 0.250000 1.432288 1.000000

Matrix 3972:
1.000000 0.606393 9.000000 7.000000
1.649097 1.000000 5.000000 3.000000
0.111111 0.200000 1.000000 1.000000
0.142857 0.333333 1.000000 1.000000

Matrix 3973:
1.000000 4.000000 0.200000 1.754061
0.250000 1.000000 0.112302 0.333333
5.000000 8.904541 1.000000 5.000000
0.570106 3.000000 0.200000 1.000000

Matrix 3974:
1.000000 0.142857 0.166667 1.000000
7.000000 1.000000 4.000000 7.224933
6.000000 0.250000 1.000000 4.000000
1.000000 0.138410 0.250000 1.000000

Matrix 3975:
1.000000 0.200000 0.166667 0.142857
5.000000 1.000000 1.978678 1.805418
6.000000 0.505388 1.000000 1.000000
7.000000 0.553888 1.000000 1.000000

Matrix 3976:
1.000000 0.200000 0.333333 1.000000
5.000000 1.000000 1.514583 5.000000
3.000000 0.660248 1.000000 5.000000
1.000000 0.200000 0.200000 1.000000

Matrix 3977:
1.000000 0.200000 0.124816 0.333333
5.000000 1.000000 0.200000 0.577625
8.011815 5.000000 1.000000 2.000000
3.000000 1.731228 0.500000 1.000000

Matrix 3978:
1.000000 0.142857 1.000000 0.500000
7.000000 1.000000 2.000000 6.000000
1.000000 0.500000 1.000000 1.638755
2.000000 0.166667 0.610219 1.000000

Matrix 3979:
1.000000 0.200000 0.678809 0.333333
5.000000 1.000000 4.000000 3.000000
1.473169 0.250000 1.000000 0.250000
3.000000 0.333333 4.000000 1.000000

Matrix 3980:
1.000000 0.932382 2.091677 0.678162
1.072522 1.000000 1.609395 1.631091
0.478085 0.621351 1.000000 0.250000
1.474574 0.613087 4.000000 1.000000

Matrix 3981:
1.000000 7.000000 7.000000 0.622726
0.142857 1.000000 3.000000 0.200000
0.142857 0.333333 1.000000 0.111111
1.605842 5.000000 9.000000 1.000000

Matrix 3982:
1.000000 1.000000 1.429179 1.000000
1.000000 1.000000 2.306237 0.874357
0.699702 0.433607 1.000000 2.000000
1.000000 1.143698 0.500000 1.000000

Matrix 3983:
1.000000 0.742028 0.111111 1.261758
1.347657 1.000000 0.142857 0.461087
9.000000 7.000000 1.000000 3.000000
0.792545 2.168787 0.333333 1.000000

Matrix 3984:
1.000000 1.674547 4.000000 0.688646
0.597176 1.000000 1.926937 1.000000
0.250000 0.518958 1.000000 0.200000
1.452125 1.000000 5.000000 1.000000

Matrix 3985:
1.000000 0.563046 0.200000 1.000000
1.776053 1.000000 0.333333 0.688736
5.000000 3.000000 1.000000 4.000000
1.000000 1.451936 0.250000 1.000000

Matrix 3986:
1.000000 1.000000 0.644724 2.448631
1.000000 1.000000 1.222371 1.000000
1.551052 0.818083 1.000000 2.134605
0.408392 1.000000 0.468471 1.000000

Matrix 3987:
1.000000 2.175494 0.200000 0.166667
0.459666 1.000000 0.153534 0.333333
5.000000 6.513233 1.000000 3.000000
6.000000 3.000000 0.333333 1.000000

Matrix 3988:
1.000000 1.000000 0.616729 0.142857
1.000000 1.000000 1.618228 0.142857
1.621458 0.617960 1.000000 0.166667
7.000000 7.000000 6.000000 1.000000

Matrix 3989:
1.000000 2.401392 9.000009 8.824989
0.416425 1.000000 7.000007 6.000000
0.111111 0.142857 1.000000 3.000000
0.113315 0.166667 0.333333 1.000000

Matrix 3990:
1.000000 0.250000 0.142857 2.000000
4.000000 1.000000 1.513627 8.000000
7.000000 0.660665 1.000000 5.000000
0.500000 0.125000 0.200000 1.000000

Matrix 3991:
1.000000 0.333333 1.607241 0.125000
3.000000 1.000000 5.000000 1.000000
0.622184 0.200000 1.000000 0.250000
8.000000 1.000000 4.000000 1.000000

Matrix 3992:
1.000000 4.000000 2.000000 1.000000
0.250000 1.000000 1.235787 0.510054
0.500000 0.809201 1.000000 1.180047
1.000000 1.960576 0.847424 1.000000

Matrix 3993:
1.000000 0.111111 0.250000 0.200000
9.000000 1.000000 6.000000 6.000000
4.000000 0.166667 1.000000 0.606663
5.000000 0.166667 1.648362 1.000000

Matrix 3994:
1.000000 0.977645 4.000000 7.000000
1.022866 1.000000 2.000000 2.000000
0.250000 0.500000 1.000000 1.000000
0.142857 0.500000 1.000000 1.000000

Matrix 3995:
1.000000 3.000000 0.333333 0.500000
0.333333 1.000000 0.123499 0.200000
3.000000 8.097251 1.000000 2.284305
2.000000 5.000000 0.437770 1.000000

Matrix 3996:
1.000000 0.471990 3.923316 0.200000
2.118689 1.000000 2.978755 0.768682
0.254886 0.335711 1.000000 0.111111
5.000000 1.300928 9.000000 1.000000

Matrix 3997:
1.000000 1.461689 1.563475 1.000000
0.684140 1.000000 0.500000 1.888376
0.639601 2.000000 1.000000 1.780221
1.000000 0.529556 0.561728 1.000000

Matrix 3998:
1.000000 0.200000 4.000000 3.000000
5.000000 1.000000 6.000000 9.000000
0.250000 0.166667 1.000000 0.825270
0.333333 0.111111 1.211725 1.000000

Matrix 3999:
1.000000 1.139695 0.250000 0.500000
0.877428 1.000000 0.876237 0.358356
4.000000 1.141243 1.000000 1.000000
2.000000 2.790519 1.000000 1.000000

Matrix 4000:
1.000000 0.153384 0.250000 0.125000
6.519574 1.000000 1.000000 1.635144
4.000000 1.000000 1.000000 0.605273
8.000000 0.611567 1.652147 1.000000

Matrix 4001:
1.000000 0.691961 0.125000 0.142857
1.445169 1.000000 0.166667 0.125000
8.000000 6.000000 1.000000 1.000000
7.000000 8.000000 1.000000 1.000000

Matrix 4002:
1.000000 1.819114 2.000000 0.436087
0.549718 1.000000 1.936792 0.166667
0.500000 0.516318 1.000000 0.125000
2.293122 6.000000 8.000000 1.000000

Matrix 4003:
1.000000 1.623605 2.690951 0.969510
0.615913 1.000000 2.000000 0.583962
0.371616 0.500000 1.000000 1.298023
1.031448 1.712439 0.770402 1.000000

Matrix 4004:
1.000000 6.000000 0.637336 7.000000
0.166667 1.000000 0.142857 3.000000
1.569031 7.000000 1.000000 8.000000
0.142857 0.333333 0.125000 1.000000

Matrix 4005:
1.000000 2.065614 2.637927 1.000000
0.484117 1.000000 1.000000 1.212014
0.379086 1.000000 1.000000 1.000000
1.000000 0.825073 1.000000 1.000000

Matrix 4006:
1.000000 1.324361 0.525305 0.142857
0.755081 1.000000 0.388959 0.250000
1.903658 2.570966 1.000000 0.250000
7.000000 4.000000 4.000000 1.000000

Matrix 4007:
1.000000 1.000000 0.593251 2.825863
1.000000 1.000000 0.424407 2.062463
1.685627 2.356230 1.000000 3.000000
0.353874 0.484857 0.333333 1.000000

Matrix 4008:
1.000000 0.333333 0.120421 0.333333
3.000000 1.000000 0.166667 1.000000
8.304203 6.000000 1.000000 3.000000
3.000000 1.000000 0.333333 1.000000

Matrix 4009:
1.000000 3.000000 7.000000 0.820466
0.333333 1.000000 7.000000 1.000000
0.142857 0.142857 1.000000 0.250000
1.218820 1.000000 4.000000 1.000000

Matrix 4010:
1.000000 0.654389 3.000000 7.000000
1.528143 1.000000 7.000000 7.000000
0.333333 0.142857 1.000000 1.000000
0.142857 0.142857 1.000000 1.000000

Matrix 4011:
1.000000 6.000000 6.000000 8.000000
0.166667 1.000000 0.694457 0.333333
0.166667 1.439975 1.000000 0.333333
0.125000 3.000000 3.000000 1.000000

Matrix 4012:
1.000000 8.835017 8.000000 3.000000
0.113186 1.000000 1.000000 0.200000
0.125000 1.000000 1.000000 0.166667
0.333333 5.000000 6.000000 1.000000

Matrix 4013:
1.000000 1.000000 0.622849 7.000000
1.000000 1.000000 0.500000 3.000000
1.605526 2.000000 1.000000 9.000000
0.142857 0.333333 0.111111 1.000000

Matrix 4014:
1.000000 7.000007 1.657880 8.000000
0.142857 1.000000 0.111111 1.773154
0.603180 9.000000 1.000000 8.000000
0.125000 0.563967 0.125000 1.000000

Matrix 4015:
1.000000 0.250000 3.000000 3.000000
4.000000 1.000000 6.000000 5.000000
0.333333 0.166667 1.000000 1.610125
0.333333 0.200000 0.621070 1.000000

Matrix 4016:
1.000000 1.000000 9.000000 5.000000
1.000000 1.000000 7.000000 3.000000
0.111111 0.142857 1.000000 1.646127
0.200000 0.333333 0.607487 1.000000

Matrix 4017:
1.000000 0.200000 0.142857 0.333333
5.000000 1.000000 0.500000 1.376755
7.000000 2.000000 1.000000 0.719845
3.000000 0.726346 1.389189 1.000000

Matrix 4018:
1.000000 6.000000 1.000000 1.216835
0.166667 1.000000 0.166667 0.125000
1.000000 6.000000 1.000000 0.500000
0.821804 8.000000 2.000000 1.000000

Matrix 4019:
1.000000 9.000000 9.000000 0.689205
0.111111 1.000000 3.000000 0.125000
0.111111 0.333333 1.000000 0.142857
1.450948 8.000000 7.000000 1.000000

Matrix 4020:
1.000000 5.000000 2.042648 0.500000
0.200000 1.000000 0.333333 0.111111
0.489561 3.000000 1.000000 0.200000
2.000000 9.000000 5.000000 1.000000

Matrix 4021:
1.000000 8.000000 6.000000 6.000000
0.125000 1.000000 0.614790 0.564162
0.166667 1.626572 1.000000 0.500000
0.166667 1.772542 2.000000 1.000000

Matrix 4022:
1.000000 1.000000 2.017505 0.603631
1.000000 1.000000 1.000000 1.000000
0.495662 1.000000 1.000000 0.534828
1.656640 1.000000 1.869761 1.000000

Matrix 4023:
1.000000 0.142857 0.200000 0.111111
7.000000 1.000000 3.000000 1.542966
5.000000 0.333333 1.000000 0.478907
9.000000 0.648102 2.088087 1.000000

Matrix 4024:
1.000000 0.473789 2.000000 0.430680
2.110643 1.000000 2.193081 0.988327
0.500000 0.455980 1.000000 1.000000
2.321910 1.011810 1.000000 1.000000

Matrix 4025:
1.000000 0.615277 0.111111 0.200000
1.625284 1.000000 0.200000 0.250000
9.000000 5.000000 1.000000 0.592440
5.000000 4.000000 1.687936 1.000000

Matrix 4026:
1.000000 4.000000 9.000000 2.000000
0.250000 1.000000 1.654847 0.125000
0.111111 0.604286 1.000000 0.200000
0.500000 8.000000 5.000000 1.000000

Matrix 4027:
1.000000 4.000000 6.000000 0.690020
0.250000 1.000000 1.000000 0.111111
0.166667 1.000000 1.000000 0.250000
1.449233 9.000000 4.000000 1.000000

Matrix 4028:
1.000000 1.555749 0.333333 1.000000
0.642777 1.000000 0.333333 2.000000
3.000000 3.000000 1.000000 3.000000
1.000000 0.500000 0.333333 1.000000

Matrix 4029:
1.000000 1.000000 2.004902 2.543826
1.000000 1.000000 0.732219 3.000000
0.498778 1.365711 1.000000 2.000000
0.393109 0.333333 0.500000 1.000000

Matrix 4030:
1.000000 1.228459 3.000000 9.000000
0.814028 1.000000 1.039403 2.000000
0.333333 0.962091 1.000000 1.000000
0.111111 0.500000 1.000000 1.000000

Matrix 4031:
1.000000 2.000000 2.000000 0.125000
0.500000 1.000000 0.688180 0.250000
0.500000 1.453108 1.000000 0.200000
8.000000 4.000000 5.000000 1.000000

Matrix 4032:
1.000000 3.000000 0.333333 1.602094
0.333333 1.000000 0.142857 0.500000
3.000000 7.000000 1.000000 3.000000
0.624183 2.000000 0.333333 1.000000

Matrix 4033:
1.000000 1.000000 0.200000 1.000000
1.000000 1.000000 0.250000 0.593366
5.000000 4.000000 1.000000 7.000000
1.000000 1.685301 0.142857 1.000000

Matrix 4034:
1.000000 1.750828 1.000000 1.290205
0.571158 1.000000 1.572608 0.500000
1.000000 0.635887 1.000000 0.433686
0.775071 2.000000 2.305818 1.000000

Matrix 4035:
1.000000 0.142857 1.168403 0.536666
7.000000 1.000000 3.000003 9.000000
0.855869 0.333333 1.000000 1.682097
1.863357 0.111111 0.594496 1.000000

Matrix 4036:
1.000000 0.166667 0.125000 1.387709
6.000000 1.000000 1.618812 5.000000
8.000000 0.617737 1.000000 5.000000
0.720612 0.200000 0.200000 1.000000

Matrix 4037:
1.000000 1.000000 0.250000 0.166667
1.000000 1.000000 0.250000 0.502675
4.000000 4.000000 1.000000 0.609094
6.000000 1.989355 1.641783 1.000000

Matrix 4038:
1.000000 0.500000 0.333333 1.000000
2.000000 1.000000 0.575825 0.652639
3.000000 1.736639 1.000000 1.011657
1.000000 1.532241 0.988477 1.000000

Matrix 4039:
1.000000 1.608164 0.621429 5.000000
0.621827 1.000000 1.000000 3.000000
1.609194 1.000000 1.000000 5.040410
0.200000 0.333333 0.198397 1.000000

Matrix 4040:
1.000000 1.523377 1.751823 0.369016
0.656436 1.000000 1.168407 0.526215
0.570834 0.855866 1.000000 0.963381
2.709910 1.900362 1.038011 1.000000

Matrix 4041:
1.000000 8.000000 2.262546 3.000000
0.125000 1.000000 0.616933 1.749535
0.441980 1.620920 1.000000 3.000000
0.333333 0.571580 0.333333 1.000000

Matrix 4042:
1.000000 1.514763 0.333333 2.000000
0.660169 1.000000 1.000000 1.000000
3.000000 1.000000 1.000000 3.000000
0.500000 1.000000 0.333333 1.000000

Matrix 4043:
1.000000 0.250000 1.613519 0.111111
4.000000 1.000000 4.000000 1.000000
0.619763 0.250000 1.000000 0.333333
9.000000 1.000000 3.000000 1.000000

Matrix 4044:
1.000000 7.845467 6.000000 7.000000
0.127462 1.000000 0.500000 0.250000
0.166667 2.000000 1.000000 1.708274
0.142857 4.000000 0.585386 1.000000

Matrix 4045:
1.000000 1.000000 2.000000 0.565548
1.000000 1.000000 1.509620 0.469963
0.500000 0.662418 1.000000 1.000000
1.768196 2.127826 1.000000 1.000000

Matrix 4046:
1.000000 2.000000 1.654015 8.000000
0.500000 1.000000 0.568865 4.000000
0.604590 1.757886 1.000000 7.000000
0.125000 0.250000 0.142857 1.000000

Matrix 4047:
1.000000 0.644721 1.277205 0.200000
1.551059 1.000000 0.530939 0.111111
0.782960 1.883457 1.000000 0.125000
5.000000 9.000000 8.000000 1.000000

Matrix 4048:
1.000000 1.000000 0.584589 3.000000
1.000000 1.000000 1.644409 3.000000
1.710602 0.608121 1.000000 4.000000
0.333333 0.333333 0.250000 1.000000

Matrix 4049:
1.000000 0.111111 0.142857 1.227769
9.000000 1.000000 0.500000 7.000000
7.000000 2.000000 1.000000 4.000000
0.814485 0.142857 0.250000 1.000000

Matrix 4050:
1.000000 0.145295 0.200000 0.166667
6.882571 1.000000 2.000000 1.796343
5.000000 0.500000 1.000000 3.000000
6.000000 0.556687 0.333333 1.000000

Matrix 4051:
1.000000 3.000000 2.000000 1.000000
0.333333 1.000000 0.500000 0.584451
0.500000 2.000000 1.000000 2.000000
1.000000 1.711007 0.500000 1.000000

Matrix 4052:
1.000000 0.125000 0.111111 0.558621
8.000000 1.000000 1.848757 8.000000
9.000000 0.540904 1.000000 9.000000
1.790124 0.125000 0.111111 1.000000

Matrix 4053:
1.000000 0.581882 1.000000 1.498181
1.718562 1.000000 5.000000 1.000000
1.000000 0.200000 1.000000 0.631447
0.667476 1.000000 1.583663 1.000000

Matrix 4054:
1.000000 2.033287 1.589647 0.560941
0.491814 1.000000 1.000000 0.500000
0.629070 1.000000 1.000000 1.096772
1.782718 2.000000 0.911766 1.000000

Matrix 4055:
1.000000 0.901453 2.000000 1.000000
1.109320 1.000000 1.407565 0.766508
0.500000 0.710447 1.000000 1.340648
1.000000 1.304618 0.745908 1.000000

Matrix 4056:
1.000000 0.250000 0.532967 1.751030
4.000000 1.000000 4.000000 6.000000
1.876288 0.250000 1.000000 2.000000
0.571092 0.166667 0.500000 1.000000

Matrix 4057:
1.000000 0.500000 0.166667 1.490435
2.000000 1.000000 0.166667 2.000000
6.000000 6.000000 1.000000 8.632814
0.670945 0.500000 0.115837 1.000000

Matrix 4058:
1.000000 0.387495 0.250000 0.500000
2.580676 1.000000 1.969428 0.598723
4.000000 0.507762 1.000000 0.689393
2.000000 1.670222 1.450551 1.000000

Matrix 4059:
1.000000 0.210541 0.250000 0.200000
4.749665 1.000000 1.000000 0.540733
4.000000 1.000000 1.000000 1.853551
5.000000 1.849343 0.539505 1.000000

Matrix 4060:
1.000000 0.111111 0.111111 0.142857
9.000000 1.000000 1.000000 0.744710
9.000000 1.000000 1.000000 2.000000
7.000000 1.342805 0.500000 1.000000

Matrix 4061:
1.000000 1.000000 6.000000 1.602011
1.000000 1.000000 8.000000 0.500000
0.166667 0.125000 1.000000 0.111111
0.624215 2.000000 9.000000 1.000000

Matrix 4062:
1.000000 0.166667 0.125000 0.333333
6.000000 1.000000 1.430905 6.000000
8.000000 0.698858 1.000000 6.000000
3.000000 0.166667 0.166667 1.000000

Matrix 4063:
1.000000 1.000000 0.125000 1.442893
1.000000 1.000000 0.111111 1.000000
8.000000 9.000000 1.000000 9.000000
0.693052 1.000000 0.111111 1.000000

Matrix 4064:
1.000000 1.627475 2.000000 0.333333
0.614449 1.000000 1.000000 0.250000
0.500000 1.000000 1.000000 0.250000
3.000000 4.000000 4.000000 1.000000

Matrix 4065:
1.000000 0.500000 0.857705 1.000000
2.000000 1.000000 5.000000 5.997374
1.165901 0.200000 1.000000 0.602921
1.000000 0.166740 1.658593 1.000000

Matrix 4066:
1.000000 0.500000 0.591327 1.000000
2.000000 1.000000 1.000000 4.000000
1.691113 1.000000 1.000000 1.064518
1.000000 0.250000 0.939392 1.000000

Matrix 4067:
1.000000 0.646631 9.000000 5.000000
1.546478 1.000000 5.000000 7.000000
0.111111 0.200000 1.000000 0.679441
0.200000 0.142857 1.471797 1.000000

Matrix 4068:
1.000000 1.697005 3.597984 1.000000
0.589273 1.000000 3.000003 1.780676
0.277933 0.333333 1.000000 0.333333
1.000000 0.561585 3.000000 1.000000

Matrix 4069:
1.000000 4.000000 1.000000 0.614163
0.250000 1.000000 0.250000 0.250000
1.000000 4.000000 1.000000 1.519636
1.628233 4.000000 0.658052 1.000000

Matrix 4070:
1.000000 0.500000 0.250000 5.000000
2.000000 1.000000 0.502362 4.000000
4.000000 1.990595 1.000000 8.000000
0.200000 0.250000 0.125000 1.000000

Matrix 4071:
1.000000 3.000000 1.000000 1.000000
0.333333 1.000000 0.500000 0.111111
1.000000 2.000000 1.000000 0.470626
1.000000 9.000000 2.124830 1.000000

Matrix 4072:
1.000000 9.000000 0.500000 1.000000
0.111111 1.000000 0.200000 0.142857
2.000000 5.000000 1.000000 1.565397
1.000000 7.000000 0.638816 1.000000

Matrix 4073:
1.000000 0.500000 4.000000 0.200000
2.000000 1.000000 7.219046 1.000000
0.250000 0.138522 1.000000 0.125000
5.000000 1.000000 8.000000 1.000000

Matrix 4074:
1.000000 3.000000 0.200000 0.333333
0.333333 1.000000 0.130144 0.111111
5.000000 7.683824 1.000000 1.739974
3.000000 9.000000 0.574721 1.000000

Matrix 4075:
1.000000 9.000000 8.000000 2.000000
0.111111 1.000000 0.592946 0.200000
0.125000 1.686493 1.000000 0.500000
0.500000 5.000000 2.000000 1.000000

Matrix 4076:
1.000000 0.500000 4.000000 4.000000
2.000000 1.000000 1.988230 3.000000
0.250000 0.502960 1.000000 1.000000
0.250000 0.333333 1.000000 1.000000

Matrix 4077:
1.000000 1.208666 8.000000 2.000000
0.827358 1.000000 9.000000 4.000000
0.125000 0.111111 1.000000 0.166667
0.500000 0.250000 6.000000 1.000000

Matrix 4078:
1.000000 0.125000 0.250000 1.000000
8.000000 1.000000 1.601362 3.000000
4.000000 0.624468 1.000000 8.000000
1.000000 0.333333 0.125000 1.000000

Matrix 4079:
1.000000 9.000009 1.267606 0.831486
0.111111 1.000000 0.121995 0.333333
0.788889 8.197033 1.000000 2.000000
1.202666 3.000000 0.500000 1.000000

Matrix 4080:
1.000000 0.250000 2.240807 4.000000
4.000000 1.000000 7.000000 7.689561
0.446268 0.142857 1.000000 3.000000
0.250000 0.130046 0.333333 1.000000

Matrix 4081:
1.000000 1.000000 0.333333 0.333333
1.000000 1.000000 1.000000 0.500788
3.000000 1.000000 1.000000 1.707332
3.000000 1.996852 0.585709 1.000000

Matrix 4082:
1.000000 0.979110 9.000009 2.068719
1.021336 1.000000 5.999988 0.801862
0.111111 0.166667 1.000000 0.142857
0.483391 1.247097 7.000000 1.000000

Matrix 4083:
1.000000 0.555887 1.782257 2.000000
1.798927 1.000000 2.000000 4.000000
0.561086 0.500000 1.000000 1.000000
0.500000 0.250000 1.000000 1.000000

Matrix 4084:
1.000000 1.000000 1.768785 1.000000
1.000000 1.000000 0.500000 1.067392
0.565360 2.000000 1.000000 0.604032
1.000000 0.936863 1.655541 1.000000

Matrix 4085:
1.000000 0.250000 3.000003 2.269220
4.000000 1.000000 7.139271 9.000000
0.333333 0.140070 1.000000 0.394767
0.440680 0.111111 2.533138 1.000000

Matrix 4086:
1.000000 1.870299 6.000000 0.200000
0.534674 1.000000 3.000000 0.250000
0.166667 0.333333 1.000000 0.112387
5.000000 4.000000 8.897866 1.000000

Matrix 4087:
1.000000 7.000000 0.623846 4.000000
0.142857 1.000000 0.142857 2.000000
1.602960 7.000000 1.000000 4.000000
0.250000 0.500000 0.250000 1.000000

Matrix 4088:
1.000000 0.475270 2.049820 3.000000
2.104068 1.000000 1.000000 4.000000
0.487848 1.000000 1.000000 2.568617
0.333333 0.250000 0.389315 1.000000

Matrix 4089:
1.000000 1.638371 1.351896 1.000000
0.610363 1.000000 2.000000 1.000000
0.739702 0.500000 1.000000 0.565692
1.000000 1.000000 1.767747 1.000000

Matrix 4090:
1.000000 1.000000 2.174274 1.000000
1.000000 1.000000 3.000000 1.000000
0.459924 0.333333 1.000000 1.485192
1.000000 1.000000 0.673314 1.000000

Matrix 4091:
1.000000 0.166667 0.591531 0.500000
6.000000 1.000000 5.999988 2.922785
1.690528 0.166667 1.000000 0.549839
2.000000 0.342139 1.818713 1.000000

Matrix 4092:
1.000000 0.142857 0.564523 1.000000
7.000000 1.000000 3.000003 9.000000
1.771408 0.333333 1.000000 0.706995
1.000000 0.111111 1.414437 1.000000

Matrix 4093:
1.000000 0.142857 0.142857 0.111111
7.000000 1.000000 0.601687 1.000000
7.000000 1.661994 1.000000 1.708246
9.000000 1.000000 0.585396 1.000000

Matrix 4094:
1.000000 8.000000 2.223115 8.000000
0.125000 1.000000 0.261962 1.554398
0.449819 3.817344 1.000000 5.000000
0.125000 0.643336 0.200000 1.000000

Matrix 4095:
1.000000 0.142857 0.250000 0.142857
7.000000 1.000000 1.000000 0.602142
4.000000 1.000000 1.000000 1.620111
7.000000 1.660737 0.617242 1.000000

Matrix 4096:
1.000000 0.566476 0.137600 0.142857
1.765299 1.000000 0.200000 0.142857
7.267439 5.000000 1.000000 1.321988
7.000000 7.000000 0.756437 1.000000

Matrix 4097:
1.000000 0.333333 0.200000 0.500000
3.000000 1.000000 0.500000 1.765876
5.000000 2.000000 1.000000 0.733461
2.000000 0.566291 1.363400 1.000000

Matrix 4098:
1.000000 0.638892 2.000000 9.000000
1.565209 1.000000 6.000000 7.000000
0.500000 0.166667 1.000000 5.000000
0.111111 0.142857 0.200000 1.000000

Matrix 4099:
1.000000 0.166667 0.125000 0.500000
6.000000 1.000000 1.424139 2.251858
8.000000 0.702179 1.000000 4.000000
2.000000 0.444078 0.250000 1.000000

Matrix 4100:
1.000000 4.000000 8.000000 3.000000
0.250000 1.000000 2.000000 0.809397
0.125000 0.500000 1.000000 1.000000
0.333333 1.235487 1.000000 1.000000

Matrix 4101:
1.000000 7.000007 1.905161 1.499307
0.142857 1.000000 0.111111 0.270299
0.524890 9.000000 1.000000 2.000000
0.666975 3.699613 0.500000 1.000000

Matrix 4102:
1.000000 0.623596 1.335312 0.125000
1.603602 1.000000 0.500000 0.111111
0.748889 2.000000 1.000000 0.142857
8.000000 9.000000 7.000000 1.000000

Matrix 4103:
1.000000 1.317120 2.471427 0.641391
0.759232 1.000000 1.909017 1.755489
0.404625 0.523830 1.000000 1.000000
1.559112 0.569642 1.000000 1.000000

Matrix 4104:
1.000000 1.566253 1.000000 0.544819
0.638467 1.000000 2.473719 1.000000
1.000000 0.404250 1.000000 0.555872
1.835473 1.000000 1.798976 1.000000

Matrix 4105:
1.000000 1.744997 0.142857 0.125000
0.573067 1.000000 0.250000 0.171825
7.000000 4.000000 1.000000 0.333333
8.000000 5.819871 3.000000 1.000000

Matrix 4106:
1.000000 0.628643 0.250000 0.333333
1.590729 1.000000 0.111111 0.601689
4.000000 9.000000 1.000000 1.888764
3.000000 1.661988 0.529447 1.000000

Matrix 4107:
1.000000 1.651098 4.000000 1.000000
0.605658 1.000000 2.521907 1.646711
0.250000 0.396525 1.000000 0.200000
1.000000 0.607271 5.000000 1.000000

Matrix 4108:
1.000000 1.816069 0.200000 0.200000
0.550640 1.000000 0.250000 0.125000
5.000000 4.000000 1.000000 1.377895
5.000000 8.000000 0.725745 1.000000

Matrix 4109:
1.000000 0.142857 0.166667 1.608442
7.000000 1.000000 0.500000 4.000000
6.000000 2.000000 1.000000 6.000000
0.621720 0.250000 0.166667 1.000000

Matrix 4110:
1.000000 7.000000 7.000000 7.000000
0.142857 1.000000 4.000000 0.608373
0.142857 0.250000 1.000000 0.500000
0.142857 1.643727 2.000000 1.000000

Matrix 4111:
1.000000 0.166667 0.142857 0.333333
6.000000 1.000000 0.500000 0.746863
7.000000 2.000000 1.000000 2.000000
3.000000 1.338934 0.500000 1.000000

Matrix 4112:
1.000000 1.000000 0.633313 0.250000
1.000000 1.000000 1.000000 0.543680
1.578997 1.000000 1.000000 0.448555
4.000000 1.839317 2.229382 1.000000

Matrix 4113:
1.000000 0.333333 0.166667 0.356369
3.000000 1.000000 1.418084 1.000000
6.000000 0.705177 1.000000 2.054796
2.806084 1.000000 0.486666 1.000000

Matrix 4114:
1.000000 0.200000 0.504638 0.125000
5.000000 1.000000 1.024475 1.000000
1.981619 0.976110 1.000000 0.250000
8.000000 1.000000 4.000000 1.000000

Matrix 4115:
1.000000 5.999988 2.683479 9.000000
0.166667 1.000000 0.425050 2.211570
0.372651 2.352666 1.000000 4.000000
0.111111 0.452167 0.250000 1.000000

Matrix 4116:
1.000000 0.506399 1.296988 1.000000
1.974729 1.000000 2.000000 5.000000
0.771017 0.500000 1.000000 4.000000
1.000000 0.200000 0.250000 1.000000

Matrix 4117:
1.000000 0.333333 0.166667 0.115199
3.000000 1.000000 1.000000 0.125000
6.000000 1.000000 1.000000 0.333333
8.680603 8.000000 3.000000 1.000000

Matrix 4118:
1.000000 0.142857 2.000000 0.200000
7.000000 1.000000 8.000000 0.695952
0.500000 0.125000 1.000000 0.111111
5.000000 1.436881 9.000000 1.000000

Matrix 4119:
1.000000 0.385430 0.200000 1.952758
2.594503 1.000000 0.406207 6.000000
5.000000 2.461798 1.000000 6.904095
0.512096 0.166667 0.144842 1.000000

Matrix 4120:
1.000000 0.759311 0.783043 2.000000
1.316984 1.000000 1.000000 1.246829
1.277070 1.000000 1.000000 0.568211
0.500000 0.802034 1.759908 1.000000

Matrix 4121:
1.000000 1.000000 5.999988 4.000000
1.000000 1.000000 3.154147 1.352573
0.166667 0.317043 1.000000 1.048581
0.250000 0.739332 0.953670 1.000000

Matrix 4122:
1.000000 0.111111 0.111111 0.333333
9.000000 1.000000 0.665812 9.000000
9.000000 1.501926 1.000000 9.000000
3.000000 0.111111 0.111111 1.000000

Matrix 4123:
1.000000 0.111111 0.111111 0.125000
9.000000 1.000000 0.516776 2.000000
9.000000 1.935076 1.000000 0.733155
8.000000 0.500000 1.363968 1.000000

Matrix 4124:
1.000000 0.888873 1.610226 1.000000
1.125020 1.000000 0.500000 0.500000
0.621031 2.000000 1.000000 1.000000
1.000000 2.000000 1.000000 1.000000

Matrix 4125:
1.000000 1.000000 1.903639 0.168718
1.000000 1.000000 0.548604 0.250000
0.525310 1.822809 1.000000 0.250000
5.927047 4.000000 4.000000 1.000000

Matrix 4126:
1.000000 0.333333 0.333333 0.629306
3.000000 1.000000 0.689858 2.359521
3.000000 1.449573 1.000000 4.000000
1.589053 0.423815 0.250000 1.000000

Matrix 4127:
1.000000 9.000009 1.121883 1.578900
0.111111 1.000000 0.333333 0.347494
0.891358 3.000000 1.000000 0.500000
0.633352 2.877745 2.000000 1.000000

Matrix 4128:
1.000000 9.000009 1.864082 0.756407
0.111111 1.000000 0.142857 0.333333
0.536457 7.000000 1.000000 1.609162
1.322040 3.000000 0.621441 1.000000

Matrix 4129:
1.000000 3.000003 0.250000 0.250000
0.333333 1.000000 0.196762 0.111111
4.000000 5.082282 1.000000 1.617669
4.000000 9.000000 0.618173 1.000000

Matrix 4130:
1.000000 0.111111 0.125000 1.299959
9.000000 1.000000 2.034688 9.000000
8.000000 0.491476 1.000000 4.000000
0.769255 0.111111 0.250000 1.000000

Matrix 4131:
1.000000 0.200000 0.250000 0.125000
5.000000 1.000000 0.995877 0.500000
4.000000 1.004141 1.000000 0.325541
8.000000 2.000000 3.071805 1.000000

Matrix 4132:
1.000000 0.250000 0.592717 1.000000
4.000000 1.000000 3.000000 9.000000
1.687147 0.333333 1.000000 1.000000
1.000000 0.111111 1.000000 1.000000

Matrix 4133:
1.000000 1.666023 5.000000 6.000000
0.600232 1.000000 8.000000 8.000000
0.200000 0.125000 1.000000 0.671654
0.166667 0.125000 1.488862 1.000000

Matrix 4134:
1.000000 0.250000 4.000000 1.000000
4.000000 1.000000 4.669879 3.000000
0.250000 0.214138 1.000000 0.333333
1.000000 0.333333 3.000000 1.000000

Matrix 4135:
1.000000 0.142857 0.497544 1.404493
7.000000 1.000000 4.000000 6.000000
2.009874 0.250000 1.000000 1.000000
0.712001 0.166667 1.000000 1.000000

Matrix 4136:
1.000000 0.324260 0.500000 0.233877
3.083946 1.000000 1.607701 1.377608
2.000000 0.622006 1.000000 0.333333
4.275749 0.725896 3.000000 1.000000

Matrix 4137:
1.000000 0.500000 0.125000 0.125000
2.000000 1.000000 1.235555 0.356486
8.000000 0.809353 1.000000 0.860707
8.000000 2.805162 1.161835 1.000000

Matrix 4138:
1.000000 4.000000 3.000000 1.620832
0.250000 1.000000 1.000000 0.142857
0.333333 1.000000 1.000000 0.166667
0.616967 7.000000 6.000000 1.000000

Matrix 4139:
1.000000 0.200000 0.624793 0.500000
5.000000 1.000000 9.000000 2.000000
1.600530 0.111111 1.000000 0.500000
2.000000 0.500000 2.000000 1.000000

Matrix 4140:
1.000000 0.638386 0.250000 0.142857
1.566450 1.000000 0.250000 0.166667
4.000000 4.000000 1.000000 0.500000
7.000000 6.000000 2.000000 1.000000

Matrix 4141:
1.000000 5.626407 5.999988 1.000000
0.177733 1.000000 0.829911 0.820135
0.166667 1.204948 1.000000 0.333333
1.000000 1.219311 3.000000 1.000000

Matrix 4142:
1.000000 1.000000 1.650967 0.696292
1.000000 1.000000 4.000000 1.000000
0.605706 0.250000 1.000000 1.000000
1.436179 1.000000 1.000000 1.000000

Matrix 4143:
1.000000 0.200000 0.606174 1.000000
5.000000 1.000000 7.000000 5.000000
1.649692 0.142857 1.000000 2.000000
1.000000 0.200000 0.500000 1.000000

Matrix 4144:
1.000000 8.000000 1.000000 1.511983
0.125000 1.000000 0.200000 0.111111
1.000000 5.000000 1.000000 0.333333
0.661383 9.000000 3.000000 1.000000

Matrix 4145:
1.000000 5.000000 5.000000 8.000000
0.200000 1.000000 1.978576 2.000000
0.200000 0.505414 1.000000 0.596431
0.125000 0.500000 1.676640 1.000000

Matrix 4146:
1.000000 0.672888 0.250000 1.000000
1.486132 1.000000 1.159633 0.630374
4.000000 0.862342 1.000000 2.000000
1.000000 1.586359 0.500000 1.000000

Matrix 4147:
1.000000 1.031935 0.200000 0.142857
0.969053 1.000000 0.125000 0.333333
5.000000 8.000000 1.000000 0.653230
7.000000 3.000000 1.530854 1.000000

Matrix 4148:
1.000000 1.000000 0.333333 0.111579
1.000000 1.000000 0.125000 0.125000
3.000000 8.000000 1.000000 0.333333
8.962242 8.000000 3.000000 1.000000

Matrix 4149:
1.000000 7.000000 0.746007 1.000000
0.142857 1.000000 0.333333 0.333333
1.340469 3.000000 1.000000 0.500000
1.000000 3.000000 2.000000 1.000000

Matrix 4150:
1.000000 0.200000 1.394298 0.142857
5.000000 1.000000 8.093626 2.000000
0.717207 0.123554 1.000000 0.166667
7.000000 0.500000 6.000000 1.000000

Matrix 4151:
1.000000 9.000009 8.000000 6.000000
0.111111 1.000000 1.537908 0.501661
0.125000 0.650234 1.000000 1.066014
0.166667 1.993377 0.938074 1.000000

Matrix 4152:
1.000000 5.000000 2.000000 3.000000
0.200000 1.000000 0.621223 1.000000
0.500000 1.609729 1.000000 0.556229
0.333333 1.000000 1.797821 1.000000

Matrix 4153:
1.000000 8.000000 0.653681 1.000000
0.125000 1.000000 0.125000 0.200000
1.529797 8.000000 1.000000 0.581228
1.000000 5.000000 1.720494 1.000000

Matrix 4154:
1.000000 0.500000 0.617982 3.000000
2.000000 1.000000 1.692530 7.000000
1.618169 0.590832 1.000000 7.000000
0.333333 0.142857 0.142857 1.000000

Matrix 4155:
1.000000 1.336262 0.125000 0.333333
0.748356 1.000000 0.125000 0.250000
8.000000 8.000000 1.000000 7.000000
3.000000 4.000000 0.142857 1.000000

Matrix 4156:
1.000000 0.333333 0.125000 1.697717
3.000000 1.000000 0.250000 5.000000
8.000000 4.000000 1.000000 5.000000
0.589026 0.200000 0.200000 1.000000

Matrix 4157:
1.000000 8.000000 0.563217 1.000000
0.125000 1.000000 0.125000 0.125000
1.775513 8.000000 1.000000 0.559294
1.000000 8.000000 1.787968 1.000000

Matrix 4158:
1.000000 0.557581 0.166667 0.695665
1.793463 1.000000 0.142857 0.631478
6.000000 7.000000 1.000000 5.000000
1.437474 1.583586 0.200000 1.000000

Matrix 4159:
1.000000 0.125000 0.200000 0.333333
8.000000 1.000000 2.000000 1.000000
5.000000 0.500000 1.000000 1.355026
3.000000 1.000000 0.737993 1.000000

Matrix 4160:
1.000000 1.693580 0.992054 7.000000
0.590465 1.000000 1.651646 9.000000
1.008010 0.605457 1.000000 3.000000
0.142857 0.111111 0.333333 1.000000

Matrix 4161:
1.000000 0.594743 1.000000 0.278203
1.681397 1.000000 1.000000 0.333333
1.000000 1.000000 1.000000 1.111749
3.594503 3.000000 0.899484 1.000000

Matrix 4162:
1.000000 0.250000 0.111111 0.250000
4.000000 1.000000 1.000000 1.555650
9.000000 1.000000 1.000000 2.000000
4.000000 0.642818 0.500000 1.000000

Matrix 4163:
1.000000 1.573647 7.000000 3.000000
0.635466 1.000000 5.000000 5.000000
0.142857 0.200000 1.000000 0.333333
0.333333 0.200000 3.000000 1.000000

Matrix 4164:
1.000000 0.125000 1.215731 0.333333
8.000000 1.000000 9.000009 2.000000
0.822551 0.111111 1.000000 0.715939
3.000000 0.500000 1.396767 1.000000

Matrix 4165:
1.000000 0.537627 1.788291 8.000000
1.860027 1.000000 2.000000 9.000000
0.559193 0.500000 1.000000 6.000000
0.125000 0.111111 0.166667 1.000000

Matrix 4166:
1.000000 1.618221 0.111111 0.166667
0.617963 1.000000 0.200000 0.333333
9.000000 5.000000 1.000000 2.712455
6.000000 3.000000 0.368670 1.000000

Matrix 4167:
1.000000 0.870715 0.516649 0.111111
1.148482 1.000000 2.208667 0.250000
1.935551 0.452762 1.000000 0.250000
9.000000 4.000000 4.000000 1.000000

Matrix 4168:
1.000000 4.000000 8.359485 5.000000
0.250000 1.000000 7.000007 1.557531
0.119625 0.142857 1.000000 0.335401
0.200000 0.642042 2.981503 1.000000

Matrix 4169:
1.000000 0.191671 1.000000 4.000000
5.217286 1.000000 3.000003 8.000000
1.000000 0.333333 1.000000 1.039110
0.250000 0.125000 0.962362 1.000000

Matrix 4170:
1.000000 0.192586 0.412433 0.383909
5.192475 1.000000 6.000000 6.000000
2.424638 0.166667 1.000000 1.054846
2.604782 0.166667 0.948005 1.000000

Matrix 4171:
1.000000 0.500000 1.643517 0.166667
2.000000 1.000000 1.000000 0.581357
0.608451 1.000000 1.000000 0.250000
6.000000 1.720114 4.000000 1.000000

Matrix 4172:
1.000000 7.000000 4.000000 3.000000
0.142857 1.000000 0.697387 1.000000
0.250000 1.433925 1.000000 1.000000
0.333333 1.000000 1.000000 1.000000

Matrix 4173:
1.000000 0.500000 8.000000 5.000000
2.000000 1.000000 6.000000 7.000000
0.125000 0.166667 1.000000 0.635569
0.200000 0.142857 1.573393 1.000000

Matrix 4174:
1.000000 1.000000 0.581394 1.000000
1.000000 1.000000 1.000000 0.545987
1.720003 1.000000 1.000000 1.000000
1.000000 1.831544 1.000000 1.000000

Matrix 4175:
1.000000 0.142857 0.500000 0.472639
7.000000 1.000000 1.000000 2.000000
2.000000 1.000000 1.000000 1.613580
2.115782 0.500000 0.619740 1.000000

Matrix 4176:
1.000000 0.111111 0.142857 0.142857
9.000000 1.000000 2.010056 1.978727
7.000000 0.497499 1.000000 1.000000
7.000000 0.505376 1.000000 1.000000

Matrix 4177:
1.000000 5.000000 5.000000 1.854653
0.200000 1.000000 1.426114 0.500000
0.200000 0.701206 1.000000 1.000000
0.539184 2.000000 1.000000 1.000000

Matrix 4178:
1.000000 0.166667 1.359393 4.000000
6.000000 1.000000 6.000000 8.594455
0.735622 0.166667 1.000000 5.000000
0.250000 0.116354 0.200000 1.000000

Matrix 4179:
1.000000 1.667715 0.326063 5.000000
0.599623 1.000000 0.333333 2.221444
3.066887 3.000000 1.000000 8.000000
0.200000 0.450158 0.125000 1.000000

Matrix 4180:
1.000000 1.567712 0.333333 6.000000
0.637872 1.000000 0.250000 4.000000
3.000000 4.000000 1.000000 5.000000
0.166667 0.250000 0.200000 1.000000

Matrix 4181:
1.000000 9.000000 0.500000 7.000000
0.111111 1.000000 0.111111 0.623499
2.000000 9.000000 1.000000 9.000000
0.142857 1.603851 0.111111 1.000000

Matrix 4182:
1.000000 1.836694 0.250000 0.250000
0.544457 1.000000 0.166667 0.111111
4.000000 6.000000 1.000000 0.333333
4.000000 9.000000 3.000000 1.000000

Matrix 4183:
1.000000 4.000000 0.250000 1.000000
0.250000 1.000000 0.137795 0.125000
4.000000 7.257137 1.000000 1.000000
1.000000 8.000000 1.000000 1.000000

Matrix 4184:
1.000000 0.333333 0.597646 0.166667
3.000000 1.000000 3.000000 1.264200
1.673231 0.333333 1.000000 0.166667
6.000000 0.791014 6.000000 1.000000

Matrix 4185:
1.000000 1.000000 1.000000 0.333333
1.000000 1.000000 1.000000 1.257220
1.000000 1.000000 1.000000 0.611361
3.000000 0.795406 1.635696 1.000000

Matrix 4186:
1.000000 1.700133 5.000000 2.000000
0.588189 1.000000 5.999988 1.937914
0.200000 0.166667 1.000000 0.200000
0.500000 0.516019 5.000000 1.000000

Matrix 4187:
1.000000 0.142857 0.333333 0.930777
7.000000 1.000000 1.000000 4.000000
3.000000 1.000000 1.000000 1.000000
1.074372 0.250000 1.000000 1.000000

Matrix 4188:
1.000000 0.500000 1.258698 2.000000
2.000000 1.000000 0.687328 2.000000
0.794472 1.454910 1.000000 4.000000
0.500000 0.500000 0.250000 1.000000

Matrix 4189:
1.000000 0.551677 2.000000 0.200000
1.812655 1.000000 2.972372 0.460541
0.500000 0.336432 1.000000 0.297651
5.000000 2.171360 3.359638 1.000000

Matrix 4190:
1.000000 0.952177 2.000000 1.195302
1.050224 1.000000 3.000003 4.000000
0.500000 0.333333 1.000000 1.755285
0.836608 0.250000 0.569708 1.000000

Matrix 4191:
1.000000 0.650083 1.000000 0.250000
1.538266 1.000000 3.000000 0.200000
1.000000 0.333333 1.000000 0.111111
4.000000 5.000000 9.000000 1.000000

Matrix 4192:
1.000000 0.500000 0.166667 1.178581
2.000000 1.000000 0.431715 1.000000
6.000000 2.316342 1.000000 2.000000
0.848478 1.000000 0.500000 1.000000

Matrix 4193:
1.000000 0.125000 0.333333 0.333333
8.000000 1.000000 6.000000 4.000000
3.000000 0.166667 1.000000 1.560806
3.000000 0.250000 0.640695 1.000000

Matrix 4194:
1.000000 0.250000 1.651350 1.000000
4.000000 1.000000 8.496967 4.000000
0.605565 0.117689 1.000000 1.445385
1.000000 0.250000 0.691857 1.000000

Matrix 4195:
1.000000 0.142857 0.624943 0.142857
7.000000 1.000000 6.000000 0.250000
1.600145 0.166667 1.000000 0.166667
7.000000 4.000000 6.000000 1.000000

Matrix 4196:
1.000000 5.000000 0.618251 1.000000
0.200000 1.000000 0.250000 0.200000
1.617467 4.000000 1.000000 0.333333
1.000000 5.000000 3.000000 1.000000

Matrix 4197:
1.000000 8.000000 0.539577 5.000000
0.125000 1.000000 0.166667 0.473552
1.853304 6.000000 1.000000 7.000000
0.200000 2.111700 0.142857 1.000000

Matrix 4198:
1.000000 0.694368 5.000000 4.000000
1.440159 1.000000 7.000000 2.803979
0.200000 0.142857 1.000000 0.333333
0.250000 0.356636 3.000000 1.000000

Matrix 4199:
1.000000 0.200000 0.333333 0.500000
5.000000 1.000000 1.000000 0.589761
3.000000 1.000000 1.000000 1.000000
2.000000 1.695603 1.000000 1.000000

Matrix 4200:
1.000000 0.125000 0.706220 0.125000
8.000000 1.000000 8.000000 0.666182
1.415990 0.125000 1.000000 0.166667
8.000000 1.501090 6.000000 1.000000

Matrix 4201:
1.000000 0.111111 1.000000 1.000000
9.000000 1.000000 7.000007 7.407684
1.000000 0.142857 1.000000 1.865139
1.000000 0.134995 0.536153 1.000000

Matrix 4202:
1.000000 1.635402 0.125000 0.166667
0.611471 1.000000 0.250000 0.111111
8.000000 4.000000 1.000000 0.333333
6.000000 9.000000 3.000000 1.000000

Matrix 4203:
1.000000 7.534467 8.000000 7.000000
0.132723 1.000000 0.503372 0.680314
0.125000 1.986603 1.000000 1.000000
0.142857 1.469910 1.000000 1.000000

Matrix 4204:
1.000000 0.111111 0.125000 0.333333
9.000000 1.000000 2.000000 0.964787
8.000000 0.500000 1.000000 1.472613
3.000000 1.036498 0.679065 1.000000

Matrix 4205:
1.000000 8.000000 1.631652 6.000000
0.125000 1.000000 0.111111 2.000000
0.612876 9.000000 1.000000 9.000000
0.166667 0.500000 0.111111 1.000000

Matrix 4206:
1.000000 0.166667 0.500000 0.333333
6.000000 1.000000 7.000000 9.000000
2.000000 0.142857 1.000000 1.641368
3.000000 0.111111 0.609248 1.000000

Matrix 4207:
1.000000 0.236336 1.000000 1.418286
4.231263 1.000000 5.000000 3.000000
1.000000 0.200000 1.000000 1.639259
0.705077 0.333333 0.610032 1.000000

Matrix 4208:
1.000000 2.883249 5.000000 2.000000
0.346831 1.000000 0.721333 1.241958
0.200000 1.386322 1.000000 1.000000
0.500000 0.805180 1.000000 1.000000

Matrix 4209:
1.000000 0.112651 0.111111 0.333333
8.876940 1.000000 3.000003 8.000000
9.000000 0.333333 1.000000 7.475725
3.000000 0.125000 0.133766 1.000000

Matrix 4210:
1.000000 1.000000 1.641768 4.000000
1.000000 1.000000 0.732402 5.000000
0.609100 1.365371 1.000000 8.000000
0.250000 0.200000 0.125000 1.000000

Matrix 4211:
1.000000 5.000000 1.000000 8.000000
0.200000 1.000000 0.125000 1.622800
1.000000 8.000000 1.000000 6.000000
0.125000 0.616219 0.166667 1.000000

Matrix 4212:
1.000000 0.611513 1.000000 0.271842
1.635287 1.000000 0.947711 0.142857
1.000000 1.055174 1.000000 0.142857
3.678603 7.000000 7.000000 1.000000

Matrix 4213:
1.000000 0.500000 0.333333 0.830396
2.000000 1.000000 0.500000 6.000000
3.000000 2.000000 1.000000 9.000000
1.204245 0.166667 0.111111 1.000000

Matrix 4214:
1.000000 0.333333 0.333333 0.250000
3.000000 1.000000 2.000000 0.459595
3.000000 0.500000 1.000000 1.211611
4.000000 2.175831 0.825347 1.000000

Matrix 4215:
1.000000 1.000000 1.624399 1.664734
1.000000 1.000000 0.404346 0.896190
0.615612 2.473128 1.000000 1.000000
0.600697 1.115835 1.000000 1.000000

Matrix 4216:
1.000000 3.000000 1.000000 0.603775
0.333333 1.000000 0.166667 0.166667
1.000000 6.000000 1.000000 2.093789
1.656247 6.000000 0.477603 1.000000

Matrix 4217:
1.000000 1.824204 1.000000 1.000000
0.548184 1.000000 1.704060 1.000000
1.000000 0.586834 1.000000 1.566179
1.000000 1.000000 0.638497 1.000000

Matrix 4218:
1.000000 0.111111 0.333333 1.472102
9.000000 1.000000 5.000000 9.000000
3.000000 0.200000 1.000000 3.000000
0.679301 0.111111 0.333333 1.000000

Matrix 4219:
1.000000 0.597631 1.368512 0.200000
1.673273 1.000000 0.653841 0.200000
0.730720 1.529424 1.000000 0.333333
5.000000 5.000000 3.000000 1.000000

Matrix 4220:
1.000000 3.000003 1.000000 0.531496
0.333333 1.000000 0.500000 0.200000
1.000000 2.000000 1.000000 1.502479
1.881480 5.000000 0.665567 1.000000

Matrix 4221:
1.000000 0.533064 1.000000 0.200000
1.875947 1.000000 0.499583 0.250000
1.000000 2.001670 1.000000 0.588817
5.000000 4.000000 1.698322 1.000000

Matrix 4222:
1.000000 7.000007 2.000000 1.000000
0.142857 1.000000 0.518389 0.425939
0.500000 1.929052 1.000000 0.250000
1.000000 2.347755 4.000000 1.000000

Matrix 4223:
1.000000 5.000000 7.000000 0.333333
0.200000 1.000000 1.342049 0.142857
0.142857 0.745129 1.000000 0.200000
3.000000 7.000000 5.000000 1.000000

Matrix 4224:
1.000000 0.333333 1.205879 0.166667
3.000000 1.000000 1.000000 0.200000
0.829270 1.000000 1.000000 0.333333
6.000000 5.000000 3.000000 1.000000

Matrix 4225:
1.000000 1.987449 0.658882 3.000000
0.503158 1.000000 1.000000 6.000000
1.517722 1.000000 1.000000 8.000000
0.333333 0.166667 0.125000 1.000000

Matrix 4226:
1.000000 0.525492 5.000000 3.000000
1.902977 1.000000 9.000000 6.000000
0.200000 0.111111 1.000000 0.250000
0.333333 0.166667 4.000000 1.000000

Matrix 4227:
1.000000 1.696246 1.000000 4.092322
0.589537 1.000000 1.000000 3.000000
1.000000 1.000000 1.000000 1.066627
0.244360 0.333333 0.937535 1.000000

Matrix 4228:
1.000000 1.602225 0.142857 0.333333
0.624132 1.000000 0.111111 1.000000
7.000000 9.000000 1.000000 8.000000
3.000000 1.000000 0.125000 1.000000

Matrix 4229:
1.000000 0.638895 0.500000 6.000000
1.565203 1.000000 1.000000 5.000000
2.000000 1.000000 1.000000 5.722694
0.166667 0.200000 0.174743 1.000000

Matrix 4230:
1.000000 5.000000 1.429821 0.500000
0.200000 1.000000 0.333333 0.333333
0.699388 3.000000 1.000000 1.000000
2.000000 3.000000 1.000000 1.000000

Matrix 4231:
1.000000 0.583607 5.000000 5.000000
1.713481 1.000000 5.000000 4.000000
0.200000 0.200000 1.000000 1.382569
0.200000 0.250000 0.723291 1.000000

Matrix 4232:
1.000000 1.540039 1.000000 0.727759
0.649334 1.000000 2.000000 2.000000
1.000000 0.500000 1.000000 1.215617
1.374082 0.500000 0.822627 1.000000

Matrix 4233:
1.000000 7.000000 0.500000 0.500000
0.142857 1.000000 0.250000 0.111111
2.000000 4.000000 1.000000 1.502452
2.000000 9.000000 0.665579 1.000000

Matrix 4234:
1.000000 1.000000 0.500000 7.000000
1.000000 1.000000 0.333333 5.000000
2.000000 3.000000 1.000000 8.043489
0.142857 0.200000 0.124324 1.000000

Matrix 4235:
1.000000 0.618159 0.544199 1.227231
1.617708 1.000000 0.333333 1.000000
1.837562 3.000000 1.000000 1.000000
0.814842 1.000000 1.000000 1.000000

Matrix 4236:
1.000000 0.114303 0.250000 0.333333
8.748661 1.000000 7.000000 4.000000
4.000000 0.142857 1.000000 2.000000
3.000000 0.250000 0.500000 1.000000

Matrix 4237:
1.000000 0.564522 1.000000 1.276650
1.771410 1.000000 1.344018 4.000000
1.000000 0.744038 1.000000 0.569019
0.783300 0.250000 1.757411 1.000000

Matrix 4238:
1.000000 0.633558 1.184125 0.308133
1.578388 1.000000 0.515688 0.507478
0.844505 1.939156 1.000000 1.221089
3.245350 1.970529 0.818941 1.000000

Matrix 4239:
1.000000 3.000000 0.583167 2.471218
0.333333 1.000000 0.225799 3.000000
1.714776 4.428722 1.000000 7.234316
0.404659 0.333333 0.138230 1.000000

Matrix 4240:
1.000000 1.018440 1.446918 0.579092
0.981894 1.000000 4.960620 2.152111
0.691124 0.201588 1.000000 0.541925
1.726842 0.464660 1.845272 1.000000

Matrix 4241:
1.000000 0.634925 1.000000 1.336059
1.574990 1.000000 2.000000 0.633005
1.000000 0.500000 1.000000 0.382773
0.748470 1.579766 2.612515 1.000000

Matrix 4242:
1.000000 8.000000 1.000000 7.000000
0.125000 1.000000 0.111111 1.447774
1.000000 9.000000 1.000000 5.000000
0.142857 0.690716 0.200000 1.000000

Matrix 4243:
1.000000 1.000000 0.111111 1.679665
1.000000 1.000000 0.142857 0.661826
9.000000 7.000000 1.000000 3.000000
0.595357 1.510971 0.333333 1.000000

Matrix 4244:
1.000000 1.086719 0.557225 4.000000
0.920201 1.000000 0.224895 2.000000
1.794606 4.446527 1.000000 4.902341
0.250000 0.500000 0.203984 1.000000

Matrix 4245:
1.000000 1.793444 6.186692 7.000000
0.557586 1.000000 4.000000 5.556640
0.161637 0.250000 1.000000 0.563924
0.142857 0.179965 1.773288 1.000000

Matrix 4246:
1.000000 1.000000 3.000000 0.710569
1.000000 1.000000 1.000000 1.000000
0.333333 1.000000 1.000000 1.000000
1.407322 1.000000 1.000000 1.000000

Matrix 4247:
1.000000 1.658563 0.125000 0.111111
0.602932 1.000000 0.250000 0.250000
8.000000 4.000000 1.000000 1.000000
9.000000 4.000000 1.000000 1.000000

Matrix 4248:
1.000000 0.125000 0.582462 0.520175
8.000000 1.000000 7.000000 1.000000
1.716849 0.142857 1.000000 0.250000
1.922430 1.000000 4.000000 1.000000

Matrix 4249:
1.000000 1.656042 3.000003 1.844880
0.603849 1.000000 3.000003 0.500000
0.333333 0.333333 1.000000 0.166667
0.542041 2.000000 6.000000 1.000000

Matrix 4250:
1.000000 1.291093 3.000003 7.100517
0.774538 1.000000 0.659610 8.000000
0.333333 1.516048 1.000000 9.000000
0.140835 0.125000 0.111111 1.000000

Matrix 4251:
1.000000 0.636515 0.333333 0.250000
1.571055 1.000000 0.200000 0.500000
3.000000 5.000000 1.000000 3.000000
4.000000 2.000000 0.333333 1.000000

Matrix 4252:
1.000000 2.550198 1.000000 3.000000
0.392126 1.000000 1.124552 1.000000
1.000000 0.889243 1.000000 1.000000
0.333333 1.000000 1.000000 1.000000

Matrix 4253:
1.000000 0.455598 2.240746 9.000000
2.194916 1.000000 3.000000 9.000000
0.446280 0.333333 1.000000 9.000000
0.111111 0.111111 0.111111 1.000000

Matrix 4254:
1.000000 8.000000 1.000000 0.797168
0.125000 1.000000 0.166667 0.125000
1.000000 6.000000 1.000000 1.858872
1.254440 8.000000 0.537961 1.000000

Matrix 4255:
1.000000 5.000000 8.000000 0.500000
0.200000 1.000000 0.603903 0.142857
0.125000 1.655896 1.000000 0.111111
2.000000 7.000000 9.000000 1.000000

Matrix 4256:
1.000000 0.590742 0.447243 1.000000
1.692787 1.000000 0.532526 1.000000
2.235923 1.877842 1.000000 0.621161
1.000000 1.000000 1.609888 1.000000

Matrix 4257:
1.000000 1.622636 0.250000 0.333333
0.616281 1.000000 0.529915 0.576234
4.000000 1.887096 1.000000 2.000000
3.000000 1.735405 0.500000 1.000000

Matrix 4258:
1.000000 2.631041 1.000000 2.572359
0.380078 1.000000 1.000000 1.000000
1.000000 1.000000 1.000000 0.656316
0.388748 1.000000 1.523656 1.000000

Matrix 4259:
1.000000 1.000000 3.000000 2.000000
1.000000 1.000000 1.000000 0.640112
0.333333 1.000000 1.000000 1.000000
0.500000 1.562226 1.000000 1.000000

Matrix 4260:
1.000000 0.373737 1.000000 0.513502
2.675681 1.000000 1.127148 3.000000
1.000000 0.887195 1.000000 0.725319
1.947411 0.333333 1.378703 1.000000

Matrix 4261:
1.000000 0.200000 0.131827 0.115187
5.000000 1.000000 0.500000 0.166667
7.585696 2.000000 1.000000 0.250000
8.681553 6.000000 4.000000 1.000000

Matrix 4262:
1.000000 0.166667 0.142857 0.111111
6.000000 1.000000 0.664549 1.000000
7.000000 1.504780 1.000000 0.333333
9.000000 1.000000 3.000000 1.000000

Matrix 4263:
1.000000 4.000000 1.000000 7.000000
0.250000 1.000000 0.166667 0.594367
1.000000 6.000000 1.000000 3.000000
0.142857 1.682463 0.333333 1.000000

Matrix 4264:
1.000000 1.616152 0.333333 0.333333
0.618754 1.000000 0.287459 0.200000
3.000000 3.478758 1.000000 1.821787
3.000000 5.000000 0.548912 1.000000

Matrix 4265:
1.000000 1.622153 1.000000 3.000000
0.616465 1.000000 1.000000 2.000000
1.000000 1.000000 1.000000 1.000000
0.333333 0.500000 1.000000 1.000000

Matrix 4266:
1.000000 0.125000 0.111111 0.250000
8.000000 1.000000 0.580894 1.964485
9.000000 1.721484 1.000000 2.000000
4.000000 0.509039 0.500000 1.000000

Matrix 4267:
1.000000 0.595556 1.029996 1.000000
1.679104 1.000000 0.555544 2.000000
0.970878 1.800037 1.000000 1.555894
1.000000 0.500000 0.642717 1.000000

Matrix 4268:
1.000000 7.000000 1.353700 1.000000
0.142857 1.000000 0.125000 0.142857
0.738716 8.000000 1.000000 3.000000
1.000000 7.000000 0.333333 1.000000

Matrix 4269:
1.000000 0.166667 0.200000 1.162907
6.000000 1.000000 1.858729 3.000000
5.000000 0.538002 1.000000 2.000000
0.859914 0.333333 0.500000 1.000000

Matrix 4270:
1.000000 0.166667 0.125000 3.000000
6.000000 1.000000 0.578132 5.000000
8.000000 1.729708 1.000000 7.011476
0.333333 0.200000 0.142623 1.000000

Matrix 4271:
1.000000 0.111111 1.918944 0.200000
9.000000 1.000000 4.000000 1.586930
0.521120 0.250000 1.000000 0.166667
5.000000 0.630147 6.000000 1.000000

Matrix 4272:
1.000000 0.500000 5.000000 8.000000
2.000000 1.000000 8.000000 9.000000
0.200000 0.125000 1.000000 0.605084
0.125000 0.111111 1.652664 1.000000

Matrix 4273:
1.000000 0.111111 0.165054 0.614291
9.000000 1.000000 0.581745 9.000000
6.058618 1.718965 1.000000 8.000000
1.627893 0.111111 0.125000 1.000000

Matrix 4274:
1.000000 0.670279 2.000000 3.352529
1.491916 1.000000 0.959409 4.000000
0.500000 1.042309 1.000000 1.067404
0.298282 0.250000 0.936852 1.000000

Matrix 4275:
1.000000 0.200000 0.111111 0.111111
5.000000 1.000000 1.000000 0.742930
9.000000 1.000000 1.000000 1.743517
9.000000 1.346022 0.573553 1.000000

Matrix 4276:
1.000000 1.000000 9.000009 0.572593
1.000000 1.000000 5.957944 1.356999
0.111111 0.167843 1.000000 0.125000
1.746442 0.736920 8.000000 1.000000

Matrix 4277:
1.000000 0.250000 0.578233 8.000000
4.000000 1.000000 2.050992 9.000000
1.729406 0.487569 1.000000 4.000000
0.125000 0.111111 0.250000 1.000000

Matrix 4278:
1.000000 0.794067 1.601655 1.000000
1.259340 1.000000 1.000000 1.943216
0.624354 1.000000 1.000000 0.500000
1.000000 0.514611 2.000000 1.000000

Matrix 4279:
1.000000 6.000000 7.000000 9.000000
0.166667 1.000000 3.000000 0.640737
0.142857 0.333333 1.000000 0.500000
0.111111 1.560703 2.000000 1.000000

Matrix 4280:
1.000000 7.000000 6.000000 8.000000
0.142857 1.000000 0.640660 4.000000
0.166667 1.560889 1.000000 3.000000
0.125000 0.250000 0.333333 1.000000

Matrix 4281:
1.000000 0.111111 0.746823 0.250000
9.000000 1.000000 7.000000 1.000000
1.339005 0.142857 1.000000 0.111111
4.000000 1.000000 9.000000 1.000000

Matrix 4282:
1.000000 0.549718 1.604144 3.000000
1.819115 1.000000 2.000000 5.000000
0.623385 0.500000 1.000000 5.000000
0.333333 0.200000 0.200000 1.000000

Matrix 4283:
1.000000 0.628520 4.000000 0.250000
1.591040 1.000000 2.437950 0.250000
0.250000 0.410181 1.000000 0.125000
4.000000 4.000000 8.000000 1.000000

Matrix 4284:
1.000000 0.380115 1.000000 1.000000
2.630783 1.000000 1.000000 0.602296
1.000000 1.000000 1.000000 0.392653
1.000000 1.660312 2.546776 1.000000

Matrix 4285:
1.000000 3.000003 5.000000 8.734471
0.333333 1.000000 1.761362 1.000000
0.200000 0.567742 1.000000 1.350120
0.114489 1.000000 0.740675 1.000000

Matrix 4286:
1.000000 1.000000 0.500000 5.000000
1.000000 1.000000 1.510900 8.000000
2.000000 0.661857 1.000000 9.000000
0.200000 0.125000 0.111111 1.000000

Matrix 4287:
1.000000 3.000000 1.000000 1.216424
0.333333 1.000000 0.200000 0.333333
1.000000 5.000000 1.000000 0.518520
0.822082 3.000000 1.928564 1.000000

Matrix 4288:
1.000000 0.250000 1.481952 1.000000
4.000000 1.000000 2.000000 1.000000
0.674786 0.500000 1.000000 1.000000
1.000000 1.000000 1.000000 1.000000

Matrix 4289:
1.000000 7.000007 3.000003 7.000000
0.142857 1.000000 1.220961 0.710678
0.333333 0.819027 1.000000 3.000000
0.142857 1.407107 0.333333 1.000000

Matrix 4290:
1.000000 0.250000 0.822037 1.684572
4.000000 1.000000 9.000009 5.000000
1.216491 0.111111 1.000000 0.819414
0.593623 0.200000 1.220385 1.000000

Matrix 4291:
1.000000 3.000003 3.000003 1.758228
0.333333 1.000000 0.473282 0.560211
0.333333 2.112904 1.000000 0.500000
0.568755 1.785043 2.000000 1.000000

Matrix 4292:
1.000000 0.610555 9.000000 1.000000
1.637853 1.000000 8.000000 1.000000
0.111111 0.125000 1.000000 0.200000
1.000000 1.000000 5.000000 1.000000

Matrix 4293:
1.000000 0.166667 0.111111 1.581496
6.000000 1.000000 0.333333 8.000000
9.000000 3.000000 1.000000 6.000000
0.632313 0.125000 0.166667 1.000000

Matrix 4294:
1.000000 1.000000 2.734166 2.000000
1.000000 1.000000 0.608664 1.000000
0.365742 1.642944 1.000000 0.823115
0.500000 1.000000 1.214896 1.000000

Matrix 4295:
1.000000 0.959221 0.333333 0.579022
1.042513 1.000000 0.500000 2.000000
3.000000 2.000000 1.000000 3.000000
1.727050 0.500000 0.333333 1.000000

Matrix 4296:
1.000000 0.165129 0.111111 0.603280
6.055861 1.000000 1.696344 7.513700
9.000000 0.589503 1.000000 6.000000
1.657604 0.133090 0.166667 1.000000

Matrix 4297:
1.000000 3.000003 2.000000 1.910429
0.333333 1.000000 0.480284 0.541278
0.500000 2.082103 1.000000 1.000000
0.523443 1.847479 1.000000 1.000000

Matrix 4298:
1.000000 0.604844 0.166667 0.500000
1.653319 1.000000 0.125000 0.166667
6.000000 8.000000 1.000000 3.000000
2.000000 6.000000 0.333333 1.000000

Matrix 4299:
1.000000 0.298954 0.534687 0.494128
3.344996 1.000000 1.392351 0.500000
1.870252 0.718209 1.000000 1.637837
2.023769 2.000000 0.610561 1.000000

Matrix 4300:
1.000000 1.739062 0.561736 7.765097
0.575023 1.000000 0.500000 7.000000
1.780195 2.000000 1.000000 7.000000
0.128781 0.142857 0.142857 1.000000

Matrix 4301:
1.000000 0.417974 0.389409 1.035037
2.392494 1.000000 1.718156 1.000000
2.567996 0.582019 1.000000 1.000000
0.966149 1.000000 1.000000 1.000000

Matrix 4302:
1.000000 1.000000 2.000000 0.575975
1.000000 1.000000 0.491090 0.333333
0.500000 2.036285 1.000000 1.000000
1.736187 3.000000 1.000000 1.000000

Matrix 4303:
1.000000 3.244858 7.181175 6.452863
0.308180 1.000000 9.000000 3.000000
0.139253 0.111111 1.000000 0.333554
0.154970 0.333333 2.998012 1.000000

Matrix 4304:
1.000000 9.000000 7.000000 8.000000
0.111111 1.000000 1.000000 0.611480
0.142857 1.000000 1.000000 2.000000
0.125000 1.635376 0.500000 1.000000

Matrix 4305:
1.000000 7.000007 2.963406 2.609598
0.142857 1.000000 0.333333 1.439070
0.337450 3.000000 1.000000 1.000000
0.383201 0.694893 1.000000 1.000000

Matrix 4306:
1.000000 1.000000 3.203756 0.998809
1.000000 1.000000 2.000000 2.000000
0.312134 0.500000 1.000000 0.250000
1.001192 0.500000 4.000000 1.000000

Matrix 4307:
1.000000 0.664481 8.000000 5.000000
1.504934 1.000000 6.000000 4.000000
0.125000 0.166667 1.000000 0.333333
0.200000 0.250000 3.000000 1.000000

Matrix 4308:
1.000000 9.000000 8.000000 7.000000
0.111111 1.000000 0.642384 0.500000
0.125000 1.556702 1.000000 0.333333
0.142857 2.000000 3.000000 1.000000

Matrix 4309:
1.000000 0.250000 0.125000 0.333333
4.000000 1.000000 0.333333 1.133177
8.000000 3.000000 1.000000 0.898100
3.000000 0.882475 1.113462 1.000000

Matrix 4310:
1.000000 4.000000 4.000000 1.000000
0.250000 1.000000 1.638456 0.500000
0.250000 0.610331 1.000000 0.500000
1.000000 2.000000 2.000000 1.000000

Matrix 4311:
1.000000 1.000000 0.166667 1.087422
1.000000 1.000000 0.142857 0.500000
6.000000 7.000000 1.000000 1.753619
0.919606 2.000000 0.570249 1.000000

Matrix 4312:
1.000000 0.333333 8.000000 1.000000
3.000000 1.000000 8.236301 7.000000
0.125000 0.121414 1.000000 0.250000
1.000000 0.142857 4.000000 1.000000

Matrix 4313:
1.000000 1.000000 2.000000 0.496017
1.000000 1.000000 0.970322 1.000000
0.500000 1.030586 1.000000 0.333333
2.016059 1.000000 3.000000 1.000000

Matrix 4314:
1.000000 0.615207 1.000000 1.397633
1.625469 1.000000 1.236680 1.000000
1.000000 0.808617 1.000000 0.500000
0.715495 1.000000 2.000000 1.000000

Matrix 4315:
1.000000 0.333333 0.607136 6.000000
3.000000 1.000000 1.000000 8.000000
1.647078 1.000000 1.000000 4.000000
0.166667 0.125000 0.250000 1.000000

Matrix 4316:
1.000000 0.200000 0.115141 0.111111
5.000000 1.000000 0.555097 1.000000
8.685028 1.801488 1.000000 4.000000
9.000000 1.000000 0.250000 1.000000

Matrix 4317:
1.000000 0.333333 0.111111 0.111111
3.000000 1.000000 0.250000 0.166667
9.000000 4.000000 1.000000 1.611485
9.000000 6.000000 0.620546 1.000000

Matrix 4318:
1.000000 0.142857 0.125000 0.125000
7.000000 1.000000 0.250000 0.619902
8.000000 4.000000 1.000000 4.000000
8.000000 1.613159 0.250000 1.000000

Matrix 4319:
1.000000 8.000000 7.000007 4.000000
0.125000 1.000000 0.536364 0.984764
0.142857 1.864406 1.000000 2.000000
0.250000 1.015472 0.500000 1.000000

Matrix 4320:
1.000000 0.125000 0.200000 0.142857
8.000000 1.000000 0.491933 1.000000
5.000000 2.032797 1.000000 0.618295
7.000000 1.000000 1.617351 1.000000

Matrix 4321:
1.000000 0.166667 0.119439 0.500000
6.000000 1.000000 0.333333 8.000000
8.372464 3.000000 1.000000 8.000000
2.000000 0.125000 0.125000 1.000000

Matrix 4322:
1.000000 0.333333 0.824830 0.912141
3.000000 1.000000 9.000000 9.000000
1.212371 0.111111 1.000000 0.796328
1.096322 0.111111 1.255764 1.000000

Matrix 4323:
1.000000 0.142857 0.673739 0.119267
7.000000 1.000000 9.000000 1.000000
1.484253 0.111111 1.000000 0.111111
8.384531 1.000000 9.000000 1.000000

Matrix 4324:
1.000000 0.142857 3.000003 0.124083
7.000000 1.000000 7.883837 1.724064
0.333333 0.126842 1.000000 0.166667
8.059125 0.580025 6.000000 1.000000

Matrix 4325:
1.000000 0.825814 0.561229 1.234998
1.210927 1.000000 0.677046 0.680800
1.781803 1.477005 1.000000 3.000000
0.809718 1.468860 0.333333 1.000000

Matrix 4326:
1.000000 1.000000 1.661361 0.125000
1.000000 1.000000 1.000000 0.166667
0.601916 1.000000 1.000000 0.333333
8.000000 6.000000 3.000000 1.000000

Matrix 4327:
1.000000 0.129939 0.250000 0.111111
7.695893 1.000000 1.470464 0.333333
4.000000 0.680058 1.000000 0.901304
9.000000 3.000000 1.109504 1.000000

Matrix 4328:
1.000000 1.667596 0.125000 0.333333
0.599666 1.000000 0.166667 0.500000
8.000000 6.000000 1.000000 1.000000
3.000000 2.000000 1.000000 1.000000

Matrix 4329:
1.000000 0.380180 1.846155 1.000000
2.630334 1.000000 1.000000 2.992797
0.541666 1.000000 1.000000 1.000000
1.000000 0.334136 1.000000 1.000000

Matrix 4330:
1.000000 1.431665 0.166667 0.500000
0.698488 1.000000 0.125000 1.000000
6.000000 8.000000 1.000000 6.000000
2.000000 1.000000 0.166667 1.000000

Matrix 4331:
1.000000 1.000000 0.122598 0.166667
1.000000 1.000000 0.142857 0.333333
8.156749 7.000000 1.000000 5.000000
6.000000 3.000000 0.200000 1.000000

Matrix 4332:
1.000000 0.142857 2.000000 0.111111
7.000000 1.000000 7.000000 0.500857
0.500000 0.142857 1.000000 0.121707
9.000000 1.996578 8.216484 1.000000

Matrix 4333:
1.000000 0.614219 1.000000 2.257276
1.628084 1.000000 1.000000 2.000000
1.000000 1.000000 1.000000 5.000000
0.443012 0.500000 0.200000 1.000000

Matrix 4334:
1.000000 0.250000 0.142857 0.200000
4.000000 1.000000 1.557900 2.068251
7.000000 0.641890 1.000000 3.488979
5.000000 0.483500 0.286617 1.000000

Matrix 4335:
1.000000 0.379162 0.250000 1.829406
2.637392 1.000000 0.666651 7.000000
4.000000 1.500035 1.000000 9.000000
0.546626 0.142857 0.111111 1.000000

Matrix 4336:
1.000000 1.000000 1.653038 7.000000
1.000000 1.000000 1.000000 7.000000
0.604947 1.000000 1.000000 4.000000
0.142857 0.142857 0.250000 1.000000

Matrix 4337:
1.000000 9.000009 1.712634 5.490485
0.111111 1.000000 0.125000 1.763242
0.583896 8.000000 1.000000 8.000000
0.182133 0.567137 0.125000 1.000000

Matrix 4338:
1.000000 1.734904 0.166667 0.142857
0.576401 1.000000 0.113082 0.125000
6.000000 8.843121 1.000000 1.000000
7.000000 8.000000 1.000000 1.000000

Matrix 4339:
1.000000 1.000000 0.166667 1.629914
1.000000 1.000000 0.125000 1.673989
6.000000 8.000000 1.000000 6.000000
0.613529 0.597376 0.166667 1.000000

Matrix 4340:
1.000000 0.111111 0.250000 0.333333
9.000000 1.000000 1.591643 1.281101
4.000000 0.628282 1.000000 1.362810
3.000000 0.780578 0.733778 1.000000

Matrix 4341:
1.000000 0.200000 0.333333 2.122219
5.000000 1.000000 0.675114 5.000000
3.000000 1.481231 1.000000 3.000000
0.471205 0.200000 0.333333 1.000000

Matrix 4342:
1.000000 0.111111 0.619121 0.500000
9.000000 1.000000 8.000000 8.000000
1.615194 0.125000 1.000000 0.250000
2.000000 0.125000 4.000000 1.000000

Matrix 4343:
1.000000 2.846452 1.770085 2.000000
0.351314 1.000000 0.416251 1.000000
0.564944 2.402398 1.000000 3.000000
0.500000 1.000000 0.333333 1.000000

Matrix 4344:
1.000000 0.125000 0.200000 1.000000
8.000000 1.000000 0.623044 6.000000
5.000000 1.605023 1.000000 4.000000
1.000000 0.166667 0.250000 1.000000

Matrix 4345:
1.000000 8.000000 3.000000 0.830622
0.125000 1.000000 0.111111 0.200000
0.333333 9.000000 1.000000 0.500000
1.203918 5.000000 2.000000 1.000000

Matrix 4346:
1.000000 0.333333 1.428910 0.200000
3.000000 1.000000 3.000000 0.333333
0.699834 0.333333 1.000000 0.125000
5.000000 3.000000 8.000000 1.000000

Matrix 4347:
1.000000 8.000000 5.000000 5.000000
0.125000 1.000000 0.200000 0.333333
0.200000 5.000000 1.000000 1.604534
0.200000 3.000000 0.623234 1.000000

Matrix 4348:
1.000000 2.000000 0.250000 1.541673
0.500000 1.000000 0.250000 0.587930
4.000000 4.000000 1.000000 2.000000
0.648646 1.700883 0.500000 1.000000

Matrix 4349:
1.000000 0.166667 0.353635 0.430298
6.000000 1.000000 0.730413 1.606228
2.827772 1.369088 1.000000 3.000000
2.323970 0.622577 0.333333 1.000000

Matrix 4350:
1.000000 3.000000 0.250000 1.000000
0.333333 1.000000 0.113986 0.125000
4.000000 8.773041 1.000000 4.000000
1.000000 8.000000 0.250000 1.000000

Matrix 4351:
1.000000 1.443482 1.756860 1.267865
0.692769 1.000000 0.734811 3.176016
0.569197 1.360894 1.000000 1.873722
0.788727 0.314860 0.533697 1.000000

Matrix 4352:
1.000000 0.636590 2.000000 1.630719
1.570869 1.000000 1.000000 1.375859
0.500000 1.000000 1.000000 0.996748
0.613226 0.726819 1.003263 1.000000

Matrix 4353:
1.000000 7.000007 7.000007 4.000000
0.142857 1.000000 1.754475 1.000000
0.142857 0.569971 1.000000 1.626729
0.250000 1.000000 0.614731 1.000000

Matrix 4354:
1.000000 6.000000 3.000000 1.556922
0.166667 1.000000 0.333333 0.142857
0.333333 3.000000 1.000000 0.250000
0.642293 7.000000 4.000000 1.000000

Matrix 4355:
1.000000 2.699830 1.671065 6.000000
0.370394 1.000000 0.500000 5.000000
0.598421 2.000000 1.000000 6.000000
0.166667 0.200000 0.166667 1.000000

Matrix 4356:
1.000000 4.000000 1.008660 1.000000
0.250000 1.000000 0.142857 0.500000
0.991414 7.000000 1.000000 4.000000
1.000000 2.000000 0.250000 1.000000

Matrix 4357:
1.000000 5.999988 1.895122 4.000000
0.166667 1.000000 0.333333 1.290426
0.527670 3.000000 1.000000 3.000000
0.250000 0.774938 0.333333 1.000000

Matrix 4358:
1.000000 0.500000 0.200000 1.436011
2.000000 1.000000 0.166667 0.669380
5.000000 6.000000 1.000000 9.000000
0.696373 1.493920 0.111111 1.000000

Matrix 4359:
1.000000 0.250000 1.000000 0.333333
4.000000 1.000000 4.499271 3.000000
1.000000 0.222258 1.000000 0.200000
3.000000 0.333333 5.000000 1.000000

Matrix 4360:
1.000000 2.000000 1.614096 0.142857
0.500000 1.000000 0.500000 0.125000
0.619542 2.000000 1.000000 0.333333
7.000000 8.000000 3.000000 1.000000

Matrix 4361:
1.000000 0.125000 0.200000 1.192917
8.000000 1.000000 0.591380 8.000000
5.000000 1.690961 1.000000 4.000000
0.838281 0.125000 0.250000 1.000000

Matrix 4362:
1.000000 1.632450 0.250000 0.125000
0.612576 1.000000 0.333333 0.147856
4.000000 3.000000 1.000000 1.125269
8.000000 6.763350 0.888676 1.000000

Matrix 4363:
1.000000 2.239323 1.000000 0.336089
0.446564 1.000000 1.217861 0.142857
1.000000 0.821112 1.000000 0.579947
2.975403 7.000000 1.724296 1.000000

Matrix 4364:
1.000000 0.743884 4.000000 2.839444
1.344295 1.000000 5.000000 3.380557
0.250000 0.200000 1.000000 2.000000
0.352182 0.295809 0.500000 1.000000

Matrix 4365:
1.000000 0.250000 1.000000 3.530057
4.000000 1.000000 4.000000 7.000000
1.000000 0.250000 1.000000 7.000000
0.283282 0.142857 0.142857 1.000000

Matrix 4366:
1.000000 2.000000 1.758701 3.000000
0.500000 1.000000 1.000000 3.000000
0.568601 1.000000 1.000000 2.329697
0.333333 0.333333 0.429240 1.000000

Matrix 4367:
1.000000 1.000000 1.000000 0.142857
1.000000 1.000000 0.692279 0.200000
1.000000 1.444504 1.000000 0.125000
7.000000 5.000000 8.000000 1.000000

Matrix 4368:
1.000000 0.500000 1.584614 0.333333
2.000000 1.000000 1.633364 1.000000
0.631068 0.612233 1.000000 0.166667
3.000000 1.000000 6.000000 1.000000

Matrix 4369:
1.000000 5.999988 0.500000 4.000000
0.166667 1.000000 0.167854 0.542627
2.000000 5.957575 1.000000 6.000000
0.250000 1.842888 0.166667 1.000000

Matrix 4370:
1.000000 0.166667 0.333333 1.000000
6.000000 1.000000 1.519362 8.000000
3.000000 0.658171 1.000000 8.000000
1.000000 0.125000 0.125000 1.000000

Matrix 4371:
1.000000 1.000000 0.661817 5.000000
1.000000 1.000000 3.000000 9.000000
1.510992 0.333333 1.000000 8.000000
0.200000 0.111111 0.125000 1.000000

Matrix 4372:
1.000000 0.111111 0.250000 0.250000
9.000000 1.000000 0.608736 1.506188
4.000000 1.642748 1.000000 1.000000
4.000000 0.663928 1.000000 1.000000

Matrix 4373:
1.000000 2.000000 1.515469 0.500000
0.500000 1.000000 1.000000 0.418046
0.659862 1.000000 1.000000 1.000000
2.000000 2.392082 1.000000 1.000000

Matrix 4374:
1.000000 4.000000 1.517414 4.000000
0.250000 1.000000 0.166667 1.834148
0.659016 6.000000 1.000000 8.000000
0.250000 0.545212 0.125000 1.000000

Matrix 4375:
1.000000 2.588865 7.000007 3.000000
0.386270 1.000000 5.000000 1.668343
0.142857 0.200000 1.000000 0.240175
0.333333 0.599397 4.163623 1.000000

Matrix 4376:
1.000000 0.267501 0.333333 0.500000
3.738304 1.000000 1.000000 0.717936
3.000000 1.000000 1.000000 1.717304
2.000000 1.392882 0.582308 1.000000

Matrix 4377:
1.000000 1.026516 0.250000 1.000000
0.974169 1.000000 0.125000 0.333333
4.000000 8.000000 1.000000 2.000000
1.000000 3.000000 0.500000 1.000000

Matrix 4378:
1.000000 1.695937 1.000000 0.575866
0.589645 1.000000 0.500000 1.000000
1.000000 2.000000 1.000000 0.553040
1.736514 1.000000 1.808189 1.000000

Matrix 4379:
1.000000 0.250000 0.500000 1.000000
4.000000 1.000000 2.200896 2.890351
2.000000 0.454360 1.000000 0.571240
1.000000 0.345979 1.750577 1.000000

Matrix 4380:
1.000000 0.938032 8.000000 2.371655
1.066062 1.000000 6.000000 1.000000
0.125000 0.166667 1.000000 0.333333
0.421646 1.000000 3.000000 1.000000

Matrix 4381:
1.000000 6.000000 6.000000 2.000000
0.166667 1.000000 1.619875 0.125000
0.166667 0.617332 1.000000 0.250000
0.500000 8.000000 4.000000 1.000000

Matrix 4382:
1.000000 5.000000 9.000009 1.922466
0.200000 1.000000 0.466807 0.111111
0.111111 2.142211 1.000000 0.295213
0.520165 9.000000 3.387384 1.000000

Matrix 4383:
1.000000 0.200000 1.364491 0.902956
5.000000 1.000000 4.000000 8.000000
0.732874 0.250000 1.000000 2.000000
1.107474 0.125000 0.500000 1.000000

Matrix 4384:
1.000000 0.834912 0.333333 1.000000
1.197731 1.000000 0.200000 0.333333
3.000000 5.000000 1.000000 2.454674
1.000000 3.000000 0.407386 1.000000

Matrix 4385:
1.000000 2.000000 0.333333 1.766770
0.500000 1.000000 0.142857 0.553164
3.000000 7.000000 1.000000 7.000000
0.566004 1.807783 0.142857 1.000000

Matrix 4386:
1.000000 5.000000 7.000000 0.658972
0.200000 1.000000 0.500000 0.111111
0.142857 2.000000 1.000000 0.200000
1.517515 9.000000 5.000000 1.000000

Matrix 4387:
1.000000 0.500935 1.262737 1.195168
1.996269 1.000000 1.428500 0.562955
0.791930 0.700035 1.000000 0.505818
0.836702 1.776340 1.976997 1.000000

Matrix 4388:
1.000000 0.500000 7.000000 0.500000
2.000000 1.000000 9.000000 0.333333
0.142857 0.111111 1.000000 0.151940
2.000000 3.000000 6.581532 1.000000

Matrix 4389:
1.000000 1.000000 1.000000 0.142857
1.000000 1.000000 0.635080 0.250000
1.000000 1.574604 1.000000 0.166667
7.000000 4.000000 6.000000 1.000000

Matrix 4390:
1.000000 0.333333 0.499521 1.000000
3.000000 1.000000 3.000000 2.000000
2.001916 0.333333 1.000000 0.560059
1.000000 0.500000 1.785525 1.000000

Matrix 4391:
1.000000 0.861764 1.606050 1.204281
1.160410 1.000000 2.498130 0.696312
0.622646 0.400299 1.000000 1.000000
0.830371 1.436137 1.000000 1.000000

Matrix 4392:
1.000000 7.000007 0.577247 1.648713
0.142857 1.000000 0.166667 0.250000
1.732362 6.000000 1.000000 1.733560
0.606534 4.000000 0.576848 1.000000

Matrix 4393:
1.000000 0.697806 0.166667 0.142857
1.433062 1.000000 0.142857 0.142857
6.000000 7.000000 1.000000 0.250000
7.000000 7.000000 4.000000 1.000000

Matrix 4394:
1.000000 1.481845 0.596187 0.500000
0.674834 1.000000 1.000000 0.142857
1.677327 1.000000 1.000000 0.333333
2.000000 7.000000 3.000000 1.000000

Matrix 4395:
1.000000 0.790862 1.583024 0.974814
1.264443 1.000000 3.000003 4.908241
0.631703 0.333333 1.000000 2.000000
1.025836 0.203739 0.500000 1.000000

Matrix 4396:
1.000000 0.544782 1.103311 1.000000
1.835598 1.000000 6.000000 2.000000
0.906363 0.166667 1.000000 0.538526
1.000000 0.500000 1.856920 1.000000

Matrix 4397:
1.000000 0.514677 1.729737 0.333333
1.942966 1.000000 1.000000 0.628033
0.578123 1.000000 1.000000 0.500000
3.000000 1.592273 2.000000 1.000000

Matrix 4398:
1.000000 0.166667 0.125000 1.000000
6.000000 1.000000 1.661525 4.000000
8.000000 0.601857 1.000000 3.000000
1.000000 0.250000 0.333333 1.000000

Matrix 4399:
1.000000 0.560159 0.333333 0.383041
1.785208 1.000000 0.200000 0.599144
3.000000 5.000000 1.000000 3.000000
2.610684 1.669047 0.333333 1.000000

Matrix 4400:
1.000000 0.500000 0.500000 0.333333
2.000000 1.000000 1.641474 0.200000
2.000000 0.609208 1.000000 0.200000
3.000000 5.000000 5.000000 1.000000

Matrix 4401:
1.000000 0.653639 0.500000 1.000000
1.529896 1.000000 1.141527 0.661887
2.000000 0.876019 1.000000 3.000000
1.000000 1.510831 0.333333 1.000000

Matrix 4402:
1.000000 7.000007 0.803159 1.504816
0.142857 1.000000 0.252842 0.267931
1.245084 3.955046 1.000000 0.514602
0.664533 3.732309 1.943249 1.000000

Matrix 4403:
1.000000 5.000000 1.000000 3.000000
0.200000 1.000000 0.333333 0.250000
1.000000 3.000000 1.000000 0.609859
0.333333 4.000000 1.639723 1.000000

Matrix 4404:
1.000000 1.034864 4.000000 1.000000
0.966310 1.000000 1.000000 0.681803
0.250000 1.000000 1.000000 0.615347
1.000000 1.466699 1.625099 1.000000

Matrix 4405:
1.000000 0.200000 0.333333 0.142857
5.000000 1.000000 1.000000 1.000000
3.000000 1.000000 1.000000 0.622884
7.000000 1.000000 1.605436 1.000000

Matrix 4406:
1.000000 0.166667 0.250000 1.930901
6.000000 1.000000 1.000000 7.769951
4.000000 1.000000 1.000000 8.000000
0.517893 0.128701 0.125000 1.000000

Matrix 4407:
1.000000 6.000000 1.000000 1.607346
0.166667 1.000000 0.250000 0.166667
1.000000 4.000000 1.000000 2.000000
0.622143 6.000000 0.500000 1.000000

Matrix 4408:
1.000000 1.000000 1.000000 1.209899
1.000000 1.000000 2.000000 1.000000
1.000000 0.500000 1.000000 0.531593
0.826515 1.000000 1.881138 1.000000

Matrix 4409:
1.000000 0.982743 0.426912 0.551442
1.017560 1.000000 0.917339 0.580920
2.342404 1.090109 1.000000 1.000000
1.813428 1.721407 1.000000 1.000000

Matrix 4410:
1.000000 2.000000 1.000000 1.000000
0.500000 1.000000 1.000000 1.501828
1.000000 1.000000 1.000000 0.566339
1.000000 0.665855 1.765727 1.000000

Matrix 4411:
1.000000 0.166667 0.333333 0.200000
6.000000 1.000000 4.000000 1.538405
3.000000 0.250000 1.000000 0.333333
5.000000 0.650024 3.000000 1.000000

Matrix 4412:
1.000000 1.495893 7.000007 8.000000
0.668497 1.000000 8.000000 7.000000
0.142857 0.125000 1.000000 1.741309
0.125000 0.142857 0.574281 1.000000

Matrix 4413:
1.000000 0.166886 0.111111 0.475562
5.992115 1.000000 1.483864 7.000000
9.000000 0.673916 1.000000 7.000000
2.102774 0.142857 0.142857 1.000000

Matrix 4414:
1.000000 3.000000 6.000000 5.000000
0.333333 1.000000 1.000000 0.500000
0.166667 1.000000 1.000000 1.443318
0.200000 2.000000 0.692848 1.000000

Matrix 4415:
1.000000 0.870222 1.728454 2.541134
1.149131 1.000000 1.000000 1.318580
0.578552 1.000000 1.000000 3.000000
0.393525 0.758391 0.333333 1.000000

Matrix 4416:
1.000000 0.166667 1.759073 1.000000
6.000000 1.000000 6.942946 4.000000
0.568481 0.144031 1.000000 1.380644
1.000000 0.250000 0.724299 1.000000

Matrix 4417:
1.000000 2.000000 1.000000 1.210909
0.500000 1.000000 0.500000 0.200000
1.000000 2.000000 1.000000 0.500000
0.825826 5.000000 2.000000 1.000000

Matrix 4418:
1.000000 0.250000 1.000000 0.125000
4.000000 1.000000 0.990730 0.333333
1.000000 1.009356 1.000000 0.166667
8.000000 3.000000 6.000000 1.000000

Matrix 4419:
1.000000 0.207435 0.166667 0.200000
4.820785 1.000000 3.023989 1.800984
6.000000 0.330689 1.000000 1.000000
5.000000 0.555252 1.000000 1.000000

Matrix 4420:
1.000000 1.402266 1.000000 9.000000
0.713131 1.000000 1.427068 3.369655
1.000000 0.700737 1.000000 7.000000
0.111111 0.296766 0.142857 1.000000

Matrix 4421:
1.000000 1.467633 2.000000 3.000000
0.681369 1.000000 3.000000 2.047974
0.500000 0.333333 1.000000 2.063346
0.333333 0.488287 0.484650 1.000000

Matrix 4422:
1.000000 0.742878 0.166667 0.333333
1.346115 1.000000 0.166667 0.250000
6.000000 6.000000 1.000000 6.000000
3.000000 4.000000 0.166667 1.000000

Matrix 4423:
1.000000 0.186907 0.507363 0.212484
5.350263 1.000000 8.000000 1.000000
1.970975 0.125000 1.000000 0.323752
4.706232 1.000000 3.088785 1.000000

Matrix 4424:
1.000000 0.665257 5.000000 3.000000
1.503178 1.000000 3.000000 2.000000
0.200000 0.333333 1.000000 0.250000
0.333333 0.500000 4.000000 1.000000

Matrix 4425:
1.000000 8.000000 0.685807 5.000000
0.125000 1.000000 0.125000 0.250000
1.458136 8.000000 1.000000 2.000000
0.200000 4.000000 0.500000 1.000000

Matrix 4426:
1.000000 0.333333 0.500000 2.000000
3.000000 1.000000 0.664007 4.000000
2.000000 1.506009 1.000000 3.000000
0.500000 0.250000 0.333333 1.000000

Matrix 4427:
1.000000 1.000000 6.000000 1.636854
1.000000 1.000000 4.000000 0.500000
0.166667 0.250000 1.000000 0.142857
0.610928 2.000000 7.000000 1.000000

Matrix 4428:
1.000000 0.166667 0.620536 0.500000
6.000000 1.000000 5.000000 2.000000
1.611511 0.200000 1.000000 1.000000
2.000000 0.500000 1.000000 1.000000

Matrix 4429:
1.000000 0.166667 1.440162 0.142857
6.000000 1.000000 5.000000 0.333333
0.694366 0.200000 1.000000 0.142857
7.000000 3.000000 7.000000 1.000000

Matrix 4430:
1.000000 1.000000 3.000000 0.500000
1.000000 1.000000 2.000000 0.624865
0.333333 0.500000 1.000000 0.500000
2.000000 1.600345 2.000000 1.000000

Matrix 4431:
1.000000 3.000000 0.699573 9.000000
0.333333 1.000000 0.250000 2.000000
1.429444 4.000000 1.000000 4.000000
0.111111 0.500000 0.250000 1.000000

Matrix 4432:
1.000000 3.000003 0.653140 8.715934
0.333333 1.000000 0.125000 3.000000
1.531065 8.000000 1.000000 7.997671
0.114732 0.333333 0.125036 1.000000

Matrix 4433:
1.000000 0.166667 0.125000 0.200000
6.000000 1.000000 0.500000 1.000000
8.000000 2.000000 1.000000 0.661448
5.000000 1.000000 1.511834 1.000000

Matrix 4434:
1.000000 1.000000 3.000000 1.000000
1.000000 1.000000 1.813570 1.000000
0.333333 0.551399 1.000000 1.222272
1.000000 1.000000 0.818148 1.000000

Matrix 4435:
1.000000 0.722002 1.220966 0.333333
1.385038 1.000000 1.000000 1.628534
0.819024 1.000000 1.000000 1.000000
3.000000 0.614049 1.000000 1.000000

Matrix 4436:
1.000000 0.142857 0.333333 0.125000
7.000000 1.000000 9.000000 0.666186
3.000000 0.111111 1.000000 0.142857
8.000000 1.501081 7.000000 1.000000

Matrix 4437:
1.000000 9.000009 0.675148 1.655237
0.111111 1.000000 0.250000 0.111111
1.481158 4.000000 1.000000 0.747593
0.604143 9.000000 1.337626 1.000000

Matrix 4438:
1.000000 0.500000 0.166667 1.000000
2.000000 1.000000 0.250000 0.823104
6.000000 4.000000 1.000000 5.000000
1.000000 1.214913 0.200000 1.000000

Matrix 4439:
1.000000 8.000000 2.000000 1.000000
0.125000 1.000000 0.250000 0.142857
0.500000 4.000000 1.000000 1.507025
1.000000 7.000000 0.663559 1.000000

Matrix 4440:
1.000000 0.587810 1.000000 6.000000
1.701230 1.000000 0.749295 4.000000
1.000000 1.334588 1.000000 3.000000
0.166667 0.250000 0.333333 1.000000

Matrix 4441:
1.000000 0.676279 1.000000 0.660229
1.478681 1.000000 1.931649 4.000000
1.000000 0.517692 1.000000 2.000000
1.514626 0.250000 0.500000 1.000000

Matrix 4442:
1.000000 0.619160 5.000000 5.000000
1.615091 1.000000 3.929161 3.000000
0.200000 0.254507 1.000000 1.801890
0.200000 0.333333 0.554973 1.000000

Matrix 4443:
1.000000 0.397035 0.552255 0.200000
2.518672 1.000000 1.000000 0.540836
1.810756 1.000000 1.000000 1.642545
5.000000 1.848990 0.608811 1.000000

Matrix 4444:
1.000000 8.000000 2.000000 6.000000
0.125000 1.000000 0.166667 1.669530
0.500000 6.000000 1.000000 3.000000
0.166667 0.598971 0.333333 1.000000

Matrix 4445:
1.000000 0.691485 7.000000 9.000000
1.446164 1.000000 4.000000 7.000000
0.142857 0.250000 1.000000 1.000000
0.111111 0.142857 1.000000 1.000000

Matrix 4446:
1.000000 1.912232 5.000000 2.000000
0.522949 1.000000 4.000000 3.070042
0.200000 0.250000 1.000000 0.318417
0.500000 0.325728 3.140539 1.000000

Matrix 4447:
1.000000 0.518721 1.645550 0.111111
1.927817 1.000000 1.000000 0.200000
0.607700 1.000000 1.000000 0.142857
9.000000 5.000000 7.000000 1.000000

Matrix 4448:
1.000000 1.000000 7.987932 1.000000
1.000000 1.000000 7.000000 0.333333
0.125189 0.142857 1.000000 0.111111
1.000000 3.000000 9.000000 1.000000

Matrix 4449:
1.000000 0.200000 0.607434 1.000000
5.000000 1.000000 7.000000 7.000000
1.646268 0.142857 1.000000 2.000000
1.000000 0.142857 0.500000 1.000000

Matrix 4450:
1.000000 0.166667 2.567883 2.000000
6.000000 1.000000 8.000000 4.000000
0.389426 0.125000 1.000000 0.904373
0.500000 0.250000 1.105738 1.000000

Matrix 4451:
1.000000 8.000000 5.000000 0.618914
0.125000 1.000000 0.544886 0.125000
0.200000 1.835245 1.000000 0.250000
1.615733 8.000000 4.000000 1.000000

Matrix 4452:
1.000000 1.577346 1.674922 2.164608
0.633976 1.000000 0.581394 1.000000
0.597043 1.720004 1.000000 0.554791
0.461977 1.000000 1.802480 1.000000

Matrix 4453:
1.000000 1.000000 0.250000 0.555065
1.000000 1.000000 0.640587 2.000000
4.000000 1.561068 1.000000 1.354666
1.801590 0.500000 0.738189 1.000000

Matrix 4454:
1.000000 3.000000 3.000000 1.434144
0.333333 1.000000 3.000000 0.200000
0.333333 0.333333 1.000000 0.200000
0.697280 5.000000 5.000000 1.000000

Matrix 4455:
1.000000 0.125000 0.200000 0.623987
8.000000 1.000000 4.000000 7.000000
5.000000 0.250000 1.000000 6.000000
1.602597 0.142857 0.166667 1.000000

Matrix 4456:
1.000000 0.984181 0.500000 2.000000
1.016073 1.000000 0.166667 0.500000
2.000000 6.000000 1.000000 4.000000
0.500000 2.000000 0.250000 1.000000

Matrix 4457:
1.000000 0.505709 0.684945 3.000000
1.977422 1.000000 0.400592 2.000000
1.459970 2.496303 1.000000 6.000000
0.333333 0.500000 0.166667 1.000000

Matrix 4458:
1.000000 1.432786 0.111111 0.125000
0.697941 1.000000 0.142857 0.166667
9.000000 7.000000 1.000000 4.000000
8.000000 6.000000 0.250000 1.000000

Matrix 4459:
1.000000 0.200000 0.125000 1.000000
5.000000 1.000000 1.517367 6.000000
8.000000 0.659036 1.000000 6.000000
1.000000 0.166667 0.166667 1.000000

Matrix 4460:
1.000000 0.814487 0.200000 0.333333
1.227767 1.000000 0.166667 0.142857
5.000000 6.000000 1.000000 2.098213
3.000000 7.000000 0.476596 1.000000

Matrix 4461:
1.000000 2.157547 7.000000 2.000000
0.463489 1.000000 3.000000 1.000000
0.142857 0.333333 1.000000 1.000000
0.500000 1.000000 1.000000 1.000000

Matrix 4462:
1.000000 0.333333 0.200000 1.000000
3.000000 1.000000 0.463837 1.812283
5.000000 2.155928 1.000000 1.449079
1.000000 0.551790 0.690094 1.000000

Matrix 4463:
1.000000 0.693245 8.000000 6.000000
1.442491 1.000000 9.000000 6.000000
0.125000 0.111111 1.000000 0.393743
0.166667 0.166667 2.539731 1.000000

Matrix 4464:
1.000000 0.423772 3.000000 5.000000
2.359759 1.000000 4.203327 6.000000
0.333333 0.237907 1.000000 2.434767
0.200000 0.166667 0.410717 1.000000

Matrix 4465:
1.000000 3.000000 6.000000 1.350993
0.333333 1.000000 1.000000 0.125000
0.166667 1.000000 1.000000 0.125000
0.740196 8.000000 8.000000 1.000000

Matrix 4466:
1.000000 3.000000 0.250000 0.200000
0.333333 1.000000 0.250000 0.250000
4.000000 4.000000 1.000000 1.535378
5.000000 4.000000 0.651305 1.000000

Matrix 4467:
1.000000 1.000000 1.000000 0.600305
1.000000 1.000000 1.000000 3.000000
1.000000 1.000000 1.000000 1.000000
1.665820 0.333333 1.000000 1.000000

Matrix 4468:
1.000000 2.000000 1.000000 1.470188
0.500000 1.000000 0.353831 0.333333
1.000000 2.826209 1.000000 0.442607
0.680185 3.000000 2.259340 1.000000

Matrix 4469:
1.000000 1.656538 0.142857 2.000000
0.603669 1.000000 0.250000 1.000000
7.000000 4.000000 1.000000 6.000000
0.500000 1.000000 0.166667 1.000000

Matrix 4470:
1.000000 6.000000 5.000000 0.630938
0.166667 1.000000 0.500000 0.142857
0.200000 2.000000 1.000000 0.142857
1.584941 7.000000 7.000000 1.000000

Matrix 4471:
1.000000 1.000000 0.804947 1.443420
1.000000 1.000000 1.000000 0.564543
1.242318 1.000000 1.000000 3.000000
0.692799 1.771345 0.333333 1.000000

Matrix 4472:
1.000000 7.000000 6.000000 0.656576
0.142857 1.000000 0.500000 0.200000
0.166667 2.000000 1.000000 0.333333
1.523053 5.000000 3.000000 1.000000

Matrix 4473:
1.000000 1.000000 3.000003 0.733728
1.000000 1.000000 3.152798 1.816694
0.333333 0.317179 1.000000 1.162264
1.362903 0.550451 0.860390 1.000000

Matrix 4474:
1.000000 0.684817 0.463014 1.734274
1.460244 1.000000 0.496553 1.855266
2.159762 2.013885 1.000000 1.000000
0.576610 0.539006 1.000000 1.000000

Matrix 4475:
1.000000 1.000000 3.000000 1.000000
1.000000 1.000000 2.000000 1.000000
0.333333 0.500000 1.000000 1.643122
1.000000 1.000000 0.608598 1.000000

Matrix 4476:
1.000000 3.000000 1.000000 8.000000
0.333333 1.000000 0.166667 0.607753
1.000000 6.000000 1.000000 7.000000
0.125000 1.645405 0.142857 1.000000

Matrix 4477:
1.000000 1.000000 1.000000 0.898186
1.000000 1.000000 1.869300 0.689797
1.000000 0.534960 1.000000 1.000000
1.113356 1.449702 1.000000 1.000000

Matrix 4478:
1.000000 1.000000 1.000000 1.508496
1.000000 1.000000 1.655159 0.500000
1.000000 0.604172 1.000000 1.000000
0.662912 2.000000 1.000000 1.000000

Matrix 4479:
1.000000 0.602241 1.000000 0.125000
1.660465 1.000000 1.436711 0.200000
1.000000 0.696034 1.000000 0.313884
8.000000 5.000000 3.185892 1.000000

Matrix 4480:
1.000000 0.519668 5.000000 1.609880
1.924304 1.000000 7.000000 1.000000
0.200000 0.142857 1.000000 0.333333
0.621164 1.000000 3.000000 1.000000

Matrix 4481:
1.000000 7.000000 0.500000 1.000000
0.142857 1.000000 0.200000 0.333333
2.000000 5.000000 1.000000 0.641916
1.000000 3.000000 1.557837 1.000000

Matrix 4482:
1.000000 0.114750 0.142857 0.111111
8.714604 1.000000 5.000000 2.000000
7.000000 0.200000 1.000000 0.500000
9.000000 0.500000 2.000000 1.000000

Matrix 4483:
1.000000 0.500000 2.000000 0.500000
2.000000 1.000000 7.000000 1.000000
0.500000 0.142857 1.000000 0.503099
2.000000 1.000000 1.987680 1.000000

Matrix 4484:
1.000000 0.250000 2.035199 1.000000
4.000000 1.000000 5.999988 6.000000
0.491353 0.166667 1.000000 0.589172
1.000000 0.166667 1.697297 1.000000

Matrix 4485:
1.000000 2.000000 6.000000 3.000000
0.500000 1.000000 0.806684 2.000000
0.166667 1.239642 1.000000 0.608343
0.333333 0.500000 1.643808 1.000000

Matrix 4486:
1.000000 8.000000 8.000000 0.544963
0.125000 1.000000 1.486763 0.111111
0.125000 0.672602 1.000000 0.116893
1.834988 9.000000 8.554826 1.000000

Matrix 4487:
1.000000 8.000000 2.000000 1.000000
0.125000 1.000000 0.500000 0.166667
0.500000 2.000000 1.000000 1.531562
1.000000 6.000000 0.652928 1.000000

Matrix 4488:
1.000000 1.000000 1.434132 0.142857
1.000000 1.000000 0.500000 0.166667
0.697286 2.000000 1.000000 0.200000
7.000000 6.000000 5.000000 1.000000

Matrix 4489:
1.000000 3.000003 7.000007 2.081165
0.333333 1.000000 1.683252 0.699186
0.142857 0.594088 1.000000 1.000000
0.480500 1.430235 1.000000 1.000000

Matrix 4490:
1.000000 0.250000 0.111111 0.614343
4.000000 1.000000 0.142857 3.000000
9.000000 7.000000 1.000000 7.000000
1.627755 0.333333 0.142857 1.000000

Matrix 4491:
1.000000 2.755079 5.999988 1.862568
0.362966 1.000000 0.955949 2.000000
0.166667 1.046080 1.000000 0.500000
0.536893 0.500000 2.000000 1.000000

Matrix 4492:
1.000000 8.000000 1.000000 9.000000
0.125000 1.000000 0.142857 0.617395
1.000000 7.000000 1.000000 4.000000
0.111111 1.619708 0.250000 1.000000

Matrix 4493:
1.000000 1.000000 0.515514 4.481223
1.000000 1.000000 1.646655 4.000000
1.939810 0.607292 1.000000 6.000000
0.223153 0.250000 0.166667 1.000000

Matrix 4494:
1.000000 4.000000 7.000007 0.658013
0.250000 1.000000 1.574474 0.290365
0.142857 0.635133 1.000000 0.250000
1.519728 3.443945 4.000000 1.000000

Matrix 4495:
1.000000 2.000000 1.000000 1.379077
0.500000 1.000000 0.812270 1.882179
1.000000 1.231118 1.000000 0.674194
0.725123 0.531299 1.483253 1.000000

Matrix 4496:
1.000000 2.850251 0.957769 6.000000
0.350846 1.000000 1.000000 1.000000
1.044093 1.000000 1.000000 4.000000
0.166667 1.000000 0.250000 1.000000

Matrix 4497:
1.000000 0.166667 0.525975 0.250000
6.000000 1.000000 7.000000 6.000000
1.901232 0.142857 1.000000 1.000000
4.000000 0.166667 1.000000 1.000000

Matrix 4498:
1.000000 0.440631 0.500000 1.304451
2.269473 1.000000 0.755738 1.880352
2.000000 1.323209 1.000000 0.699020
0.766606 0.531815 1.430574 1.000000

Matrix 4499:
1.000000 0.500000 1.000000 1.558498
2.000000 1.000000 2.854739 1.449069
1.000000 0.350295 1.000000 0.500000
0.641643 0.690098 2.000000 1.000000

Matrix 4500:
1.000000 7.000000 0.697159 0.250000
0.142857 1.000000 0.125000 0.125000
1.434392 8.000000 1.000000 0.250000
4.000000 8.000000 4.000000 1.000000

Matrix 4501:
1.000000 7.000000 7.000000 1.000000
0.142857 1.000000 0.624570 0.250000
0.142857 1.601101 1.000000 0.250000
1.000000 4.000000 4.000000 1.000000

Matrix 4502:
1.000000 1.560953 1.000000 7.000000
0.640634 1.000000 1.574653 5.000000
1.000000 0.635061 1.000000 9.000000
0.142857 0.200000 0.111111 1.000000

Matrix 4503:
1.000000 0.166667 0.111111 1.971436
6.000000 1.000000 1.411205 5.518084
9.000000 0.708614 1.000000 7.000000
0.507244 0.181222 0.142857 1.000000

Matrix 4504:
1.000000 0.593748 7.140359 7.000000
1.684216 1.000000 8.000000 9.000000
0.140049 0.125000 1.000000 0.645252
0.142857 0.111111 1.549782 1.000000

Matrix 4505:
1.000000 1.330890 0.500000 5.000000
0.751377 1.000000 1.886490 8.000000
2.000000 0.530085 1.000000 7.000000
0.200000 0.125000 0.142857 1.000000

Matrix 4506:
1.000000 0.125000 0.608565 3.000000
8.000000 1.000000 6.000000 9.000000
1.643209 0.166667 1.000000 5.000000
0.333333 0.111111 0.200000 1.000000

Matrix 4507:
1.000000 0.250000 0.250000 0.200000
4.000000 1.000000 1.810570 0.484734
4.000000 0.552312 1.000000 0.333333
5.000000 2.062986 3.000000 1.000000

Matrix 4508:
1.000000 5.999988 0.620807 0.806780
0.166667 1.000000 0.125000 0.200000
1.610805 8.000000 1.000000 0.521819
1.239496 5.000000 1.916374 1.000000

Matrix 4509:
1.000000 4.000000 0.617493 2.006026
0.250000 1.000000 0.200000 0.670542
1.619452 5.000000 1.000000 1.000000
0.498498 1.491331 1.000000 1.000000

Matrix 4510:
1.000000 0.832804 9.000009 6.000000
1.200763 1.000000 3.000003 4.000000
0.111111 0.333333 1.000000 0.637812
0.166667 0.250000 1.567860 1.000000

Matrix 4511:
1.000000 4.000000 1.000000 7.369956
0.250000 1.000000 0.500000 3.000000
1.000000 2.000000 1.000000 5.000000
0.135686 0.333333 0.200000 1.000000

Matrix 4512:
1.000000 2.000000 0.933157 0.500000
0.500000 1.000000 0.200000 0.333333
1.071631 5.000000 1.000000 2.000000
2.000000 3.000000 0.500000 1.000000

Matrix 4513:
1.000000 0.596772 0.125000 0.333333
1.675681 1.000000 0.333333 1.920333
8.000000 3.000000 1.000000 9.000000
3.000000 0.520743 0.111111 1.000000

Matrix 4514:
1.000000 6.000000 1.505418 0.696643
0.166667 1.000000 0.250000 0.200000
0.664267 4.000000 1.000000 1.000000
1.435456 5.000000 1.000000 1.000000

Matrix 4515:
1.000000 0.383293 3.000000 0.500000
2.608972 1.000000 8.000000 0.613785
0.333333 0.125000 1.000000 0.142857
2.000000 1.629234 7.000000 1.000000

Matrix 4516:
1.000000 9.000000 6.000000 7.000000
0.111111 1.000000 1.713780 0.520936
0.166667 0.583505 1.000000 0.500000
0.142857 1.919620 2.000000 1.000000

Matrix 4517:
1.000000 1.000000 1.000000 0.741795
1.000000 1.000000 0.698758 1.355652
1.000000 1.431112 1.000000 0.500000
1.348082 0.737653 2.000000 1.000000

Matrix 4518:
1.000000 1.613206 3.000003 7.000000
0.619884 1.000000 1.719897 5.000000
0.333333 0.581430 1.000000 2.431865
0.142857 0.200000 0.411207 1.000000

Matrix 4519:
1.000000 0.166667 0.500000 1.347488
6.000000 1.000000 5.000000 4.000000
2.000000 0.200000 1.000000 0.630002
0.742122 0.250000 1.587297 1.000000

Matrix 4520:
1.000000 0.500000 0.250000 0.664204
2.000000 1.000000 1.000000 6.000000
4.000000 1.000000 1.000000 8.000000
1.505561 0.166667 0.125000 1.000000

Matrix 4521:
1.000000 3.000000 0.622250 1.000000
0.333333 1.000000 0.200000 0.142857
1.607071 5.000000 1.000000 0.500000
1.000000 7.000000 2.000000 1.000000

Matrix 4522:
1.000000 1.768342 1.000000 6.000000
0.565502 1.000000 1.002725 1.402823
1.000000 0.997282 1.000000 4.314164
0.166667 0.712849 0.231795 1.000000

Matrix 4523:
1.000000 1.000000 0.421071 1.803512
1.000000 1.000000 0.629278 1.978399
2.374896 1.589123 1.000000 1.000000
0.554474 0.505459 1.000000 1.000000

Matrix 4524:
1.000000 9.000000 6.442465 4.000000
0.111111 1.000000 1.516730 0.250000
0.155220 0.659313 1.000000 0.166667
0.250000 4.000000 6.000000 1.000000

Matrix 4525:
1.000000 8.888063 3.000000 3.000000
0.112510 1.000000 0.125000 0.250000
0.333333 8.000000 1.000000 1.000000
0.333333 4.000000 1.000000 1.000000

Matrix 4526:
1.000000 0.111111 1.559760 0.250000
9.000000 1.000000 9.000000 8.000000
0.641124 0.111111 1.000000 0.500000
4.000000 0.125000 2.000000 1.000000

Matrix 4527:
1.000000 1.477005 1.000000 1.795797
0.677046 1.000000 1.069837 1.000000
1.000000 0.934722 1.000000 1.000000
0.556856 1.000000 1.000000 1.000000

Matrix 4528:
1.000000 5.999988 6.000000 7.000000
0.166667 1.000000 1.735858 3.000000
0.166667 0.576084 1.000000 1.823945
0.142857 0.333333 0.548262 1.000000

Matrix 4529:
1.000000 0.561718 1.000000 1.500075
1.780252 1.000000 1.000000 5.000000
1.000000 1.000000 1.000000 1.727089
0.666633 0.200000 0.579009 1.000000

Matrix 4530:
1.000000 3.000000 1.585674 2.000000
0.333333 1.000000 0.250000 1.960144
0.630647 4.000000 1.000000 4.000000
0.500000 0.510167 0.250000 1.000000

Matrix 4531:
1.000000 0.618063 0.500000 6.000000
1.617957 1.000000 0.497485 3.000000
2.000000 2.010112 1.000000 5.311464
0.166667 0.333333 0.188272 1.000000

Matrix 4532:
1.000000 0.903413 2.057897 2.537145
1.106914 1.000000 3.000003 1.281568
0.485933 0.333333 1.000000 1.539701
0.394144 0.780294 0.649477 1.000000

Matrix 4533:
1.000000 5.000000 1.988492 0.719062
0.200000 1.000000 0.250000 0.125000
0.502894 4.000000 1.000000 1.380893
1.390700 8.000000 0.724169 1.000000

Matrix 4534:
1.000000 0.125000 0.142857 0.111111
8.000000 1.000000 0.663483 2.000000
7.000000 1.507198 1.000000 2.000000
9.000000 0.500000 0.500000 1.000000

Matrix 4535:
1.000000 0.142857 0.601076 0.111111
7.000000 1.000000 7.000007 1.695412
1.663683 0.142857 1.000000 0.166667
9.000000 0.589827 6.000000 1.000000

Matrix 4536:
1.000000 4.000000 0.639826 0.403413
0.250000 1.000000 0.333333 0.250000
1.562926 3.000000 1.000000 0.512761
2.478847 4.000000 1.950228 1.000000

Matrix 4537:
1.000000 1.714042 7.000000 0.645655
0.583416 1.000000 4.000000 0.474767
0.142857 0.250000 1.000000 0.250000
1.548814 2.106295 4.000000 1.000000

Matrix 4538:
1.000000 1.658760 0.333333 0.399474
0.602860 1.000000 0.166667 0.333333
3.000000 6.000000 1.000000 3.411024
2.503292 3.000000 0.293167 1.000000

Matrix 4539:
1.000000 1.243875 0.558503 2.000000
0.803939 1.000000 1.000000 2.509167
1.790501 1.000000 1.000000 7.000000
0.500000 0.398539 0.142857 1.000000

Matrix 4540:
1.000000 0.500000 2.000000 2.000000
2.000000 1.000000 8.000000 5.000000
0.500000 0.125000 1.000000 0.608086
0.500000 0.200000 1.644505 1.000000

Matrix 4541:
1.000000 1.719005 0.125000 0.506541
0.581732 1.000000 0.200000 0.500000
8.000000 5.000000 1.000000 4.000000
1.974173 2.000000 0.250000 1.000000

Matrix 4542:
1.000000 1.384721 3.000003 1.465470
0.722167 1.000000 1.530640 2.134930
0.333333 0.653321 1.000000 1.613594
0.682375 0.468399 0.619735 1.000000

Matrix 4543:
1.000000 3.000000 8.931277 6.000000
0.333333 1.000000 8.000000 4.000000
0.111966 0.125000 1.000000 0.333333
0.166667 0.250000 3.000000 1.000000

Matrix 4544:
1.000000 0.166667 0.200000 1.115747
6.000000 1.000000 2.000000 4.000000
5.000000 0.500000 1.000000 0.993104
0.896260 0.250000 1.006944 1.000000

Matrix 4545:
1.000000 1.000000 0.874313 0.570231
1.000000 1.000000 0.333333 0.365683
1.143755 3.000000 1.000000 1.839095
1.753675 2.734609 0.543746 1.000000

Matrix 4546:
1.000000 5.000000 6.000000 0.665445
0.200000 1.000000 1.000000 0.142857
0.166667 1.000000 1.000000 0.200000
1.502755 7.000000 5.000000 1.000000

Matrix 4547:
1.000000 1.000000 0.658820 2.521900
1.000000 1.000000 0.500000 4.000000
1.517866 2.000000 1.000000 1.495068
0.396526 0.250000 0.668866 1.000000

Matrix 4548:
1.000000 1.116481 0.250000 1.000000
0.895671 1.000000 1.000000 1.714810
4.000000 1.000000 1.000000 2.000000
1.000000 0.583155 0.500000 1.000000

Matrix 4549:
1.000000 3.000000 9.000000 0.610983
0.333333 1.000000 5.000000 0.125000
0.111111 0.200000 1.000000 0.142857
1.636707 8.000000 7.000000 1.000000

Matrix 4550:
1.000000 0.111111 0.250000 0.500000
9.000000 1.000000 1.787369 7.000000
4.000000 0.559481 1.000000 5.000000
2.000000 0.142857 0.200000 1.000000

Matrix 4551:
1.000000 0.507258 2.011202 7.000000
1.971382 1.000000 1.258653 9.000000
0.497215 0.794500 1.000000 2.000000
0.142857 0.111111 0.500000 1.000000

Matrix 4552:
1.000000 8.000000 3.000000 0.620260
0.125000 1.000000 0.166667 0.125000
0.333333 6.000000 1.000000 0.166667
1.612227 8.000000 6.000000 1.000000

Matrix 4553:
1.000000 0.142857 2.000000 1.571505
7.000000 1.000000 7.000000 4.000000
0.500000 0.142857 1.000000 0.643891
0.636333 0.250000 1.553058 1.000000

Matrix 4554:
1.000000 1.809942 3.000003 2.620792
0.552504 1.000000 0.500000 1.503237
0.333333 2.000000 1.000000 1.498168
0.381564 0.665231 0.667482 1.000000

Matrix 4555:
1.000000 3.000000 6.000000 4.000000
0.333333 1.000000 1.000000 0.614863
0.166667 1.000000 1.000000 0.333333
0.250000 1.626379 3.000000 1.000000

Matrix 4556:
1.000000 0.250000 0.142857 1.500608
4.000000 1.000000 0.333333 8.000000
7.000000 3.000000 1.000000 5.000000
0.666397 0.125000 0.200000 1.000000

Matrix 4557:
1.000000 1.503755 0.500000 1.000000
0.665002 1.000000 0.495913 2.293777
2.000000 2.016483 1.000000 2.000000
1.000000 0.435962 0.500000 1.000000

Matrix 4558:
1.000000 1.663409 0.664702 0.166667
0.601175 1.000000 2.000000 0.142857
1.504434 0.500000 1.000000 0.166667
6.000000 7.000000 6.000000 1.000000

Matrix 4559:
1.000000 0.500000 2.000000 0.417668
2.000000 1.000000 8.000000 1.680269
0.500000 0.125000 1.000000 0.250000
2.394246 0.595143 4.000000 1.000000

Matrix 4560:
1.000000 1.000000 1.000000 1.267834
1.000000 1.000000 1.793570 0.333333
1.000000 0.557547 1.000000 0.500000
0.788747 3.000000 2.000000 1.000000

Matrix 4561:
1.000000 8.000000 1.000000 0.333333
0.125000 1.000000 0.142857 0.111111
1.000000 7.000000 1.000000 1.504568
3.000000 9.000000 0.664643 1.000000

Matrix 4562:
1.000000 3.000000 1.000000 0.500000
0.333333 1.000000 0.250000 0.505002
1.000000 4.000000 1.000000 1.000000
2.000000 1.980190 1.000000 1.000000

Matrix 4563:
1.000000 0.125000 1.258363 0.125000
8.000000 1.000000 5.000000 1.459332
0.794683 0.200000 1.000000 0.111111
8.000000 0.685245 9.000000 1.000000

Matrix 4564:
1.000000 1.023159 0.250000 0.445836
0.977365 1.000000 0.520203 1.000000
4.000000 1.922328 1.000000 1.000000
2.242975 1.000000 1.000000 1.000000

Matrix 4565:
1.000000 8.000000 3.000000 4.000000
0.125000 1.000000 0.500000 0.577978
0.333333 2.000000 1.000000 1.650284
0.250000 1.730169 0.605956 1.000000

Matrix 4566:
1.000000 8.000000 0.601166 4.000000
0.125000 1.000000 0.128044 0.299568
1.663434 7.809802 1.000000 7.000000
0.250000 3.338137 0.142857 1.000000

Matrix 4567:
1.000000 1.993662 0.638040 3.000000
0.501589 1.000000 0.362727 2.189063
1.567299 2.756891 1.000000 1.824824
0.333333 0.456817 0.547998 1.000000

Matrix 4568:
1.000000 0.489238 0.333333 0.112447
2.043994 1.000000 1.709426 0.142857
3.000000 0.584992 1.000000 0.166667
8.893082 7.000000 6.000000 1.000000

Matrix 4569:
1.000000 0.739674 0.500000 0.500000
1.351946 1.000000 0.341928 0.333333
2.000000 2.924589 1.000000 0.328376
2.000000 3.000000 3.045287 1.000000

Matrix 4570:
1.000000 0.674388 9.000009 2.122498
1.482826 1.000000 4.000000 1.000000
0.111111 0.250000 1.000000 0.333333
0.471143 1.000000 3.000000 1.000000

Matrix 4571:
1.000000 1.856031 4.000000 1.441741
0.538784 1.000000 1.000000 2.000000
0.250000 1.000000 1.000000 0.429693
0.693606 0.500000 2.327243 1.000000

Matrix 4572:
1.000000 1.606321 5.000000 1.000000
0.622541 1.000000 7.000000 1.757646
0.200000 0.142857 1.000000 0.333333
1.000000 0.568943 3.000000 1.000000

Matrix 4573:
1.000000 0.999273 4.000000 6.000000
1.000728 1.000000 1.000000 3.000000
0.250000 1.000000 1.000000 2.000000
0.166667 0.333333 0.500000 1.000000

Matrix 4574:
1.000000 3.000000 1.000000 5.000000
0.333333 1.000000 1.503591 5.000000
1.000000 0.665075 1.000000 5.000000
0.200000 0.200000 0.200000 1.000000

Matrix 4575:
1.000000 1.999055 6.000000 4.000000
0.500236 1.000000 1.000000 0.500000
0.166667 1.000000 1.000000 1.000000
0.250000 2.000000 1.000000 1.000000

Matrix 4576:
1.000000 8.000000 4.000000 8.000000
0.125000 1.000000 1.000000 0.589003
0.250000 1.000000 1.000000 1.835648
0.125000 1.697785 0.544767 1.000000

Matrix 4577:
1.000000 1.692168 1.000000 7.000000
0.590958 1.000000 2.000000 2.125697
1.000000 0.500000 1.000000 1.812368
0.142857 0.470434 0.551764 1.000000

Matrix 4578:
1.000000 1.000000 1.726559 9.000000
1.000000 1.000000 2.000000 3.000000
0.579187 0.500000 1.000000 6.000000
0.111111 0.333333 0.166667 1.000000

Matrix 4579:
1.000000 2.162097 0.540997 0.200000
0.462514 1.000000 0.333333 0.250000
1.848439 3.000000 1.000000 0.387956
5.000000 4.000000 2.577610 1.000000

Matrix 4580:
1.000000 0.583852 0.200000 0.166667
1.712762 1.000000 0.166667 0.125000
5.000000 6.000000 1.000000 1.756713
6.000000 8.000000 0.569245 1.000000

Matrix 4581:
1.000000 8.000000 1.563811 0.333333
0.125000 1.000000 0.250000 0.125000
0.639463 4.000000 1.000000 0.333333
3.000000 8.000000 3.000000 1.000000

Matrix 4582:
1.000000 3.000003 2.000000 1.000000
0.333333 1.000000 0.627429 1.466446
0.500000 1.593807 1.000000 0.616175
1.000000 0.681921 1.622915 1.000000

Matrix 4583:
1.000000 1.000000 1.441641 0.200000
1.000000 1.000000 0.500000 0.166667
0.693654 2.000000 1.000000 0.333333
5.000000 6.000000 3.000000 1.000000

Matrix 4584:
1.000000 0.166667 0.250000 0.624989
6.000000 1.000000 1.000000 4.000000
4.000000 1.000000 1.000000 3.000000
1.600027 0.250000 0.333333 1.000000

Matrix 4585:
1.000000 0.125000 1.000000 1.000000
8.000000 1.000000 9.000000 3.000000
1.000000 0.111111 1.000000 1.622072
1.000000 0.333333 0.616496 1.000000

Matrix 4586:
1.000000 1.763449 0.565114 8.000000
0.567071 1.000000 1.000000 9.000000
1.769553 1.000000 1.000000 9.000000
0.125000 0.111111 0.111111 1.000000

Matrix 4587:
1.000000 0.166667 0.612902 0.454517
6.000000 1.000000 8.000000 5.000000
1.631582 0.125000 1.000000 0.500000
2.200136 0.200000 2.000000 1.000000

Matrix 4588:
1.000000 5.000000 8.908297 4.000000
0.200000 1.000000 4.000000 0.333333
0.112255 0.250000 1.000000 0.200000
0.250000 3.000000 5.000000 1.000000

Matrix 4589:
1.000000 5.000000 8.832160 3.437367
0.200000 1.000000 5.000000 0.486148
0.113223 0.200000 1.000000 0.142857
0.290920 2.056988 7.000000 1.000000

Matrix 4590:
1.000000 2.000000 1.671357 0.267081
0.500000 1.000000 0.333333 0.144432
0.598316 3.000000 1.000000 0.250000
3.744182 6.923682 4.000000 1.000000

Matrix 4591:
1.000000 0.823889 1.000000 6.000000
1.213755 1.000000 0.333333 3.000000
1.000000 3.000000 1.000000 3.000000
0.166667 0.333333 0.333333 1.000000

Matrix 4592:
1.000000 0.762249 1.844317 0.500000
1.311907 1.000000 1.457381 0.567707
0.542206 0.686162 1.000000 1.049205
2.000000 1.761472 0.953103 1.000000

Matrix 4593:
1.000000 7.000000 2.000000 1.610830
0.142857 1.000000 0.500000 0.142857
0.500000 2.000000 1.000000 0.142857
0.620798 7.000000 7.000000 1.000000

Matrix 4594:
1.000000 1.495731 0.250000 0.166667
0.668569 1.000000 0.166667 0.250000
4.000000 6.000000 1.000000 0.655067
6.000000 4.000000 1.526561 1.000000

Matrix 4595:
1.000000 1.000000 0.166667 0.333333
1.000000 1.000000 0.125000 0.510624
6.000000 8.000000 1.000000 1.000000
3.000000 1.958389 1.000000 1.000000

Matrix 4596:
1.000000 3.000000 1.000000 7.000000
0.333333 1.000000 0.142857 0.748469
1.000000 7.000000 1.000000 4.000000
0.142857 1.336060 0.250000 1.000000

Matrix 4597:
1.000000 2.000000 0.250000 0.333333
0.500000 1.000000 0.111111 0.200000
4.000000 9.000000 1.000000 0.829890
3.000000 5.000000 1.204978 1.000000

Matrix 4598:
1.000000 6.357509 0.808212 2.182728
0.157294 1.000000 0.384071 0.500000
1.237299 2.603683 1.000000 0.619576
0.458142 2.000000 1.614008 1.000000

Matrix 4599:
1.000000 1.000000 1.000000 0.749923
1.000000 1.000000 4.000000 1.000000
1.000000 0.250000 1.000000 1.000000
1.333470 1.000000 1.000000 1.000000

Matrix 4600:
1.000000 0.145830 0.250000 0.125000
6.857276 1.000000 2.000000 0.632856
4.000000 0.500000 1.000000 1.057483
8.000000 1.580139 0.945642 1.000000

Matrix 4601:
1.000000 8.000000 0.826367 4.000000
0.125000 1.000000 0.166667 0.166667
1.210117 6.000000 1.000000 2.000000
0.250000 6.000000 0.500000 1.000000

Matrix 4602:
1.000000 1.974318 5.000000 6.000000
0.506504 1.000000 4.000000 2.000000
0.200000 0.250000 1.000000 1.476035
0.166667 0.500000 0.677491 1.000000

Matrix 4603:
1.000000 1.515983 2.539995 1.000000
0.659638 1.000000 2.860622 1.436474
0.393702 0.349574 1.000000 0.333333
1.000000 0.696149 3.000000 1.000000

Matrix 4604:
1.000000 0.200000 1.741525 0.270225
5.000000 1.000000 5.000000 1.951450
0.574209 0.200000 1.000000 0.333333
3.700615 0.512440 3.000000 1.000000

Matrix 4605:
1.000000 1.348705 4.000000 4.000000
0.741452 1.000000 8.000000 8.000000
0.250000 0.125000 1.000000 1.442169
0.250000 0.125000 0.693400 1.000000

Matrix 4606:
1.000000 0.355375 3.000003 1.000000
2.813929 1.000000 9.000009 0.883879
0.333333 0.111111 1.000000 0.250000
1.000000 1.131377 4.000000 1.000000

Matrix 4607:
1.000000 2.000000 1.000000 0.607131
0.500000 1.000000 0.200000 0.250000
1.000000 5.000000 1.000000 1.000000
1.647091 4.000000 1.000000 1.000000

Matrix 4608:
1.000000 4.000000 2.000000 6.000000
0.250000 1.000000 1.640385 1.000000
0.500000 0.609613 1.000000 1.000000
0.166667 1.000000 1.000000 1.000000

Matrix 4609:
1.000000 0.142857 1.486854 1.000000
7.000000 1.000000 6.000000 5.000000
0.672561 0.166667 1.000000 2.225166
1.000000 0.200000 0.449405 1.000000

Matrix 4610:
1.000000 0.111111 0.250000 0.111111
9.000000 1.000000 7.000000 1.659681
4.000000 0.142857 1.000000 0.125000
9.000000 0.602526 8.000000 1.000000

Matrix 4611:
1.000000 4.000000 2.000000 0.668270
0.250000 1.000000 0.471995 0.335887
0.500000 2.118664 1.000000 0.142857
1.496401 2.977190 7.000000 1.000000

Matrix 4612:
1.000000 0.764862 0.166667 0.518686
1.307425 1.000000 0.735854 2.000000
6.000000 1.358965 1.000000 1.982090
1.927950 0.500000 0.504518 1.000000

Matrix 4613:
1.000000 3.000003 1.846491 5.000000
0.333333 1.000000 0.208600 0.678539
0.541568 4.793874 1.000000 7.000000
0.200000 1.473755 0.142857 1.000000

Matrix 4614:
1.000000 0.166667 0.259422 0.111111
6.000000 1.000000 0.579047 0.522480
3.854729 1.726975 1.000000 0.333333
9.000000 1.913949 3.000000 1.000000

Matrix 4615:
1.000000 4.000000 1.684337 7.183587
0.250000 1.000000 0.166667 0.716326
0.593705 6.000000 1.000000 5.000000
0.139206 1.396012 0.200000 1.000000

Matrix 4616:
1.000000 0.998892 0.500000 0.142857
1.001109 1.000000 2.000000 0.166667
2.000000 0.500000 1.000000 0.250000
7.000000 6.000000 4.000000 1.000000

Matrix 4617:
1.000000 5.709437 7.000007 5.000000
0.175149 1.000000 0.618473 1.250794
0.142857 1.616886 1.000000 0.584308
0.200000 0.799492 1.711426 1.000000

Matrix 4618:
1.000000 0.535202 8.000000 1.214861
1.868452 1.000000 5.000000 0.620937
0.125000 0.200000 1.000000 0.200000
0.823139 1.610468 5.000000 1.000000

Matrix 4619:
1.000000 1.000000 1.553335 0.142857
1.000000 1.000000 0.652362 0.250000
0.643776 1.532891 1.000000 0.111111
7.000000 4.000000 9.000000 1.000000

Matrix 4620:
1.000000 5.000000 0.500000 2.402894
0.200000 1.000000 0.446711 0.500000
2.000000 2.238583 1.000000 3.000000
0.416165 2.000000 0.333333 1.000000

Matrix 4621:
1.000000 4.000000 8.000000 8.531990
0.250000 1.000000 3.000000 9.000000
0.125000 0.333333 1.000000 3.000000
0.117206 0.111111 0.333333 1.000000

Matrix 4622:
1.000000 1.000000 1.564000 5.000000
1.000000 1.000000 0.500000 1.415409
0.639386 2.000000 1.000000 2.135824
0.200000 0.706510 0.468203 1.000000

Matrix 4623:
1.000000 3.000000 1.000000 1.969128
0.333333 1.000000 0.500000 1.667346
1.000000 2.000000 1.000000 5.000000
0.507839 0.599755 0.200000 1.000000

Matrix 4624:
1.000000 0.166667 0.500000 2.523577
6.000000 1.000000 3.000003 8.127357
2.000000 0.333333 1.000000 5.000000
0.396263 0.123041 0.200000 1.000000

Matrix 4625:
1.000000 8.000000 3.000000 2.000000
0.125000 1.000000 0.333333 0.142857
0.333333 3.000000 1.000000 1.514830
0.500000 7.000000 0.660140 1.000000

Matrix 4626:
1.000000 7.000000 3.000000 3.000000
0.142857 1.000000 0.142857 0.166667
0.333333 7.000000 1.000000 1.430109
0.333333 6.000000 0.699247 1.000000

Matrix 4627:
1.000000 2.000000 1.630597 9.000000
0.500000 1.000000 0.166667 3.000000
0.613272 6.000000 1.000000 8.000000
0.111111 0.333333 0.125000 1.000000

Matrix 4628:
1.000000 0.142857 0.500000 1.431775
7.000000 1.000000 8.000000 7.000000
2.000000 0.125000 1.000000 1.000000
0.698434 0.142857 1.000000 1.000000

Matrix 4629:
1.000000 0.111111 0.622515 0.125000
9.000000 1.000000 7.000000 4.000000
1.606388 0.142857 1.000000 0.250000
8.000000 0.250000 4.000000 1.000000

Matrix 4630:
1.000000 0.581818 1.139359 0.200000
1.718751 1.000000 0.504638 0.390163
0.877687 1.981618 1.000000 0.500000
5.000000 2.563035 2.000000 1.000000

Matrix 4631:
1.000000 2.000000 5.000000 0.500000
0.500000 1.000000 2.000000 1.052851
0.200000 0.500000 1.000000 0.142857
2.000000 0.949802 7.000000 1.000000

Matrix 4632:
1.000000 2.000000 1.000000 1.334039
0.500000 1.000000 0.250000 0.142857
1.000000 4.000000 1.000000 1.000000
0.749603 7.000000 1.000000 1.000000

Matrix 4633:
1.000000 0.444214 9.000000 6.000000
2.251168 1.000000 9.000000 7.000000
0.111111 0.111111 1.000000 1.296014
0.166667 0.142857 0.771597 1.000000

Matrix 4634:
1.000000 1.973335 1.466665 1.000000
0.506756 1.000000 0.333333 1.000000
0.681819 3.000000 1.000000 2.194173
1.000000 1.000000 0.455753 1.000000

Matrix 4635:
1.000000 2.000000 1.927869 0.542827
0.500000 1.000000 0.812211 0.804216
0.518707 1.231208 1.000000 0.200000
1.842208 1.243447 5.000000 1.000000

Matrix 4636:
1.000000 1.602257 0.166667 0.125000
0.624120 1.000000 0.111111 0.166667
6.000000 9.000000 1.000000 0.667024
8.000000 6.000000 1.499196 1.000000

Matrix 4637:
1.000000 1.239037 0.142857 0.603213
0.807078 1.000000 0.111111 2.000000
7.000000 9.000000 1.000000 7.000000
1.657790 0.500000 0.142857 1.000000

Matrix 4638:
1.000000 0.125000 1.000000 1.000000
8.000000 1.000000 4.470706 5.000000
1.000000 0.223678 1.000000 0.333333
1.000000 0.200000 3.000000 1.000000

Matrix 4639:
1.000000 1.000000 0.969948 3.000000
1.000000 1.000000 5.000000 4.000000
1.030983 0.200000 1.000000 1.000000
0.333333 0.250000 1.000000 1.000000

Matrix 4640:
1.000000 0.802490 0.250000 1.053479
1.246121 1.000000 1.000000 2.194218
4.000000 1.000000 1.000000 6.000000
0.949236 0.455743 0.166667 1.000000

Matrix 4641:
1.000000 0.746421 0.200000 0.500000
1.339726 1.000000 0.200000 0.166667
5.000000 5.000000 1.000000 2.000000
2.000000 6.000000 0.500000 1.000000

Matrix 4642:
1.000000 1.000000 2.000000 0.200000
1.000000 1.000000 2.000000 0.502822
0.500000 0.500000 1.000000 0.111111
5.000000 1.988774 9.000000 1.000000

Matrix 4643:
1.000000 0.667644 9.000000 6.000000
1.497804 1.000000 8.000000 3.000000
0.111111 0.125000 1.000000 1.465346
0.166667 0.333333 0.682433 1.000000

Matrix 4644:
1.000000 1.000000 1.000000 6.000000
1.000000 1.000000 1.513179 5.000000
1.000000 0.660860 1.000000 8.000000
0.166667 0.200000 0.125000 1.000000

Matrix 4645:
1.000000 3.000000 5.000000 8.000000
0.333333 1.000000 1.838401 6.000000
0.200000 0.543951 1.000000 3.000000
0.125000 0.166667 0.333333 1.000000

Matrix 4646:
1.000000 7.000000 8.000000 0.601583
0.142857 1.000000 0.824579 0.250000
0.125000 1.212740 1.000000 0.111111
1.662281 4.000000 9.000000 1.000000

Matrix 4647:
1.000000 0.500000 0.500000 1.000000
2.000000 1.000000 1.602589 5.000000
2.000000 0.623990 1.000000 2.000000
1.000000 0.200000 0.500000 1.000000

Matrix 4648:
1.000000 0.166667 1.570183 2.000000
6.000000 1.000000 4.000000 8.000000
0.636869 0.250000 1.000000 3.000000
0.500000 0.125000 0.333333 1.000000

Matrix 4649:
1.000000 0.681874 0.142857 0.333333
1.466548 1.000000 0.573120 1.780120
7.000000 1.744835 1.000000 1.151212
3.000000 0.561760 0.868650 1.000000

Matrix 4650:
1.000000 1.000000 0.658151 0.125000
1.000000 1.000000 1.208780 0.142857
1.519407 0.827280 1.000000 0.200000
8.000000 7.000000 5.000000 1.000000

Matrix 4651:
1.000000 0.142857 0.111111 0.250000
7.000000 1.000000 0.570849 1.000000
9.000000 1.751776 1.000000 0.645047
4.000000 1.000000 1.550275 1.000000

Matrix 4652:
1.000000 0.500000 0.250000 0.278035
2.000000 1.000000 1.629612 2.000000
4.000000 0.613643 1.000000 1.634585
3.596671 0.500000 0.611776 1.000000

Matrix 4653:
1.000000 0.200000 0.500000 0.142857
5.000000 1.000000 0.754389 1.000000
2.000000 1.325575 1.000000 0.598973
7.000000 1.000000 1.669524 1.000000

Matrix 4654:
1.000000 6.000000 5.000000 1.956087
0.166667 1.000000 1.000000 0.500000
0.200000 1.000000 1.000000 0.250000
0.511225 2.000000 4.000000 1.000000

Matrix 4655:
1.000000 1.000000 2.811177 0.538578
1.000000 1.000000 0.805028 1.000000
0.355723 1.242193 1.000000 0.333333
1.856740 1.000000 3.000000 1.000000

Matrix 4656:
1.000000 0.572760 0.843587 2.000000
1.745932 1.000000 3.695783 2.308932
1.185414 0.270579 1.000000 0.589113
0.500000 0.433101 1.697468 1.000000

Matrix 4657:
1.000000 0.170412 0.111111 0.250000
5.868127 1.000000 1.254281 0.820592
9.000000 0.797270 1.000000 2.232479
4.000000 1.218633 0.447933 1.000000

Matrix 4658:
1.000000 0.899369 0.500000 2.000000
1.111891 1.000000 0.142857 0.630009
2.000000 7.000000 1.000000 5.000000
0.500000 1.587278 0.200000 1.000000

Matrix 4659:
1.000000 9.000000 1.490670 9.000000
0.111111 1.000000 0.250000 4.000000
0.670839 4.000000 1.000000 9.000000
0.111111 0.250000 0.111111 1.000000

Matrix 4660:
1.000000 0.200000 0.125000 1.875634
5.000000 1.000000 1.319047 6.000000
8.000000 0.758123 1.000000 7.000000
0.533153 0.166667 0.142857 1.000000

Matrix 4661:
1.000000 5.000000 5.000000 1.953161
0.200000 1.000000 3.000000 0.487196
0.200000 0.333333 1.000000 0.250000
0.511991 2.052560 4.000000 1.000000

Matrix 4662:
1.000000 7.000007 7.000007 0.672952
0.142857 1.000000 1.480290 0.142857
0.142857 0.675543 1.000000 0.250000
1.485990 7.000000 4.000000 1.000000

Matrix 4663:
1.000000 1.569058 6.000000 4.000000
0.637325 1.000000 5.000000 3.000000
0.166667 0.200000 1.000000 0.333333
0.250000 0.333333 3.000000 1.000000

Matrix 4664:
1.000000 0.500000 0.481764 1.297704
2.000000 1.000000 1.000000 1.872021
2.075707 1.000000 1.000000 0.640323
0.770592 0.534182 1.561712 1.000000

Matrix 4665:
1.000000 0.704519 1.327663 3.536149
1.419407 1.000000 0.662524 5.497662
0.753203 1.509380 1.000000 7.000000
0.282794 0.181895 0.142857 1.000000

Matrix 4666:
1.000000 0.111111 0.142857 0.333333
9.000000 1.000000 2.000000 1.671062
7.000000 0.500000 1.000000 0.534691
3.000000 0.598422 1.870238 1.000000

Matrix 4667:
1.000000 4.594045 4.000000 4.000000
0.217673 1.000000 1.680519 1.000000
0.250000 0.595054 1.000000 1.442764
0.250000 1.000000 0.693114 1.000000

Matrix 4668:
1.000000 0.417621 1.537472 0.111111
2.394515 1.000000 0.984415 0.250000
0.650419 1.015832 1.000000 0.200000
9.000000 4.000000 5.000000 1.000000

Matrix 4669:
1.000000 0.606085 0.333333 1.000000
1.649935 1.000000 1.082932 0.721021
3.000000 0.923419 1.000000 0.866984
1.000000 1.386922 1.153424 1.000000

Matrix 4670:
1.000000 0.200000 0.333333 2.000000
5.000000 1.000000 0.696601 9.000000
3.000000 1.435542 1.000000 5.000000
0.500000 0.111111 0.200000 1.000000

Matrix 4671:
1.000000 0.500000 0.142857 0.531511
2.000000 1.000000 0.333333 1.000000
7.000000 3.000000 1.000000 4.000000
1.881427 1.000000 0.250000 1.000000

Matrix 4672:
1.000000 1.912466 0.250000 0.333333
0.522885 1.000000 0.260581 0.546951
4.000000 3.837572 1.000000 1.548158
3.000000 1.828317 0.645929 1.000000

Matrix 4673:
1.000000 8.000000 1.000000 1.000000
0.125000 1.000000 0.111111 0.170593
1.000000 9.000000 1.000000 0.476463
1.000000 5.861904 2.098800 1.000000

Matrix 4674:
1.000000 1.503517 1.000000 0.166667
0.665107 1.000000 1.000000 0.142857
1.000000 1.000000 1.000000 0.125000
6.000000 7.000000 8.000000 1.000000

Matrix 4675:
1.000000 1.679345 0.200000 0.250000
0.595470 1.000000 0.142857 0.200000
5.000000 7.000000 1.000000 4.000000
4.000000 5.000000 0.250000 1.000000

Matrix 4676:
1.000000 0.250000 0.333333 0.111111
4.000000 1.000000 0.632516 0.250000
3.000000 1.580988 1.000000 0.200000
9.000000 4.000000 5.000000 1.000000

Matrix 4677:
1.000000 0.166667 0.182061 3.000000
6.000000 1.000000 0.583110 5.000000
5.492659 1.714943 1.000000 4.711667
0.333333 0.200000 0.212239 1.000000

Matrix 4678:
1.000000 2.000000 0.125000 0.111111
0.500000 1.000000 0.124975 0.142857
8.000000 8.001625 1.000000 1.000000
9.000000 7.000000 1.000000 1.000000

Matrix 4679:
1.000000 1.307845 0.880030 1.160468
0.764617 1.000000 1.000000 0.250000
1.136325 1.000000 1.000000 0.333333
0.861722 4.000000 3.000000 1.000000

Matrix 4680:
1.000000 1.575157 0.250000 6.000000
0.634857 1.000000 0.166667 4.000000
4.000000 6.000000 1.000000 6.000000
0.166667 0.250000 0.166667 1.000000

Matrix 4681:
1.000000 1.638957 6.000000 2.000000
0.610144 1.000000 7.000000 1.000000
0.166667 0.142857 1.000000 0.200000
0.500000 1.000000 5.000000 1.000000

Matrix 4682:
1.000000 5.000000 3.000000 0.500000
0.200000 1.000000 1.507565 0.166667
0.333333 0.663321 1.000000 0.166667
2.000000 6.000000 6.000000 1.000000

Matrix 4683:
1.000000 0.500000 0.333333 1.000000
2.000000 1.000000 2.000000 0.908912
3.000000 0.500000 1.000000 1.500207
1.000000 1.100217 0.666574 1.000000

Matrix 4684:
1.000000 1.885374 0.250000 1.882709
0.530399 1.000000 0.200000 2.133293
4.000000 5.000000 1.000000 6.000000
0.531150 0.468759 0.166667 1.000000

Matrix 4685:
1.000000 0.166667 0.404605 0.198533
6.000000 1.000000 5.000000 0.664375
2.471544 0.200000 1.000000 0.333333
5.036934 1.505173 3.000000 1.000000

Matrix 4686:
1.000000 1.000000 1.679987 0.333333
1.000000 1.000000 0.679931 0.125000
0.595243 1.470738 1.000000 0.125000
3.000000 8.000000 8.000000 1.000000

Matrix 4687:
1.000000 0.500000 0.125000 0.116171
2.000000 1.000000 0.200000 0.200000
8.000000 5.000000 1.000000 0.500000
8.608021 5.000000 2.000000 1.000000

Matrix 4688:
1.000000 0.166667 0.333333 0.166667
6.000000 1.000000 0.500000 1.000000
3.000000 2.000000 1.000000 1.518230
6.000000 1.000000 0.658662 1.000000

Matrix 4689:
1.000000 0.125000 0.500000 0.445923
8.000000 1.000000 7.000000 8.000000
2.000000 0.142857 1.000000 2.083530
2.242541 0.125000 0.479955 1.000000

Matrix 4690:
1.000000 0.333333 0.969439 1.000000
3.000000 1.000000 9.000009 6.000000
1.031524 0.111111 1.000000 0.452419
1.000000 0.166667 2.210339 1.000000

Matrix 4691:
1.000000 9.000009 0.572103 9.000000
0.111111 1.000000 0.189729 1.642685
1.747938 5.270682 1.000000 4.000000
0.111111 0.608760 0.250000 1.000000

Matrix 4692:
1.000000 4.000000 4.000000 4.000000
0.250000 1.000000 1.000000 1.773542
0.250000 1.000000 1.000000 0.676805
0.250000 0.563843 1.477530 1.000000

Matrix 4693:
1.000000 1.000000 1.000000 1.826559
1.000000 1.000000 2.198411 1.000000
1.000000 0.454874 1.000000 0.565914
0.547478 1.000000 1.767054 1.000000

Matrix 4694:
1.000000 3.000000 4.000000 2.000000
0.333333 1.000000 0.605939 0.333333
0.250000 1.650332 1.000000 1.000000
0.500000 3.000000 1.000000 1.000000

Matrix 4695:
1.000000 0.333333 0.111111 0.613478
3.000000 1.000000 0.250000 4.000000
9.000000 4.000000 1.000000 5.000000
1.630050 0.250000 0.200000 1.000000

Matrix 4696:
1.000000 0.568682 0.500000 1.327977
1.758453 1.000000 0.369769 2.000000
2.000000 2.704394 1.000000 2.000000
0.753025 0.500000 0.500000 1.000000

Matrix 4697:
1.000000 4.000000 0.236492 4.000000
0.250000 1.000000 0.129486 0.333333
4.228468 7.722838 1.000000 7.000000
0.250000 3.000000 0.142857 1.000000

Matrix 4698:
1.000000 5.261879 7.000000 2.000000
0.190046 1.000000 0.427953 0.166667
0.142857 2.336702 1.000000 0.142857
0.500000 6.000000 7.000000 1.000000

Matrix 4699:
1.000000 1.418683 0.652821 1.581336
0.704879 1.000000 0.333333 0.500000
1.531814 3.000000 1.000000 0.764229
0.632377 2.000000 1.308509 1.000000

Matrix 4700:
1.000000 1.044216 0.111111 0.335361
0.957656 1.000000 0.250000 0.500000
9.000000 4.000000 1.000000 2.000000
2.981859 2.000000 0.500000 1.000000

Matrix 4701:
1.000000 0.591510 2.033625 0.333333
1.690590 1.000000 4.000000 0.745268
0.491733 0.250000 1.000000 0.333333
3.000000 1.341800 3.000000 1.000000

Matrix 4702:
1.000000 1.000000 0.609668 7.000000
1.000000 1.000000 2.000000 5.000000
1.640238 0.500000 1.000000 7.000000
0.142857 0.200000 0.142857 1.000000

Matrix 4703:
1.000000 2.437147 0.166667 0.442263
0.410316 1.000000 0.111111 0.402681
6.000000 9.000000 1.000000 5.000000
2.261099 2.483358 0.200000 1.000000

Matrix 4704:
1.000000 0.111111 0.645933 0.200000
9.000000 1.000000 5.000000 0.606063
1.548148 0.200000 1.000000 0.200000
5.000000 1.649993 5.000000 1.000000

Matrix 4705:
1.000000 0.125000 0.142857 0.142857
8.000000 1.000000 1.561601 5.000000
7.000000 0.640368 1.000000 3.000000
7.000000 0.200000 0.333333 1.000000

Matrix 4706:
1.000000 1.448200 0.166667 0.493797
0.690512 1.000000 0.142857 0.166667
6.000000 7.000000 1.000000 1.801717
2.025123 6.000000 0.555026 1.000000

Matrix 4707:
1.000000 2.208793 2.000000 0.435412
0.452736 1.000000 0.522342 0.250000
0.500000 1.914455 1.000000 0.200000
2.296675 4.000000 5.000000 1.000000

Matrix 4708:
1.000000 0.494118 0.250000 0.166667
2.023808 1.000000 0.333333 0.250000
4.000000 3.000000 1.000000 1.345916
6.000000 4.000000 0.742988 1.000000

Matrix 4709:
1.000000 1.630767 1.361244 1.000000
0.613208 1.000000 0.403650 1.537558
0.734622 2.477395 1.000000 1.000000
1.000000 0.650382 1.000000 1.000000

Matrix 4710:
1.000000 2.000000 3.000000 0.500000
0.500000 1.000000 0.608592 0.200000
0.333333 1.643136 1.000000 0.333333
2.000000 5.000000 3.000000 1.000000

Matrix 4711:
1.000000 1.210618 0.142857 0.669749
0.826025 1.000000 0.200000 1.000000
7.000000 5.000000 1.000000 6.000000
1.493097 1.000000 0.166667 1.000000

Matrix 4712:
1.000000 8.000000 0.333333 0.500000
0.125000 1.000000 0.125000 0.142857
3.000000 8.000000 1.000000 0.642166
2.000000 7.000000 1.557229 1.000000

Matrix 4713:
1.000000 1.333421 6.000000 8.000000
0.749951 1.000000 9.000000 8.000000
0.166667 0.111111 1.000000 0.500000
0.125000 0.125000 2.000000 1.000000

Matrix 4714:
1.000000 0.566087 0.200000 0.142857
1.766512 1.000000 0.200000 0.250000
5.000000 5.000000 1.000000 0.571428
7.000000 4.000000 1.750000 1.000000

Matrix 4715:
1.000000 0.483781 0.682702 1.073730
2.067053 1.000000 1.000000 2.000000
1.464768 1.000000 1.000000 0.666354
0.931333 0.500000 1.500705 1.000000

Matrix 4716:
1.000000 0.200000 0.694098 1.000000
5.000000 1.000000 3.000000 1.000000
1.440719 0.333333 1.000000 0.597926
1.000000 1.000000 1.672447 1.000000

Matrix 4717:
1.000000 1.780362 0.800548 0.157057
0.561683 1.000000 1.235195 0.111111
1.249144 0.809588 1.000000 0.111111
6.367101 9.000000 9.000000 1.000000

Matrix 4718:
1.000000 1.000000 1.564611 0.333333
1.000000 1.000000 0.658345 0.111111
0.639136 1.518959 1.000000 0.200000
3.000000 9.000000 5.000000 1.000000

Matrix 4719:
1.000000 6.000000 0.456702 1.000000
0.166667 1.000000 0.125000 0.157943
2.189610 8.000000 1.000000 0.602645
1.000000 6.331399 1.659352 1.000000

Matrix 4720:
1.000000 1.435970 0.142857 0.416897
0.696393 1.000000 0.111111 0.527383
7.000000 9.000000 1.000000 3.000000
2.398675 1.896154 0.333333 1.000000

Matrix 4721:
1.000000 8.000000 6.000000 6.000000
0.125000 1.000000 1.000000 0.333333
0.166667 1.000000 1.000000 1.556521
0.166667 3.000000 0.642458 1.000000

Matrix 4722:
1.000000 1.766450 0.540073 6.000000
0.566107 1.000000 0.333333 3.000000
1.851602 3.000000 1.000000 8.000000
0.166667 0.333333 0.125000 1.000000

Matrix 4723:
1.000000 1.000000 7.000000 0.818023
1.000000 1.000000 4.000000 2.000000
0.142857 0.250000 1.000000 0.200000
1.222460 0.500000 5.000000 1.000000

Matrix 4724:
1.000000 7.000000 5.000000 9.000000
0.142857 1.000000 0.333333 1.000000
0.200000 3.000000 1.000000 0.739396
0.111111 1.000000 1.352455 1.000000

Matrix 4725:
1.000000 1.000000 1.212851 3.000000
1.000000 1.000000 1.000000 7.000000
0.824504 1.000000 1.000000 9.000000
0.333333 0.142857 0.111111 1.000000

Matrix 4726:
1.000000 1.515855 7.251778 1.623939
0.659694 1.000000 1.233633 0.333333
0.137897 0.810614 1.000000 0.200000
0.615787 3.000000 5.000000 1.000000

Matrix 4727:
1.000000 0.628112 0.125000 1.647684
1.592073 1.000000 0.333333 0.728140
8.000000 3.000000 1.000000 4.000000
0.606912 1.373362 0.250000 1.000000

Matrix 4728:
1.000000 3.000000 1.000000 0.166667
0.333333 1.000000 0.333333 0.113123
1.000000 3.000000 1.000000 0.125000
6.000000 8.839956 8.000000 1.000000

Matrix 4729:
1.000000 1.957510 0.543412 2.000000
0.510853 1.000000 0.333333 1.000000
1.840223 3.000000 1.000000 1.207976
0.500000 1.000000 0.827831 1.000000

Matrix 4730:
1.000000 2.268774 5.822418 0.403395
0.440767 1.000000 2.000000 0.142857
0.171750 0.500000 1.000000 0.224311
2.478961 7.000000 4.458095 1.000000

Matrix 4731:
1.000000 1.300628 0.142857 1.503842
0.768859 1.000000 0.330462 0.523329
7.000000 3.026064 1.000000 4.000000
0.664963 1.910842 0.250000 1.000000

Matrix 4732:
1.000000 3.000000 8.000000 9.000000
0.333333 1.000000 6.000000 2.000000
0.125000 0.166667 1.000000 1.558981
0.111111 0.500000 0.641445 1.000000

Matrix 4733:
1.000000 0.425750 0.333333 1.658324
2.348795 1.000000 1.573217 2.000000
3.000000 0.635640 1.000000 6.000000
0.603018 0.500000 0.166667 1.000000

Matrix 4734:
1.000000 6.145354 3.000003 1.000000
0.162725 1.000000 0.474159 0.111111
0.333333 2.108999 1.000000 0.142857
1.000000 9.000000 7.000000 1.000000

Matrix 4735:
1.000000 3.000003 2.327274 1.000000
0.333333 1.000000 0.642221 0.333333
0.429687 1.557096 1.000000 1.518937
1.000000 3.000000 0.658355 1.000000

Matrix 4736:
1.000000 1.000000 0.111111 1.432894
1.000000 1.000000 0.111111 1.000000
9.000000 9.000000 1.000000 8.000000
0.697888 1.000000 0.125000 1.000000

Matrix 4737:
1.000000 9.000009 5.000000 7.000000
0.111111 1.000000 1.000000 0.643691
0.200000 1.000000 1.000000 1.577197
0.142857 1.553541 0.634036 1.000000

Matrix 4738:
1.000000 5.000000 0.500000 0.628991
0.200000 1.000000 0.333333 0.333333
2.000000 3.000000 1.000000 1.000000
1.589849 3.000000 1.000000 1.000000

Matrix 4739:
1.000000 5.000000 1.397397 0.676904
0.200000 1.000000 0.200000 0.333333
0.715616 5.000000 1.000000 1.555046
1.477313 3.000000 0.643068 1.000000

Matrix 4740:
1.000000 0.200000 0.200000 0.200000
5.000000 1.000000 1.202715 2.000000
5.000000 0.831452 1.000000 3.000000
5.000000 0.500000 0.333333 1.000000

Matrix 4741:
1.000000 0.466472 0.851830 0.200000
2.143750 1.000000 1.000000 0.585744
1.173943 1.000000 1.000000 1.000000
5.000000 1.707229 1.000000 1.000000

Matrix 4742:
1.000000 0.494123 1.365479 0.443374
2.023787 1.000000 1.000000 1.671961
0.732344 1.000000 1.000000 1.000000
2.255434 0.598100 1.000000 1.000000

Matrix 4743:
1.000000 9.000000 1.000000 1.000000
0.111111 1.000000 0.166667 0.125000
1.000000 6.000000 1.000000 0.610191
1.000000 8.000000 1.638832 1.000000

